id,uuid,observed_on_string,observed_on,time_observed_at,time_zone,user_id,user_login,user_name,created_at,updated_at,quality_grade,license,url,image_url,sound_url,tag_list,description,num_identification_agreements,num_identification_disagreements,captive_cultivated,oauth_application_id,place_guess,latitude,longitude,positional_accuracy,private_place_guess,private_latitude,private_longitude,public_positional_accuracy,geoprivacy,taxon_geoprivacy,coordinates_obscured,positioning_method,positioning_device,species_guess,scientific_name,common_name,iconic_taxon_name,taxon_id
7242,542f7e9b-1f64-4560-95c2-64ed6ca76c37,2010-05-13,2010-05-13,,Eastern Time (US & Canada),410,kjones62389,"",2010-05-24 21:56:29 +0200,2025-04-17 00:44:08 +0200,research,,http://www.inaturalist.org/observations/7242,https://static.inaturalist.org/photos/14755/medium.jpg,,"",Also known as Great Laurel grows to a height of 10 to 20 feet and leaves of 4 to 12 inches long. Can be found in moist environments generally in mountainous areas.,3,1,false,,Chestatee W.M.A.,34.6468009949,-83.9410018921,,,,,,,open,false,,,great rhododendron,Rhododendron maximum,great rhododendron,Plantae,83059
1378238,57df98b7-49c5-4bd9-86d7-267456c8be51,Wed Apr 08 2015 11:13:22 GMT-0400 (EDT),2015-04-08,2015-04-08 17:13:22 +0200,Eastern Time (US & Canada),10967,running_naturalist,Eli Dickerson,2015-04-08 23:13:15 +0200,2015-04-09 22:51:21 +0200,research,CC-BY-NC,http://www.inaturalist.org/observations/1378238,https://inaturalist-open-data.s3.amazonaws.com/photos/1703135/medium.jpg,,"",'Fern Bank' slope ,1,0,false,3,"Fernbank Forest and Rec Center, Druid Hills, GA, US",33.77655,-84.3224416667,,,,,,,,false,,,great rhododendron,Rhododendron maximum,great rhododendron,Plantae,83059
1622222,1418c4f1-9709-419a-ad2b-b8ae2bc8793e,Fri Jun 12 2015 08:02:58 GMT-0400 (EDT),2015-06-12,2015-06-12 14:02:58 +0200,Eastern Time (US & Canada),10967,running_naturalist,Eli Dickerson,2015-06-12 19:27:10 +0200,2026-01-02 20:45:06 +0100,research,CC-BY-NC,http://www.inaturalist.org/observations/1622222,https://inaturalist-open-data.s3.amazonaws.com/photos/1992121/medium.jpg,,,,1,0,false,3,"DeKalb County, US-GA, US",33.7771,-84.324255,,,,,,,,false,,,great rhododendron,Rhododendron maximum,great rhododendron,Plantae,83059
2698933,cda57f18-3c10-4688-bce4-f468d3c62154,Sun Feb 14 2016 15:20:22 GMT-0500 (EST),2016-02-14,2016-02-14 21:20:22 +0100,Eastern Time (US & Canada),7000618,thesoulflowers,,2016-02-20 06:45:48 +0100,2026-02-08 01:23:04 +0100,research,CC-BY-NC,http://www.inaturalist.org/observations/2698933,https://inaturalist-open-data.s3.amazonaws.com/photos/3038451/medium.jpg,,"",,1,0,false,3,"Cloudland Canyon State Park, Rising Fawn, GA, US",34.8337596702,-85.4833740928,5,,,,5,,,false,,,great rhododendron,Rhododendron maximum,great rhododendron,Plantae,83059
2917091,1f2003a9-b88e-4fe5-97ec-b4b362e6e174,Fri Apr 08 2016 16:59:34 GMT-0400 (EDT),2016-04-08,2016-04-08 22:59:34 +0200,Eastern Time (US & Canada),138422,jacobogre,Jacob Malcom,2016-04-11 16:05:42 +0200,2022-04-28 16:30:46 +0200,research,CC-BY-SA,http://www.inaturalist.org/observations/2917091,https://inaturalist-open-data.s3.amazonaws.com/photos/3339442/medium.jpg,,"",,2,0,false,3,"Chattahoochee National Forest, Clayton, GA, US",34.9344008463,-83.1686720532,5,,,,5,,open,false,,,great rhododendron,Rhododendron maximum,great rhododendron,Plantae,83059
3627251,ca44580a-5daa-495c-aab2-67ee0a4c4083,2016/06/26 11:44 AM EDT,2016-06-26,2016-06-26 17:44:00 +0200,Eastern Time (US & Canada),246647,selu,Selu Adams,2016-07-05 19:31:35 +0200,2024-12-27 18:03:22 +0100,research,CC-BY-NC,http://www.inaturalist.org/observations/3627251,https://inaturalist-open-data.s3.amazonaws.com/photos/4189648/medium.jpg,,"",Along the Etowah RIver,1,0,false,,revival gardens,34.541375,-84.064845,,,,,,,open,false,,,Great rhododendron,Rhododendron maximum,great rhododendron,Plantae,83059
6545607,4bf78fda-793f-465e-906c-3c9479c16036,2017/05/09 11:10 AM -0700,2017-05-09,2017-05-09 17:10:00 +0200,Eastern Time (US & Canada),19344,brownsbay,Neil Gilham,2017-06-08 07:22:54 +0200,2017-09-23 19:01:53 +0200,research,CC-BY-NC,https://www.inaturalist.org/observations/6545607,https://inaturalist-open-data.s3.amazonaws.com/photos/8297311/medium.jpg,,"Rhododendron maximum, Rhododendron, great laurel, great rhododendron, rosebay rhododendron, American rhododendron, big rhododendron, Ericaceae, Ericales, Atlanta History Center, Quarry Garden, Fulton County, Atlanta, Georgia, Samsung Galaxy S8, Lightroom 5","",1,0,false,,"Buckhead, Atlanta, GA, USA",33.841165071,-84.3864744902,19,,,,19,,,false,,,great rhododendron,Rhododendron maximum,great rhododendron,Plantae,83059
6594619,991ea2ce-7bec-48f9-bd0b-f55691c6e9bc,2017-06-11 1:56:12 PM EDT,2017-06-11,2017-06-11 19:56:12 +0200,Eastern Time (US & Canada),283956,julie67,Julie Kellum,2017-06-11 22:14:56 +0200,2017-07-23 01:31:41 +0200,research,,https://www.inaturalist.org/observations/6594619,https://static.inaturalist.org/photos/8371249/medium.jpeg,,"",EMORY CREEK TRAIL,2,0,false,2,"Murray County, US-GA, US",34.81546982,-84.64968958,9,,,,9,,,false,,,great rhododendron,Rhododendron maximum,great rhododendron,Plantae,83059
6726242,4bf08989-444c-40cf-aacf-ba7662ac926a,2017/06/17 10:39 AM PDT,2017-06-17,2017-06-17 16:39:00 +0200,Eastern Time (US & Canada),510090,sun_spider_fan,"",2017-06-20 05:52:29 +0200,2018-05-02 23:41:28 +0200,research,,https://www.inaturalist.org/observations/6726242,https://static.inaturalist.org/photos/8538338/medium.jpg,,"","",2,0,false,,"Dukes Creek Falls Trail, White County, GA, USA",34.7025611111,-83.7901916667,,,,,,,,false,,"",great rhododendron,Rhododendron maximum,great rhododendron,Plantae,83059
6807250,4e11ea07-8bb8-4b96-8123-a1863e9eb2a2,Sun Jun 25 2017 14:15:30 GMT-0400 (EDT),2017-06-25,2017-06-25 20:15:30 +0200,Eastern Time (US & Canada),487850,mjoymiller,,2017-06-26 15:06:00 +0200,2017-07-13 14:15:19 +0200,research,CC-BY-NC,https://www.inaturalist.org/observations/6807250,https://inaturalist-open-data.s3.amazonaws.com/photos/8661723/medium.jpg,,"",,1,0,false,3,"Chattahoochee National Forest, Suches, GA, US",34.7108018527,-84.1237693955,6817,,,,6817,,,false,,,great rhododendron,Rhododendron maximum,great rhododendron,Plantae,83059
7601815,c42469b0-3fa8-4c1d-a146-2a778adf3e9d,Mon Aug 21 2017 16:45:06 GMT-0400 (EDT),2017-08-21,2017-08-21 22:45:06 +0200,Eastern Time (US & Canada),499808,lukeberg,Luke Berg,2017-08-22 11:36:52 +0200,2023-11-24 03:51:50 +0100,research,,https://www.inaturalist.org/observations/7601815,https://static.inaturalist.org/photos/9933083/medium.jpg,,"",,1,0,false,3,"Towns County, US-GA, US",34.8639313732,-83.6896934341,16,,,,16,,open,false,,,great rhododendron,Rhododendron maximum,great rhododendron,Plantae,83059
8017645,c4c6f8ff-1b7e-4015-b011-7cbe03ba3176,Sat Jun 17 2017 10:19:03 GMT-0500 (CDT),2017-06-17,2017-06-17 17:19:03 +0200,Central Time (US & Canada),637943,andrew_tbc_taylor,Andrew Taylor,2017-09-21 03:04:25 +0200,2017-09-23 17:58:55 +0200,research,,https://www.inaturalist.org/observations/8017645,https://static.inaturalist.org/photos/10612529/medium.jpg,,"",,1,0,false,3,"1111–1183 Cane Creek Falls Rd, Dahlonega, GA, US",34.5567121039,-84.0081950867,22,,,,22,,,false,,,great rhododendron,Rhododendron maximum,great rhododendron,Plantae,83059
9000318,b111b5c1-5bcc-4135-a1b2-c5907c216aef,2017/07/12 8:09 AM CDT,2017-07-12,2017-07-12 15:09:00 +0200,Central Time (US & Canada),720765,quinniecalvert,,2017-11-30 21:29:28 +0100,2018-07-09 05:23:35 +0200,research,CC-BY-NC,https://www.inaturalist.org/observations/9000318,https://inaturalist-open-data.s3.amazonaws.com/photos/12130685/medium.jpg,,"","The rhododendron blooms speckled the entire trail to High Shoals Falls. It was a bright summer day, but the rhododendron thrived in the darker, wetter regions on the mountain. They smelled wonderful! The Lady Bird Johnson Wildflower center mentions that the rhododendron's nickname is the Great laurel and craftsmen sometimes use its wood to make tool handles. These fragrant, fluffy flowers were quite a sight.
Source: https://www.wildflower.org/plants/result.php?id_plant=rhma4 ",2,0,false,,"Indian Grave Gap Rd, Hiawassee, GA 30546, USA",34.8222497,-83.7220279,194,,,,194,,,false,,,great rhododendron,Rhododendron maximum,great rhododendron,Plantae,83059
9006684,70125eec-5191-4f63-b757-64da8e65e178,2012-07-01 11:22:47 AM EDT,2012-07-01,2012-07-01 17:22:47 +0200,Eastern Time (US & Canada),703773,lincolndurey,Lincoln Durey,2017-12-01 14:29:57 +0100,2023-02-23 16:10:23 +0100,research,CC-BY,https://www.inaturalist.org/observations/9006684,https://static.inaturalist.org/photos/12141628/medium.jpeg,,"",Cohutta wilderness ,1,0,false,2,United States,34.8289400449,-84.5925695629,8256,,,,28762,obscured,,true,gps,gps,great rhododendron,Rhododendron maximum,great rhododendron,Plantae,83059
9212191,df795738-88ad-46e2-bfcb-19d517750177,Tue Dec 19 2017 16:11:36 GMT-0500 (EST),2017-12-19,2017-12-19 22:11:36 +0100,Eastern Time (US & Canada),483629,emmahollowell,"",2017-12-19 22:11:51 +0100,2017-12-21 16:34:04 +0100,research,,https://www.inaturalist.org/observations/9212191,https://static.inaturalist.org/photos/12460413/medium.jpg,,"",,2,0,false,3,"Vogel State Park, Blairsville, GA, US",34.7401731704,-83.9239851325,8,,,,8,,,false,,,great rhododendron,Rhododendron maximum,great rhododendron,Plantae,83059
9297430,0b460a60-7c44-492e-b3c6-96d0911be7a1,Fri Dec 29 2017 16:56:22 GMT-0500 (EST),2017-12-29,2017-12-29 22:56:22 +0100,Eastern Time (US & Canada),674512,mbarrow,,2017-12-29 22:56:52 +0100,2018-01-02 02:38:42 +0100,research,,https://www.inaturalist.org/observations/9297430,https://static.inaturalist.org/photos/12606124/medium.jpg,,"",,1,0,false,3,"2101–2819 Bean Creek Rd, Sautee Nacoochee, GA, US",34.7129603103,-83.6941194814,5,,,,5,,,false,,,great rhododendron,Rhododendron maximum,great rhododendron,Plantae,83059
9555687,a4cfd037-e046-47a1-a6c9-87c4019b296e,2018-01-21 3:11:42 PM EST,2018-01-21,2018-01-21 21:11:42 +0100,Eastern Time (US & Canada),703773,lincolndurey,Lincoln Durey,2018-01-22 00:53:12 +0100,2023-02-23 16:10:23 +0100,research,CC-BY,https://www.inaturalist.org/observations/9555687,https://static.inaturalist.org/photos/13040022/medium.jpeg,,"",,1,0,false,2,"Cumberland, Vinings, GA, USA",33.8839111728,-84.4440078735,2064,,,,2064,,,false,gps,gps,great rhododendron,Rhododendron maximum,great rhododendron,Plantae,83059
9870167,de13ae87-191e-489b-bcca-d47abd8147c2,Tue Feb 13 2018 16:17:32 GMT-0600 (CST),2018-02-13,2018-02-13 23:17:32 +0100,Central Time (US & Canada),201284,limpkin,Robb Brumfield,2018-02-15 20:42:51 +0100,2018-02-15 20:57:47 +0100,research,,https://www.inaturalist.org/observations/9870167,https://static.inaturalist.org/photos/13525291/medium.jpg,,"",,1,0,false,3,"Chattahoochee National Forest, Cleveland, GA, US",34.7107883333,-83.7929166667,100,,,,100,,,false,,,great rhododendron,Rhododendron maximum,great rhododendron,Plantae,83059
9958030,8fd3077f-109b-4126-9648-a80d1db94104,2018/02/19 3:26 PM EST,2018-02-19,2018-02-19 21:26:00 +0100,Eastern Time (US & Canada),413548,northganaturalist,"",2018-02-22 18:27:07 +0100,2018-03-16 14:46:50 +0100,research,CC-BY-NC,https://www.inaturalist.org/observations/9958030,https://inaturalist-open-data.s3.amazonaws.com/photos/13674300/medium.jpg,,"","",1,0,false,,"Murray County, GA, USA",34.802140038,-84.6297562122,10,,,,10,,,false,,,great rhododendron,Rhododendron maximum,great rhododendron,Plantae,83059
10173777,80884b8a-dbfe-4e53-ba7e-5ddedde7e8f8,2018-03-10 2:10:25 PM EST,2018-03-10,2018-03-10 20:10:25 +0100,Eastern Time (US & Canada),413548,northganaturalist,"",2018-03-11 00:13:04 +0100,2018-03-15 13:49:11 +0100,research,CC-BY-NC,https://www.inaturalist.org/observations/10173777,https://inaturalist-open-data.s3.amazonaws.com/photos/14045748/medium.jpeg,,"",,1,0,false,2,"4059-8077 Mill Creek Road Chatsworth, GA 30705 USA",34.8911056377,-84.6645434573,1376,,,,1376,,,false,gps,gps,great rhododendron,Rhododendron maximum,great rhododendron,Plantae,83059
10274473,eea478c6-b4d8-4c21-8c4b-89977735b725,Sat Mar 17 2018 12:55:21 GMT-0400 (EDT),2018-03-17,2018-03-17 17:55:21 +0100,Eastern Time (US & Canada),792370,leslieinman,,2018-03-17 17:56:20 +0100,2025-12-28 22:11:20 +0100,research,,https://www.inaturalist.org/observations/10274473,https://static.inaturalist.org/photos/14222066/medium.jpg,,"",,2,0,false,3,"Fernbank Forest and Rec Center, Atlanta, GA, US",33.7773813308,-84.3238895015,10,,,,10,,open,false,,,great rhododendron,Rhododendron maximum,great rhododendron,Plantae,83059
10455224,cc26f329-f3ec-4ef5-8cc8-03ac11ed8439,Sun Mar 25 2018 16:10:44 GMT-0400 (EDT),2018-03-25,2018-03-25 22:10:44 +0200,Eastern Time (US & Canada),611269,beneathemoon,Delaney Sanders,2018-03-27 23:00:03 +0200,2018-04-11 18:29:51 +0200,research,CC-BY-NC,https://www.inaturalist.org/observations/10455224,https://inaturalist-open-data.s3.amazonaws.com/photos/14535873/medium.jpg,,"",,1,0,false,3,"Chattahoochee-Oconee National Forests, Cherry Log, GA, US",34.8559833333,-84.4279416667,5,,,,5,,,false,,,great rhododendron,Rhododendron maximum,great rhododendron,Plantae,83059
11908186,5f57b180-6e29-467e-af25-9521bbd0183c,2018-04-29 11:06:15 AM EDT,2018-04-29,2018-04-29 17:06:15 +0200,Eastern Time (US & Canada),703773,lincolndurey,Lincoln Durey,2018-04-30 21:24:11 +0200,2023-02-23 16:10:23 +0100,research,CC-BY,https://www.inaturalist.org/observations/11908186,https://static.inaturalist.org/photos/17048326/medium.jpeg,,"","Day hike on the AT and side trails in Blood Mountain Wilderness:
https://www.inaturalist.org/calendar/lincolndurey/2018/4/29",1,0,false,2,"Byron Reece Memorial Trail, Blairsville, GA 30512, USA",34.7408394238,-83.9235610887,516,,,,516,,,false,gps,gps,great rhododendron,Rhododendron maximum,great rhododendron,Plantae,83059
12004264,dd97d551-ddcf-4c64-b673-3a3f57c8aa55,2018-04-29 5:49:23 PM EDT,2018-04-29,2018-04-29 23:49:23 +0200,Eastern Time (US & Canada),703773,lincolndurey,Lincoln Durey,2018-05-01 21:17:02 +0200,2023-02-23 16:10:23 +0100,research,CC-BY,https://www.inaturalist.org/observations/12004264,https://static.inaturalist.org/photos/17200506/medium.jpeg,,"","Day hike on the AT and side trails in Blood Mountain Wilderness:
https://www.inaturalist.org/calendar/lincolndurey/2018/4/29",1,0,false,2,"Appalachian Trail, Blairsville, GA 30512, USA",34.7365829732,-83.9252106473,129,,,,129,,,false,gps,gps,great rhododendron,Rhododendron maximum,great rhododendron,Plantae,83059
12658320,607a0b0a-2215-471a-ba86-31cf86dfd636,Fri May 18 2018 15:02:05 GMT-0500 (CDT),2018-05-18,2018-05-18 22:02:05 +0200,Central Time (US & Canada),137344,birdsandbugs27,Lisa Winnett-Pequeno,2018-05-21 01:18:08 +0200,2019-10-28 21:14:26 +0100,research,CC-BY,https://www.inaturalist.org/observations/12658320,https://inaturalist-open-data.s3.amazonaws.com/photos/18315904/medium.jpg,,"",,1,0,false,3,"Chattahoochee-Oconee National Forests, Helen, GA, US",34.7574222327,-83.7098558897,85,,,,85,,,false,,,great rhododendron,Rhododendron maximum,great rhododendron,Plantae,83059
13367022,769cc9af-aa3c-4d36-9f05-9f7a5ecd9adf,Sat Jun 09 2018 16:21:42 GMT-0400 (EDT),2018-06-09,2018-06-09 22:21:42 +0200,Eastern Time (US & Canada),837373,ranger-rymy,Ryan Myers,2018-06-12 18:20:04 +0200,2018-06-16 03:03:29 +0200,research,,https://www.inaturalist.org/observations/13367022,https://static.inaturalist.org/photos/19597987/medium.jpg,,"",,1,0,false,3,"Fernbank Forest and Rec Center, Atlanta, GA, US",33.7769583333,-84.3241283333,10,,,,10,,,false,,,great rhododendron,Rhododendron maximum,great rhododendron,Plantae,83059
13608600,5e9ac3d9-acd3-46f7-8661-018977f912ae,Wed Jun 20 2018 09:47:54 GMT-0400 (EDT),2018-06-20,2018-06-20 15:47:54 +0200,Eastern Time (US & Canada),158706,ramblinghemlock,Joan,2018-06-20 16:23:06 +0200,2018-06-21 01:39:42 +0200,research,CC-BY-NC,https://www.inaturalist.org/observations/13608600,https://inaturalist-open-data.s3.amazonaws.com/photos/20023813/medium.jpg,,"",,1,0,false,3,"Chattahoochee-Oconee National Forests, Suches, GA, US",34.7366673081,-84.1666489375,10,,,,10,,,false,,,great rhododendron,Rhododendron maximum,great rhododendron,Plantae,83059
13783768,3c894468-f081-40d2-ae25-e3666051ad2d,2018-06-24 3:00:48 PM EDT,2018-06-24,2018-06-24 21:00:48 +0200,Eastern Time (US & Canada),826994,carsonreber,Carson,2018-06-26 00:11:26 +0200,2018-06-26 01:52:13 +0200,research,CC-BY-NC,https://www.inaturalist.org/observations/13783768,https://inaturalist-open-data.s3.amazonaws.com/photos/20326508/medium.jpeg,,"",,1,0,false,2,"Ellijay, GA 30540, USA",34.8155875695,-84.5070870593,66042,,,,66042,,,false,gps,gps,great rhododendron,Rhododendron maximum,great rhododendron,Plantae,83059
13822273,e938d955-413c-43e0-9919-9980c8d99602,2018-06-21 1:05:07 PM EDT,2018-06-21,2018-06-21 19:05:07 +0200,Eastern Time (US & Canada),230937,jennmer,Jenn Mercer,2018-06-27 05:25:40 +0200,2025-06-29 16:28:41 +0200,research,CC-BY-NC,https://www.inaturalist.org/observations/13822273,https://inaturalist-open-data.s3.amazonaws.com/photos/20394159/medium.jpeg,,"",,2,0,false,2,"541 Homer Edwards Rd, Dahlonega, GA 30533, USA",34.5475311279,-84.0397033691,,,,,,,open,false,gps,gps,great rhododendron,Rhododendron maximum,great rhododendron,Plantae,83059
13909673,4903d1d7-22ab-48a4-9302-d3234fc200f7,Tue Jun 19 2018 16:41:25 GMT-0400 (EDT),2018-06-19,2018-06-19 22:41:25 +0200,Eastern Time (US & Canada),1056128,turtlelady87,,2018-06-30 14:38:10 +0200,2018-07-09 05:16:48 +0200,research,,https://www.inaturalist.org/observations/13909673,https://static.inaturalist.org/photos/20547361/medium.jpg,,"",,2,0,false,3,"Chattahoochee-Oconee National Forests, Tallulah Falls, GA, US",34.739675,-83.3919666667,200,,,,200,,,false,,,great rhododendron,Rhododendron maximum,great rhododendron,Plantae,83059
13916003,61604f84-3f06-4fea-b43d-584bc6434ef4,2018-06-26,2018-06-26,,UTC,1056896,allison138,Allison Frederick,2018-06-30 18:27:58 +0200,2018-07-09 05:15:57 +0200,research,,https://www.inaturalist.org/observations/13916003,https://static.inaturalist.org/photos/20558426/medium.jpg,,"",,2,0,false,2,"Helen, GA 30545, USA",34.6859411552,-83.7418736145,349,,,,349,,,false,gps,gps,great rhododendron,Rhododendron maximum,great rhododendron,Plantae,83059
13963754,b063db41-e678-43bf-8094-5ac020a9f115,Sun Jul 01 2018 09:59:04 GMT-0400 (EDT),2018-07-01,2018-07-01 15:59:04 +0200,Eastern Time (US & Canada),1058067,tracywade,Tracy Wade,2018-07-02 02:05:37 +0200,2018-07-09 04:57:01 +0200,research,,https://www.inaturalist.org/observations/13963754,https://static.inaturalist.org/photos/20642674/medium.jpg,,"",,2,0,false,3,"Chattahoochee-Oconee National Forests, Helen, GA, US",34.757623291,-83.7101623524,165,,,,165,,,false,,,great rhododendron,Rhododendron maximum,great rhododendron,Plantae,83059
13982904,a63eecfb-7590-430f-af4e-b0b190cc11fd,2018-07-02 9:32:58 AM EDT,2018-07-02,2018-07-02 15:32:58 +0200,Eastern Time (US & Canada),1056440,a__l__a__n,,2018-07-02 18:08:49 +0200,2018-07-09 04:56:29 +0200,research,CC-BY-NC,https://www.inaturalist.org/observations/13982904,https://inaturalist-open-data.s3.amazonaws.com/photos/20676630/medium.jpeg,,"",,2,0,false,2,"Clayton, GA 30525, USA",34.9764480591,-83.300239563,,,,,,,,false,gps,gps,great rhododendron,Rhododendron maximum,great rhododendron,Plantae,83059
13989089,83af6b54-0661-477f-adb6-1dcdd984a015,2018-07-01 3:52:15 PM EDT,2018-07-01,2018-07-01 21:52:15 +0200,Eastern Time (US & Canada),824611,juno3899,Juno Jang,2018-07-02 21:19:10 +0200,2018-07-09 04:56:18 +0200,research,,https://www.inaturalist.org/observations/13989089,https://static.inaturalist.org/photos/20687625/medium.jpeg,,"",,2,0,false,2,"Cherry Log, GA 30522, USA",34.7963143872,-84.3866283819,2064,,,,2064,,,false,gps,gps,great rhododendron,Rhododendron maximum,great rhododendron,Plantae,83059
14054474,b310a3f0-b23d-4793-9f9e-341782118f71,Wed Jul 04 2018 17:28:35 GMT-0400 (EDT),2018-07-04,2018-07-04 23:28:35 +0200,Eastern Time (US & Canada),1012160,mitzi9,Mitzi Cranshaw Davis,2018-07-04 23:29:21 +0200,2018-07-09 04:52:51 +0200,research,,https://www.inaturalist.org/observations/14054474,https://static.inaturalist.org/photos/20797952/medium.jpg,,"",,2,0,false,3,"Black Rock Mountain State Park, Clayton, GA, US",34.9082261743,-83.4043342062,5,,,,5,,,false,,,great rhododendron,Rhododendron maximum,great rhododendron,Plantae,83059
14525509,fa989d94-e134-4c72-ae89-3231abe614e3,Sun Jul 01 2018 15:53:14 GMT-0400 (EDT),2018-07-01,2018-07-01 21:53:14 +0200,Eastern Time (US & Canada),269252,daniel_folds,Daniel Folds,2018-07-19 23:33:21 +0200,2018-07-22 22:40:32 +0200,research,CC-BY-NC,https://www.inaturalist.org/observations/14525509,https://inaturalist-open-data.s3.amazonaws.com/photos/21629568/medium.jpg,,"",,1,0,false,3,"Chattahoochee-Oconee National Forests, Cherry Log, GA, US",34.78067,-84.3283216667,5,,,,5,,,false,,,great rhododendron,Rhododendron maximum,great rhododendron,Plantae,83059
14581296,2c00d79c-79a6-4125-9f6f-b8b13de2f832,Sat Jul 21 2018 15:55:27 GMT-0400 (EDT),2018-07-21,2018-07-21 21:55:27 +0200,Eastern Time (US & Canada),710052,girish,Girish Krishnan,2018-07-21 21:56:37 +0200,2019-01-26 03:09:11 +0100,research,,https://www.inaturalist.org/observations/14581296,https://static.inaturalist.org/photos/21729429/medium.jpg,,"",,1,0,false,3,"Vogel State Park, Blairsville, GA, US",34.738425,-83.9249033333,30,,,,30,,,false,,,great rhododendron,Rhododendron maximum,great rhododendron,Plantae,83059
14581533,568d7a41-b389-426d-82a3-f3101e0f08e3,2018-07-21 3:54:56 PM EDT,2018-07-21,2018-07-21 21:54:56 +0200,Eastern Time (US & Canada),1086453,stephaniethebeneficent,,2018-07-21 22:03:12 +0200,2019-10-28 21:11:47 +0100,research,CC-BY-NC,https://www.inaturalist.org/observations/14581533,https://inaturalist-open-data.s3.amazonaws.com/photos/21729826/medium.jpeg,,"",,2,0,false,2,"Byron Reece Memorial Trail, Blairsville, GA 30512, USA",34.73850918,-83.92525268,16,,,,16,,,false,,,great rhododendron,Rhododendron maximum,great rhododendron,Plantae,83059
14652316,bb1301d2-fd70-4f5d-bb35-394b170f08ef,Sun Jul 22 2018 10:30:35 GMT-0400 (EDT),2018-07-22,2018-07-22 16:30:35 +0200,Eastern Time (US & Canada),469469,ryancooke,Ryan Cooke,2018-07-23 22:22:29 +0200,2025-10-23 03:47:22 +0200,research,CC-BY-NC,https://www.inaturalist.org/observations/14652316,https://static.inaturalist.org/photos/21855994/medium.jpg,,"",,2,0,false,3,"Chattahoochee-Oconee National Forests, Blue Ridge, GA, US",34.6655666667,-84.182205,12,,,,12,,open,false,,,great rhododendron,Rhododendron maximum,great rhododendron,Plantae,83059
14737705,2d867675-9138-475d-8f9f-5f96af35e7b3,2012/05/26 4:43 PM CDT,2012-05-26,2012-05-26 22:43:00 +0200,Eastern Time (US & Canada),1094996,mountainstomarsh,Ben,2018-07-26 04:51:15 +0200,2022-06-23 16:30:16 +0200,research,CC-BY-NC,https://www.inaturalist.org/observations/14737705,https://inaturalist-open-data.s3.amazonaws.com/photos/21987211/medium.jpeg,,"rhododendron, great laurel, georgia, fannin county, chattahoochee national forest","Observed in the Chattahoochee National Forest, Fannin County, GA",1,0,false,,"Georgia, US",34.6904180685,-84.1798969353,21909,,,,28790,obscured,open,true,,,Great Rhododendron,Rhododendron maximum,great rhododendron,Plantae,83059
15843657,62d45be3-aac1-4567-a7b8-cee90b79c7c1,Fri Aug 24 2018 10:54:33 GMT-0400 (EDT),2018-08-24,2018-08-24 16:54:33 +0200,Eastern Time (US & Canada),537237,carol67,Carol Underwood,2018-08-24 16:54:35 +0200,2020-04-09 18:28:33 +0200,needs_id,,https://www.inaturalist.org/observations/15843657,https://static.inaturalist.org/photos/24982953/medium.jpg,,"",,1,0,false,3,"Chattahoochee-Oconee National Forests, Tallulah Falls, GA, US",34.7402222408,-83.3922116273,10,,,,10,,,false,,,great rhododendron,Rhododendron maximum,great rhododendron,Plantae,83059
16141642,3874d028-c6dd-494a-abee-3a1db2f57405,Sun Sep 02 2018 13:20:43 GMT-0400 (EDT),2018-09-02,2018-09-02 19:20:43 +0200,Eastern Time (US & Canada),749118,madisong,Madison Gover,2018-09-02 21:13:21 +0200,2023-11-24 03:52:02 +0100,research,CC0,https://www.inaturalist.org/observations/16141642,https://inaturalist-open-data.s3.amazonaws.com/photos/24193969/medium.jpg,,"",,1,0,false,3,"Chattahoochee-Oconee National Forests, Helen, GA, US",34.7576716667,-83.7099,32,,,,32,,open,false,,,great rhododendron,Rhododendron maximum,great rhododendron,Plantae,83059
16144871,177cd390-6bac-4bdf-a4ed-11e507b205e8,Sun Sep 02 2018 14:40:06 GMT-0400 (EDT),2018-09-02,2018-09-02 20:40:06 +0200,Eastern Time (US & Canada),749118,madisong,Madison Gover,2018-09-02 22:32:04 +0200,2023-08-31 01:13:04 +0200,needs_id,CC0,https://www.inaturalist.org/observations/16144871,https://inaturalist-open-data.s3.amazonaws.com/photos/24198886/medium.jpg,,"",,0,0,false,3,"Chattahoochee-Oconee National Forests, Helen, GA, US",34.7576366667,-83.7099216667,32,,,,32,,,false,,,,Rhododendron maximum,great rhododendron,Plantae,83059
16800905,a1a69be4-8d6a-4fdf-92cd-1fe3e0ab5dcd,2018-09-22 1:00:38 PM EDT,2018-09-22,2018-09-22 19:00:38 +0200,Eastern Time (US & Canada),1209636,lauraly21,"",2018-09-22 20:09:46 +0200,2020-07-31 21:37:12 +0200,research,CC-BY-NC,https://www.inaturalist.org/observations/16800905,https://inaturalist-open-data.s3.amazonaws.com/photos/25363524/medium.jpeg,,"",,2,0,false,2,"195 Tilley Bend Ln, Blue Ridge, GA 30513, USA",34.8046875,-84.2500305176,,,,,,,,false,gps,gps,great rhododendron,Rhododendron maximum,great rhododendron,Plantae,83059
17050068,88aeaa33-199f-41ab-8c12-6cff1a38d6a4,Sat Sep 29 2018 17:13:46 GMT-0400 (EDT),2018-09-29,2018-09-29 23:13:46 +0200,Eastern Time (US & Canada),924151,jamesdonovan,James Donovan,2018-09-30 04:08:09 +0200,2019-10-28 21:09:45 +0100,research,,https://www.inaturalist.org/observations/17050068,https://static.inaturalist.org/photos/25797189/medium.jpg,,"",,1,0,false,3,"Chattahoochee-Oconee National Forests, Hiawassee, GA, US",34.9716888322,-83.7983658817,10,,,,10,,,false,,,great rhododendron,Rhododendron maximum,great rhododendron,Plantae,83059
17661315,d78ff059-125f-4c04-bf94-50facf1540ac,2018/10/19 12:58 PM EDT,2018-10-19,2018-10-19 18:58:00 +0200,Eastern Time (US & Canada),907409,mfeaver,"",2018-10-20 01:23:21 +0200,2025-06-24 19:20:24 +0200,needs_id,CC-BY,https://www.inaturalist.org/observations/17661315,https://inaturalist-open-data.s3.amazonaws.com/photos/26910750/medium.jpeg,,"",,1,0,false,,"Murray County, GA, USA",34.8582691557,-84.6505868791,328,,,,328,,open,false,,,great rhododendron,Rhododendron maximum,great rhododendron,Plantae,83059
17896679,75264b17-e8d7-4afc-bf3c-2dea8f28d86d,2018/10/25 ,2018-10-25,,Eastern Time (US & Canada),1281136,ljal2,"",2018-10-28 05:46:38 +0100,2018-10-28 05:46:38 +0100,needs_id,,https://www.inaturalist.org/observations/17896679,https://static.inaturalist.org/photos/27332246/medium.jpg,,"",,0,0,false,,"Georgia, US",34.2897628498,-83.9858191002,193,,,,28846,obscured,,true,,,Great Rhododendron,Rhododendron maximum,great rhododendron,Plantae,83059
19323635,6c1b3f32-93af-4117-8f4d-addb20f14e49,Sun Dec 30 2018 15:18:11 GMT-0500 (EST),2018-12-30,2018-12-30 21:18:11 +0100,Eastern Time (US & Canada),1245678,engenheiro,,2018-12-31 03:45:48 +0100,2018-12-31 03:51:59 +0100,research,,https://www.inaturalist.org/observations/19323635,https://static.inaturalist.org/photos/29709621/medium.jpg,,"",,1,0,false,3,"Chattahoochee-Oconee National Forests, Helen, GA, US",34.7159416667,-83.8001033333,8,,,,8,,,false,,,great rhododendron,Rhododendron maximum,great rhododendron,Plantae,83059
19391332,56a380d2-4d0e-42ad-a606-849050eecd2a,Fri Dec 28 2018 10:49:54 GMT-0500 (EST),2018-12-28,2018-12-28 16:49:54 +0100,Eastern Time (US & Canada),1094883,dpetersonfl,,2019-01-03 05:30:37 +0100,2019-01-26 03:05:12 +0100,research,,https://www.inaturalist.org/observations/19391332,https://static.inaturalist.org/photos/29824199/medium.jpg,,"",,1,0,false,3,"Fort Mountain State Park, Chatsworth, GA, US",34.7566533333,-84.7069783333,10,,,,10,,,false,,,great rhododendron,Rhododendron maximum,great rhododendron,Plantae,83059
19934453,bf26e252-361a-4e65-8453-f06536f1a6d9,Sun Jan 27 2019 16:20:23 GMT-0500 (EST),2019-01-27,2019-01-27 22:20:23 +0100,Eastern Time (US & Canada),1073814,karlibelle,,2019-01-28 21:06:00 +0100,2019-01-28 21:16:32 +0100,research,,https://www.inaturalist.org/observations/19934453,https://static.inaturalist.org/photos/30753167/medium.jpg,,"",,1,0,false,3,"Chattahoochee-Oconee National Forests, Helen, GA, US",34.7159767679,-83.8006399906,96,,,,96,,,false,,,great rhododendron,Rhododendron maximum,great rhododendron,Plantae,83059
20742527,8b659b86-d8c2-4bca-b41c-eda7a5115a1c,Sun Feb 24 2019 14:47:05 GMT-0500 (EST),2019-02-24,2019-02-24 20:47:05 +0100,Eastern Time (US & Canada),1084846,kcross7,,2019-02-25 01:35:23 +0100,2019-02-25 01:40:12 +0100,needs_id,,https://www.inaturalist.org/observations/20742527,https://static.inaturalist.org/photos/31982248/medium.jpg,,"",,0,0,false,3,"6862 Yellow Creek Rd, Ball Ground, GA, US",34.3757037074,-84.2776226532,10,,,,10,,,false,,,,Rhododendron maximum,great rhododendron,Plantae,83059
20942668,3e052c01-638d-43fd-9155-e57f21f3381b,Sat Mar 02 2019 10:11:51 GMT-0500 (EST),2019-03-02,2019-03-02 16:11:51 +0100,Eastern Time (US & Canada),1508480,diana_sevier,,2019-03-04 14:52:28 +0100,2025-01-30 20:53:02 +0100,research,CC-BY-NC,https://www.inaturalist.org/observations/20942668,https://inaturalist-open-data.s3.amazonaws.com/photos/32328835/medium.jpg,,"",,1,0,false,3,"30707, Chickamauga, GA, US",34.8685117829,-85.3886083032,1057,,,,1057,,open,false,,,great rhododendron,Rhododendron maximum,great rhododendron,Plantae,83059
21310151,71aff234-a75f-4c14-8e34-8f5df0e638fa,Sat Mar 16 2019 10:42:12 GMT-0500 (CDT),2019-03-16,2019-03-16 16:42:12 +0100,Bogota,1422114,somerh,,2019-03-17 05:42:48 +0100,2020-03-17 04:08:46 +0100,research,CC-BY-NC,https://www.inaturalist.org/observations/21310151,https://inaturalist-open-data.s3.amazonaws.com/photos/32954697/medium.jpg,,"",This plant was found on the side of a rock formation during a windy and cold day. It was the only one of its kind near that area however several others appeared to be near it. It’s not in bloom and lacks leaves. ,2,0,false,3,"Lookout Mountain Golf Club, Lookout Mountain, GA, US",34.97260681,-85.357601237,5414,,,,5414,,,false,,,great rhododendron,Rhododendron maximum,great rhododendron,Plantae,83059
21488903,58bc0c22-c814-4b8e-9159-ec0c663dcdab,Fri Mar 22 2019 14:21:24 GMT-0400 (EDT),2019-03-22,2019-03-22 19:21:24 +0100,Eastern Time (US & Canada),1000009,tarynheidel,"",2019-03-22 19:24:13 +0100,2019-04-10 21:49:08 +0200,research,,https://www.inaturalist.org/observations/21488903,https://static.inaturalist.org/photos/33251869/medium.jpg,,"",,1,0,false,3,"1855 Wellbourne Dr NE, Atlanta, GA, US",33.8052759273,-84.3585368526,10,,,,10,,,false,,,great rhododendron,Rhododendron maximum,great rhododendron,Plantae,83059
21558373,e90f73cc-9277-452b-b604-8575086e280d,Sat Mar 23 2019 15:04:24 GMT-0400 (EDT),2019-03-23,2019-03-23 20:04:24 +0100,Eastern Time (US & Canada),1022349,camillemosley,Camille Mosley,2019-03-24 17:34:33 +0100,2019-10-28 21:08:16 +0100,research,,https://www.inaturalist.org/observations/21558373,https://static.inaturalist.org/photos/33366551/medium.jpg,,"",,1,0,false,3,"Unicoi State Park & Lodge, Helen, GA, US",34.7268366667,-83.7248216667,3238,,,,3238,,,false,,,great rhododendron,Rhododendron maximum,great rhododendron,Plantae,83059
21788523,cafec766-5ec0-4b79-85dd-cc9a4265fc5e,2019-03-30 10:13:59 AM EDT,2019-03-30,2019-03-30 15:13:59 +0100,Eastern Time (US & Canada),210870,marknuhfer,Mark Nuhfer,2019-03-30 19:19:40 +0100,2019-06-29 03:58:18 +0200,research,,https://www.inaturalist.org/observations/21788523,https://static.inaturalist.org/photos/33749031/medium.jpeg,,"",,1,0,false,2,"Nimblewill Gap Rd, Dawsonville, GA 30534, USA",34.5865936279,-84.2264099121,,,,,,,,false,gps,gps,great rhododendron,Rhododendron maximum,great rhododendron,Plantae,83059
21851649,577eb4f2-fba1-4bda-92b4-6789b846c55b,2019/03/25 10:11 AM CDT,2019-03-25,2019-03-25 16:11:00 +0100,Central Time (US & Canada),931776,johnhboldt,John Boldt,2019-04-01 01:42:54 +0200,2022-12-12 23:56:55 +0100,research,CC-BY-NC,https://www.inaturalist.org/observations/21851649,https://inaturalist-open-data.s3.amazonaws.com/photos/33848420/medium.jpeg,,"",,1,0,false,,"Gilmer County, GA, USA",34.7852009728,-84.3045692103,8,,,,8,,open,false,,,great rhododendron,Rhododendron maximum,great rhododendron,Plantae,83059
21989973,765ed704-8b82-4889-97de-13aadb937f24,2011/06/23 1:23 PM EDT,2011-06-23,2011-06-23 19:23:00 +0200,Eastern Time (US & Canada),1495326,blklab,,2019-04-04 20:54:04 +0200,2019-06-29 03:56:50 +0200,research,CC-BY-NC,https://www.inaturalist.org/observations/21989973,https://inaturalist-open-data.s3.amazonaws.com/photos/34084194/medium.jpeg,,"",,1,0,false,,"405 Vogel State Park Rd, Blairsville, GA 30512, USA",34.7649337,-83.925463,1186,,,,1186,,,false,,,great rhododendron,Rhododendron maximum,great rhododendron,Plantae,83059
22250374,608f85c0-0dd2-4aeb-8aed-fd764ac19c1b,2019-03-31 4:26:12 PM EDT,2019-03-31,2019-03-31 22:26:12 +0200,Eastern Time (US & Canada),1561903,lsiska,,2019-04-09 21:33:38 +0200,2025-07-22 19:51:56 +0200,needs_id,CC-BY-NC,https://www.inaturalist.org/observations/22250374,https://inaturalist-open-data.s3.amazonaws.com/photos/34454918/medium.jpeg,,"",,1,0,false,2,"Appalachian Trail, Blue Ridge, GA 30513, USA",34.6490325928,-84.1987686157,,,,,,,open,false,gps,gps,great rhododendron,Rhododendron maximum,great rhododendron,Plantae,83059
22841689,a6e1252b-4e88-4ea8-8cfe-7ae6c8971343,2019-04-21 5:15:48 PM EDT,2019-04-21,2019-04-21 23:15:48 +0200,Eastern Time (US & Canada),1600180,emilyisaac,Emily Isaac,2019-04-21 23:18:19 +0200,2019-06-29 03:52:14 +0200,research,,https://www.inaturalist.org/observations/22841689,https://static.inaturalist.org/photos/35402967/medium.jpeg,,"",,1,0,false,2,"697 Luckie Ln NE, Atlanta, GA 30329, USA",33.79652968,-84.31802809,11,,,,11,,,false,,,great rhododendron,Rhododendron maximum,great rhododendron,Plantae,83059
23149712,a92b4ed5-4062-45f7-a517-0020ea5a4845,Fri Apr 26 2019 11:36:05 GMT-0400 (EDT),2019-04-26,2019-04-26 17:36:05 +0200,Eastern Time (US & Canada),1673086,pkbqzcq,,2019-04-26 17:36:17 +0200,2019-05-03 15:46:12 +0200,needs_id,CC-BY-NC,https://www.inaturalist.org/observations/23149712,https://inaturalist-open-data.s3.amazonaws.com/photos/35881655/medium.jpg,,"",,0,0,false,3,"Druid Hills Golf Club, Atlanta, GA, US",33.7774264844,-84.3241136329,16,,,,16,,,false,,,,Rhododendron maximum,great rhododendron,Plantae,83059
23221545,606cb319-94e3-406a-b707-a1ff749b15b9,Fri Apr 26 2019 15:35:46 GMT-0400 (EDT),2019-04-26,2019-04-26 21:35:46 +0200,Eastern Time (US & Canada),1477890,alocastro,,2019-04-26 23:00:09 +0200,2019-04-26 23:00:18 +0200,needs_id,CC-BY-NC,https://www.inaturalist.org/observations/23221545,https://inaturalist-open-data.s3.amazonaws.com/photos/35982416/medium.jpg,,"",,0,0,false,3,"Fernbank Forest and Rec Center, Atlanta, GA, US",33.7776116667,-84.3239833333,24,,,,24,,,false,,,,Rhododendron maximum,great rhododendron,Plantae,83059
24172389,91525f95-30f2-42f8-b50b-7607ba8579c1,2019/04/27 7:40 AM EDT,2019-04-27,2019-04-27 13:40:00 +0200,Eastern Time (US & Canada),25635,runcator,"",2019-04-30 13:58:23 +0200,2019-10-28 21:06:51 +0100,research,CC-BY-NC,https://www.inaturalist.org/observations/24172389,https://inaturalist-open-data.s3.amazonaws.com/photos/37379568/medium.jpeg,,"",,1,0,false,,"Lumpkin County, GA, USA",34.734057,-83.929421,1000,,,,1000,,,false,,,great rhododendron,Rhododendron maximum,great rhododendron,Plantae,83059
24197851,ac9d4ac5-2116-4542-9cce-27a858a19341,Tue Apr 30 2019 13:04:27 GMT-0400 (EDT),2019-04-30,2019-04-30 19:04:27 +0200,Eastern Time (US & Canada),1000009,tarynheidel,"",2019-04-30 19:05:13 +0200,2024-09-25 17:57:58 +0200,research,,https://www.inaturalist.org/observations/24197851,https://static.inaturalist.org/photos/37418356/medium.jpg,,"",,1,0,false,3,"564–698 Lakeshore Dr NE, Atlanta, GA, US",33.7704634527,-84.3268183899,10,,,,10,,,false,,,great rhododendron,Rhododendron maximum,great rhododendron,Plantae,83059
25123904,c8f2cb42-bdfb-4e30-80be-466993986618,2019-05-10 6:07:34 p.m. EDT,2019-05-10,2019-05-11 00:07:34 +0200,Eastern Time (US & Canada),832151,benjamin94,Benjamin Jewiss,2019-05-14 21:37:27 +0200,2019-05-14 21:40:32 +0200,needs_id,,https://www.inaturalist.org/observations/25123904,https://static.inaturalist.org/photos/38885026/medium.jpeg,,"",,0,0,false,2,"35 Trackside Ln, Blue Ridge, GA 30513, USA",34.8499183655,-84.3382797241,,,,,,,,false,gps,gps,great rhododendron,Rhododendron maximum,great rhododendron,Plantae,83059
25950847,bf7d484c-5172-49b5-b098-122e9a28f0bc,Fri May 24 2019 15:32:34 GMT-0400 (EDT),2019-05-24,2019-05-24 21:32:34 +0200,Eastern Time (US & Canada),1477890,alocastro,,2019-05-28 19:43:07 +0200,2019-06-26 02:45:26 +0200,research,CC-BY-NC,https://www.inaturalist.org/observations/25950847,https://inaturalist-open-data.s3.amazonaws.com/photos/40252144/medium.jpg,,"",,1,0,false,3,"Fernbank Forest and Rec Center, Atlanta, GA, US",33.7763866667,-84.3219533333,16,,,,16,,,false,,,great rhododendron,Rhododendron maximum,great rhododendron,Plantae,83059
25981042,0c3b6900-e675-4b18-89c5-3fc07dbc0972,2019-05-27 12:01:19 PM EDT,2019-05-27,2019-05-27 18:01:19 +0200,Eastern Time (US & Canada),1653414,pickledpandas,pickled pandas,2019-05-29 05:59:01 +0200,2019-10-28 21:06:06 +0100,research,,https://www.inaturalist.org/observations/25981042,https://static.inaturalist.org/photos/40301742/medium.jpeg,,"",,1,0,false,2,"Blue Ridge, GA 30513, USA",34.6552343918,-84.1553706676,2104,,,,2104,,,false,gps,gps,great rhododendron,Rhododendron maximum,great rhododendron,Plantae,83059
25981501,df1357a1-9a27-4e0f-bb0b-388a073d088c,2019-05-27 11:11:44 AM EDT,2019-05-27,2019-05-27 17:11:44 +0200,Eastern Time (US & Canada),1653414,pickledpandas,pickled pandas,2019-05-29 06:15:45 +0200,2019-06-26 02:44:45 +0200,research,,https://www.inaturalist.org/observations/25981501,https://static.inaturalist.org/photos/40302701/medium.jpeg,,"",,1,0,false,2,"Blue Ridge, GA 30513, USA",34.6670797382,-84.1795598343,263,,,,263,,,false,gps,gps,great rhododendron,Rhododendron maximum,great rhododendron,Plantae,83059
26017431,81eb1a5d-5c2e-4942-a717-ec3b43bd712d,Thu May 23 2019 17:22:45 GMT-0400 (EDT),2019-05-23,2019-05-23 23:22:45 +0200,Eastern Time (US & Canada),336815,ransley217,,2019-05-29 21:53:06 +0200,2019-07-05 22:39:17 +0200,research,CC-BY-NC,https://www.inaturalist.org/observations/26017431,https://inaturalist-open-data.s3.amazonaws.com/photos/40361494/medium.jpg,,"",,1,0,false,3,"Chattahoochee National Forest, Tallulah Falls, GA, US",34.7380416667,-83.3915116667,16,,,,16,,,false,,,great rhododendron,Rhododendron maximum,great rhododendron,Plantae,83059
26507852,b85d0db0-276f-4b2c-aa6c-c7f7acb29892,Thu Jun 06 2019 12:30:59 GMT-0400 (EDT),2019-06-06,2019-06-06 18:30:59 +0200,Eastern Time (US & Canada),1477270,lycophyte,Morgan Macy,2019-06-06 20:47:15 +0200,2019-06-26 02:42:25 +0200,research,,https://www.inaturalist.org/observations/26507852,https://static.inaturalist.org/photos/41170460/medium.jpg,,"",,1,0,false,3,"Chattahoochee National Forest, Blue Ridge, GA, US",34.80785,-84.2971416667,10,,,,10,,,false,,,great rhododendron,Rhododendron maximum,great rhododendron,Plantae,83059
26510808,35a5b4db-d7be-46f6-9939-5e9dbbbc5680,Thu Jun 06 2019 11:36:52 GMT-0400 (EDT),2019-06-06,2019-06-06 17:36:52 +0200,Eastern Time (US & Canada),1477270,lycophyte,Morgan Macy,2019-06-06 21:35:25 +0200,2019-06-26 02:40:46 +0200,research,,https://www.inaturalist.org/observations/26510808,https://static.inaturalist.org/photos/41171675/medium.jpg,,"",,1,0,false,3,"Chattahoochee National Forest, Blue Ridge, GA, US",34.8159,-84.3006583333,10,,,,10,,,false,,,great rhododendron,Rhododendron maximum,great rhododendron,Plantae,83059
26514167,0fbda51a-a686-4a2a-8ecc-ecdd342f2c2f,Thu Jun 06 2019 16:35:16 GMT-0400 (EDT),2019-06-06,2019-06-06 22:35:16 +0200,Eastern Time (US & Canada),743146,blythe_explorers,Patrick Blythe,2019-06-06 22:35:55 +0200,2019-06-26 02:40:44 +0200,research,,https://www.inaturalist.org/observations/26514167,https://static.inaturalist.org/photos/41176853/medium.jpg,,"",,1,0,false,3,"2252 Buford Dam Rd, Buford, GA, US",34.1578361667,-84.0751583333,10,,,,10,,,false,,,great rhododendron,Rhododendron maximum,great rhododendron,Plantae,83059
26585994,eed55461-c49d-4056-957d-e521fbb7f0fe,Fri Jun 07 2019 14:59:21 GMT-0400 (EDT),2019-06-07,2019-06-07 20:59:21 +0200,Eastern Time (US & Canada),1022349,camillemosley,Camille Mosley,2019-06-08 04:23:28 +0200,2019-11-18 17:20:34 +0100,research,,https://www.inaturalist.org/observations/26585994,https://static.inaturalist.org/photos/41292517/medium.jpg,,"",,2,0,false,3,"Emory University, Atlanta, GA, US",33.79728,-84.32045,10,,,,10,,,false,,,great rhododendron,Rhododendron maximum,great rhododendron,Plantae,83059
26644692,1279c1b4-29ee-4d10-bb52-0118c947a9f2,Sat Jun 08 2019 11:26:55 GMT-0400 (EDT),2019-06-08,2019-06-08 17:26:55 +0200,Eastern Time (US & Canada),564584,zaqri,Zaqri,2019-06-09 02:46:29 +0200,2019-06-26 02:41:40 +0200,research,,https://www.inaturalist.org/observations/26644692,https://static.inaturalist.org/photos/41385328/medium.jpg,,"",,1,0,false,3,"Chattahoochee National Forest, Blue Ridge, GA, US",34.7831916667,-84.25885,4000,,,,4000,,,false,,,great rhododendron,Rhododendron maximum,great rhododendron,Plantae,83059
26695203,eecdddaa-7486-4540-a40c-52665aa22d46,2019-06-08 3:09:48 PM GMT-04:00,2019-06-08,2019-06-08 20:09:48 +0200,Atlantic Time (Canada),1831691,rita142,Rita de Meillon,2019-06-09 21:13:53 +0200,2025-06-24 19:19:43 +0200,needs_id,,https://www.inaturalist.org/observations/26695203,https://static.inaturalist.org/photos/41465298/medium.jpeg,,"",Onway to Bear Creek,1,0,false,2,"Gilmer County, US-GA, US",34.80491813,-84.56174407,9,,,,9,,open,false,,,great rhododendron,Rhododendron maximum,great rhododendron,Plantae,83059
26698893,bed86037-8cfc-42cd-995a-b1fcc344fffd,2019-06-08 4:01:58 PM GMT-04:00,2019-06-08,2019-06-08 21:01:58 +0200,Atlantic Time (Canada),1831691,rita142,Rita de Meillon,2019-06-09 22:08:53 +0200,2025-06-29 16:30:06 +0200,research,,https://www.inaturalist.org/observations/26698893,https://static.inaturalist.org/photos/41471137/medium.jpeg,,"",Bear Creek,2,0,false,2,"Gilmer County, US-GA, US",34.82040942,-84.56676492,9,,,,9,,open,false,,,great rhododendron,Rhododendron maximum,great rhododendron,Plantae,83059
26724663,f5ecddf8-e653-4d44-81c7-0410b18538d7,Sat Jun 08 2019 14:46:43 GMT-0400 (EDT),2019-06-08,2019-06-08 20:46:43 +0200,Eastern Time (US & Canada),738329,h2omaiden,,2019-06-10 05:07:02 +0200,2025-06-29 16:30:04 +0200,research,,https://www.inaturalist.org/observations/26724663,https://static.inaturalist.org/photos/41513989/medium.jpg,,"",Will have to look at species before further ID...,2,0,false,3,"Chattahoochee National Forest, Epworth, GA, US",34.8944383333,-84.6158,5,,,,5,,open,false,,,great rhododendron,Rhododendron maximum,great rhododendron,Plantae,83059
27064555,41b2b758-0c8e-4aeb-9bf5-df2ff8f9f28c,Sat Jun 15 2019 18:48:03 GMT-0400 (EDT),2019-06-15,2019-06-16 00:48:03 +0200,Eastern Time (US & Canada),68132,jackassgardener,Robb Telfer,2019-06-16 04:30:12 +0200,2019-06-26 02:39:17 +0200,research,CC-BY-NC,https://www.inaturalist.org/observations/27064555,https://inaturalist-open-data.s3.amazonaws.com/photos/42071046/medium.jpg,,"",,1,0,false,3,"Chattahoochee National Forest, Blue Ridge, GA, US",34.8089033333,-84.277305,10,,,,10,,,false,,,great rhododendron,Rhododendron maximum,great rhododendron,Plantae,83059
27091634,f7b58050-7e61-471c-ac88-97f496bfd22f,2019-06-16 11:33:44 AM EDT,2019-06-16,2019-06-16 17:33:44 +0200,Eastern Time (US & Canada),1870652,haoboguo,Hao-Bo Guo,2019-06-16 17:34:10 +0200,2019-06-26 02:39:14 +0200,research,,https://www.inaturalist.org/observations/27091634,https://static.inaturalist.org/photos/42131629/medium.jpeg,,"",,1,0,false,2,"1400 Pattern Road, Lookout MT., GA 30750, Lookout Mountain, GA 30750, United States",34.97333218,-85.3497851,5,,,,5,,,false,,,great rhododendron,Rhododendron maximum,great rhododendron,Plantae,83059
27129077,7e1c0398-a4f4-4482-b654-54b96bd1fc14,Sat Jun 15 2019 16:03:03 GMT-0400 (EDT),2019-06-15,2019-06-15 22:03:03 +0200,Eastern Time (US & Canada),1878861,laurenvaccaro,Lauren Vaccaro,2019-06-17 03:35:25 +0200,2019-06-26 02:39:06 +0200,research,,https://www.inaturalist.org/observations/27129077,https://static.inaturalist.org/photos/42177088/medium.jpg,,"",,1,0,false,3,"White County, US-GA, US",34.7019869322,-83.7919278257,30,,,,30,,,false,,,great rhododendron,Rhododendron maximum,great rhododendron,Plantae,83059
27148425,f5403954-4da9-4a8b-a6e2-0f522863a58a,2019-06-17 8:31:46 AM EDT,2019-06-17,2019-06-17 14:31:46 +0200,Eastern Time (US & Canada),1506782,carlingkirk,Carling Kirk,2019-06-17 14:43:33 +0200,2019-06-26 02:39:04 +0200,research,,https://www.inaturalist.org/observations/27148425,https://static.inaturalist.org/photos/42210443/medium.jpeg,,"",,1,0,false,2,"Roswell, GA 30075, USA",34.0230903625,-84.3363342285,,,,,,,,false,gps,gps,great rhododendron,Rhododendron maximum,great rhododendron,Plantae,83059
27238631,db8de1dc-63c7-4e04-82ea-659df82b0f8e,Tue Jun 18 2019 19:11:03 GMT-0400 (EDT),2019-06-18,2019-06-19 01:11:03 +0200,Eastern Time (US & Canada),1890075,retire2019,,2019-06-19 01:11:24 +0200,2019-06-26 02:34:13 +0200,research,CC-BY-NC,https://www.inaturalist.org/observations/27238631,https://inaturalist-open-data.s3.amazonaws.com/photos/42359462/medium.jpg,,"",,1,0,false,3,"Chattahoochee National Forest, Cherry Log, GA, US",34.7872445081,-84.409164805,10,,,,10,,,false,,,great rhododendron,Rhododendron maximum,great rhododendron,Plantae,83059
27447663,8be740a5-898e-46d8-9c09-bf6801f578a8,Sat Jun 22 2019 14:00:56 GMT-0400 (EDT),2019-06-22,2019-06-22 20:00:56 +0200,Eastern Time (US & Canada),1561582,ronbuening,,2019-06-22 20:01:02 +0200,2022-12-15 22:08:50 +0100,needs_id,CC-BY-NC,https://www.inaturalist.org/observations/27447663,https://inaturalist-open-data.s3.amazonaws.com/photos/42707664/medium.jpg,,"",,0,0,false,3,"Chattahoochee National Forest, Blairsville, GA, US",34.8671846046,-83.9744109102,5,,,,5,,open,false,,,,Rhododendron maximum,great rhododendron,Plantae,83059
27447902,c3de4411-8921-4952-909e-084b7469dabe,Sat Jun 22 2019 14:05:21 GMT-0400 (EDT),2019-06-22,2019-06-22 20:05:21 +0200,Eastern Time (US & Canada),1561582,ronbuening,,2019-06-22 20:05:24 +0200,2019-07-12 00:49:36 +0200,research,CC-BY-NC,https://www.inaturalist.org/observations/27447902,https://inaturalist-open-data.s3.amazonaws.com/photos/42707987/medium.jpg,,"",,2,0,false,3,"Chattahoochee National Forest, Blairsville, GA, US",34.8658112716,-83.9752476756,30,,,,30,,,false,,,great rhododendron,Rhododendron maximum,great rhododendron,Plantae,83059
27494988,4486350d-f0f6-457c-bbbe-69379995bdb0,Fri Jun 21 2019 10:01:20 GMT-0400 (EDT),2019-06-21,2019-06-21 16:01:20 +0200,Eastern Time (US & Canada),1293165,richadair,,2019-06-23 14:04:39 +0200,2019-06-23 23:46:21 +0200,research,,https://www.inaturalist.org/observations/27494988,https://static.inaturalist.org/photos/42787174/medium.jpg,,"",,1,0,false,3,"Union County, US-GA, US",34.75368509,-83.8949491281,395,,,,395,,,false,,,great rhododendron,Rhododendron maximum,great rhododendron,Plantae,83059
27517476,56b337ad-1c7b-458c-9030-d31f860329c2,Sun Jun 09 2019 11:07:57 GMT-0400 (EDT),2019-06-09,2019-06-09 17:07:57 +0200,Eastern Time (US & Canada),1528928,daddylongleggs,,2019-06-23 20:16:52 +0200,2019-06-26 02:32:47 +0200,research,CC-BY-NC,https://www.inaturalist.org/observations/27517476,https://inaturalist-open-data.s3.amazonaws.com/photos/42822641/medium.jpg,,"",,1,0,false,3,"127–399 Camp Adahi Rd, Menlo, GA, US",34.62977,-85.48102,5,,,,5,,,false,,,great rhododendron,Rhododendron maximum,great rhododendron,Plantae,83059
27531152,a724afb3-572d-4b97-91e0-5e8e1299dc9b,Sun Jun 23 2019 13:10:23 GMT-0400 (EDT),2019-06-23,2019-06-23 19:10:23 +0200,Eastern Time (US & Canada),738329,h2omaiden,,2019-06-23 23:50:45 +0200,2019-06-26 02:32:38 +0200,research,,https://www.inaturalist.org/observations/27531152,https://static.inaturalist.org/photos/42844958/medium.jpg,,"",,1,0,false,3,"Black Rock Mountain, Clayton, GA, US",34.9200033333,-83.41172,5,,,,5,,,false,,,great rhododendron,Rhododendron maximum,great rhododendron,Plantae,83059
27544847,1d49e856-7f5e-46aa-8d91-3108c9bfd642,Fri Jun 21 2019 07:58:43 GMT-0400 (EDT),2019-06-21,2019-06-21 13:58:43 +0200,Eastern Time (US & Canada),1908220,jennifer1179,Jennifer Gantt,2019-06-24 03:37:02 +0200,2019-06-26 02:32:09 +0200,research,,https://www.inaturalist.org/observations/27544847,https://static.inaturalist.org/photos/42868888/medium.jpg,,"",,1,0,false,3,"Chattahoochee National Forest, Clarkesville, GA, US",34.795345,-83.567795,10,,,,10,,,false,,,great rhododendron,Rhododendron maximum,great rhododendron,Plantae,83059
27692841,d4c41444-454d-40a0-b197-eaa63ace4d16,2019-06-26 9:45:35 AM EDT,2019-06-26,2019-06-26 15:45:35 +0200,Eastern Time (US & Canada),1795096,alecwillard,Alec Willard,2019-06-26 15:58:13 +0200,2019-06-29 03:50:08 +0200,research,,https://www.inaturalist.org/observations/27692841,https://static.inaturalist.org/photos/43115553/medium.jpeg,,"",,1,0,false,2,"Helen, GA 30545, USA",34.7051887512,-83.7883529663,,,,,,,,false,gps,gps,great rhododendron,Rhododendron maximum,great rhododendron,Plantae,83059
27791620,f607e8bd-a59a-42f3-bb27-151f5b6499b1,Wed Jun 26 2019 16:18:34 GMT-0400 (EDT),2019-06-26,2019-06-26 22:18:34 +0200,Eastern Time (US & Canada),1879021,lmnhutch,,2019-06-28 04:37:45 +0200,2019-06-29 03:46:32 +0200,research,CC-BY-NC,https://www.inaturalist.org/observations/27791620,https://inaturalist-open-data.s3.amazonaws.com/photos/43278676/medium.jpg,,"",,1,0,false,3,"Chattahoochee National Forest, Cleveland, GA, US",34.7178166667,-83.8084866667,64,,,,64,,,false,,,great rhododendron,Rhododendron maximum,great rhododendron,Plantae,83059
27832291,0cbc1d15-dfb6-4952-85f4-48142bf32fbb,2019/06/18 10:22 AM EDT,2019-06-18,2019-06-18 16:22:00 +0200,Eastern Time (US & Canada),1021956,sueque88,"",2019-06-28 22:59:33 +0200,2019-06-29 03:45:41 +0200,research,CC-BY-NC,https://www.inaturalist.org/observations/27832291,https://inaturalist-open-data.s3.amazonaws.com/photos/43345140/medium.jpg,,"",,1,0,false,,"Dukes Creek Falls, Georgia 30528, USA",34.7020386,-83.7912924,1783,,,,1783,,,false,,,great rhododendron,Rhododendron maximum,great rhododendron,Plantae,83059
27863369,fda0c7e8-a061-4ab9-a3d3-2c9e60e8d4c4,Wed Jun 26 2019 10:52:30 GMT-0400 (EDT),2019-06-26,2019-06-26 16:52:30 +0200,Eastern Time (US & Canada),1800406,scotteric1,,2019-06-29 14:46:42 +0200,2019-07-12 00:50:30 +0200,research,CC-BY-NC,https://www.inaturalist.org/observations/27863369,https://inaturalist-open-data.s3.amazonaws.com/photos/43396333/medium.jpg,,"",,1,0,false,3,"Chattahoochee National Forest, Blue Ridge, GA, US",34.7621205905,-84.2475457512,68253,,,,68253,,,false,,,great rhododendron,Rhododendron maximum,great rhododendron,Plantae,83059
28070706,62f9dd85-c67c-4b81-aba8-2eed133443be,Tue Jul 02 2019 14:09:15 GMT-0400 (EDT),2019-07-02,2019-07-02 20:09:15 +0200,Eastern Time (US & Canada),1106106,electricbloodwarmer,,2019-07-02 20:10:47 +0200,2019-07-12 00:48:02 +0200,research,,https://www.inaturalist.org/observations/28070706,https://static.inaturalist.org/photos/43731854/medium.jpg,,"","",1,0,false,3,"Black Rock Mountain, Rabun Gap, GA, US",34.9214094412,-83.4114757554,10,,,,10,,,false,,,great rhododendron,Rhododendron maximum,great rhododendron,Plantae,83059
28196063,3b80af72-a826-44ea-a9ee-25cef84c07ec,Thu Jul 04 2019 16:39:11 GMT-0400 (EDT),2019-07-04,2019-07-04 22:39:11 +0200,Eastern Time (US & Canada),50078,cindylcobb5,Cindy Larson Cobb,2019-07-04 23:13:25 +0200,2019-07-05 15:39:10 +0200,research,,https://www.inaturalist.org/observations/28196063,https://static.inaturalist.org/photos/43937835/medium.jpg,,"",,1,0,false,3,"Chattahoochee National Forest, Ellijay, GA, US",34.6497633333,-84.2622216667,10,,,,10,,,false,,,great rhododendron,Rhododendron maximum,great rhododendron,Plantae,83059
28683040,e04777f9-e673-48f8-b2af-449d0d9b888b,2019-07-12 1:48:13 PM EDT,2019-07-12,2019-07-12 19:48:13 +0200,Eastern Time (US & Canada),391252,bbeck,Bethany Beck,2019-07-12 19:56:11 +0200,2019-07-15 03:17:51 +0200,research,,https://www.inaturalist.org/observations/28683040,https://static.inaturalist.org/photos/44728385/medium.jpeg,,"",,1,0,false,2,"Helen, GA 30545, USA",34.6919708252,-83.7683639526,,,,,,,,false,gps,gps,great rhododendron,Rhododendron maximum,great rhododendron,Plantae,83059
28741641,02bdbc11-7c01-40eb-80a2-ad498dea147a,Sat Jul 13 2019 12:37:27 GMT-0400 (EDT),2019-07-13,2019-07-13 18:37:27 +0200,Eastern Time (US & Canada),1956507,telemere,,2019-07-13 19:22:37 +0200,2020-03-18 07:38:40 +0100,research,CC-BY-NC,https://www.inaturalist.org/observations/28741641,https://inaturalist-open-data.s3.amazonaws.com/photos/44860742/medium.jpg,,"",,2,0,false,3,"Union County, US-GA, US",34.7536629578,-83.8952023444,10,,,,10,,,false,,,great rhododendron,Rhododendron maximum,great rhododendron,Plantae,83059
28748950,abd1268d-c12a-4430-a703-179adc0b7c88,Sat Jul 13 2019 14:50:43 GMT-0400 (EDT),2019-07-13,2019-07-13 20:50:43 +0200,Eastern Time (US & Canada),716305,themoonapond,,2019-07-13 21:16:26 +0200,2019-07-15 03:17:01 +0200,research,,https://www.inaturalist.org/observations/28748950,https://static.inaturalist.org/photos/44834193/medium.jpg,,"",,1,0,false,3,"Chattahoochee National Forest, Helen, GA, US",34.7124027308,-83.7939362497,192,,,,192,,,false,,,great rhododendron,Rhododendron maximum,great rhododendron,Plantae,83059
29551304,a7f44f4d-fa23-45d7-a8dc-3426e7e061a7,Thu Jul 25 2019 19:56:36 GMT-0400 (EDT),2019-07-25,2019-07-26 01:56:36 +0200,Eastern Time (US & Canada),1798075,mitcham,Mitcham Margot,2019-07-26 04:22:46 +0200,2019-10-28 21:05:28 +0100,research,,https://www.inaturalist.org/observations/29551304,https://static.inaturalist.org/photos/46125430/medium.jpg,,"",,1,0,false,3,"Black Rock Mountain, Rabun Gap, GA, US",34.9214383333,-83.4108416667,10,,,,10,,,false,,,great rhododendron,Rhododendron maximum,great rhododendron,Plantae,83059
29670268,9ef07607-cb68-4457-9c1a-f13b98b9c1a9,Fri Jul 26 2019 10:20:06 GMT-0400 (EDT),2019-07-26,2019-07-26 16:20:06 +0200,Eastern Time (US & Canada),1537411,jlittl74,,2019-07-28 00:55:24 +0200,2019-10-28 21:05:23 +0100,research,CC-BY-NC,https://www.inaturalist.org/observations/29670268,https://inaturalist-open-data.s3.amazonaws.com/photos/46315403/medium.jpg,,"",,1,0,false,3,"Chattahoochee National Forest, Helen, GA, US",34.71088,-83.7942366667,10,,,,10,,,false,,,great rhododendron,Rhododendron maximum,great rhododendron,Plantae,83059
29938233,b1ac11c4-d4bf-4d78-9923-b90b8c4555f9,2019-07-15 12:34:45 PM AST,2019-07-15,2019-07-15 14:34:45 +0200,UTC,2076299,markhamb,,2019-07-31 22:32:45 +0200,2019-10-28 21:05:10 +0100,research,CC-BY-NC,https://www.inaturalist.org/observations/29938233,https://inaturalist-open-data.s3.amazonaws.com/photos/46750421/medium.jpeg,,"",Swinging bridge GA,2,0,false,2,"Fannin County, US-GA, US",34.7367558,-84.16664173,9,,,,9,,,false,,,great rhododendron,Rhododendron maximum,great rhododendron,Plantae,83059
30537472,7c8450e4-14a8-48c6-8c46-f611c693a64e,Sat Aug 10 2019 09:50:32 GMT-0400 (EDT),2019-08-10,2019-08-10 15:50:32 +0200,Eastern Time (US & Canada),2111493,kn28,,2019-08-10 15:51:12 +0200,2019-08-10 15:51:20 +0200,needs_id,CC-BY-NC,https://www.inaturalist.org/observations/30537472,https://inaturalist-open-data.s3.amazonaws.com/photos/47714873/medium.jpg,,"",,0,0,false,3,"1431–1475 McConnell Dr, Decatur, GA, US",33.8055513148,-84.3050919101,5,,,,5,,,false,,,,Rhododendron maximum,great rhododendron,Plantae,83059
30537501,774e8d00-3b08-4910-a74b-ba4a5a4f414e,Sat Aug 10 2019 09:51:13 GMT-0400 (EDT),2019-08-10,2019-08-10 15:51:13 +0200,Eastern Time (US & Canada),2113198,patsystyles,,2019-08-10 15:51:57 +0200,2019-08-10 16:49:41 +0200,needs_id,CC-BY-NC,https://www.inaturalist.org/observations/30537501,https://inaturalist-open-data.s3.amazonaws.com/photos/47714923/medium.jpg,,"",,0,0,false,3,"1431–1475 McConnell Dr, Decatur, GA, US",33.8055226067,-84.305046564,5,,,,5,,,false,,,great rhododendron,Rhododendron maximum,great rhododendron,Plantae,83059
31876668,8e737ec8-d66b-45c6-b7ab-0facedd0c46b,Sat Aug 31 2019 13:25:59 GMT-0400 (EDT),2019-08-31,2019-08-31 19:25:59 +0200,Eastern Time (US & Canada),1965281,garretganders,"",2019-08-31 23:52:18 +0200,2024-08-09 08:49:08 +0200,research,CC-BY-NC,https://www.inaturalist.org/observations/31876668,https://inaturalist-open-data.s3.amazonaws.com/photos/49936572/medium.jpg,,"","",1,0,false,3,"Georgia, US",34.7088444005,-83.3837526151,19119,,,,28790,obscured,open,true,,,great rhododendron,Rhododendron maximum,great rhododendron,Plantae,83059
31914935,833f0e95-d527-461f-b517-fd24dd5bbdbf,2019-08-30 4:16:03 PM EDT,2019-08-30,2019-08-30 22:16:03 +0200,Eastern Time (US & Canada),1461738,carlos571,Carlos Antonio Rodríguez,2019-09-01 16:21:42 +0200,2022-12-15 20:38:49 +0100,research,,https://www.inaturalist.org/observations/31914935,https://static.inaturalist.org/photos/50002408/medium.jpeg,,"",,1,0,false,2,"Blairsville, GA 30512, USA",34.7517356873,-83.9389266968,,,,,,,open,false,gps,gps,great rhododendron,Rhododendron maximum,great rhododendron,Plantae,83059
31989644,13d36105-7a70-45ad-a1f1-6ea546d34634,Sat Aug 31 2019 18:36:42 GMT-0400 (EDT),2019-08-31,2019-09-01 00:36:42 +0200,Eastern Time (US & Canada),2159969,arose0808,,2019-09-02 18:04:32 +0200,2022-12-15 20:33:57 +0100,research,CC-BY-NC,https://www.inaturalist.org/observations/31989644,https://inaturalist-open-data.s3.amazonaws.com/photos/50126287/medium.jpg,,"",,1,0,false,3,"Chattahoochee-Oconee National Forests, Clayton, GA, US",34.9741466667,-83.1165,10,,,,10,,open,false,,,great rhododendron,Rhododendron maximum,great rhododendron,Plantae,83059
32766669,c0e1f1aa-3c7e-42d6-90e5-3b8acd7138d0,2019-09-15,2019-09-15,,Eastern Time (US & Canada),1895790,wthompson23,W. Thompson,2019-09-15 17:13:14 +0200,2019-10-28 21:04:01 +0100,research,CC-BY-NC,https://www.inaturalist.org/observations/32766669,https://inaturalist-open-data.s3.amazonaws.com/photos/51459689/medium.jpg,,"",,1,0,false,333,Blue Ridge,34.7914815991,-84.2730098154,,,,,,,,false,,,great rhododendron,Rhododendron maximum,great rhododendron,Plantae,83059
33028040,58188377-9a3e-43c6-bbb4-92c45230258d,Thu Sep 19 2019 16:16:30 GMT-0400 (EDT),2019-09-19,2019-09-19 22:16:30 +0200,Eastern Time (US & Canada),2280817,dan518,Dan Harding,2019-09-19 22:17:32 +0200,2019-10-28 21:03:46 +0100,research,,https://www.inaturalist.org/observations/33028040,https://static.inaturalist.org/photos/51840693/medium.jpg,,"",,1,0,false,3,"Lula Lake Rd, Lookout Mountain, GA, US",34.9335136637,-85.371014597,5,,,,5,,,false,,,great rhododendron,Rhododendron maximum,great rhododendron,Plantae,83059
33058884,ebf551cc-c9e5-42f8-ac74-c714d79c68ff,Thu Sep 19 2019 15:54:23 GMT-0400 (EDT),2019-09-19,2019-09-19 21:54:23 +0200,Eastern Time (US & Canada),2272405,grams3003,,2019-09-20 14:13:46 +0200,2019-09-20 14:13:59 +0200,needs_id,CC-BY-NC,https://www.inaturalist.org/observations/33058884,https://inaturalist-open-data.s3.amazonaws.com/photos/51892702/medium.jpg,,"",,0,0,false,3,"Lookout Mountain, GA, US",34.9300116667,-85.3763883333,9,,,,9,,,false,,,,Rhododendron maximum,great rhododendron,Plantae,83059
34209434,1722d628-be28-49f2-b10f-9c716cbf7d91,2019/10/11 10:44 AM EDT,2019-10-11,2019-10-11 16:44:00 +0200,Eastern Time (US & Canada),226045,joshuadoby,Joshua Doby,2019-10-11 19:00:45 +0200,2022-06-11 19:39:03 +0200,research,CC-BY-NC,https://www.inaturalist.org/observations/34209434,https://inaturalist-open-data.s3.amazonaws.com/photos/53811067/medium.jpg,,"",,1,0,false,,"Tallulah Falls, GA, USA",34.7384777778,-83.3914305556,,,,,,,,false,,,great rhododendron,Rhododendron maximum,great rhododendron,Plantae,83059
34870570,53d238b3-9c0b-4c70-a5c4-e20099e8a9e5,2019-07-10,2019-07-10,,UTC,2394078,dawnsnow,,2019-10-25 16:07:47 +0200,2019-10-28 21:02:51 +0100,research,,https://www.inaturalist.org/observations/34870570,https://inaturalist-open-data.s3.amazonaws.com/photos/54936118/medium.jpeg,,"",,1,0,false,333,Hiawassee,34.870645,-83.81017,,,,,,,,false,,,great rhododendron,Rhododendron maximum,great rhododendron,Plantae,83059
35503699,8046126b-ef8b-4e8d-ae2c-9c0585080565,Sat Nov 09 2019 14:46:02 GMT-0500 (EST),2019-11-09,2019-11-09 20:46:02 +0100,Eastern Time (US & Canada),792577,gracieknight,Gracie Knight,2019-11-09 22:51:59 +0100,2019-11-17 16:47:47 +0100,needs_id,CC-BY-NC,https://www.inaturalist.org/observations/35503699,https://inaturalist-open-data.s3.amazonaws.com/photos/55991055/medium.jpg,,"",,0,0,false,3,"Cloudland Canyon State Park, Rising Fawn, GA, US",34.8322033333,-85.48433,,,,,,,,false,,,,Rhododendron maximum,great rhododendron,Plantae,83059
36166900,6b546673-e788-418d-b143-122bc304897e,Thu Nov 28 2019 14:31:37 GMT-0500 (EST),2019-11-28,2019-11-28 20:31:37 +0100,Eastern Time (US & Canada),856994,marktancig,"",2019-11-28 20:32:46 +0100,2019-11-28 20:36:06 +0100,needs_id,CC-BY-NC,https://www.inaturalist.org/observations/36166900,https://inaturalist-open-data.s3.amazonaws.com/photos/57137810/medium.jpg,,"",,0,0,false,3,"Spindrift Ct, Ellijay, GA, US",34.675385328,-84.5058421791,10,,,,10,,,false,,,,Rhododendron maximum,great rhododendron,Plantae,83059
36379189,8be04689-56a8-4f7a-80d7-05b74e76d4b6,Wed Dec 04 2019 11:49:30 GMT-0500 (EST),2019-12-04,2019-12-04 17:49:30 +0100,Eastern Time (US & Canada),1264003,camcamcam,,2019-12-05 16:32:37 +0100,2019-12-05 16:32:47 +0100,needs_id,,https://www.inaturalist.org/observations/36379189,https://static.inaturalist.org/photos/57500481/medium.jpg,,"",,0,0,false,3,"Lake Ave NE, Atlanta, GA, US",33.75818833,-84.36218833,25,,,,25,,,false,,,,Rhododendron maximum,great rhododendron,Plantae,83059
36766796,2209458a-dd86-4e4a-b2cb-b623ac4731e2,Wed Dec 18 2019 21:13:25 GMT-0500 (EST),2019-12-18,2019-12-19 03:13:25 +0100,Eastern Time (US & Canada),1467548,gray_the_scientist,Graydon W. Prosser - Hidalgo,2019-12-19 03:24:40 +0100,2019-12-29 15:58:06 +0100,needs_id,,https://www.inaturalist.org/observations/36766796,https://static.inaturalist.org/photos/58171284/medium.jpg,,"",,1,0,false,3,"Chattahoochee-Oconee National Forests, Tallulah Falls, GA, US",34.738997596,-83.3879512533,127,,,,127,,,false,,,great rhododendron,Rhododendron maximum,great rhododendron,Plantae,83059
36816287,29c0c10e-27ab-4339-8aa8-3bdaafbd6a1b,2019-12-20 2:58:49 PM EST,2019-12-20,2019-12-20 20:58:49 +0100,Eastern Time (US & Canada),607689,ilex_ghost,"",2019-12-21 05:52:51 +0100,2022-12-15 20:58:38 +0100,research,CC-BY-NC,https://www.inaturalist.org/observations/36816287,https://inaturalist-open-data.s3.amazonaws.com/photos/58260221/medium.jpeg,,"",,1,0,false,2,Blairsville,34.8761988998,-83.9582410455,2813,,,,2813,,open,false,gps,gps,great rhododendron,Rhododendron maximum,great rhododendron,Plantae,83059
36920186,b885e450-c022-431c-a466-885aedb32825,2019-12-24 12:58:04 PM EST,2019-12-24,2019-12-24 18:58:04 +0100,Eastern Time (US & Canada),2218561,trevoraltman17,Trevor Altman,2019-12-24 20:14:15 +0100,2020-01-04 02:55:07 +0100,research,,https://www.inaturalist.org/observations/36920186,https://static.inaturalist.org/photos/58439731/medium.jpeg,,"",,1,0,false,2,"White County, US-GA, US",34.6929893494,-83.711479187,,,,,,,,false,gps,gps,great rhododendron,Rhododendron maximum,great rhododendron,Plantae,83059
36950337,1d87fbda-fc3d-4ed6-a950-24b6c9ff2fc5,Wed Dec 25 2019 16:00:50 GMT-0500 (EST),2019-12-25,2019-12-25 22:00:50 +0100,Eastern Time (US & Canada),1287869,pbazen93,,2019-12-25 23:43:12 +0100,2025-06-24 19:18:20 +0200,needs_id,,https://www.inaturalist.org/observations/36950337,https://static.inaturalist.org/photos/58499988/medium.jpg,,"",,1,0,false,3,"Chattahoochee-Oconee National Forests, Ellijay, GA, US",34.82161333,-84.56648333,33,,,,33,,open,false,,,great rhododendron,Rhododendron maximum,great rhododendron,Plantae,83059
37032587,f9698387-95c6-46c1-8644-d5f9d46fe90e,Sat Jun 15 2019 18:45:52 GMT-0400 (EDT),2019-06-15,2019-06-16 00:45:52 +0200,Eastern Time (US & Canada),1277235,erikm67,"",2019-12-28 17:28:19 +0100,2020-01-07 20:03:23 +0100,research,,https://www.inaturalist.org/observations/37032587,https://static.inaturalist.org/photos/58640209/medium.jpg,,"",,1,0,false,3,"Fannin County, US-GA, US",34.9707996455,-84.5777890466,10,,,,10,,,false,,,great rhododendron,Rhododendron maximum,great rhododendron,Plantae,83059
37035589,d7c070eb-bcbc-4dfa-b897-5d6ca71e4ddb,Sat Dec 28 2019 13:03:46 GMT-0500 (EST),2019-12-28,2019-12-28 19:03:46 +0100,Eastern Time (US & Canada),1277235,erikm67,"",2019-12-28 19:04:29 +0100,2020-01-07 19:58:59 +0100,research,,https://www.inaturalist.org/observations/37035589,https://static.inaturalist.org/photos/58645260/medium.jpg,,"",,1,0,false,3,"Amicalola Falls State Park, Dawsonville, GA, US",34.5713560579,-84.2416656017,43,,,,43,,,false,,,great rhododendron,Rhododendron maximum,great rhododendron,Plantae,83059
37290600,e23cc411-c8bc-4890-9b22-b5706eca21c4,2017-07-02,2017-07-02,,Eastern Time (US & Canada),53500,corynactis,Alex Lee,2020-01-05 05:40:50 +0100,2022-07-05 20:09:36 +0200,research,CC-BY-NC,https://www.inaturalist.org/observations/37290600,https://inaturalist-open-data.s3.amazonaws.com/photos/59089956/medium.jpeg,,"",,1,0,false,333,Clayton,34.9073033333,-83.4095616667,,,,,,,open,false,,,great rhododendron,Rhododendron maximum,great rhododendron,Plantae,83059
37761612,d7985587-455d-4433-b234-97d5bacd234c,Sun Jan 19 2020 17:22:38 GMT-0500 (EST),2020-01-19,2020-01-19 23:22:38 +0100,Eastern Time (US & Canada),1163555,j_albright,,2020-01-20 00:39:55 +0100,2020-01-20 00:41:10 +0100,needs_id,,https://www.inaturalist.org/observations/37761612,https://static.inaturalist.org/photos/59928410/medium.jpg,,"",,0,0,false,3,"Vogel State Park, Blairsville, GA, US",34.76786167,-83.91897,5,,,,5,,,false,,,,Rhododendron maximum,great rhododendron,Plantae,83059
38182402,3a1bad8b-c91a-48e4-831d-57b9400ab25f,2020-02-01 10:34:34 AM EST,2020-02-01,2020-02-01 16:34:34 +0100,Eastern Time (US & Canada),1506782,carlingkirk,Carling Kirk,2020-02-01 16:35:40 +0100,2022-12-13 00:01:34 +0100,research,,https://www.inaturalist.org/observations/38182402,https://static.inaturalist.org/photos/60646713/medium.jpeg,,"",,1,0,false,2,"Brookfield Country Club, Roswell, GA 30075, USA",34.0775523,-84.3937905,899,,,,899,,open,false,,,great rhododendron,Rhododendron maximum,great rhododendron,Plantae,83059
38520434,c8dba2a0-9f76-45a2-9613-b7756046cb95,2020-02-08 3:00:51 PM EST,2020-02-08,2020-02-08 21:00:51 +0100,Eastern Time (US & Canada),703773,lincolndurey,Lincoln Durey,2020-02-11 00:29:41 +0100,2023-02-23 16:10:23 +0100,needs_id,CC-BY,https://www.inaturalist.org/observations/38520434,https://static.inaturalist.org/photos/61232785/medium.jpeg,,"","Hike up Blood Mountain on the AT. 
Trailhead at 3000'",0,0,false,2,"Blairsville, GA 30512, USA",34.7415171735,-83.9227664843,14,,,,14,,,false,gps,gps,great rhododendron,Rhododendron maximum,great rhododendron,Plantae,83059
38684415,e2ef2b08-120c-4958-bafe-ab240b7a9a50,2020-02-15 2:40:16 PM EST,2020-02-15,2020-02-15 20:40:16 +0100,Eastern Time (US & Canada),413548,northganaturalist,"",2020-02-15 22:46:23 +0100,2025-06-24 19:18:03 +0200,research,CC-BY-NC,https://www.inaturalist.org/observations/38684415,https://inaturalist-open-data.s3.amazonaws.com/photos/61518303/medium.jpeg,,"",,1,0,false,2,"Chatsworth, GA 30705, USA",34.8019569602,-84.6258103475,17,,,,17,,open,false,gps,gps,great rhododendron,Rhododendron maximum,great rhododendron,Plantae,83059
39204279,ec6a4c45-c29c-4caf-a021-1f9c2cdaed21,Wed Feb 19 2020 11:21:17 GMT-0500 (EST),2020-02-19,2020-02-19 17:21:17 +0100,Eastern Time (US & Canada),2381056,goatnotes,Jonathan Tales,2020-02-25 14:07:52 +0100,2023-03-24 00:48:54 +0100,research,CC-BY-NC,https://www.inaturalist.org/observations/39204279,https://inaturalist-open-data.s3.amazonaws.com/photos/62165890/medium.jpg,,"",,1,0,false,3,"Chattahoochee-Oconee National Forests, Blue Ridge, GA, US",34.6267666667,-84.1937166667,,,,,,,open,false,,,great rhododendron,Rhododendron maximum,great rhododendron,Plantae,83059
39763740,35992a32-dcda-4ebf-9115-d245f1c04a4e,Mon Mar 09 2020 12:03:11 GMT-0400 (EDT),2020-03-09,2020-03-09 17:03:11 +0100,Eastern Time (US & Canada),1174034,natev,Nate Venarske,2020-03-09 20:04:00 +0100,2020-03-10 00:31:14 +0100,needs_id,CC-BY-NC,https://www.inaturalist.org/observations/39763740,https://inaturalist-open-data.s3.amazonaws.com/photos/63119520/medium.jpg,,"",,1,0,false,3,"Gilmer County, US-GA, US",34.7857467148,-84.3054041549,4,,,,4,,,false,,,great rhododendron,Rhododendron maximum,great rhododendron,Plantae,83059
39982383,0053076d-46f1-4341-84b1-19488e3e5374,Sat Mar 14 2020 15:09:39 GMT-0400 (EDT),2020-03-14,2020-03-14 20:09:39 +0100,Eastern Time (US & Canada),1928602,saracp,Sara Clarich-Page,2020-03-14 20:12:26 +0100,2020-03-14 20:12:33 +0100,needs_id,,https://www.inaturalist.org/observations/39982383,https://static.inaturalist.org/photos/63490729/medium.jpg,,"",,0,0,false,3,"Gibbs Gardens, Ball Ground, GA, US",34.3752929522,-84.2778193765,5,,,,5,,,false,,,,Rhododendron maximum,great rhododendron,Plantae,83059
43906519,4a5ba42c-8b10-49d4-b4ee-5a7ffaae2a0b,Mon Apr 27 2020 09:10:40 GMT-0400 (EDT),2020-04-27,2020-04-27 15:10:40 +0200,Eastern Time (US & Canada),10967,running_naturalist,Eli Dickerson,2020-04-27 17:20:33 +0200,2020-04-30 20:30:46 +0200,research,CC-BY-NC,https://www.inaturalist.org/observations/43906519,https://inaturalist-open-data.s3.amazonaws.com/photos/69628363/medium.jpg,,"",,1,0,false,3,"Clifton Rd NE, Atlanta, GA, US",33.7787283333,-84.3250666667,,,,,,,,false,,,great rhododendron,Rhododendron maximum,great rhododendron,Plantae,83059
44429263,0ddffe0f-ab38-442f-b94b-c6415a50dd42,2020-04-30 7:40:57 PM EDT,2020-04-30,2020-05-01 01:40:57 +0200,Eastern Time (US & Canada),1110667,botanylicious,Sarah Kelsey,2020-05-01 03:01:15 +0200,2020-05-01 04:33:57 +0200,needs_id,CC-BY-NC-SA,https://www.inaturalist.org/observations/44429263,https://inaturalist-open-data.s3.amazonaws.com/photos/70442932/medium.jpeg,,"","It is a very large large plant growing on the side of a hill, like a hill itself.",0,0,false,2,"Morrow, GA 30260, USA",33.599004,-84.3490929722,,,,,,,,false,gps,gps,great rhododendron,Rhododendron maximum,great rhododendron,Plantae,83059
45877430,d4fb7484-f042-425c-a2e9-d84872132db5,2020-05-14 11:36:25 AM EDT,2020-05-14,2020-05-14 17:36:25 +0200,Eastern Time (US & Canada),1165541,jon152,Jon Carpenter,2020-05-14 17:37:04 +0200,2020-05-14 17:38:07 +0200,needs_id,,https://www.inaturalist.org/observations/45877430,https://static.inaturalist.org/photos/72763079/medium.jpeg,,"",,0,0,false,2,"Roswell, GA 30075, USA",34.06613425,-84.40547093,13,,,,13,,,false,,,great rhododendron,Rhododendron maximum,great rhododendron,Plantae,83059
45923488,c8db3107-809c-4a92-8ad8-6e6b08835c3f,Thu May 14 2020 19:03:27 GMT-0400 (EDT),2020-05-14,2020-05-15 01:03:27 +0200,Eastern Time (US & Canada),2768574,jpkarlsberg,Jesse P. Karlsberg,2020-05-15 01:28:22 +0200,2026-08-06 17:49:17 +0200,research,CC-BY-NC,https://www.inaturalist.org/observations/45923488,https://inaturalist-open-data.s3.amazonaws.com/photos/72834437/medium.jpg,,"",,1,0,false,3,"Emory University, Decatur, GA, US",33.79578,-84.31823,10,,,,10,,,false,,,great rhododendron,Rhododendron maximum,great rhododendron,Plantae,83059
45936954,27c9d6f4-4364-4dd1-8078-f5a7f9491c7a,2020-03-13 1:14:58 PM EDT,2020-03-13,2020-03-13 18:14:58 +0100,Eastern Time (US & Canada),1027199,aschat,Amber,2020-05-15 04:08:20 +0200,2022-12-13 00:13:33 +0100,research,CC-BY-NC,https://www.inaturalist.org/observations/45936954,https://inaturalist-open-data.s3.amazonaws.com/photos/72856816/medium.jpeg,,"",,1,0,false,2,"Tallulah Falls, GA, USA",34.7379294448,-83.3902192488,63,,,,63,,open,false,gps,gps,great rhododendron,Rhododendron maximum,great rhododendron,Plantae,83059
45988824,070b9f4e-35bf-45a1-bf90-bd2eeff8ee29,2020-05-10 2:17:19 PM EDT,2020-05-10,2020-05-10 20:17:19 +0200,Eastern Time (US & Canada),607689,ilex_ghost,"",2020-05-15 19:24:28 +0200,2020-05-15 19:24:37 +0200,needs_id,CC-BY-NC,https://www.inaturalist.org/observations/45988824,https://inaturalist-open-data.s3.amazonaws.com/photos/72939863/medium.jpeg,,"",,0,0,false,2,Carters Lake,34.6101104422,-84.6505282447,11252,,,,11252,,,false,gps,gps,great rhododendron,Rhododendron maximum,great rhododendron,Plantae,83059
46183081,3d4472c3-12b4-4a9e-a27a-bec21ebe32c2,2020-05-16 6:19:43 PM EDT,2020-05-16,2020-05-17 00:19:43 +0200,Eastern Time (US & Canada),2730446,jbbrackett,J. B. Brackett,2020-05-17 05:16:42 +0200,2020-05-17 05:16:54 +0200,needs_id,,https://www.inaturalist.org/observations/46183081,https://static.inaturalist.org/photos/73248823/medium.jpeg,,"",,0,0,false,2,"Ellijay, GA 30536, USA",34.618025,-84.3092111111,,,,,,,,false,gps,gps,great rhododendron,Rhododendron maximum,great rhododendron,Plantae,83059
47024517,adcd51cf-f161-4fa5-81da-650485e2c6e0,Sat May 23 2020 09:34:47 GMT-0400 (EDT),2020-05-23,2020-05-23 15:34:47 +0200,Eastern Time (US & Canada),507882,seatomypants,Cathleen Chadwick,2020-05-23 23:01:15 +0200,2025-07-01 05:14:33 +0200,research,CC-BY-NC,https://www.inaturalist.org/observations/47024517,https://inaturalist-open-data.s3.amazonaws.com/photos/74575041/medium.jpg,,"",,1,0,false,3,"Chattahoochee-Oconee National Forests, Sautee Nacoochee, GA, US",34.72249667,-83.677575,5,,,,5,,open,false,,,great rhododendron,Rhododendron maximum,great rhododendron,Plantae,83059
47290089,232a3d42-505d-4640-8ad2-17ff822c420c,2020-05-25 1:19:21 PM EDT,2020-05-25,2020-05-25 19:19:21 +0200,Eastern Time (US & Canada),582417,roseanne67,Roseanne Guerra,2020-05-25 19:20:13 +0200,2025-07-01 05:15:01 +0200,research,CC-BY-NC,https://www.inaturalist.org/observations/47290089,https://inaturalist-open-data.s3.amazonaws.com/photos/75000433/medium.jpeg,,"",,1,0,false,2,"Clayton, GA 30525, USA",34.8736611111,-83.3819694444,,,,,,,open,false,gps,gps,great rhododendron,Rhododendron maximum,great rhododendron,Plantae,83059
47756195,ebbf2229-27de-42e3-adea-4eea57e28b4d,Fri May 29 2020 14:03:17 GMT-0400 (EDT),2020-05-29,2020-05-29 20:03:17 +0200,Eastern Time (US & Canada),2063847,gabenajarro,Gabe Najarro,2020-05-29 20:03:48 +0200,2020-05-31 18:58:12 +0200,research,,https://www.inaturalist.org/observations/47756195,https://static.inaturalist.org/photos/75754153/medium.jpg,,"",,1,0,false,3,"Tallulah Gorge State Park, Tallulah Falls, GA, US",34.7390603346,-83.3888334683,11,,,,11,,,false,,,great rhododendron,Rhododendron maximum,great rhododendron,Plantae,83059
47883071,7a97e21f-55c1-4b93-984a-0e236fc934a9,2020-05-30 10:51:39 AM EDT,2020-05-30,2020-05-30 16:51:39 +0200,Eastern Time (US & Canada),1110667,botanylicious,Sarah Kelsey,2020-05-30 21:10:01 +0200,2026-01-04 14:32:02 +0100,research,CC-BY-NC-SA,https://www.inaturalist.org/observations/47883071,https://inaturalist-open-data.s3.amazonaws.com/photos/75955231/medium.jpeg,,"",I've been waiting for this rhododendron to bloom for months.,1,0,false,2,"Morrow, GA 30260, USA",33.5990439722,-84.349052,,,,,,,open,false,gps,gps,great rhododendron,Rhododendron maximum,great rhododendron,Plantae,83059
48161559,137b8c8b-344e-4376-a960-306c7428807f,Fri May 29 2020 12:04:46 GMT-0400 (EDT),2020-05-29,2020-05-29 18:04:46 +0200,Eastern Time (US & Canada),3092832,susancart,,2020-06-01 22:17:38 +0200,2020-06-01 22:18:00 +0200,needs_id,CC-BY-NC,https://www.inaturalist.org/observations/48161559,https://inaturalist-open-data.s3.amazonaws.com/photos/76402918/medium.jpg,,"",,0,0,false,3,"Helen, GA, US",34.69245333,-83.71215833,21,,,,21,,,false,,,,Rhododendron maximum,great rhododendron,Plantae,83059
48721710,17d8c623-5d98-47df-b3a1-08d9ca562018,2020-06-06T20:01:46-04:00,2020-06-07,2020-06-07 02:01:46 +0200,UTC,1841184,patrickpit21,,2020-06-07 02:02:12 +0200,2020-06-07 02:02:19 +0200,needs_id,,https://www.inaturalist.org/observations/48721710,https://inaturalist-open-data.s3.amazonaws.com/photos/77321565/medium.jpeg,,"",,0,0,false,333,Hiawassee,34.8253169,-83.725218,25,,,,25,,,false,,,,Rhododendron maximum,great rhododendron,Plantae,83059
48945578,38c0eaa1-d055-46b6-be65-d58292b988c2,Mon Jun 08 2020 15:50:32 GMT-0400 (EDT),2020-06-08,2020-06-08 21:50:32 +0200,Eastern Time (US & Canada),732657,sauteeknower,,2020-06-08 21:50:46 +0200,2022-07-06 00:15:14 +0200,research,,https://www.inaturalist.org/observations/48945578,https://static.inaturalist.org/photos/77682918/medium.jpg,,"",,1,0,false,3,"Chattahoochee-Oconee National Forests, Clarkesville, GA, US",34.7097399419,-83.6069639007,165,,,,165,,open,false,,,great rhododendron,Rhododendron maximum,great rhododendron,Plantae,83059
49655356,e15e4af6-3178-46ee-b6fa-69557a1a6ead,2020-06-14 3:33:30 PM EDT,2020-06-14,2020-06-14 21:33:30 +0200,Eastern Time (US & Canada),1808743,clairejarvis,Claire Jarvis,2020-06-15 01:18:48 +0200,2022-07-06 00:13:04 +0200,research,,https://www.inaturalist.org/observations/49655356,https://static.inaturalist.org/photos/78828785/medium.jpeg,,"",,1,0,false,2,"Georgia, US",34.6667458074,-83.36869896,,,,,28790,obscured,open,true,gps,gps,great rhododendron,Rhododendron maximum,great rhododendron,Plantae,83059
49788933,2885ffe3-1bc0-4ddc-93d0-06b44e0629e3,Mon Jun 15 2020 14:17:31 GMT-0400 (EDT),2020-06-15,2020-06-15 20:17:31 +0200,Eastern Time (US & Canada),584436,lacznikowy,,2020-06-16 02:46:25 +0200,2025-07-01 05:15:22 +0200,research,,https://www.inaturalist.org/observations/49788933,https://static.inaturalist.org/photos/79046566/medium.jpg,,"",,1,0,false,3,"Fort Mountain State Park, Chatsworth, GA, US",34.759645,-84.71167,7,,,,7,,open,false,,,great rhododendron,Rhododendron maximum,great rhododendron,Plantae,83059
50070381,f7f5406e-2d07-4b71-b64c-2961930020bf,Thu Jun 18 2020 13:51:50 GMT-0400 (EDT),2020-06-18,2020-06-18 19:51:50 +0200,Eastern Time (US & Canada),3146280,indichik,,2020-06-18 20:00:36 +0200,2024-09-25 18:39:39 +0200,research,CC-BY-NC,https://www.inaturalist.org/observations/50070381,https://inaturalist-open-data.s3.amazonaws.com/photos/79505960/medium.jpg,,"",,2,0,false,3,"Donna Lee Ln, Mineral Bluff, GA, US",34.94855,-84.32328,12,,,,12,,open,false,,,great rhododendron,Rhododendron maximum,great rhododendron,Plantae,83059
50286119,040d5b16-0902-45ce-bb85-20c8ec12ad26,Sat Jun 20 2020 12:32:20 GMT-0400 (EDT),2020-06-20,2020-06-20 18:32:20 +0200,Eastern Time (US & Canada),2168611,mikemac80,,2020-06-20 18:32:51 +0200,2020-06-20 19:11:54 +0200,needs_id,CC-BY-NC,https://www.inaturalist.org/observations/50286119,https://inaturalist-open-data.s3.amazonaws.com/photos/79857295/medium.jpg,,"",,0,0,false,3,"Chattahoochee-Oconee National Forests, Hiawassee, GA, US",34.8223888114,-83.7218285596,110,,,,110,,,false,,,,Rhododendron maximum,great rhododendron,Plantae,83059
50291713,d1bb2755-1a1e-4550-9b39-c25e1369f8d8,Sat Jun 20 2020 13:11:32 GMT-0400 (EDT),2020-06-20,2020-06-20 19:11:32 +0200,Eastern Time (US & Canada),2168611,mikemac80,,2020-06-20 19:11:55 +0200,2025-07-01 05:17:13 +0200,research,CC-BY-NC,https://www.inaturalist.org/observations/50291713,https://inaturalist-open-data.s3.amazonaws.com/photos/79857660/medium.jpg,,"",,1,0,false,3,"Chattahoochee-Oconee National Forests, Hiawassee, GA, US",34.8228170984,-83.7215239371,3471,,,,3471,,open,false,,,great rhododendron,Rhododendron maximum,great rhododendron,Plantae,83059
50307545,492f11ff-93a2-4072-999a-5513a2c5dc47,Sat Jun 20 2020 13:27:46 GMT-0400 (EDT),2020-06-20,2020-06-20 19:27:46 +0200,Eastern Time (US & Canada),2289448,limuluspolyphemus,O,2020-06-20 21:02:41 +0200,2025-07-01 05:16:54 +0200,research,CC-BY-NC,https://www.inaturalist.org/observations/50307545,https://inaturalist-open-data.s3.amazonaws.com/photos/79881835/medium.jpg,,"",,1,0,false,3,"Black Rock Mountain, Rabun Gap, GA, US",34.924763273,-83.4088929653,343,,,,343,,open,false,,,great rhododendron,Rhododendron maximum,great rhododendron,Plantae,83059
50605864,dd7a49d3-34f0-4f2e-8112-80467caea3e8,2019/06/29 2:51 AM EDT,2019-06-29,2019-06-29 08:51:00 +0200,Eastern Time (US & Canada),1595046,fluffy_sea_turtle,Rachel Crutcher,2020-06-23 00:16:56 +0200,2022-12-15 21:21:25 +0100,research,CC-BY-NC,https://www.inaturalist.org/observations/50605864,https://inaturalist-open-data.s3.amazonaws.com/photos/80361813/medium.jpeg,,"",,1,0,false,,"3085 Black Rock Mountain Pkwy, Mountain City, GA 30562, USA",34.9045824,-83.4125349,344,,,,344,,open,false,,,great rhododendron,Rhododendron maximum,great rhododendron,Plantae,83059
50607314,fc5ed8da-6f4a-41df-9833-26c5af0b5525,Mon Jun 22 2020 10:00:48 GMT-0400 (EDT),2020-06-22,2020-06-22 16:00:48 +0200,Eastern Time (US & Canada),2768296,hakie,,2020-06-23 00:32:25 +0200,2022-07-04 22:37:45 +0200,research,CC-BY-NC,https://www.inaturalist.org/observations/50607314,https://inaturalist-open-data.s3.amazonaws.com/photos/80364311/medium.jpg,,"",,1,0,false,3,"Chattahoochee-Oconee National Forests, Cleveland, GA, US",34.7201986314,-83.8675004663,9736,,,,9736,,open,false,,,great rhododendron,Rhododendron maximum,great rhododendron,Plantae,83059
50614511,9d6b6776-bc76-496d-beb3-5c98a7a090d9,Mon Jun 22 2020 17:59:14 GMT-0400 (EDT),2020-06-22,2020-06-22 23:59:14 +0200,Eastern Time (US & Canada),2768296,hakie,,2020-06-23 01:54:50 +0200,2020-06-29 20:17:27 +0200,research,CC-BY-NC,https://www.inaturalist.org/observations/50614511,https://inaturalist-open-data.s3.amazonaws.com/photos/80376150/medium.jpg,,"",,1,0,false,3,"Chattahoochee-Oconee National Forests, Cleveland, GA, US",34.7252194592,-83.9354608686,150,,,,150,,,false,,,great rhododendron,Rhododendron maximum,great rhododendron,Plantae,83059
50767192,49239f3b-f3f0-4065-a67d-8aaffd67c2b6,2020-06-24 8:42:12 AM EDT,2020-06-24,2020-06-24 14:42:12 +0200,Eastern Time (US & Canada),1813081,ga_naturewatcher,"",2020-06-24 15:05:38 +0200,2025-07-01 05:16:01 +0200,research,CC-BY-NC,https://www.inaturalist.org/observations/50767192,https://inaturalist-open-data.s3.amazonaws.com/photos/80634763/medium.jpeg,,"",Creekside growth. ,1,0,false,2,"Gilmer County, US-GA, US",34.72987615,-84.47835215,9,,,,9,,open,false,,,great rhododendron,Rhododendron maximum,great rhododendron,Plantae,83059
50810985,12c642f8-8070-4ac6-ba19-bd8abb7232b3,2020-06-24 4:04:13 PM EDT,2020-06-24,2020-06-24 22:04:13 +0200,Eastern Time (US & Canada),2565520,terrll,terrll,2020-06-24 22:04:57 +0200,2020-07-05 16:24:12 +0200,research,,https://www.inaturalist.org/observations/50810985,https://static.inaturalist.org/photos/80703282/medium.jpeg,,"",,1,0,false,2,"Lakemont, GA 30552, USA",34.7960534,-83.407009,55,,,,55,,,false,,,great rhododendron,Rhododendron maximum,great rhododendron,Plantae,83059
50835536,888c5163-308e-4b31-8f99-c7729d959385,Wed Jun 24 2020 07:58:59 GMT-0400 (EDT),2020-06-24,2020-06-24 13:58:59 +0200,Eastern Time (US & Canada),795997,bog_badger,,2020-06-25 02:15:43 +0200,2026-07-08 03:28:59 +0200,research,CC-BY-NC,https://www.inaturalist.org/observations/50835536,https://inaturalist-open-data.s3.amazonaws.com/photos/80741353/medium.jpg,,"",,3,0,false,3,"Chattahoochee-Oconee National Forests, Clayton, GA, US",34.93009167,-83.23815833,26,,,,26,,open,false,,,great rhododendron,Rhododendron maximum,great rhododendron,Plantae,83059
50843340,c93066fa-7401-4559-bae0-759934f23611,Fri Jun 19 2020 20:38:25 GMT-0400 (EDT),2020-06-19,2020-06-20 02:38:25 +0200,Eastern Time (US & Canada),1603740,jennifergiraldo,Jennifer Giraldo,2020-06-25 03:50:17 +0200,2022-12-20 16:57:25 +0100,research,,https://www.inaturalist.org/observations/50843340,https://static.inaturalist.org/photos/80754026/medium.jpg,,"",,1,0,false,3,"Palisades West - Trail System, Atlanta, GA, US",33.8838166667,-84.44393,10,,,,10,,open,false,,,great rhododendron,Rhododendron maximum,great rhododendron,Plantae,83059
50879533,ff3cf43c-3228-4dad-a53e-dcf9f61c7aa2,2020-06-24 1:01:55 PM EDT,2020-06-24,2020-06-24 19:01:55 +0200,Eastern Time (US & Canada),2846761,melaniestowell,Melanie Stowell,2020-06-25 15:21:31 +0200,2025-07-01 05:15:52 +0200,research,,https://www.inaturalist.org/observations/50879533,https://static.inaturalist.org/photos/80813729/medium.jpeg,,"",,2,0,false,2,"Rabun County, US-GA, US",34.98401936,-83.33371931,10,,,,10,,open,false,,,great rhododendron,Rhododendron maximum,great rhododendron,Plantae,83059
50990853,77d6e4dc-f2c1-43a2-a256-86bd4194f24e,Fri Jun 26 2020 08:27:38 GMT-0400 (EDT),2020-06-26,2020-06-26 14:27:38 +0200,Eastern Time (US & Canada),1724894,christhompson1,chris thompson,2020-06-26 17:04:07 +0200,2022-07-04 22:37:00 +0200,research,,https://www.inaturalist.org/observations/50990853,https://static.inaturalist.org/photos/80994963/medium.jpg,,"",,1,0,false,3,"Union County, US-GA, Appalachian National Scenic Trail, US",34.6559903833,-84.0604082489,18,,,,18,,open,false,,,great rhododendron,Rhododendron maximum,great rhododendron,Plantae,83059
51038622,8356ec18-3590-4a85-ac66-53eaa105b10c,Mon Jun 22 2020 10:40:35 GMT-0400 (EDT),2020-06-22,2020-06-22 16:40:35 +0200,Eastern Time (US & Canada),914541,kate154,Kate Ray,2020-06-27 01:12:00 +0200,2022-07-04 22:36:28 +0200,research,,https://www.inaturalist.org/observations/51038622,https://static.inaturalist.org/photos/81072384/medium.jpg,,"",,2,0,false,3,"Gilmer County, US-GA, US",34.76619667,-84.368355,165,,,,165,,open,false,,,great rhododendron,Rhododendron maximum,great rhododendron,Plantae,83059
51155359,6ca4ac05-5d4c-43f2-a14d-47d8c2bd0dbf,2020/06/27 3:18 PM EDT,2020-06-27,2020-06-27 21:18:00 +0200,Eastern Time (US & Canada),1021956,sueque88,"",2020-06-28 00:15:49 +0200,2022-07-06 00:25:10 +0200,research,CC-BY-NC,https://www.inaturalist.org/observations/51155359,https://inaturalist-open-data.s3.amazonaws.com/photos/81259620/medium.jpeg,,"","",1,0,false,,"61 Tsalaki Trail, Helen, GA 30545, USA",34.6918245,-83.7679739,179,,,,179,,open,false,,,great rhododendron,Rhododendron maximum,great rhododendron,Plantae,83059
51155964,6a505de8-2820-44d8-8a9c-94420b654cf3,Sat Jun 27 2020 13:14:48 GMT-0400 (EDT),2020-06-27,2020-06-27 19:14:48 +0200,Eastern Time (US & Canada),2425902,laurenraephoto,,2020-06-28 00:21:21 +0200,2022-07-06 00:24:56 +0200,research,CC-BY-NC,https://www.inaturalist.org/observations/51155964,https://inaturalist-open-data.s3.amazonaws.com/photos/81260941/medium.jpg,,"",,1,0,false,3,"Chattahoochee-Oconee National Forests, Clarkesville, GA, US",34.84873667,-83.59716167,15,,,,15,,open,false,,,great rhododendron,Rhododendron maximum,great rhododendron,Plantae,83059
51175581,3a4ea99c-fb94-41f6-a13c-318d8662e53f,Sat Jun 27 2020 15:21:11 GMT-0400 (EDT),2020-06-27,2020-06-27 21:21:11 +0200,Eastern Time (US & Canada),2192706,katiebeec,,2020-06-28 03:31:02 +0200,2025-07-01 05:17:38 +0200,research,CC-BY-NC,https://www.inaturalist.org/observations/51175581,https://inaturalist-open-data.s3.amazonaws.com/photos/81292516/medium.jpg,,"",,1,0,false,3,"Fort Mountain State Park, Chatsworth, GA, US",34.7585013354,-84.7090878861,1215,,,,1215,,open,false,,,great rhododendron,Rhododendron maximum,great rhododendron,Plantae,83059
51187511,a4f65946-16eb-4719-b9c8-4c276a59a9cb,2020-06-27,2020-06-27,,UTC,2992869,markocallaghan,Mark OCallaghan,2020-06-28 05:55:00 +0200,2022-07-06 00:23:24 +0200,research,,https://www.inaturalist.org/observations/51187511,https://static.inaturalist.org/photos/81312201/medium.jpg,,"",,1,0,false,2,"Helen, GA 30545, USA",34.7202860893,-83.7258313224,2104,,,,2104,,open,false,gps,gps,great rhododendron,Rhododendron maximum,great rhododendron,Plantae,83059
51294163,7e7af4fa-e041-4a28-944d-c8a01beb76b8,Sat Jun 20 2020 13:57:25 GMT-0400 (EDT),2020-06-20,2020-06-20 19:57:25 +0200,Eastern Time (US & Canada),733875,dan137,Dan Ashworth,2020-06-29 00:32:14 +0200,2020-07-08 02:32:22 +0200,research,,https://www.inaturalist.org/observations/51294163,https://static.inaturalist.org/photos/81483876/medium.jpg,,"",,1,0,false,3,"Chattahoochee-Oconee National Forests, Tiger, GA, US",34.81920333,-83.449225,26,,,,26,,,false,,,great rhododendron,Rhododendron maximum,great rhododendron,Plantae,83059
51312869,e45ec784-47e9-4a79-a679-394e4b63000b,2020-06-21 12:12:30 PM EDT,2020-06-21,2020-06-21 18:12:30 +0200,Eastern Time (US & Canada),2572340,abrahamlimpkin,Geoffrey Parks,2020-06-29 03:30:32 +0200,2022-07-06 00:21:00 +0200,research,CC-BY-NC,https://www.inaturalist.org/observations/51312869,https://inaturalist-open-data.s3.amazonaws.com/photos/81515819/medium.jpeg,,"",,1,0,false,2,"Hiawassee, GA 30546, USA",34.8855429722,-83.7365939722,,,,,,,open,false,gps,gps,great rhododendron,Rhododendron maximum,great rhododendron,Plantae,83059
51366765,496ab763-99ba-4c4f-b476-a465578b9982,Sun Jun 28 2020 13:55:53 GMT-0400 (EDT),2020-06-28,2020-06-28 19:55:53 +0200,Eastern Time (US & Canada),1476763,sunnytharp,,2020-06-29 17:25:40 +0200,2020-07-05 16:18:43 +0200,research,CC-BY-NC,https://www.inaturalist.org/observations/51366765,https://inaturalist-open-data.s3.amazonaws.com/photos/81604318/medium.jpg,,"",,1,0,false,3,"Habersham County, US-GA, US",34.6894442523,-83.4062643909,30,,,,30,,,false,,,great rhododendron,Rhododendron maximum,great rhododendron,Plantae,83059
51823619,476782ca-4c31-4eb7-9530-66e0810b28de,Fri Jul 03 2020 14:54:30 GMT-0400 (EDT),2020-07-03,2020-07-03 20:54:30 +0200,Eastern Time (US & Canada),2011925,rachael140,Rachael Rosenstein,2020-07-03 20:56:28 +0200,2022-07-04 22:38:05 +0200,research,,https://www.inaturalist.org/observations/51823619,https://static.inaturalist.org/photos/82358522/medium.jpg,,"",,1,0,false,3,"Chattahoochee-Oconee National Forests, Blairsville, GA, US",34.7516039852,-83.9386719839,10,,,,10,,open,false,,,great rhododendron,Rhododendron maximum,great rhododendron,Plantae,83059
52061188,dd95279c-202c-4814-8eb8-b84faae2344f,Sun Jul 05 2020 15:42:47 GMT-0400 (EDT),2020-07-05,2020-07-05 21:42:47 +0200,Eastern Time (US & Canada),3288784,catchemall9000,,2020-07-05 21:43:12 +0200,2020-07-05 21:43:26 +0200,needs_id,CC-BY-NC,https://www.inaturalist.org/observations/52061188,https://inaturalist-open-data.s3.amazonaws.com/photos/82740087/medium.jpg,,"",,0,0,false,3,"Benefield Rd, Braselton, GA, US",34.1619490457,-83.8137374302,128,,,,128,,,false,,,,Rhododendron maximum,great rhododendron,Plantae,83059
52067617,de406726-9370-4e46-86a9-9c167fbe7646,2020/07/04 12:26 PM UTC,2020-07-04,2020-07-04 14:26:00 +0200,UTC,1319887,randytoad,randytoad,2020-07-05 22:32:18 +0200,2024-02-01 02:54:46 +0100,research,,https://www.inaturalist.org/observations/52067617,https://inaturalist-open-data.s3.amazonaws.com/photos/82749772/medium.jpg,,"",,1,0,false,,"Dawson County, GA, USA",34.5674066667,-84.2447083333,,,,,,,,false,,,great rhododendron,Rhododendron maximum,great rhododendron,Plantae,83059
52072397,0e932dc8-b4ed-4bb4-8887-21370c263652,Sun Jul 05 2020 15:24:33 GMT-0400 (EDT),2020-07-05,2020-07-05 21:24:33 +0200,Eastern Time (US & Canada),2768574,jpkarlsberg,Jesse P. Karlsberg,2020-07-05 23:16:02 +0200,2026-08-06 17:53:55 +0200,research,CC-BY-NC,https://www.inaturalist.org/observations/52072397,https://inaturalist-open-data.s3.amazonaws.com/photos/82757553/medium.jpg,,"",,1,0,false,3,"Emory University, Decatur, GA, US",33.79583,-84.318205,10,,,,10,,,false,,,great rhododendron,Rhododendron maximum,great rhododendron,Plantae,83059
52095208,d32cb3fc-bf70-4ee1-97e4-dd8119be227b,Sat Jul 04 2020 15:13:55 GMT-0400 (EDT),2020-07-04,2020-07-04 21:13:55 +0200,Eastern Time (US & Canada),3260916,caitlinmkirkpatrick,Caitlin,2020-07-06 02:36:27 +0200,2022-07-05 20:28:56 +0200,research,CC-BY-NC,https://www.inaturalist.org/observations/52095208,https://inaturalist-open-data.s3.amazonaws.com/photos/82794263/medium.jpg,,"",,1,0,false,3,"Chattahoochee-Oconee National Forests, Clarkesville, GA, US",34.68960833,-83.40601333,8,,,,8,,open,false,,,great rhododendron,Rhododendron maximum,great rhododendron,Plantae,83059
52263492,8d662530-fed7-46df-8fd4-adf850917b64,Tue Jul 07 2020 10:44:24 GMT-0400 (EDT),2020-07-07,2020-07-07 16:44:24 +0200,Eastern Time (US & Canada),2582283,giglyn,,2020-07-07 17:07:38 +0200,2021-06-09 00:37:34 +0200,research,CC-BY-NC,https://www.inaturalist.org/observations/52263492,https://inaturalist-open-data.s3.amazonaws.com/photos/83071002/medium.jpg,,"",,1,0,false,3,"Amicalola Falls State Park, Dawsonville, GA, US",34.571400679,-84.2418407946,8,,,,8,,,false,,,great rhododendron,Rhododendron maximum,great rhododendron,Plantae,83059
52318971,3d9ec746-271a-4f5a-85d8-03d439b08473,2020-07-05 1:40:52 PM EDT,2020-07-05,2020-07-05 19:40:52 +0200,Eastern Time (US & Canada),1917223,captainnatureman,Sam Taylor,2020-07-08 02:27:25 +0200,2024-11-19 04:43:15 +0100,research,CC-BY,https://www.inaturalist.org/observations/52318971,https://inaturalist-open-data.s3.amazonaws.com/photos/83162986/medium.jpeg,,"",,1,0,false,2,"Lakemont, GA 30552, USA",34.7633443534,-83.4747024626,18,,,,18,,open,false,gps,gps,great rhododendron,Rhododendron maximum,great rhododendron,Plantae,83059
52371073,6e44046b-4de1-48c3-aa5e-cd7608ac4b41,2020-07-05 1:49:33 PM EDT,2020-07-05,2020-07-05 19:49:33 +0200,Eastern Time (US & Canada),607689,ilex_ghost,"",2020-07-08 17:07:55 +0200,2020-07-08 19:46:52 +0200,research,CC-BY-NC,https://www.inaturalist.org/observations/52371073,https://inaturalist-open-data.s3.amazonaws.com/photos/83248189/medium.jpeg,,"",,1,0,false,2,Amicalola Falls State Park,34.5761869166,-84.236006923,1407,,,,1407,,,false,gps,gps,great rhododendron,Rhododendron maximum,great rhododendron,Plantae,83059
52395377,b36c4392-44a1-4662-9840-b69ea220f716,Wed Jul 08 2020 15:03:09 GMT-0400 (EDT),2020-07-08,2020-07-08 21:03:09 +0200,Eastern Time (US & Canada),230937,jennmer,Jenn Mercer,2020-07-08 21:03:21 +0200,2022-07-05 20:27:04 +0200,research,CC-BY-NC,https://www.inaturalist.org/observations/52395377,https://inaturalist-open-data.s3.amazonaws.com/photos/83300198/medium.jpg,,"",,1,0,false,3,"Black Rock Mountain, Clayton, GA, US",34.9078143192,-83.4044411672,76,,,,76,,open,false,,,great rhododendron,Rhododendron maximum,great rhododendron,Plantae,83059
52745101,a62dbab8-0943-48e3-8443-15b5996542d1,Sat Jul 11 2020 13:49:27 GMT-0400 (EDT),2020-07-11,2020-07-11 19:49:27 +0200,Eastern Time (US & Canada),3172956,sw_outdoors,Steve Wohl,2020-07-12 02:22:22 +0200,2022-07-05 20:21:29 +0200,research,,https://www.inaturalist.org/observations/52745101,https://static.inaturalist.org/photos/83865744/medium.jpg,,"",,1,0,false,3,"Union County, US-GA, US",34.7525420342,-83.895064925,96,,,,96,,open,false,,,great rhododendron,Rhododendron maximum,great rhododendron,Plantae,83059
52933479,9c3682bc-e4ec-4cdc-80b5-c93c6530790e,Sun Jul 12 2020 08:53:48 GMT-0400 (EDT),2020-07-12,2020-07-12 14:53:48 +0200,Eastern Time (US & Canada),2608048,bradgad,,2020-07-13 15:33:18 +0200,2025-10-31 17:13:14 +0100,research,CC-BY-NC,https://www.inaturalist.org/observations/52933479,https://inaturalist-open-data.s3.amazonaws.com/photos/84172874/medium.jpg,,"",,2,0,false,3,"Lumpkin County, US-GA, US",34.6891406263,-83.9427223285,4,,,,4,,open,false,,,great rhododendron,Rhododendron maximum,great rhododendron,Plantae,83059
52974800,282e50a9-2d77-40aa-85f5-b2e9926206a9,2020-07-05 1:55:07 PM EDT,2020-07-05,2020-07-05 19:55:07 +0200,Eastern Time (US & Canada),2363455,elly22,Elly Hutchinson,2020-07-13 21:51:09 +0200,2022-07-04 22:37:16 +0200,research,,https://www.inaturalist.org/observations/52974800,https://static.inaturalist.org/photos/84238990/medium.jpeg,,"",,1,0,false,2,"Suches, GA 30572, USA",34.6883583333,-84.0298833333,,,,,,,open,false,gps,gps,great rhododendron,Rhododendron maximum,great rhododendron,Plantae,83059
53009903,93b2f46a-aa37-410c-b71f-92e2a62d63c5,Sun Jul 05 2020 10:19:10 GMT-0400 (EDT),2020-07-05,2020-07-05 16:19:10 +0200,Eastern Time (US & Canada),3328070,mlcombs13,Michelle,2020-07-14 03:55:34 +0200,2022-07-04 22:36:46 +0200,research,CC-BY-NC,https://www.inaturalist.org/observations/53009903,https://inaturalist-open-data.s3.amazonaws.com/photos/84295879/medium.jpg,,"",,1,0,false,3,"Chattahoochee-Oconee National Forests, Blue Ridge, GA, US",34.67196667,-84.19403,23,,,,23,,open,false,,,great rhododendron,Rhododendron maximum,great rhododendron,Plantae,83059
53036408,e6a428d6-d49c-4e9c-9989-5ff3d79c943d,Sat Jun 27 2020 10:17:21 GMT-0400 (EDT),2020-06-27,2020-06-27 16:17:21 +0200,Eastern Time (US & Canada),3328070,mlcombs13,Michelle,2020-07-14 13:32:02 +0200,2025-07-01 05:18:24 +0200,research,CC-BY-NC,https://www.inaturalist.org/observations/53036408,https://inaturalist-open-data.s3.amazonaws.com/photos/84339137/medium.jpg,,"",,1,0,false,3,"Chattahoochee-Oconee National Forests, Blue Ridge, GA, US",34.74619167,-84.22393833,17,,,,17,,open,false,,,great rhododendron,Rhododendron maximum,great rhododendron,Plantae,83059
53205493,a51afb7f-5844-4c5e-86f7-a7531e41df45,Tue Jul 14 2020 10:43:49 GMT-0400 (EDT),2020-07-14,2020-07-14 16:43:49 +0200,Eastern Time (US & Canada),1775558,ncarolinams,,2020-07-16 01:04:02 +0200,2020-07-16 02:13:54 +0200,research,CC-BY-NC,https://www.inaturalist.org/observations/53205493,https://inaturalist-open-data.s3.amazonaws.com/photos/84610308/medium.jpg,,"",,1,0,false,3,"Chattahoochee-Oconee National Forests, Blue Ridge, GA, US",34.66406667,-84.18379167,5,,,,5,,,false,,,great rhododendron,Rhododendron maximum,great rhododendron,Plantae,83059
53350972,abf329a3-717b-462b-a9da-382cea1333e7,Mon Jul 06 2020 10:06:02 GMT-0400 (EDT),2020-07-06,2020-07-06 16:06:02 +0200,Eastern Time (US & Canada),1502736,dd33629,David,2020-07-17 13:13:09 +0200,2025-10-31 17:12:53 +0100,research,CC-BY-NC,https://www.inaturalist.org/observations/53350972,https://inaturalist-open-data.s3.amazonaws.com/photos/84850075/medium.jpg,,"",,2,0,false,3,"Chattahoochee-Oconee National Forests, Cleveland, GA, US",34.7314485019,-83.9401362838,4158,,,,4158,,open,false,,,great rhododendron,Rhododendron maximum,great rhododendron,Plantae,83059
53586639,da9b38c1-3152-46f9-a2ea-fa9ed4081d0b,Sun Jul 19 2020 08:16:35 GMT-0400 (EDT),2020-07-19,2020-07-19 14:16:35 +0200,Eastern Time (US & Canada),1740960,teacab,,2020-07-19 14:17:28 +0200,2022-07-05 20:50:27 +0200,research,CC-BY-NC,https://www.inaturalist.org/observations/53586639,https://inaturalist-open-data.s3.amazonaws.com/photos/85236792/medium.jpg,,"",,1,0,false,3,"Black Rock Mountain, Clayton, GA, US",34.9059659781,-83.4164468132,4,,,,4,,open,false,,,great rhododendron,Rhododendron maximum,great rhododendron,Plantae,83059
53677220,ded71693-f1ef-4d57-ac33-24213814e063,Sun Jul 19 2020 11:38:09 GMT-0400 (EDT),2020-07-19,2020-07-19 17:38:09 +0200,Eastern Time (US & Canada),1264003,camcamcam,,2020-07-20 03:03:58 +0200,2020-08-15 23:46:04 +0200,research,,https://www.inaturalist.org/observations/53677220,https://static.inaturalist.org/photos/85383049/medium.jpg,,"","I thought this was a mountain laurel similar to what i saw at Sweetwater Creek, it’s a laurel, so, I guess I’m right about that. ",1,0,false,3,"Chattahoochee-Oconee National Forests, Helen, GA, US",34.71252833,-83.79550833,10,,,,10,,,false,,,rhododendron géant,Rhododendron maximum,great rhododendron,Plantae,83059
54335295,13adcbd9-fbb0-49bd-8864-c29e0ff5056e,Sat Jul 25 2020 18:16:08 GMT-0400 (EDT),2020-07-25,2020-07-26 00:16:08 +0200,Eastern Time (US & Canada),1033502,julinnah,Julinnah Matthews,2020-07-26 01:38:24 +0200,2022-07-05 20:48:54 +0200,research,,https://www.inaturalist.org/observations/54335295,https://static.inaturalist.org/photos/86452433/medium.jpg,,"",,1,0,false,3,"Chattahoochee-Oconee National Forests, Suches, GA, US",34.73879667,-83.97123,10,,,,10,,open,false,,,great rhododendron,Rhododendron maximum,great rhododendron,Plantae,83059
54432185,9d643933-4546-429e-9749-31bcc89f5440,2015-06-20T12:04:02-04:00,2015-06-20,2015-06-20 18:04:02 +0200,UTC,3385663,fromhagen1,,2020-07-26 21:02:18 +0200,2025-07-19 21:09:05 +0200,research,CC-BY-NC,https://www.inaturalist.org/observations/54432185,https://inaturalist-open-data.s3.amazonaws.com/photos/86610519/medium.jpeg,,"",,1,0,false,333,Lakemont,34.7608190291,-83.509423458,84,,,,84,,open,false,,,great rhododendron,Rhododendron maximum,great rhododendron,Plantae,83059
54563900,28f69044-7291-4ae1-987c-a14b5a8ac73a,Mon Jul 27 2020 11:00:28 GMT-0400 (EDT),2020-07-27,2020-07-27 17:00:28 +0200,Eastern Time (US & Canada),2768296,hakie,,2020-07-27 22:41:58 +0200,2022-07-05 21:01:51 +0200,research,CC-BY-NC,https://www.inaturalist.org/observations/54563900,https://inaturalist-open-data.s3.amazonaws.com/photos/86825379/medium.jpg,,"",,2,0,false,3,"Fannin County, US-GA, Appalachian National Scenic Trail, US",34.6666348307,-84.1789978278,5,,,,5,,open,false,,,great rhododendron,Rhododendron maximum,great rhododendron,Plantae,83059
54973143,84c5c47b-de09-4949-aa4b-ff80be7210dd,2020/07/20 12:35 PM EDT,2020-07-20,2020-07-20 18:35:00 +0200,Eastern Time (US & Canada),1293230,danioutside,"",2020-07-31 23:37:31 +0200,2022-07-05 20:47:00 +0200,research,CC-BY-NC,https://www.inaturalist.org/observations/54973143,https://inaturalist-open-data.s3.amazonaws.com/photos/87500513/medium.jpg,,"",,1,0,false,,"Indian Grave Gap, Georgia 30571, USA",34.7928717,-83.7140647,1781,,,,1781,,open,false,,,great rhododendron,Rhododendron maximum,great rhododendron,Plantae,83059
55112798,ef53082f-f736-4cdd-9c75-2c05714b3754,Sat Aug 01 2020 15:48:25 GMT-0400 (EDT),2020-08-01,2020-08-01 21:48:25 +0200,Eastern Time (US & Canada),2901234,sarahmurray,Sarah Murray,2020-08-02 05:01:32 +0200,2020-08-02 05:01:44 +0200,needs_id,,https://www.inaturalist.org/observations/55112798,https://static.inaturalist.org/photos/87736568/medium.jpg,,"",,0,0,false,3,"Dove Trail, Suwanee, GA, US",34.18811167,-84.09428333,7,,,,7,,,false,,,,Rhododendron maximum,great rhododendron,Plantae,83059
55120249,79d6e781-0f8a-4312-bc7f-e14ab507cbc1,2020-07-27 8:25:31 AM EDT,2020-07-27,2020-07-27 14:25:31 +0200,Eastern Time (US & Canada),141873,swafford,"",2020-08-02 06:58:24 +0200,2022-07-05 20:48:29 +0200,research,CC-BY-NC,https://www.inaturalist.org/observations/55120249,https://inaturalist-open-data.s3.amazonaws.com/photos/87749532/medium.jpeg,,"",,1,0,false,2,Vogel State Park,34.7649873014,-83.9254631102,2104,,,,2104,,open,false,gps,gps,great rhododendron,Rhododendron maximum,great rhododendron,Plantae,83059
55137742,83f8d0d2-f39b-4bcc-abde-28b685f4dbdf,2020-08-01 7:01:16 AM EDT,2020-08-01,2020-08-01 13:01:16 +0200,Eastern Time (US & Canada),3349470,rwtate,Richard W. Tate,2020-08-02 13:10:05 +0200,2025-07-01 05:18:49 +0200,research,CC-BY-NC,https://www.inaturalist.org/observations/55137742,https://inaturalist-open-data.s3.amazonaws.com/photos/87778533/medium.jpeg,,"",,1,0,false,2,Brasstown Bald Visitors Center,34.8743716758,-83.810961619,263,,,,263,,open,false,gps,gps,great rhododendron,Rhododendron maximum,great rhododendron,Plantae,83059
55417697,d78c04e2-14de-4e33-ba35-43edd1464eb0,2020-08-02 10:33:08 AM EDT,2020-08-02,2020-08-02 16:33:08 +0200,Eastern Time (US & Canada),3349470,rwtate,Richard W. Tate,2020-08-04 21:28:47 +0200,2022-07-05 23:51:25 +0200,research,CC-BY-NC,https://www.inaturalist.org/observations/55417697,https://inaturalist-open-data.s3.amazonaws.com/photos/88243112/medium.jpeg,,"",,1,0,false,2,"Cleveland, GA 30528, USA",34.715732594,-83.7991468236,263,,,,263,,open,false,gps,gps,great rhododendron,Rhododendron maximum,great rhododendron,Plantae,83059
55444846,18675534-7258-4f11-b570-a199e5900cc0,Tue Aug 04 2020 14:17:52 GMT-0400 (EDT),2020-08-04,2020-08-04 20:17:52 +0200,Eastern Time (US & Canada),1523825,bibliophile777,,2020-08-05 02:21:55 +0200,2025-07-19 21:09:42 +0200,research,CC-BY-NC,https://www.inaturalist.org/observations/55444846,https://inaturalist-open-data.s3.amazonaws.com/photos/88287881/medium.jpg,,"",,2,0,false,3,"Rabun County, US-GA, US",34.9426996787,-83.3241585975,16,,,,16,,open,false,,,great rhododendron,Rhododendron maximum,great rhododendron,Plantae,83059
55806459,8c34f274-457f-488f-be76-7e5eb4fe3fc6,2020-08-05 3:21:47 PM EDT,2020-08-05,2020-08-05 21:21:47 +0200,Eastern Time (US & Canada),1768037,twoolf,,2020-08-08 18:08:39 +0200,2022-02-20 17:42:39 +0100,research,CC-BY-NC,https://www.inaturalist.org/observations/55806459,https://inaturalist-open-data.s3.amazonaws.com/photos/88889457/medium.jpeg,,"",Abundant,1,0,false,2,"Bartram Trail, Hale Ridge Rd to Beegum Gap",34.9885133497,-83.2840198651,1052,,,,1052,,open,false,,,great rhododendron,Rhododendron maximum,great rhododendron,Plantae,83059
56283855,18e44eca-ea75-4670-b240-af6388c0ffeb,2020/08/07 10:15 AM UTC,2020-08-07,,UTC,1319887,randytoad,randytoad,2020-08-13 04:04:09 +0200,2023-07-08 10:17:55 +0200,needs_id,,https://www.inaturalist.org/observations/56283855,https://inaturalist-open-data.s3.amazonaws.com/photos/89683757/medium.jpg,,"",,0,0,false,,"Rabun County, GA, USA",34.906855,-83.407975,,,,,,,,false,,,Great Rhododendron,Rhododendron maximum,great rhododendron,Plantae,83059
56422340,6cb80e62-07c3-4348-94f1-4942a5861dde,Fri Aug 14 2020 11:24:43 GMT-0400 (EDT),2020-08-14,2020-08-14 17:24:43 +0200,Eastern Time (US & Canada),2843057,jonbloch,Jonathan Bloch,2020-08-14 17:28:30 +0200,2020-08-14 17:29:16 +0200,needs_id,CC-BY-NC,https://www.inaturalist.org/observations/56422340,https://inaturalist-open-data.s3.amazonaws.com/photos/89914833/medium.jpg,,"",,0,0,false,3,"Smithgall Woods State Park, Helen, GA, US",34.6980128573,-83.7858369346,4,,,,4,,,false,,,,Rhododendron maximum,great rhododendron,Plantae,83059
57286125,e661c8af-b05e-4b7e-9de3-af0ece32a3d7,2020-06-18 11:28:53 AM EDT,2020-06-18,2020-06-18 17:28:53 +0200,Eastern Time (US & Canada),2070763,tprknight,Shay,2020-08-23 03:00:42 +0200,2025-07-01 05:19:09 +0200,research,CC-BY-NC,https://www.inaturalist.org/observations/57286125,https://inaturalist-open-data.s3.amazonaws.com/photos/91361051/medium.jpeg,,"",,2,0,false,2,"Cisco, GA 30708, USA",34.9035743391,-84.6340842918,470,,,,470,,open,false,gps,gps,great rhododendron,Rhododendron maximum,great rhododendron,Plantae,83059
57331225,c9347ebf-ca63-4b81-8492-fcf0f6746a5f,2016/11/06 12:15 PM EST,2016-11-06,2016-11-06 18:15:00 +0100,Eastern Time (US & Canada),385784,atlnature,Shawn Taylor,2020-08-23 16:16:48 +0200,2022-12-20 17:04:00 +0100,needs_id,CC0,https://www.inaturalist.org/observations/57331225,https://inaturalist-open-data.s3.amazonaws.com/photos/91438302/medium.jpg,,"chattahoochee river national recreation area, west palisades",,1,0,false,,"Cumberland, Vinings, GA, USA",33.8839280217,-84.44398311,,,,,,,open,false,,,great rhododendron,Rhododendron maximum,great rhododendron,Plantae,83059
57497057,6a15632c-5963-4cb9-915e-ed82fff07ce5,Mon Aug 10 2020 19:59:08 GMT-0400 (EDT),2020-08-10,2020-08-11 01:59:08 +0200,Eastern Time (US & Canada),3511048,christopherlintner,Christopher Lintner,2020-08-25 02:05:11 +0200,2022-07-05 23:47:02 +0200,research,,https://www.inaturalist.org/observations/57497057,https://static.inaturalist.org/photos/91716116/medium.jpg,,"",,1,0,false,3,"Chattahoochee-Oconee National Forests, Young Harris, GA, US",34.86776667,-83.81047833,5,,,,5,,open,false,,,great rhododendron,Rhododendron maximum,great rhododendron,Plantae,83059
58085307,6d70ec8c-ae06-460e-bd2f-9d7ead4b7228,2020-08-30 3:04:30 PM EDT,2020-08-30,2020-08-30 21:04:30 +0200,Eastern Time (US & Canada),2406804,bricebeaver,brice beaver,2020-08-30 23:50:54 +0200,2020-08-31 18:16:34 +0200,needs_id,,https://www.inaturalist.org/observations/58085307,https://static.inaturalist.org/photos/92799399/medium.jpeg,,"",,0,0,false,2,Blue Ridge,34.8640792699,-84.324086979,4208,,,,4208,,,false,gps,gps,,Rhododendron maximum,great rhododendron,Plantae,83059
58606966,7d0b509a-13d4-4e87-982c-78e4b8a30e21,Sat Sep 05 2020 11:27:23 GMT-0400 (EDT),2020-09-05,2020-09-05 17:27:23 +0200,Eastern Time (US & Canada),3557001,sweetsarahstone,Sarah Stone,2020-09-05 17:27:53 +0200,2020-09-05 17:28:13 +0200,needs_id,,https://www.inaturalist.org/observations/58606966,https://static.inaturalist.org/photos/93581326/medium.jpg,,"",,0,0,false,3,"Chattahoochee River National Recreation Area, Sandy Springs, GA, US",33.8881706866,-84.4420138188,30,,,,30,,,false,,,,Rhododendron maximum,great rhododendron,Plantae,83059
58610567,8cf88de9-7ed7-45e5-bd82-347bf4a5087a,Sat Sep 05 2020 11:59:36 GMT-0400 (EDT),2020-09-05,2020-09-05 17:59:36 +0200,Eastern Time (US & Canada),3557001,sweetsarahstone,Sarah Stone,2020-09-05 17:59:55 +0200,2020-09-05 18:00:13 +0200,needs_id,,https://www.inaturalist.org/observations/58610567,https://static.inaturalist.org/photos/93586804/medium.jpg,,"",,0,0,false,3,"Chattahoochee River National Recreation Area, Sandy Springs, GA, US",33.8836931809,-84.4420776366,200,,,,200,,,false,,,,Rhododendron maximum,great rhododendron,Plantae,83059
58875146,50e4fd29-05d8-43c9-9174-35029852d353,Sun Sep 06 2020 12:26:46 GMT-0400 (EDT),2020-09-06,2020-09-06 18:26:46 +0200,Eastern Time (US & Canada),3571213,mcmeno,,2020-09-07 21:59:16 +0200,2020-09-07 21:59:47 +0200,needs_id,CC-BY-NC,https://www.inaturalist.org/observations/58875146,https://inaturalist-open-data.s3.amazonaws.com/photos/94024879/medium.jpg,,"",,0,0,false,3,"Chattahoochee-Oconee National Forests, Helen, GA, US",34.71245833,-83.79528833,8,,,,8,,,false,,,,Rhododendron maximum,great rhododendron,Plantae,83059
59384890,a82126ae-ce9c-473a-ab1d-67db01bdda9c,Sat Sep 12 2020 12:51:35 GMT-0400 (EDT),2020-09-12,2020-09-12 18:51:35 +0200,Eastern Time (US & Canada),764155,whatch11,Wes Hatch,2020-09-13 01:18:48 +0200,2020-09-18 15:19:02 +0200,research,,https://www.inaturalist.org/observations/59384890,https://static.inaturalist.org/photos/94881742/medium.jpg,,"",,1,0,false,3,"Black Rock Mountain, Rabun Gap, GA, US",34.9214876427,-83.4112332546,4,,,,4,,,false,,,great rhododendron,Rhododendron maximum,great rhododendron,Plantae,83059
62400891,3c06defe-c8bd-4667-83d4-10b7ea1408ba,Fri Jun 19 2020 12:12:56 GMT-0400 (EDT),2020-06-19,2020-06-19 18:12:56 +0200,Eastern Time (US & Canada),2764563,evajbone,,2020-10-12 16:58:04 +0200,2025-07-19 21:10:36 +0200,research,CC-BY-NC,https://www.inaturalist.org/observations/62400891,https://inaturalist-open-data.s3.amazonaws.com/photos/99973094/medium.jpg,,"","",2,0,false,3,"Chattahoochee-Oconee National Forests, Chatsworth, GA, US",34.8311081923,-84.6322057051,51,,,,51,,open,false,,,great rhododendron,Rhododendron maximum,great rhododendron,Plantae,83059
62504714,c08336aa-cac7-4007-886d-7a8bfc619492,Tue Oct 13 2020 14:10:02 GMT-0400 (EDT),2020-10-13,2020-10-13 20:10:02 +0200,Eastern Time (US & Canada),1410337,richardthecrittercatcher,Richard the Critter Catcher,2020-10-13 21:42:49 +0200,2020-10-14 22:33:07 +0200,needs_id,,https://www.inaturalist.org/observations/62504714,https://static.inaturalist.org/photos/100158507/medium.jpg,,"","",0,0,false,3,"White County, US-GA, US",34.7596846811,-83.7114928962,9,,,,9,,,false,,,great rhododendron,Rhododendron maximum,great rhododendron,Plantae,83059
62983374,82cc266b-fbfa-4777-87e1-430528169493,2020/10/18 3:48 PM EDT,2020-10-18,2020-10-18 21:48:00 +0200,Eastern Time (US & Canada),1400822,howlin_jay,Chris Brown,2020-10-19 06:50:02 +0200,2020-10-19 06:50:02 +0200,needs_id,CC-BY-NC,https://www.inaturalist.org/observations/62983374,https://inaturalist-open-data.s3.amazonaws.com/photos/101007169/medium.jpeg,,"",,0,0,false,,"Suwanee, GA 30024, USA",34.0580727448,-84.058499286,98,,,,98,,,false,,,Great Rhododendron,Rhododendron maximum,great rhododendron,Plantae,83059
64333459,09489941-8f30-419e-b49c-1d5eaa19e326,2020/11/03 10:54 AM EST,2020-11-03,2020-11-03 16:54:00 +0100,Eastern Time (US & Canada),586546,stevecollins,Steve Collins,2020-11-07 02:59:57 +0100,2024-04-01 18:11:07 +0200,research,CC-BY,https://www.inaturalist.org/observations/64333459,https://static.inaturalist.org/photos/103411446/medium.jpeg,,"",,4,0,false,,"Dawson County, GA, USA",34.56737,-84.2447016667,,,,,,,open,false,,,great rhododendron,Rhododendron maximum,great rhododendron,Plantae,83059
64364801,0ff691ba-69f8-4054-8733-3b5f2ad56d67,Sat Nov 07 2020 10:36:08 GMT-0500 (EST),2020-11-07,2020-11-07 16:36:08 +0100,Eastern Time (US & Canada),3819976,william_sutton,William Sutton,2020-11-07 16:36:53 +0100,2020-11-07 16:37:19 +0100,needs_id,,https://www.inaturalist.org/observations/64364801,https://static.inaturalist.org/photos/103466939/medium.jpg,,"","",0,0,false,3,"Chattahoochee-Oconee National Forests, Rabun Gap, GA, US",34.9270110287,-83.4142481823,13,,,,13,,,false,,,"",Rhododendron maximum,great rhododendron,Plantae,83059
65607067,f73e0e44-f019-4ac6-ba11-32610cac0f36,2020-08-04 14:31:40-04:00,2020-08-04,2020-08-04 20:31:40 +0200,Eastern Time (US & Canada),3863803,andreascib,,2020-11-26 00:07:51 +0100,2025-07-19 21:11:50 +0200,research,CC-BY-NC,https://www.inaturalist.org/observations/65607067,https://inaturalist-open-data.s3.amazonaws.com/photos/105626248/medium.jpeg,,"",,2,0,false,333,Hiawassee,34.871925,-83.810325,,,,,,,open,false,,,great rhododendron,Rhododendron maximum,great rhododendron,Plantae,83059
66205776,65c588a8-03c1-445b-b509-9585e8508e53,Sun Nov 08 2020 13:03:02 GMT-0500 (EST),2020-11-08,2020-11-08 19:03:02 +0100,Eastern Time (US & Canada),2146615,haileyborden,,2020-12-06 20:01:05 +0100,2025-07-22 19:49:50 +0200,needs_id,CC-BY-NC,https://www.inaturalist.org/observations/66205776,https://inaturalist-open-data.s3.amazonaws.com/photos/106671515/medium.jpg,,"","",1,0,false,3,"Chattahoochee-Oconee National Forests, Helen, GA, US",34.7291216667,-83.8328166667,5848,,,,5848,,open,false,,,great rhododendron,Rhododendron maximum,great rhododendron,Plantae,83059
66560899,e0690cd2-de71-41d2-b794-6cc19c8d1c20,Sun Dec 13 2020 15:10:35 GMT-0500 (EST),2020-12-13,2020-12-13 21:10:35 +0100,Eastern Time (US & Canada),3404732,tunagirl,,2020-12-14 07:54:24 +0100,2020-12-14 08:01:45 +0100,needs_id,CC-BY-NC,https://www.inaturalist.org/observations/66560899,https://inaturalist-open-data.s3.amazonaws.com/photos/107327264/medium.jpg,,"","",0,0,false,3,"Chattahoochee-Oconee National Forests, Suches, GA, US",34.6923246692,-84.0381015531,357,,,,357,,,false,,,"",Rhododendron maximum,great rhododendron,Plantae,83059
66679723,7683fb5f-c045-4d55-a670-1314eb22197e,2020/06/25 7:19 PM EDT,2020-06-25,2020-06-26 01:19:00 +0200,Eastern Time (US & Canada),690920,gman122,"",2020-12-17 02:42:26 +0100,2025-06-24 19:11:56 +0200,research,CC-BY-NC,https://www.inaturalist.org/observations/66679723,https://inaturalist-open-data.s3.amazonaws.com/photos/107525424/medium.jpeg,,"","",1,0,false,,United States,34.926030248,-84.6462724669,686,,,,28762,obscured,open,true,,"",great rhododendron,Rhododendron maximum,great rhododendron,Plantae,83059
67216579,2e8d527f-9cc2-4dc5-8f1e-1adce98ce862,2020-12-28T17:40:57-05:00,2020-12-28,2020-12-28 23:40:57 +0100,UTC,3107498,gatreenerd,Georgia Tree Nerd,2020-12-28 23:41:05 +0100,2020-12-28 23:41:31 +0100,needs_id,CC-BY-NC,https://www.inaturalist.org/observations/67216579,https://inaturalist-open-data.s3.amazonaws.com/photos/108543739/medium.jpeg,,"",,0,0,false,333,Cumming,34.1464506,-84.0889398,98,,,,98,,,false,,,,Rhododendron maximum,great rhododendron,Plantae,83059
67297524,7776146a-d31c-4f27-920c-fa0a777a2bac,2020/12/29 1:11 PM EST,2020-12-29,2020-12-29 19:11:00 +0100,Eastern Time (US & Canada),1021956,sueque88,"",2020-12-30 12:01:47 +0100,2020-12-30 12:01:47 +0100,needs_id,CC-BY-NC,https://www.inaturalist.org/observations/67297524,https://inaturalist-open-data.s3.amazonaws.com/photos/108695660/medium.jpg,,"",,0,0,false,,"4910 Rock Creek Rd, Cherry Log, GA 30522, USA",34.7780726,-84.3856369,191,,,,191,,,false,,,Great Rhododendron,Rhododendron maximum,great rhododendron,Plantae,83059
67366684,2f531985-bcdb-496d-992a-fdbc940a82f0,Tue Dec 22 2020 15:35:30 GMT-0500 (EST),2020-12-22,2020-12-22 21:35:30 +0100,Eastern Time (US & Canada),1467548,gray_the_scientist,Graydon W. Prosser - Hidalgo,2020-12-31 20:58:02 +0100,2021-01-01 21:15:51 +0100,research,,https://www.inaturalist.org/observations/67366684,https://static.inaturalist.org/photos/108825733/medium.jpg,,"",,1,0,false,3,"Chattahoochee-Oconee National Forests, Cleveland, GA, US",34.720025,-83.81473667,5,,,,5,,,false,,,great rhododendron,Rhododendron maximum,great rhododendron,Plantae,83059
67402159,163302a9-65c2-4271-897b-496e734c366e,2020/12/29 2:36 PM PST,2020-12-29,2020-12-29 23:36:00 +0100,Pacific Time (US & Canada),677479,pgeorgakakos,Philip Georgakakos,2021-01-01 16:01:48 +0100,2023-07-08 04:56:29 +0200,research,CC-BY-NC,https://www.inaturalist.org/observations/67402159,https://inaturalist-open-data.s3.amazonaws.com/photos/108890286/medium.jpg,,"",,1,0,false,,"Union County, GA, USA",34.7413909583,-83.9365786732,833,,,,833,,,false,,,great rhododendron,Rhododendron maximum,great rhododendron,Plantae,83059
67500096,ac9b62a5-c850-4b77-ac1e-5426780acc28,Sat Jan 02 2021 15:11:32 GMT-0500 (EST),2021-01-02,2021-01-02 21:11:32 +0100,Eastern Time (US & Canada),3047507,mintyshrimp,Minty,2021-01-03 06:49:30 +0100,2025-10-31 17:11:56 +0100,needs_id,,https://www.inaturalist.org/observations/67500096,https://static.inaturalist.org/photos/109070489/medium.jpg,,"","",1,0,false,3,"Ribbit Rd, Dahlonega, GA, US",34.589295,-83.89634667,7570,,,,7570,,open,false,,,great rhododendron,Rhododendron maximum,great rhododendron,Plantae,83059
67689096,d8ff436b-5a2a-4c17-8a41-92057768ba59,2019/12/29 7:26 PM EST,2019-12-29,2019-12-30 01:26:00 +0100,Eastern Time (US & Canada),1075594,juliakmil,Julia,2021-01-07 03:29:01 +0100,2024-02-01 02:41:38 +0100,needs_id,CC-BY-NC,https://www.inaturalist.org/observations/67689096,https://inaturalist-open-data.s3.amazonaws.com/photos/109427232/medium.jpeg,,"",,0,0,false,,"Dawson County, GA, USA",34.5652261309,-84.2463240128,2132,,,,2132,,,false,,,Great Rhododendron,Rhododendron maximum,great rhododendron,Plantae,83059
67689102,f360b87a-8a3e-4bb3-966d-fff5f874831e,2019/12/29 7:39 PM EST,2019-12-29,2019-12-30 01:39:00 +0100,Eastern Time (US & Canada),1075594,juliakmil,Julia,2021-01-07 03:29:03 +0100,2024-02-01 02:41:53 +0100,needs_id,CC-BY-NC,https://www.inaturalist.org/observations/67689102,https://inaturalist-open-data.s3.amazonaws.com/photos/109427289/medium.jpeg,,"",,0,0,false,,"Dawson County, GA, USA",34.5652261309,-84.2463240128,2132,,,,2132,,,false,,,Great Rhododendron,Rhododendron maximum,great rhododendron,Plantae,83059
68132616,c23e4a61-8255-47a0-8fe6-990ef7e98b25,Fri Jan 15 2021 14:19:54 GMT-0500 (EST),2021-01-15,2021-01-15 20:19:54 +0100,Eastern Time (US & Canada),583330,aguabio,,2021-01-16 03:00:55 +0100,2025-09-24 14:07:54 +0200,research,,https://www.inaturalist.org/observations/68132616,https://static.inaturalist.org/photos/110246939/medium.jpg,,"","",2,0,false,3,"Dawsonville, GA, US",34.4930383333,-84.2820366667,4,,,,4,,open,false,,,great rhododendron,Rhododendron maximum,great rhododendron,Plantae,83059
68336789,9b658324-cdd6-435b-9cb8-11cf7b6ff6b1,2016/07/16 2:05 PM EDT,2016-07-16,2016-07-16 20:05:00 +0200,Eastern Time (US & Canada),1952402,wonderbird22,Ari Rice,2021-01-19 20:23:11 +0100,2021-01-27 01:21:00 +0100,research,CC-BY-NC,https://www.inaturalist.org/observations/68336789,https://inaturalist-open-data.s3.amazonaws.com/photos/110625444/medium.jpeg,,"",,1,0,false,,"Rabun County, GA, USA",34.8822132837,-83.3502258348,34,,,,34,,,false,,,great rhododendron,Rhododendron maximum,great rhododendron,Plantae,83059
68372598,5bb538e6-f778-42c6-aa96-a25ce067e486,Wed Jan 20 2021 10:40:59 GMT-0500 (EST),2021-01-20,2021-01-20 16:40:59 +0100,Eastern Time (US & Canada),2646247,maxlovesplants,Max,2021-01-20 18:34:16 +0100,2021-01-21 20:01:36 +0100,needs_id,CC-BY-NC,https://www.inaturalist.org/observations/68372598,https://inaturalist-open-data.s3.amazonaws.com/photos/110762901/medium.jpg,,"","",0,0,false,3,"Fernbank Museum of Natural History, Atlanta, GA, US",33.774145,-84.3274616667,141,,,,141,,,false,,,"",Rhododendron maximum,great rhododendron,Plantae,83059
68386631,7503235a-db1c-4ae1-9ad8-3b2f0cd888f6,Wed Jan 20 2021 15:19:58 GMT-0500 (EST),2021-01-20,2021-01-20 21:19:58 +0100,Eastern Time (US & Canada),3944944,prestonthomas,Preston McDonald,2021-01-21 01:10:56 +0100,2021-05-19 12:11:49 +0200,research,CC-BY-NC,https://www.inaturalist.org/observations/68386631,https://inaturalist-open-data.s3.amazonaws.com/photos/110719605/medium.jpg,,"","",1,0,false,3,"Chattahoochee-Oconee National Forests, Epworth, GA, US",34.9851394883,-84.6210260492,1258,,,,1258,,,false,,,great rhododendron,Rhododendron maximum,great rhododendron,Plantae,83059
68750385,8c79a6a3-dc52-437d-92fc-74ea96a9bd69,Thu Jan 28 2021 12:23:50 GMT-0500 (EST),2021-01-28,2021-01-28 18:23:50 +0100,Eastern Time (US & Canada),3231692,averybells,,2021-01-29 06:32:31 +0100,2021-01-29 06:32:39 +0100,needs_id,,https://www.inaturalist.org/observations/68750385,https://static.inaturalist.org/photos/111401674/medium.jpg,,"","",0,0,false,3,"Fort Mountain State Park, Chatsworth, GA, US",34.76447,-84.699945,5,,,,5,,,false,,,"",Rhododendron maximum,great rhododendron,Plantae,83059
69033138,0cd7a683-8815-4574-8a5f-ad45334f2261,2021/02/03 10:28 AM CST,2021-02-03,2021-02-03 17:28:00 +0100,Central Time (US & Canada),1148121,logancrees,Logan Crees,2021-02-04 03:30:47 +0100,2021-02-04 03:30:47 +0100,needs_id,CC-BY-NC,https://www.inaturalist.org/observations/69033138,https://inaturalist-open-data.s3.amazonaws.com/photos/111925735/medium.jpg,,"",,0,0,false,,"Dade County, GA, USA",34.8351259244,-85.4822210053,36,,,,36,,,false,,,Rhododendron maximum,Rhododendron maximum,great rhododendron,Plantae,83059
69086633,834a3761-4427-4ae0-a70c-4e7da169b7b8,Fri Feb 05 2021 09:13:17 GMT-0500 (EST),2021-02-05,2021-02-05 15:13:17 +0100,Eastern Time (US & Canada),4001700,dradarrisaw,,2021-02-05 15:24:58 +0100,2025-09-24 14:07:52 +0200,research,CC-BY-NC,https://www.inaturalist.org/observations/69086633,https://inaturalist-open-data.s3.amazonaws.com/photos/112507319/medium.jpg,,"","",2,0,false,3,"Chattahoochee-Oconee National Forests, Young Harris, GA, US",34.9352486572,-83.8403698041,13,,,,13,,open,false,,,great rhododendron,Rhododendron maximum,great rhododendron,Plantae,83059
69220776,c2d9e85b-e4d4-449e-80fa-f7f6d80475c0,2020-08-03 2:50:44 AM CDT,2020-08-03,2020-08-03 04:50:44 +0200,UTC,2423036,starbirdcricketbean,Starbird,2021-02-07 21:59:13 +0100,2022-07-05 23:46:29 +0200,research,,https://www.inaturalist.org/observations/69220776,https://static.inaturalist.org/photos/112275748/medium.jpeg,,"",,1,0,false,2,Brasstown Bald,34.8743139125,-83.8109073043,1784,,,,1784,,open,false,gps,gps,great rhododendron,Rhododendron maximum,great rhododendron,Plantae,83059
69322644,130daacd-0345-4195-ac42-a8388308efb3,Tue Feb 09 2021 16:32:22 GMT-0500 (EST),2021-02-09,2021-02-09 22:32:22 +0100,Eastern Time (US & Canada),3967964,micahbettis,,2021-02-09 22:32:32 +0100,2021-02-09 22:59:28 +0100,research,CC-BY-NC,https://www.inaturalist.org/observations/69322644,https://inaturalist-open-data.s3.amazonaws.com/photos/112471407/medium.jpg,,"","",1,0,false,3,"Young Harris College, Young Harris, GA, US",34.9320650215,-83.8452019276,165,,,,165,,,false,,,great rhododendron,Rhododendron maximum,great rhododendron,Plantae,83059
69323460,015d4579-aa7e-4b89-af8c-29310579390e,Tue Feb 09 2021 16:43:50 GMT-0500 (EST),2021-02-09,2021-02-09 22:43:50 +0100,Eastern Time (US & Canada),3969604,kyahcanty,,2021-02-09 22:48:42 +0100,2021-05-01 04:41:32 +0200,research,CC-BY-NC,https://www.inaturalist.org/observations/69323460,https://inaturalist-open-data.s3.amazonaws.com/photos/112472935/medium.jpg,,"","",1,0,false,3,"Young Harris College, Young Harris, GA, US",34.9319300368,-83.8450951126,165,,,,165,,,false,,,great rhododendron,Rhododendron maximum,great rhododendron,Plantae,83059
69888277,880f672a-0166-4f7e-9f80-252ae85e3f32,2021-02-20 1:10:33 PM EST,2021-02-20,2021-02-20 19:10:33 +0100,Eastern Time (US & Canada),3780546,hillary_woodall,Hillary Woodall,2021-02-21 00:09:16 +0100,2021-02-25 05:28:05 +0100,research,CC-BY-NC,https://www.inaturalist.org/observations/69888277,https://inaturalist-open-data.s3.amazonaws.com/photos/113509797/medium.jpeg,,"",,1,0,false,2,Warwoman Wildlife Management Area,34.9312097567,-83.3012671396,406,,,,406,,,false,gps,gps,great rhododendron,Rhododendron maximum,great rhododendron,Plantae,83059
70168416,114621f2-d050-4bba-bd4b-0941a4eca38b,2021-02-25 4:22:43 PM EST,2021-02-25,2021-02-25 22:22:43 +0100,America/New_York,2679600,cougardan,,2021-02-26 00:15:49 +0100,2021-03-01 06:48:58 +0100,research,CC-BY-NC,https://www.inaturalist.org/observations/70168416,https://inaturalist-open-data.s3.amazonaws.com/photos/114017516/medium.jpeg,,"",,1,0,false,2,"Thomas Crossroads, Newnan, GA, USA",33.4143445138,-84.6538957581,9,,,,9,,,false,gps,gps,great rhododendron,Rhododendron maximum,great rhododendron,Plantae,83059
70182257,39b16abf-2d68-42a9-924a-e317b78b1a68,2021-02-25 11:29:50 AM EST,2021-02-25,2021-02-25 17:29:50 +0100,Eastern Time (US & Canada),914881,erin186,Erin Stewart,2021-02-26 04:45:23 +0100,2021-02-26 05:01:17 +0100,needs_id,,https://www.inaturalist.org/observations/70182257,https://static.inaturalist.org/photos/114039608/medium.jpeg,,"",,0,0,false,2,Darnell Creek,34.9597319212,-83.3578905836,1537,,,,1537,,,false,gps,gps,great rhododendron,Rhododendron maximum,great rhododendron,Plantae,83059
70677395,de7d6d31-c994-48a2-8b54-50d692802d24,Sat Mar 06 2021 09:28:55 GMT-0500 (EST),2021-03-06,2021-03-06 15:28:55 +0100,Eastern Time (US & Canada),951326,markmcknight,Mark McKnight,2021-03-06 19:05:56 +0100,2021-03-06 19:06:16 +0100,needs_id,CC-BY-NC,https://www.inaturalist.org/observations/70677395,https://inaturalist-open-data.s3.amazonaws.com/photos/114942135/medium.jpg,,"","",0,0,false,3,"Lula Lake Rd, Lookout Mountain, GA, US",34.9195033333,-85.3824783333,8,,,,8,,,false,,,"",Rhododendron maximum,great rhododendron,Plantae,83059
70841506,406c91cc-b273-463e-8a74-79484f04cb4a,Mon Mar 08 2021 17:39:01 GMT-0500 (EST),2021-03-08,2021-03-08 23:39:01 +0100,Eastern Time (US & Canada),3539432,mpleasants53,,2021-03-08 23:39:42 +0100,2021-03-11 13:45:42 +0100,research,CC-BY-NC,https://www.inaturalist.org/observations/70841506,https://inaturalist-open-data.s3.amazonaws.com/photos/115240442/medium.jpg,,"","",1,0,false,3,"Black Rock Mountain, Clayton, GA, US",34.9078888027,-83.4049842228,30,,,,30,,,false,,,great rhododendron,Rhododendron maximum,great rhododendron,Plantae,83059
70841785,11cca3bf-c0c1-49cf-9d0f-4f4afd451137,Sun Mar 07 2021 13:48:05 GMT-0500 (EST),2021-03-07,2021-03-07 19:48:05 +0100,Eastern Time (US & Canada),3949445,lorinowell,,2021-03-08 23:46:35 +0100,2021-03-14 05:09:24 +0100,needs_id,CC-BY-NC,https://www.inaturalist.org/observations/70841785,https://inaturalist-open-data.s3.amazonaws.com/photos/115864060/medium.jpg,,"",,1,0,false,3,"Tallulah Gorge State Park, Tallulah Falls, GA, US",34.7402633333,-83.3920833333,11,,,,11,,,false,,,great rhododendron,Rhododendron maximum,great rhododendron,Plantae,83059
71841673,87649f2d-e186-48ba-a73d-777c1036063e,Mon Mar 22 2021 15:44:11 GMT-0400 (EDT),2021-03-22,2021-03-22 20:44:11 +0100,Eastern Time (US & Canada),3713158,applegate2020,,2021-03-23 01:52:32 +0100,2024-02-01 02:36:45 +0100,research,CC-BY-NC,https://www.inaturalist.org/observations/71841673,https://inaturalist-open-data.s3.amazonaws.com/photos/117030847/medium.jpg,,"","",1,0,false,3,"Amicalola Falls State Park & Lodge, Dawsonville, GA, US",34.57122,-84.2415083333,4,,,,4,,open,false,,,great rhododendron,Rhododendron maximum,great rhododendron,Plantae,83059
71875186,d68997c0-9031-434c-986d-2ac4121ae3a1,Tue Mar 23 2021 10:53:46 GMT-0400 (EDT),2021-03-23,2021-03-23 15:53:46 +0100,Eastern Time (US & Canada),4132504,elizabeth_hall,Elizabeth Hall,2021-03-23 15:57:55 +0100,2021-03-25 16:14:44 +0100,needs_id,,https://www.inaturalist.org/observations/71875186,https://static.inaturalist.org/photos/117353733/medium.jpg,,"","",0,0,false,3,"Mount Vernon Hwy NE, Sandy Springs, GA, US",33.9288879783,-84.3677190912,44,,,,44,,,false,,,"",Rhododendron maximum,great rhododendron,Plantae,83059
71966022,5ab1d5f7-a6fb-4e21-ada7-d3c4dc134810,Wed Mar 24 2021 10:55:23 GMT-0400 (EDT),2021-03-24,2021-03-24 15:55:23 +0100,Eastern Time (US & Canada),3982078,zreynoso,,2021-03-24 20:20:01 +0100,2021-03-24 20:20:42 +0100,needs_id,CC-BY-NC,https://www.inaturalist.org/observations/71966022,https://inaturalist-open-data.s3.amazonaws.com/photos/117254111/medium.jpg,,"","",0,0,false,3,"Chattahoochee-Oconee National Forests, Young Harris, GA, US",34.9306533333,-83.8446666667,14,,,,14,,,false,,,"",Rhododendron maximum,great rhododendron,Plantae,83059
72085600,62e6b6b6-b0f2-4bc7-9e93-b9721cd478c1,Fri Mar 26 2021 09:36:42 GMT-0400 (EDT),2021-03-26,2021-03-26 14:36:42 +0100,Eastern Time (US & Canada),3986302,makwages,,2021-03-26 14:37:19 +0100,2021-03-26 14:45:31 +0100,needs_id,CC-BY-NC,https://www.inaturalist.org/observations/72085600,https://inaturalist-open-data.s3.amazonaws.com/photos/117471261/medium.jpg,,"","",0,0,false,3,"Chattahoochee-Oconee National Forests, Young Harris, GA, US",34.9308599082,-83.8449442922,22,,,,22,,,false,,,"",Rhododendron maximum,great rhododendron,Plantae,83059
72085633,e56ff4e3-8af8-4b0d-a5c7-5612ba00391a,Fri Mar 26 2021 09:37:54 GMT-0400 (EDT),2021-03-26,2021-03-26 14:37:54 +0100,Eastern Time (US & Canada),3986295,averyburris,,2021-03-26 14:38:21 +0100,2021-03-26 14:38:46 +0100,needs_id,CC-BY-NC,https://www.inaturalist.org/observations/72085633,https://inaturalist-open-data.s3.amazonaws.com/photos/117470729/medium.jpg,,"","",0,0,false,3,"Young Harris College, Young Harris, GA, US",34.9320309764,-83.8451006383,163,,,,163,,,false,,,"",Rhododendron maximum,great rhododendron,Plantae,83059
72489131,ec9a7087-489e-42a3-b9ab-ea01eeaeb259,Tue Mar 30 2021 12:30:43 GMT-0400 (EDT),2021-03-30,2021-03-30 18:30:43 +0200,Eastern Time (US & Canada),3966745,jacob_melton,Jake Melton,2021-03-31 01:58:03 +0200,2021-04-24 18:23:29 +0200,research,,https://www.inaturalist.org/observations/72489131,https://static.inaturalist.org/photos/118194230/medium.jpg,,"","A thicket forming shrub or small tree usually with short crooked stems and branches producing a compact crown. Leaves evergreen, simple, alternate; blades leathery, oblong, 4-12 in. long, 2-3in wide; tips pointed; bases tapered; margins revolute. Specimen found on Cohutta Wildlife Management Area ",1,0,false,3,"Chattahoochee-Oconee National Forests, Epworth, GA, US",34.8600916667,-84.51545,15,,,,15,,,false,,,great rhododendron,Rhododendron maximum,great rhododendron,Plantae,83059
72621952,f6bebf39-5359-44cd-9f8a-a1b4fde7726b,Thu Apr 01 2021 13:52:26 GMT-0400 (EDT),2021-04-01,2021-04-01 19:52:26 +0200,Eastern Time (US & Canada),3174303,anthonysuchan,Anthony Suchan,2021-04-01 20:14:14 +0200,2021-04-01 20:14:34 +0200,needs_id,,https://www.inaturalist.org/observations/72621952,https://static.inaturalist.org/photos/118436152/medium.jpg,,"","",0,0,false,3,"Chattahoochee-Oconee National Forests, Helen, GA, US",34.7608662313,-83.7081006733,3588,,,,3588,,,false,,,"",Rhododendron maximum,great rhododendron,Plantae,83059
72935557,d308e75a-7648-4c3c-8392-49ad6ae58d5d,Sun Apr 04 2021 16:54:49 GMT-0400 (EDT),2021-04-04,2021-04-04 22:54:49 +0200,Eastern Time (US & Canada),2905245,clauskk,,2021-04-04 22:55:41 +0200,2021-04-04 22:56:13 +0200,needs_id,CC-BY-NC,https://www.inaturalist.org/observations/72935557,https://inaturalist-open-data.s3.amazonaws.com/photos/119003370/medium.jpg,,"","",0,0,false,3,"Chattahoochee-Oconee National Forests, Hiawassee, GA, US",34.8164416667,-83.72428,11,,,,11,,,false,,,"",Rhododendron maximum,great rhododendron,Plantae,83059
73011849,6710527b-56f1-4c9a-8f14-824345b3e9d6,Mon Apr 05 2021 10:43:51 GMT-0400 (EDT),2021-04-05,2021-04-05 16:43:51 +0200,Eastern Time (US & Canada),4180255,aaron018,,2021-04-05 16:44:05 +0200,2021-04-05 16:44:20 +0200,needs_id,CC-BY-NC,https://www.inaturalist.org/observations/73011849,https://inaturalist-open-data.s3.amazonaws.com/photos/119145195/medium.jpg,,"","",0,0,false,3,"Ashton Woods Dr, Marietta, GA, US",33.9492453122,-84.4833919004,4,,,,4,,,false,,,"",Rhododendron maximum,great rhododendron,Plantae,83059
73252593,5c379b23-0186-44c7-8ba9-d99c7ad7b536,Tue Mar 23 2021 13:03:47 GMT-0500 (CDT),2021-03-23,2021-03-23 14:03:47 +0100,UTC,2291690,kasywd,,2021-04-08 03:00:37 +0200,2021-05-15 00:36:13 +0200,research,CC-BY-NC,https://www.inaturalist.org/observations/73252593,https://inaturalist-open-data.s3.amazonaws.com/photos/119574360/medium.jpg,,"","",1,0,false,3,"Chattahoochee-Oconee National Forests, Blue Ridge, GA, US",34.686195,-84.1946716667,5,,,,5,,,false,,,great rhododendron,Rhododendron maximum,great rhododendron,Plantae,83059
73956142,655503d4-c1c4-4730-8d75-18d28aa64745,Wed Apr 14 2021 12:42:19 GMT -0400 (EDT),2021-04-14,2021-04-14 18:42:19 +0200,Eastern Time (US & Canada),3910787,rpickens,,2021-04-14 19:15:53 +0200,2021-04-14 20:03:50 +0200,needs_id,CC-BY-NC,https://www.inaturalist.org/observations/73956142,https://inaturalist-open-data.s3.amazonaws.com/photos/120823100/medium.jpeg,,"",,0,0,false,333,"White County, US-GA, US",34.7604217529,-83.7121582031,10,,,,10,,,false,,,,Rhododendron maximum,great rhododendron,Plantae,83059
75087668,32c59eb6-02c2-4e8d-88b4-2850eeb92ed8,2021-03-19 5:20:55 PM GMT-05:00,2021-03-19,2021-03-19 23:20:55 +0100,Quito,2553704,robertward,Robert Ward,2021-04-24 22:36:55 +0200,2022-12-13 00:23:58 +0100,research,CC-BY-NC,https://www.inaturalist.org/observations/75087668,https://inaturalist-open-data.s3.amazonaws.com/photos/122798843/medium.jpeg,,"",,1,0,false,2,"Suches, GA 30572, USA",34.7395935058,-83.9718322753,,,,,,,open,false,gps,gps,great rhododendron,Rhododendron maximum,great rhododendron,Plantae,83059
75548890,e2ce3fb3-9f84-4c15-8713-34138be21c92,Wed Apr 28 2021 11:12:26 GMT-0400 (EDT),2021-04-28,2021-04-28 17:12:26 +0200,Eastern Time (US & Canada),382165,joshwalker,Josh Walker,2021-04-28 17:39:38 +0200,2024-09-25 18:44:51 +0200,research,CC-BY-NC,https://www.inaturalist.org/observations/75548890,https://inaturalist-open-data.s3.amazonaws.com/photos/123616385/medium.jpg,,"","",1,0,false,3,"Georgia, US",34.7896956262,-84.2288868569,30,,,,28790,obscured,open,true,,,great rhododendron,Rhododendron maximum,great rhododendron,Plantae,83059
75818880,474db00f-edd0-4171-85b2-f643a1a8dbd2,Fri Apr 30 2021 09:05:50 GMT-0400 (EDT),2021-04-30,2021-04-30 15:05:50 +0200,Eastern Time (US & Canada),10967,running_naturalist,Eli Dickerson,2021-04-30 16:08:16 +0200,2021-05-07 16:48:49 +0200,research,CC-BY-NC,https://www.inaturalist.org/observations/75818880,https://inaturalist-open-data.s3.amazonaws.com/photos/124066738/medium.jpg,,"","",1,0,false,3,"Fernbank Museum of Natural History, Atlanta, GA, US",33.7740383333,-84.3272466667,14,,,,14,,,false,,,great rhododendron,Rhododendron maximum,great rhododendron,Plantae,83059
75847026,1d9e3dc0-fbaa-4a4f-aff0-5f1c647f3fc2,Fri Apr 30 2021 10:38:57 GMT-0400 (EDT),2021-04-30,2021-04-30 16:38:57 +0200,Eastern Time (US & Canada),837373,ranger-rymy,Ryan Myers,2021-04-30 17:51:42 +0200,2021-05-01 02:54:53 +0200,research,CC-BY-NC,https://www.inaturalist.org/observations/75847026,https://inaturalist-open-data.s3.amazonaws.com/photos/124120299/medium.jpg,,"","",1,0,false,3,"Atlanta, GA, US",33.7766716667,-84.322045,30,,,,30,,,false,,,great rhododendron,Rhododendron maximum,great rhododendron,Plantae,83059
76211022,3e5bf7a0-4b8e-4b64-908b-3994bec0d037,2021-05-01 13:28:42,2021-05-01,2021-05-01 19:28:42 +0200,Eastern Time (US & Canada),762126,thewolftree,Chris,2021-05-01 19:29:35 +0200,2021-05-07 15:33:30 +0200,research,CC-BY-NC,https://www.inaturalist.org/observations/76211022,https://inaturalist-open-data.s3.amazonaws.com/photos/124673909/medium.jpeg,,"",,1,0,false,2,"Druid Hills, GA, USA",33.7774744,-84.32393406,12,,,,12,,,false,,,great rhododendron,Rhododendron maximum,great rhododendron,Plantae,83059
76576366,50bff891-4a58-475c-b344-f32480a860a8,Sun May 02 2021 11:57:13 GMT-0400 (EDT),2021-05-02,2021-05-02 17:57:13 +0200,Eastern Time (US & Canada),3058516,jenhop60,,2021-05-02 17:58:15 +0200,2021-05-03 14:04:18 +0200,research,CC-BY-NC,https://www.inaturalist.org/observations/76576366,https://inaturalist-open-data.s3.amazonaws.com/photos/125252190/medium.jpg,,"","",1,0,false,3,"Lula Lake Rd, Lookout Mountain, GA, US",34.9166258394,-85.3821074725,4,,,,4,,,false,,,great rhododendron,Rhododendron maximum,great rhododendron,Plantae,83059
76666913,b68db0c2-aa5e-4b2f-9b39-d7fb05c04ca2,Sun May 02 2021 11:35:24 GMT-0400 (EDT),2021-05-02,2021-05-02 17:35:24 +0200,Eastern Time (US & Canada),2089491,phillipsalzinger,Phillip Salzinger,2021-05-02 21:52:27 +0200,2024-09-25 18:35:48 +0200,research,CC0,https://www.inaturalist.org/observations/76666913,https://inaturalist-open-data.s3.amazonaws.com/photos/125394460/medium.jpg,,"","",2,0,false,3,"Emory University, Decatur, GA, US",33.795795,-84.3182616667,5,,,,5,,,false,,,great rhododendron,Rhododendron maximum,great rhododendron,Plantae,83059
77022151,11b1816e-70fd-4bc3-a65d-6b9a858bbc27,Mon May 03 2021 12:03:22 GMT-0400 (EDT),2021-05-03,2021-05-03 18:03:22 +0200,Eastern Time (US & Canada),10967,running_naturalist,Eli Dickerson,2021-05-03 20:26:41 +0200,2021-05-04 17:02:13 +0200,research,CC-BY-NC,https://www.inaturalist.org/observations/77022151,https://inaturalist-open-data.s3.amazonaws.com/photos/125959159/medium.jpg,,"","",1,0,false,3,"Atlanta, GA, US",33.7773966667,-84.3238916667,4,,,,4,,,false,,,great rhododendron,Rhododendron maximum,great rhododendron,Plantae,83059
77670293,1a3d3aa1-51d3-4cf2-b0d2-2d6c74059232,2021-05-06 6:31:07 PM EDT,2021-05-06,2021-05-07 00:31:07 +0200,Eastern Time (US & Canada),4210640,andrew_wooten,Andrew Wooten,2021-05-07 00:32:03 +0200,2022-08-11 00:13:19 +0200,needs_id,,https://www.inaturalist.org/observations/77670293,https://static.inaturalist.org/photos/127042303/medium.jpeg,,"",,0,0,false,2,"Ellijay, GA 30536, USA",34.7103269722,-84.414197,,,,,,,open,false,gps,gps,,Rhododendron maximum,great rhododendron,Plantae,83059
77776061,c899039c-9d1e-459c-a018-74f3ed5ab236,Sat May 01 2021 16:16:29 GMT-0400 (EDT),2021-05-01,2021-05-01 22:16:29 +0200,Eastern Time (US & Canada),1477890,alocastro,,2021-05-07 19:47:43 +0200,2021-05-10 14:39:53 +0200,research,CC-BY-NC,https://www.inaturalist.org/observations/77776061,https://inaturalist-open-data.s3.amazonaws.com/photos/127223644/medium.jpg,,"","",1,0,false,3,"Atlanta, GA, US",33.7774083333,-84.3239883333,,,,,,,,false,,,great rhododendron,Rhododendron maximum,great rhododendron,Plantae,83059
77980099,872cfb0a-d5e9-4cc3-a27a-b4096c601a08,Sat May 08 2021 16:52:44 GMT-0400 (EDT),2021-05-08,2021-05-08 22:52:44 +0200,Eastern Time (US & Canada),4267674,leana_gooriah,Leana Gooriah,2021-05-09 01:16:01 +0200,2021-05-09 01:16:22 +0200,needs_id,,https://www.inaturalist.org/observations/77980099,https://static.inaturalist.org/photos/127567251/medium.jpg,,"","",0,0,false,3,"Tallulah Gorge State Park, Tallulah Falls, GA, US",34.73830833,-83.39135833,5,,,,5,,,false,,,"",Rhododendron maximum,great rhododendron,Plantae,83059
77980934,9f3af588-a2dd-4528-a165-e9fa41700b69,2021-05-08 19:21:22,2021-05-08,2021-05-09 01:21:22 +0200,Eastern Time (US & Canada),2565520,terrll,terrll,2021-05-09 01:23:00 +0200,2021-05-09 01:23:23 +0200,needs_id,,https://www.inaturalist.org/observations/77980934,https://static.inaturalist.org/photos/127568881/medium.jpeg,,"",,0,0,false,2,"Lakemont, GA 30552, USA",34.7999784,-83.4188251,2799,,,,2799,,,false,,,great rhododendron,Rhododendron maximum,great rhododendron,Plantae,83059
78275864,6cc20c0a-afa2-4341-a06b-8fa720a1e12b,Wed Mar 31 2021 17:32:00 GMT-0400 (EDT),2021-03-31,2021-03-31 23:32:00 +0200,Eastern Time (US & Canada),2704235,grant-jones,Grant Jones,2021-05-10 23:32:37 +0200,2021-05-10 23:32:47 +0200,needs_id,CC-BY-NC,https://www.inaturalist.org/observations/78275864,https://inaturalist-open-data.s3.amazonaws.com/photos/128081278/medium.jpg,,"","",0,0,false,3,"Chattahoochee-Oconee National Forests, Suches, GA, US",34.7243644461,-84.0159047279,54692,,,,54692,,,false,,,"",Rhododendron maximum,great rhododendron,Plantae,83059
78770691,600712e9-fbfa-4b8c-a369-96793cf0f088,Sat May 08 2021 11:09:29 GMT-0400 (EDT),2021-05-08,2021-05-08 17:09:29 +0200,Eastern Time (US & Canada),951326,markmcknight,Mark McKnight,2021-05-15 02:14:00 +0200,2021-05-15 02:15:00 +0200,needs_id,CC-BY-NC,https://www.inaturalist.org/observations/78770691,https://inaturalist-open-data.s3.amazonaws.com/photos/127547553/medium.jpg,,"","",0,0,false,,"Lula Lake Rd, Lookout Mountain, GA, US",34.9218466667,-85.3826966667,4,,,,4,,,false,,,Rhododendron maximum,Rhododendron maximum,great rhododendron,Plantae,83059
78776863,6eeee3c5-f1dc-4d30-a15a-868a49825a52,Sat May 08 2021 10:54:15 GMT-0400 (EDT),2021-05-08,2021-05-08 16:54:15 +0200,Eastern Time (US & Canada),951326,markmcknight,Mark McKnight,2021-05-15 03:14:23 +0200,2024-09-19 18:49:24 +0200,research,CC-BY-NC,https://www.inaturalist.org/observations/78776863,https://inaturalist-open-data.s3.amazonaws.com/photos/128962948/medium.jpg,,"","",1,0,false,3,"Lula Lake Rd, Lookout Mountain, GA, US",34.9212716667,-85.3804783333,4,,,,4,,,false,,,great rhododendron,Rhododendron maximum,great rhododendron,Plantae,83059
78829104,0e33bd55-cf3a-42f5-a567-62cdc5860eab,Sat May 15 2021 09:14:05 GMT-0400 (EDT),2021-05-15,2021-05-15 15:14:05 +0200,Eastern Time (US & Canada),564584,zaqri,Zaqri,2021-05-15 15:43:25 +0200,2021-05-15 15:49:31 +0200,needs_id,,https://www.inaturalist.org/observations/78829104,https://static.inaturalist.org/photos/129056034/medium.jpg,,"","",0,0,false,3,"Chattahoochee-Oconee National Forests, Rabun Gap, GA, US",34.9722833333,-83.4068616667,74,,,,74,,,false,,,"",Rhododendron maximum,great rhododendron,Plantae,83059
79073236,55756a34-5d91-42d3-9dfe-50ca45fa798e,Sun May 16 2021 11:30:25 GMT-0400 (EDT),2021-05-16,2021-05-16 17:30:25 +0200,Eastern Time (US & Canada),2908457,joe682,Joe Sexton,2021-05-17 00:37:02 +0200,2025-06-24 19:11:35 +0200,research,,https://www.inaturalist.org/observations/79073236,https://static.inaturalist.org/photos/129474868/medium.jpg,,"","",1,0,false,3,United States,34.9271072407,-84.6382252665,4,,,,28762,obscured,open,true,,,great rhododendron,Rhododendron maximum,great rhododendron,Plantae,83059
79288998,81b68a4b-0875-4074-9779-2f39a1aa845c,Tue May 18 2021 12:38:52 GMT -0400 (EDT),2021-05-18,2021-05-18 18:38:52 +0200,Eastern Time (US & Canada),4236440,afoutch,,2021-05-18 18:39:16 +0200,2021-05-18 18:39:34 +0200,needs_id,CC-BY-NC,https://www.inaturalist.org/observations/79288998,https://inaturalist-open-data.s3.amazonaws.com/photos/129857519/medium.jpeg,,"",,0,0,false,333,Blue Ridge,34.9105987549,-84.3962097168,49,,,,49,,,false,,,,Rhododendron maximum,great rhododendron,Plantae,83059
79403520,b90b9383-7368-498d-bb7d-8f4302fa60ee,2021/05/15 8:43 AM MDT,2021-05-15,2021-05-15 16:43:00 +0200,Chihuahua,3808250,lyrae,Lyrae,2021-05-19 17:31:52 +0200,2021-05-19 17:31:52 +0200,needs_id,CC-BY-NC,https://www.inaturalist.org/observations/79403520,https://inaturalist-open-data.s3.amazonaws.com/photos/130052532/medium.jpg,,"",,0,0,false,,"Fulton, Georgia, United States",34.0143181997,-84.3615984,,,,,,,,false,,,Azalea Grande,Rhododendron maximum,great rhododendron,Plantae,83059
81070006,f63ed693-9db2-4d79-8126-6da90fddcd31,Mon May 31 2021 14:13:15 GMT-0400 (EDT),2021-05-31,2021-05-31 20:13:15 +0200,Eastern Time (US & Canada),1415322,heroicfauna,Sue Anne Brenner,2021-05-31 20:48:54 +0200,2021-06-07 12:13:46 +0200,research,CC-BY-NC,https://www.inaturalist.org/observations/81070006,https://inaturalist-open-data.s3.amazonaws.com/photos/132980750/medium.jpg,,"","",1,0,false,3,"Chattahoochee-Oconee National Forests, Ellijay, GA, US",34.8303031416,-84.5776921953,686,,,,686,,,false,,,great rhododendron,Rhododendron maximum,great rhododendron,Plantae,83059
81313788,5ce06c58-968e-469e-b2b0-7f61cc1c9efb,Wed Jun 02 2021 11:45:12 GMT-0400 (EDT),2021-06-02,2021-06-02 17:45:12 +0200,Eastern Time (US & Canada),3660756,gravityloom,,2021-06-02 17:47:47 +0200,2021-08-09 02:58:37 +0200,research,,https://www.inaturalist.org/observations/81313788,https://static.inaturalist.org/photos/133361197/medium.jpg,,"","",1,0,false,3,"Ranchette Rd, Milton, GA, US",34.1037049059,-84.3703088971,26,,,,26,,,false,,,great rhododendron,Rhododendron maximum,great rhododendron,Plantae,83059
81631487,5679113c-b1ec-4ec4-9620-32f55162fdf3,2021-06-04 11:07:27,2021-06-04,2021-06-04 17:07:27 +0200,Eastern Time (US & Canada),318224,laurenschramm,Lauren Schramm,2021-06-05 00:58:39 +0200,2025-07-19 21:16:00 +0200,research,CC-BY-NC,https://www.inaturalist.org/observations/81631487,https://inaturalist-open-data.s3.amazonaws.com/photos/133901792/medium.jpeg,,"",,1,0,false,2,"Chatsworth, GA 30705, USA",34.77867175,-84.7051270833,,,,,,,open,false,gps,gps,great rhododendron,Rhododendron maximum,great rhododendron,Plantae,83059
83567868,edc6c17f-4b85-44b2-9425-34a8bc8dafdb,Fri Jun 18 2021 10:15:14 GMT-0400 (EDT),2021-06-18,2021-06-18 16:15:14 +0200,Eastern Time (US & Canada),1801759,bronzit,Bronzit_poet,2021-06-19 01:13:50 +0200,2021-06-24 20:23:13 +0200,research,CC-BY-NC,https://www.inaturalist.org/observations/83567868,https://inaturalist-open-data.s3.amazonaws.com/photos/137262193/medium.jpg,,"","",1,0,false,3,"Chattahoochee-Oconee National Forests, Helen, GA, US",34.7617633333,-83.7121283333,15,,,,15,,,false,,,great rhododendron,Rhododendron maximum,great rhododendron,Plantae,83059
83864218,144c1873-441b-4848-afcb-bd431eaef436,2021-06-20 19:19:27,2021-06-20,2021-06-21 01:19:27 +0200,Eastern Time (US & Canada),9672,treeface,Gabriel Herrick,2021-06-21 01:20:48 +0200,2022-07-06 00:27:54 +0200,research,CC-BY-NC,https://www.inaturalist.org/observations/83864218,https://inaturalist-open-data.s3.amazonaws.com/photos/137816068/medium.jpeg,,"",,1,0,false,2,"Clayton, GA 30525, USA",34.8978111111,-83.3822388889,,,,,,,open,false,gps,gps,great rhododendron,Rhododendron maximum,great rhododendron,Plantae,83059
83864489,f63c8915-ac91-49ca-9996-f2f22ddf9de4,Sun Jun 20 2021 19:19:56 GMT-0400 (EDT),2021-06-20,2021-06-21 01:19:56 +0200,Eastern Time (US & Canada),939854,nhalstead,Neal Halstead,2021-06-21 01:23:02 +0200,2022-07-06 00:27:42 +0200,research,,https://www.inaturalist.org/observations/83864489,https://static.inaturalist.org/photos/137771257/medium.jpg,,"","",1,0,false,3,"Chattahoochee-Oconee National Forests, Clayton, GA, US",34.8977076311,-83.3821791046,78,,,,78,,open,false,,,great rhododendron,Rhododendron maximum,great rhododendron,Plantae,83059
83950021,268a9e93-06a8-4cec-8ef4-2e632c7ed3de,Sat Jun 19 2021 12:25:14 GMT-0600 (MDT),2021-06-19,2021-06-19 20:25:14 +0200,Mountain Time (US & Canada),1636847,chloehernandez1,Chloe Hernandez,2021-06-21 18:34:37 +0200,2022-07-06 00:27:27 +0200,research,,https://www.inaturalist.org/observations/83950021,https://static.inaturalist.org/photos/137922674/medium.jpg,,"","",1,0,false,3,"Chattahoochee-Oconee National Forests, Cleveland, GA, US",34.7190666667,-83.81157,13,,,,13,,open,false,,,great rhododendron,Rhododendron maximum,great rhododendron,Plantae,83059
84239194,969ce86d-e3cb-4259-82eb-8305e949369d,Wed Jun 23 2021 11:49:50 GMT -0400 (EDT),2021-06-23,2021-06-23 17:49:50 +0200,Eastern Time (US & Canada),4627969,shiftynick,,2021-06-24 00:45:07 +0200,2021-08-03 00:43:24 +0200,needs_id,CC-BY-NC,https://www.inaturalist.org/observations/84239194,https://inaturalist-open-data.s3.amazonaws.com/photos/148165463/medium.jpeg,,"",,0,0,false,333,"Fannin County, US-GA, US",34.9146728516,-84.1537399292,4,,,,4,,,false,,,,Rhododendron maximum,great rhododendron,Plantae,83059
84565001,486dff61-e34a-43ab-b88c-0692c8eac9b0,Sat Jun 26 2021 11:38:18 GMT-0400 (EDT),2021-06-26,2021-06-26 17:38:18 +0200,Eastern Time (US & Canada),1654278,dlehle,"",2021-06-26 18:00:26 +0200,2021-06-26 18:07:23 +0200,research,CC-BY-NC,https://www.inaturalist.org/observations/84565001,https://inaturalist-open-data.s3.amazonaws.com/photos/139002017/medium.jpg,,"","",1,0,false,3,"Chattahoochee-Oconee National Forests, Blairsville, GA, US",34.866245,-83.9751666667,8,,,,8,,,false,,,great rhododendron,Rhododendron maximum,great rhododendron,Plantae,83059
84565561,e61b63bc-011d-4c13-ba20-4ac489ec51e6,Sat Jun 26 2021 09:12:26 GMT-0600 (MDT),2021-06-26,2021-06-26 17:12:26 +0200,Mountain Time (US & Canada),1654278,dlehle,"",2021-06-26 18:04:07 +0200,2022-07-04 22:38:36 +0200,research,CC-BY-NC,https://www.inaturalist.org/observations/84565561,https://inaturalist-open-data.s3.amazonaws.com/photos/142163112/medium.jpg,,"","",1,0,false,3,"Chattahoochee-Oconee National Forests, Blairsville, GA, US",34.86578,-83.9753883333,8,,,,8,,open,false,,,great rhododendron,Rhododendron maximum,great rhododendron,Plantae,83059
84615875,d8a69aea-3c3a-4d93-a6bf-c5af6f0969b2,Wed Jun 23 2021 11:08:43 GMT-0400 (EDT),2021-06-23,2021-06-23 17:08:43 +0200,Eastern Time (US & Canada),1244091,rivrsingr,Sue Blakeman,2021-06-26 23:58:46 +0200,2022-07-04 22:38:26 +0200,research,,https://www.inaturalist.org/observations/84615875,https://static.inaturalist.org/photos/139089253/medium.jpg,,"","",1,0,false,3,"Chattahoochee-Oconee National Forests, Blairsville, GA, US",34.8508503731,-83.9317447348,9976,,,,9976,,open,false,,,great rhododendron,Rhododendron maximum,great rhododendron,Plantae,83059
84616655,8e1773ab-433c-4fe8-878b-f5c3e601e59f,Wed Jun 23 2021 11:09:13 GMT-0400 (EDT),2021-06-23,2021-06-23 17:09:13 +0200,Eastern Time (US & Canada),1244091,rivrsingr,Sue Blakeman,2021-06-27 00:05:10 +0200,2024-09-25 18:50:42 +0200,research,,https://www.inaturalist.org/observations/84616655,https://static.inaturalist.org/photos/139090744/medium.jpg,,"","",1,0,false,3,"Chattahoochee-Oconee National Forests, Suches, GA, US",34.73463,-83.97283,30,,,,30,,open,false,,,great rhododendron,Rhododendron maximum,great rhododendron,Plantae,83059
84702918,30c0e215-8487-454a-a377-cb46a264bc75,2021/06/19,2021-06-19,,Eastern Time (US & Canada),1110667,botanylicious,Sarah Kelsey,2021-06-27 16:45:45 +0200,2021-07-15 14:06:21 +0200,research,CC-BY-NC-SA,https://www.inaturalist.org/observations/84702918,https://inaturalist-open-data.s3.amazonaws.com/photos/139238495/medium.jpg,,"","",1,0,false,,"61 Tsalaki Trail, Helen, GA 30545, USA",34.6918245,-83.7679739,179,,,,179,,,false,,"",great rhododendron,Rhododendron maximum,great rhododendron,Plantae,83059
84722043,4b9eee5b-1a60-43f6-82f5-c337abe34bd2,Sun Jun 27 2021 10:22:13 GMT-0400 (EDT),2021-06-27,2021-06-27 16:22:13 +0200,Eastern Time (US & Canada),2131768,rheophytic,,2021-06-27 18:41:31 +0200,2022-07-04 22:36:34 +0200,research,CC-BY-NC,https://www.inaturalist.org/observations/84722043,https://inaturalist-open-data.s3.amazonaws.com/photos/139276094/medium.jpg,,"","",1,0,false,3,"Gilmer County, US-GA, US",34.7033605376,-84.3304804683,4,,,,4,,open,false,,,great rhododendron,Rhododendron maximum,great rhododendron,Plantae,83059
84898133,2a7af5f7-dbf5-437c-8a98-5d09a2bdd381,2021-06-27 11:41:16,2021-06-27,2021-06-27 18:41:16 +0200,Central Time (US & Canada),166526,chucksutherland,Chuck Sutherland,2021-06-28 23:07:45 +0200,2021-06-29 02:16:28 +0200,research,,https://www.inaturalist.org/observations/84898133,https://static.inaturalist.org/photos/139596438/medium.jpeg,,"",,1,0,false,2,"Epworth, GA 30541, USA",34.9816777778,-84.602725,,,,,,,,false,gps,gps,great rhododendron,Rhododendron maximum,great rhododendron,Plantae,83059
85102312,10d3fb22-37ff-437e-b343-dbdb350a1953,Fri Jun 25 2021 14:36:10 GMT-0400 (EDT),2021-06-25,2021-06-25 20:36:10 +0200,Eastern Time (US & Canada),982546,careth,Careth Arnold,2021-06-30 18:17:32 +0200,2021-07-18 15:19:38 +0200,research,,https://www.inaturalist.org/observations/85102312,https://static.inaturalist.org/photos/139965459/medium.jpg,,"","",1,0,false,3,"Gilmer County, US-GA, US",34.7863938837,-84.3060634356,332,,,,332,,,false,,,great rhododendron,Rhododendron maximum,great rhododendron,Plantae,83059
85154855,7084ca6b-cfbd-43bc-b25f-329e819ba280,2021/06/18 12:33 PM UTC,2021-06-18,2021-06-18 14:33:00 +0200,UTC,4159094,lippyous,Jonathan David Lipscomb | Lippy,2021-07-01 02:27:38 +0200,2025-10-31 17:07:49 +0100,research,CC-BY-NC,https://www.inaturalist.org/observations/85154855,https://inaturalist-open-data.s3.amazonaws.com/photos/140061645/medium.jpeg,,"",,2,0,false,,"1166 Captain McDonald Rd, Dahlonega, GA 30533, USA",34.5289708,-83.9629246,197,,,,197,,open,false,,,great rhododendron,Rhododendron maximum,great rhododendron,Plantae,83059
85340057,839ba6b7-5ee0-4779-9b8a-3658ade277e3,Thu Jul 01 2021 02:03:00 GMT-0400 (EDT),2021-07-01,2021-07-01 08:03:00 +0200,Eastern Time (US & Canada),957721,octoberjulie,Julie Brinkman McCracken,2021-07-02 16:44:39 +0200,2022-07-05 20:43:56 +0200,research,CC-BY-NC,https://www.inaturalist.org/observations/85340057,https://inaturalist-open-data.s3.amazonaws.com/photos/140397194/medium.jpg,,"","",1,0,false,3,"Chattahoochee-Oconee National Forests, Suches, GA, US",34.6732659148,-84.0116481153,42770,,,,42770,,open,false,,,great rhododendron,Rhododendron maximum,great rhododendron,Plantae,83059
85365388,1147bb9e-0726-4520-83fb-e3ad881cc14e,Thu Jul 01 2021 17:29:12 GMT -0400 (EDT),2021-07-01,2021-07-01 23:29:12 +0200,Eastern Time (US & Canada),4627969,shiftynick,,2021-07-02 20:11:37 +0200,2022-07-05 20:43:46 +0200,research,CC-BY-NC,https://www.inaturalist.org/observations/85365388,https://inaturalist-open-data.s3.amazonaws.com/photos/160345810/medium.jpeg,,"",,1,0,false,333,"Fannin County, US-GA, US",34.9147605896,-84.1536483765,4,,,,4,,open,false,,,great rhododendron,Rhododendron maximum,great rhododendron,Plantae,83059
85551750,1d83ca66-d5c0-42c4-bb3f-d7191a6d019a,2021-07-03 17:13:35,2021-07-03,2021-07-03 23:13:35 +0200,Eastern Time (US & Canada),1522718,amy561,Amy J. Guinn,2021-07-04 02:27:43 +0200,2025-11-30 15:57:29 +0100,research,,https://www.inaturalist.org/observations/85551750,https://static.inaturalist.org/photos/140777351/medium.jpeg,,"",,2,0,false,2,Yellow River Park,33.798557222,-84.0771440417,196,,,,196,,open,false,gps,gps,great rhododendron,Rhododendron maximum,great rhododendron,Plantae,83059
85660533,5090d0a2-ec18-4cfa-a787-1f746ae2dc52,Sun Jul 04 2021 15:03:43 GMT-0400 (EDT),2021-07-04,2021-07-04 21:03:43 +0200,Eastern Time (US & Canada),1247356,jkmauldin,,2021-07-04 21:04:20 +0200,2022-07-04 22:36:19 +0200,research,,https://www.inaturalist.org/observations/85660533,https://static.inaturalist.org/photos/140975821/medium.jpg,,"","",1,0,false,3,"Chattahoochee-Oconee National Forests, Blue Ridge, GA, US",34.8455966357,-84.2976215389,5,,,,5,,open,false,,,great rhododendron,Rhododendron maximum,great rhododendron,Plantae,83059
85705812,a9e6ef57-5279-4af8-8ce8-64c30c5c95a9,2021-07-04 10:58:17,2021-07-04,2021-07-04 16:58:17 +0200,Eastern Time (US & Canada),1468687,dwarfbomb,Jeffrey Turn,2021-07-05 02:44:36 +0200,2022-07-05 20:37:42 +0200,research,CC-BY-NC,https://www.inaturalist.org/observations/85705812,https://inaturalist-open-data.s3.amazonaws.com/photos/141059600/medium.jpeg,,"",,1,0,false,2,"Cleveland, GA 30528, USA",34.711148,-83.794646,,,,,,,open,false,gps,gps,great rhododendron,Rhododendron maximum,great rhododendron,Plantae,83059
85913448,49cc9d01-a69e-468e-a8b6-f539f7600e63,Tue Jun 22 2021 12:12:43 GMT-0500 (CDT),2021-06-22,2021-06-22 14:12:43 +0200,UTC,1830918,pgrace,,2021-07-06 16:29:23 +0200,2021-11-22 05:06:53 +0100,research,CC-BY-NC,https://www.inaturalist.org/observations/85913448,https://inaturalist-open-data.s3.amazonaws.com/photos/141440577/medium.jpg,,"","",1,0,false,3,"Chattahoochee-Oconee National Forests, Clayton, GA, US",34.9385333333,-83.5478833333,4,,,,4,,open,false,,,great rhododendron,Rhododendron maximum,great rhododendron,Plantae,83059
86211458,3aab79c8-2558-4c9a-b542-638cee1e5f38,Mon Jul 05 2021 15:51:52 GMT-0400 (EDT),2021-07-05,2021-07-05 21:51:52 +0200,Eastern Time (US & Canada),765430,billscanlan,Bill Scanlan,2021-07-08 23:40:26 +0200,2024-02-01 02:11:22 +0100,research,,https://www.inaturalist.org/observations/86211458,https://static.inaturalist.org/photos/141984687/medium.jpg,,"","",1,0,false,3,"Amicalola Falls State Park, Dawsonville, GA, US",34.5590216667,-84.2497166667,32,,,,32,,,false,,,great rhododendron,Rhododendron maximum,great rhododendron,Plantae,83059
86515932,03764130-1feb-4bf4-85f7-cafa059bcd8f,2021/07/10 2:15 PM CDT,2021-07-10,2021-07-10 21:15:00 +0200,Central Time (US & Canada),395895,wildlander,Jared Gorrell,2021-07-11 06:52:02 +0200,2022-07-05 20:00:50 +0200,research,CC-BY-NC,https://www.inaturalist.org/observations/86515932,https://inaturalist-open-data.s3.amazonaws.com/photos/142536210/medium.jpeg,,"","",1,0,false,,"Georgia, US",34.7064172329,-84.6890195418,122,,,,28790,obscured,open,true,,,great rhododendron,Rhododendron maximum,great rhododendron,Plantae,83059
86516025,e2564b22-3244-4d77-9de1-84f41e9feba7,2021/07/10 3:53 PM CDT,2021-07-10,2021-07-10 22:53:00 +0200,Central Time (US & Canada),395895,wildlander,Jared Gorrell,2021-07-11 06:52:19 +0200,2022-07-05 01:02:29 +0200,research,CC-BY-NC,https://www.inaturalist.org/observations/86516025,https://inaturalist-open-data.s3.amazonaws.com/photos/142536966/medium.jpeg,,"","",1,0,false,,"Gilmer County, GA, USA",34.8257115482,-84.5823669434,61,,,,61,,open,false,,,great rhododendron,Rhododendron maximum,great rhododendron,Plantae,83059
86693350,db3f3c77-d592-4085-b26c-f6a752fb61c3,2021/07/11 5:43 PM CDT,2021-07-11,2021-07-12 00:43:00 +0200,Central Time (US & Canada),56162,janetwright,Janet Wright,2021-07-12 12:16:46 +0200,2023-07-08 07:24:30 +0200,research,CC-BY-NC,https://www.inaturalist.org/observations/86693350,https://inaturalist-open-data.s3.amazonaws.com/photos/142861056/medium.jpeg,,"","Black Rock Mountain State Park, James Edmonds Trail",1,0,false,,"Rabun, Georgia, United States",34.9099611111,-83.4151916667,4,,,,4,,open,false,,,great rhododendron,Rhododendron maximum,great rhododendron,Plantae,83059
86775630,2518f7c5-61e3-45e0-b156-c7327379311c,2021/07/09 6:11 PM UTC,2021-07-09,2021-07-09 20:11:00 +0200,UTC,2884872,gaforestwatch,"",2021-07-12 23:25:07 +0200,2022-07-05 20:57:36 +0200,research,CC-BY-NC,https://www.inaturalist.org/observations/86775630,https://inaturalist-open-data.s3.amazonaws.com/photos/143006772/medium.jpg,,"",,1,0,false,,"Rabun, Georgia, United States",34.8529027778,-83.6110222222,10,,,,10,,open,false,,,great rhododendron,Rhododendron maximum,great rhododendron,Plantae,83059
86853294,734edb2f-3d3b-465e-a2ce-396a7212c8d1,Tue Jul 13 2021 09:31:08 GMT-0400 (EDT),2021-07-13,2021-07-13 15:31:08 +0200,Eastern Time (US & Canada),201284,limpkin,Robb Brumfield,2021-07-13 16:17:50 +0200,2022-07-05 21:02:47 +0200,research,,https://www.inaturalist.org/observations/86853294,https://static.inaturalist.org/photos/143153750/medium.jpg,,"","",1,0,false,3,"Chattahoochee-Oconee National Forests, Hiawassee, GA, US",34.8694083333,-83.8049783333,24,,,,24,,open,false,,,great rhododendron,Rhododendron maximum,great rhododendron,Plantae,83059
86972426,7078b391-f3ea-4dbe-a394-878011b3ee53,Wed Jul 14 2021 08:24:28 GMT-0400 (EDT),2021-07-14,2021-07-14 14:24:28 +0200,Eastern Time (US & Canada),201284,limpkin,Robb Brumfield,2021-07-14 14:25:29 +0200,2024-09-25 18:51:22 +0200,research,,https://www.inaturalist.org/observations/86972426,https://static.inaturalist.org/photos/143370795/medium.jpg,,"","",1,0,false,3,"Chattahoochee-Oconee National Forests, Hiawassee, GA, US",34.8189366667,-83.7345583333,5,,,,5,,open,false,,,great rhododendron,Rhododendron maximum,great rhododendron,Plantae,83059
87606172,1c5b4acd-dfec-4dcc-a49b-01991e709c58,Sun Jul 18 2021 15:48:00 GMT -0400 (EDT),2021-07-18,2021-07-18 21:48:00 +0200,Eastern Time (US & Canada),3240717,aemccrossin,,2021-07-18 21:48:25 +0200,2021-07-22 03:47:58 +0200,needs_id,CC-BY-NC,https://www.inaturalist.org/observations/87606172,https://inaturalist-open-data.s3.amazonaws.com/photos/145272854/medium.jpeg,,"",,0,0,false,333,Blairsville,34.7626075745,-83.930480957,4,,,,4,,,false,,,,Rhododendron maximum,great rhododendron,Plantae,83059
87670050,47d1ddb3-8afa-40c4-9457-0f7e694cfd3a,Sun Jul 18 2021 15:56:50 GMT-0400 (EDT),2021-07-18,2021-07-18 21:56:50 +0200,Eastern Time (US & Canada),1116198,falconkimberly,Kimberly Warner,2021-07-19 06:00:26 +0200,2022-07-05 20:08:23 +0200,research,,https://www.inaturalist.org/observations/87670050,https://static.inaturalist.org/photos/144568714/medium.jpg,,"","",1,0,false,3,"Chattahoochee-Oconee National Forests, Helen, GA, US",34.700345,-83.7900466667,11,,,,11,,open,false,,,great rhododendron,Rhododendron maximum,great rhododendron,Plantae,83059
88075198,8ddda0ed-ed53-4b74-bd41-dd386c133565,2021/07/19 5:28 PM HST,2021-07-19,2021-07-20 05:28:00 +0200,Hawaii,2565520,terrll,terrll,2021-07-22 04:16:39 +0200,2022-07-05 20:03:04 +0200,research,,https://www.inaturalist.org/observations/88075198,https://static.inaturalist.org/photos/145281989/medium.jpeg,,"",,2,0,false,,"Warwoman Dell, Georgia 30525, USA",34.8820362,-83.350992,1779,,,,1779,,open,false,,,great rhododendron,Rhododendron maximum,great rhododendron,Plantae,83059
88214393,a83d13e9-819f-4bad-96f0-ad11c8fb6ef4,Thu Jul 22 2021 11:42:01 GMT-0400 (EDT),2021-07-22,2021-07-22 17:42:01 +0200,Eastern Time (US & Canada),4159418,b_pittman,Brandy Pittman,2021-07-23 05:10:45 +0200,2022-07-05 20:02:36 +0200,research,,https://www.inaturalist.org/observations/88214393,https://static.inaturalist.org/photos/145523519/medium.jpg,,"","",1,0,false,3,"Chattahoochee-Oconee National Forests, Helen, GA, US",34.7108533333,-83.7913366667,4,,,,4,,open,false,,,great rhododendron,Rhododendron maximum,great rhododendron,Plantae,83059
88447755,6acf7bd3-fab8-4cfd-8a38-cdec077eb09a,2021/07/24 2:16 PM EDT,2021-07-24,2021-07-24 20:16:00 +0200,Eastern Time (US & Canada),3338788,novvictan,,2021-07-24 23:00:00 +0200,2022-07-04 22:37:26 +0200,research,CC-BY,https://www.inaturalist.org/observations/88447755,https://inaturalist-open-data.s3.amazonaws.com/photos/145930797/medium.jpeg,,"","",1,0,false,,"Georgia, US",34.6822878521,-83.9513676786,1196,,,,28790,obscured,open,true,,,great rhododendron,Rhododendron maximum,great rhododendron,Plantae,83059
88447759,d29e0142-1ebd-4a81-93c2-f30618e14797,2021/07/24 2:15 PM EDT,2021-07-24,2021-07-24 20:15:00 +0200,Eastern Time (US & Canada),3338788,novvictan,,2021-07-24 23:00:01 +0200,2022-07-04 22:37:40 +0200,research,CC-BY,https://www.inaturalist.org/observations/88447759,https://inaturalist-open-data.s3.amazonaws.com/photos/145930904/medium.jpeg,,"","",1,0,false,,"Georgia, US",34.6508343738,-83.8592323325,1196,,,,28790,obscured,open,true,,,great rhododendron,Rhododendron maximum,great rhododendron,Plantae,83059
88543659,1f5b6cb0-5bc5-4699-805f-c5c2039d2810,Sat Jul 24 2021 11:26:26 GMT-0400 (EDT),2021-07-24,2021-07-24 17:26:26 +0200,Eastern Time (US & Canada),4584657,jbmyers,,2021-07-25 16:29:50 +0200,2022-07-05 19:58:21 +0200,research,CC-BY-NC,https://www.inaturalist.org/observations/88543659,https://inaturalist-open-data.s3.amazonaws.com/photos/146101027/medium.jpg,,"","",1,0,false,3,"Chattahoochee-Oconee National Forests, Clarkesville, GA, US",34.6963466667,-83.4129466667,4,,,,4,,open,false,,,great rhododendron,Rhododendron maximum,great rhododendron,Plantae,83059
89686500,b8701497-e18e-4e75-a525-9cbd3c3b6ff1,Mon Aug 02 2021 12:56:27 GMT-0400 (EDT),2021-08-02,2021-08-02 18:56:27 +0200,Eastern Time (US & Canada),4550424,strigon,Alex Choi,2021-08-02 22:07:24 +0200,2021-08-02 22:08:10 +0200,needs_id,,https://www.inaturalist.org/observations/89686500,https://static.inaturalist.org/photos/148131401/medium.jpg,,"","",0,0,false,3,"Buford, GA, US",34.0560611667,-84.01054445,46,,,,46,,,false,,,"",Rhododendron maximum,great rhododendron,Plantae,83059
89847195,d945241d-5187-4099-b7e5-ad1c29fdc5c5,2021-08-03 13:58:57,2021-08-03,2021-08-03 19:58:57 +0200,Eastern Time (US & Canada),1796249,lms0229,,2021-08-04 01:47:20 +0200,2025-04-03 10:43:30 +0200,research,CC-BY-NC,https://www.inaturalist.org/observations/89847195,https://inaturalist-open-data.s3.amazonaws.com/photos/148413536/medium.jpeg,,"",,1,0,false,2,"Blue Ridge, GA 30513, USA",34.6653162669,-84.2287877575,12314,,,,12314,,open,false,gps,gps,great rhododendron,Rhododendron maximum,great rhododendron,Plantae,83059
89918664,de9e12d3-bb2e-44bf-943d-7fdd27fdbc2b,Tue Aug 03 2021 12:31:30 GMT-0400 (EDT),2021-08-03,2021-08-03 18:31:30 +0200,Eastern Time (US & Canada),4009310,cej15c,,2021-08-04 18:06:18 +0200,2024-09-25 18:51:51 +0200,research,CC-BY-NC,https://www.inaturalist.org/observations/89918664,https://inaturalist-open-data.s3.amazonaws.com/photos/148539853/medium.jpg,,"","",1,0,false,3,"Chattahoochee-Oconee National Forests, Helen, GA, US",34.75872833,-83.71031167,96,,,,96,,open,false,,,great rhododendron,Rhododendron maximum,great rhododendron,Plantae,83059
90222463,79e11f4f-50fd-4b1c-89b0-75bad4c81202,2021/08/03 10:39 PM SAST,2021-08-03,2021-08-03 22:39:00 +0200,Pretoria,567196,brenainn,Brendan O'Loughlin,2021-08-07 05:26:56 +0200,2025-09-22 19:01:00 +0200,needs_id,CC-BY,https://www.inaturalist.org/observations/90222463,https://inaturalist-open-data.s3.amazonaws.com/photos/149085902/medium.jpeg,,"","",0,0,false,,"Rabun County, GA, USA",34.8929702729,-83.3803238162,113,,,,113,,open,false,,,great rhododendron,Rhododendron maximum,great rhododendron,Plantae,83059
90451394,0d25abde-08ad-445f-b1b1-235a28e95b72,Sun Aug 08 2021 17:03:01 GMT-0400 (EDT),2021-08-08,2021-08-08 23:03:01 +0200,Eastern Time (US & Canada),256260,natureholic,,2021-08-08 23:09:33 +0200,2025-07-19 21:23:33 +0200,research,CC-BY-NC,https://www.inaturalist.org/observations/90451394,https://inaturalist-open-data.s3.amazonaws.com/photos/149494412/medium.jpg,,"","",2,0,false,3,"Chattahoochee-Oconee National Forests, Hiawassee, GA, US",34.8181141774,-83.7236426399,5,,,,5,,open,false,,,great rhododendron,Rhododendron maximum,great rhododendron,Plantae,83059
90451423,eee8af22-a640-46eb-8b06-8f7a0743e266,Sun Aug 08 2021 17:09:12 GMT-0400 (EDT),2021-08-08,2021-08-08 23:09:12 +0200,Eastern Time (US & Canada),256260,natureholic,,2021-08-08 23:09:45 +0200,2021-08-09 02:50:34 +0200,needs_id,CC-BY-NC,https://www.inaturalist.org/observations/90451423,https://inaturalist-open-data.s3.amazonaws.com/photos/149541552/medium.jpg,,"","",0,0,false,3,"Chattahoochee-Oconee National Forests, Hiawassee, GA, US",34.8208202331,-83.7225218717,4,,,,4,,,false,,,"",Rhododendron maximum,great rhododendron,Plantae,83059
91565663,897fec7d-18fe-40ea-b7b8-454723f61fa3,2021-08-17 15:24:17,2021-08-17,2021-08-17 21:24:17 +0200,Eastern Time (US & Canada),2785517,swampass,the swamp ass,2021-08-17 22:00:40 +0200,2022-01-12 00:57:15 +0100,research,CC-BY,https://www.inaturalist.org/observations/91565663,https://inaturalist-open-data.s3.amazonaws.com/photos/151482734/medium.jpeg,,"Appalachian Mountains, Great Rhododendron, Blue Ridge Mountains, Rhododendron maximum, Rhododendron",,1,0,false,2,"Clayton, GA 30525, USA",34.8341368808,-83.3678992465,9,,,,9,,open,false,,,great rhododendron,Rhododendron maximum,great rhododendron,Plantae,83059
92637071,3fb6c81b-a6f9-4cb8-9a2c-ff46fecb2382,2021-08-20 11:37:20,2021-08-20,2021-08-20 17:37:20 +0200,Eastern Time (US & Canada),106441,notacluegal,Jeanene Arrington-Fisher,2021-08-27 05:07:06 +0200,2021-08-27 05:07:18 +0200,needs_id,CC-BY,https://www.inaturalist.org/observations/92637071,https://inaturalist-open-data.s3.amazonaws.com/photos/153416379/medium.jpeg,,"",,0,0,false,2,"Dawson County, GA, USA",34.5833069722,-84.222566,,,,,,,,false,gps,gps,great rhododendron,Rhododendron maximum,great rhododendron,Plantae,83059
93730001,15d72e71-9b23-4292-962e-023ae1739498,2021-09-04 13:55:51,2021-09-04,2021-09-04 19:55:51 +0200,Eastern Time (US & Canada),2845825,regina130,Regina G,2021-09-05 18:02:09 +0200,2021-09-05 18:02:50 +0200,needs_id,,https://www.inaturalist.org/observations/93730001,https://static.inaturalist.org/photos/155388245/medium.jpeg,,"",,0,0,false,2,"Lakemont, GA 30552, USA",34.767803,-83.477169,,,,,,,,false,gps,gps,great rhododendron,Rhododendron maximum,great rhododendron,Plantae,83059
94746708,9813fa40-4cbb-47a1-9735-ec12c8150e1d,Sun Jul 04 2021 10:32:25 GMT-0400 (EDT),2021-07-04,2021-07-04 16:32:25 +0200,Eastern Time (US & Canada),4990311,charleslposeyjr,,2021-09-13 22:07:42 +0200,2022-07-04 22:37:06 +0200,research,CC-BY-NC,https://www.inaturalist.org/observations/94746708,https://inaturalist-open-data.s3.amazonaws.com/photos/157207605/medium.jpg,,"","",1,0,false,3,"Chattahoochee-Oconee National Forests, Suches, GA, US",34.6856723014,-84.0527173144,14766,,,,14766,,open,false,,,great rhododendron,Rhododendron maximum,great rhododendron,Plantae,83059
94749195,4d640d70-e9ef-4319-9230-938a83fbff2e,Thu Sep 02 2021 09:19:07 GMT-0400 (EDT),2021-09-02,2021-09-02 15:19:07 +0200,Eastern Time (US & Canada),1477890,alocastro,,2021-09-13 22:30:42 +0200,2021-09-13 22:31:03 +0200,needs_id,CC-BY-NC,https://www.inaturalist.org/observations/94749195,https://inaturalist-open-data.s3.amazonaws.com/photos/157211944/medium.jpg,,"","",0,0,false,3,"Delphine Dr, Decatur, GA, US",33.7367333333,-84.303405,65,,,,65,,,false,,,"",Rhododendron maximum,great rhododendron,Plantae,83059
95764537,5a58676f-c8ce-49d1-806d-a1838deb7b9d,Wed Sep 22 2021 11:48:09 GMT-0400 (EDT),2021-09-22,2021-09-22 17:48:09 +0200,Eastern Time (US & Canada),5029948,anobody_83,,2021-09-22 17:49:17 +0200,2021-09-22 17:49:34 +0200,needs_id,,https://www.inaturalist.org/observations/95764537,https://static.inaturalist.org/photos/159019734/medium.jpg,,"","",0,0,false,3,"Outdoor Activity Center, Atlanta, GA, US",33.7293694122,-84.4345023763,5,,,,5,,,false,,,"",Rhododendron maximum,great rhododendron,Plantae,83059
96098295,ca5864d1-b451-4a45-b278-bcfd368cbdd9,Sat Sep 25 2021 12:05:27 GMT-0400 (EDT),2021-09-25,2021-09-25 18:05:27 +0200,Eastern Time (US & Canada),4521790,hoop42,,2021-09-25 18:05:44 +0200,2022-01-29 19:30:00 +0100,research,CC-BY-NC,https://www.inaturalist.org/observations/96098295,https://inaturalist-open-data.s3.amazonaws.com/photos/159818243/medium.jpg,,"","",1,0,false,3,"Morgan Falls Park, Sandy Springs, GA, US",33.9717404204,-84.3802642111,41,,,,41,,open,false,,,great rhododendron,Rhododendron maximum,great rhododendron,Plantae,83059
96327044,77952107-3495-48dd-8b0c-9e78fcd348d3,2021-09-26 11:42:24,2021-09-26,2021-09-26 17:42:24 +0200,Eastern Time (US & Canada),4371401,sh0nf0x,Sean,2021-09-27 05:21:02 +0200,2025-10-06 01:09:29 +0200,needs_id,,https://www.inaturalist.org/observations/96327044,https://static.inaturalist.org/photos/160015077/medium.jpeg,,"",,0,0,false,2,"Blairsville, GA 30512, USA",34.748277,-83.943296,,,,,,,open,false,gps,gps,great rhododendron,Rhododendron maximum,great rhododendron,Plantae,83059
96494051,870b1334-2825-4b33-a373-b1116781f101,Tue Sep 28 2021 13:29:23 GMT -0400 (EDT),2021-09-28,2021-09-28 19:29:23 +0200,Eastern Time (US & Canada),4793851,chiefr,,2021-09-28 19:30:07 +0200,2025-07-22 05:49:07 +0200,research,CC-BY-NC,https://www.inaturalist.org/observations/96494051,https://inaturalist-open-data.s3.amazonaws.com/photos/160324469/medium.jpeg,,"",,1,0,false,333,"DeKalb County, US-GA, US",33.8065185547,-84.1382751465,70,,,,70,,open,false,,,great rhododendron,Rhododendron maximum,great rhododendron,Plantae,83059
96790628,7698cd97-ecbe-4292-83f6-f0fa0cf7da34,Sat Sep 25 2021 16:08:49 GMT-0400 (EDT),2021-09-25,2021-09-25 22:08:49 +0200,Eastern Time (US & Canada),3984757,aleeknoell,Alee Knoell,2021-10-01 17:31:40 +0200,2021-10-01 17:32:16 +0200,needs_id,,https://www.inaturalist.org/observations/96790628,https://static.inaturalist.org/photos/160852836/medium.jpg,,"","",0,0,false,3,"Chattahoochee-Oconee National Forests, Sautee Nacoochee, GA, US",34.73565333,-83.71365333,10,,,,10,,open,false,,,"",Rhododendron maximum,great rhododendron,Plantae,83059
96986107,08d2cc65-32ce-426a-9c3b-43f980dbeeff,2017/07/29 11:38 AM UTC,2017-07-29,2017-07-29 13:38:00 +0200,UTC,252899,tdhudgins,Derek Hudgins,2021-10-03 07:54:08 +0200,2022-07-05 19:54:56 +0200,research,CC-BY-NC,https://www.inaturalist.org/observations/96986107,https://inaturalist-open-data.s3.amazonaws.com/photos/161204195/medium.jpeg,,"",,1,0,false,,"Towns County, GA, USA",34.8720712481,-83.8100802021,181,,,,181,,open,false,,,great rhododendron,Rhododendron maximum,great rhododendron,Plantae,83059
96986715,f345747f-77e5-4034-820c-2879982a374c,2017/07/27 5:26 PM UTC,2017-07-27,2017-07-27 19:26:00 +0200,UTC,252899,tdhudgins,Derek Hudgins,2021-10-03 08:10:17 +0200,2022-07-05 19:55:10 +0200,research,CC-BY-NC,https://www.inaturalist.org/observations/96986715,https://inaturalist-open-data.s3.amazonaws.com/photos/161205411/medium.jpeg,,"",,1,0,false,,"White County, GA, USA",34.7573188558,-83.7096560532,55,,,,55,,open,false,,,great rhododendron,Rhododendron maximum,great rhododendron,Plantae,83059
97962054,68d80f23-0306-40d3-bc9d-d9dd8c574d9e,2021-10-08 09:14:59,2021-10-08,2021-10-08 16:14:59 +0200,Central Time (US & Canada),1290922,penguino,Joel,2021-10-12 02:58:46 +0200,2025-06-24 19:10:50 +0200,needs_id,CC-BY-NC,https://www.inaturalist.org/observations/97962054,https://inaturalist-open-data.s3.amazonaws.com/photos/163007869/medium.jpeg,,"",,1,0,false,2,"East Ellijay, GA 30540, USA",34.7812027778,-84.5904527778,,,,,,,open,false,gps,gps,great rhododendron,Rhododendron maximum,great rhododendron,Plantae,83059
99010950,ff4981e9-dbca-45d1-b2d5-9ebbf8a3ed5d,Fri Oct 22 2021 16:01:10 GMT -0400 (EDT),2021-10-22,2021-10-22 22:01:10 +0200,Eastern Time (US & Canada),4858111,virtuallinda,,2021-10-22 22:01:18 +0200,2022-12-15 21:39:58 +0100,research,CC-BY-NC,https://www.inaturalist.org/observations/99010950,https://inaturalist-open-data.s3.amazonaws.com/photos/165025834/medium.jpeg,,"",,1,0,false,333,Clayton,34.911441803,-83.3979492188,4,,,,4,,open,false,,,great rhododendron,Rhododendron maximum,great rhododendron,Plantae,83059
99815440,992057f5-4888-4545-a8fd-6b1ab416c9a1,Sat Oct 30 2021 12:16:46 GMT-0400 (EDT),2021-10-30,2021-10-30 18:16:46 +0200,Eastern Time (US & Canada),5017068,qbrady,,2021-10-30 22:04:01 +0200,2025-10-31 17:07:27 +0100,needs_id,CC-BY-NC,https://www.inaturalist.org/observations/99815440,https://inaturalist-open-data.s3.amazonaws.com/photos/166477397/medium.jpg,,"","",1,0,false,3,"Chattahoochee-Oconee National Forests, Cleveland, GA, US",34.6901403993,-83.9473819004,408,,,,408,,open,false,,,great rhododendron,Rhododendron maximum,great rhododendron,Plantae,83059
99925453,75c7a556-c18c-4a8f-a75e-1d46b37bd86e,2021-10-31 11:07:03,2021-10-31,2021-10-31 16:07:03 +0100,Eastern Time (US & Canada),2340981,rdz,Steve Raduns,2021-11-01 00:06:45 +0100,2022-12-15 21:40:10 +0100,research,,https://www.inaturalist.org/observations/99925453,https://static.inaturalist.org/photos/166688538/medium.jpeg,,"",,1,0,false,2,"Black Rock Mountain SP, Clayton, GA",34.9048721655,-83.4132825583,4,,,,4,,open,false,gps,gps,great rhododendron,Rhododendron maximum,great rhododendron,Plantae,83059
100010974,61547df6-42c7-4d5e-acdb-b1d20262e0cc,Mon Oct 25 2021 16:05:06 GMT-0400 (EDT),2021-10-25,2021-10-25 22:05:06 +0200,Eastern Time (US & Canada),4985894,spacecatmom,,2021-11-01 22:07:15 +0100,2021-11-01 22:07:21 +0100,needs_id,CC-BY-NC,https://www.inaturalist.org/observations/100010974,https://inaturalist-open-data.s3.amazonaws.com/photos/166854814/medium.jpg,,"","",0,0,false,3,"Black Rock Mountain State Park, Clayton, GA, US",34.9060883333,-83.4164283333,4,,,,4,,open,false,,,"",Rhododendron maximum,great rhododendron,Plantae,83059
100359721,efb4b877-28a2-4f5f-b472-799fb128f86e,2021/11/02 1:57 PM UTC,2021-11-02,2021-11-02 14:57:00 +0100,UTC,3930308,rewild2thrive,"",2021-11-06 02:11:16 +0100,2021-11-06 02:11:16 +0100,needs_id,CC-BY-NC,https://www.inaturalist.org/observations/100359721,https://inaturalist-open-data.s3.amazonaws.com/photos/167490742/medium.jpeg,,"","",0,0,false,,"Lookout Mountain, GA 30750, USA",34.973053332,-85.3505258859,217,,,,217,,open,false,,,Great Rhododendron,Rhododendron maximum,great rhododendron,Plantae,83059
100360204,3239efb4-0a6d-4b2a-bb70-f29445128e64,2021/11/02 2:00 PM UTC,2021-11-02,2021-11-02 15:00:00 +0100,UTC,3930308,rewild2thrive,"",2021-11-06 02:19:53 +0100,2024-07-01 23:25:08 +0200,needs_id,CC-BY-NC,https://www.inaturalist.org/observations/100360204,https://inaturalist-open-data.s3.amazonaws.com/photos/167491372/medium.jpeg,,"","",0,0,false,,"Lookout Mountain, GA 30750, USA",34.973053332,-85.3505258859,217,,,,217,,open,false,,,Great Rhododendron,Rhododendron maximum,great rhododendron,Plantae,83059
100629405,1477ad93-69e9-414a-9078-4842455c9f8d,Sun Nov 07 2021 09:02:47 GMT-0500 (EST),2021-11-07,2021-11-07 15:02:47 +0100,Eastern Time (US & Canada),1709572,daniel_observer,Daniel Patterson,2021-11-08 22:55:37 +0100,2023-07-08 09:02:50 +0200,needs_id,CC-BY,https://www.inaturalist.org/observations/100629405,https://inaturalist-open-data.s3.amazonaws.com/photos/167979593/medium.jpg,,"","",0,0,false,3,"Chattahoochee-Oconee National Forests, Hiawassee, GA, US",34.9471633333,-83.55227,34,,,,34,,open,false,,,"",Rhododendron maximum,great rhododendron,Plantae,83059
101004299,fe44495e-5649-45ef-994a-7261c4acc279,Sat Nov 13 2021 07:24:34 GMT-0500 (EST),2021-11-13,2021-11-13 13:24:34 +0100,Eastern Time (US & Canada),413739,asio-otus,Mark A Ray,2021-11-13 15:31:11 +0100,2021-11-13 15:32:03 +0100,needs_id,,https://www.inaturalist.org/observations/101004299,https://static.inaturalist.org/photos/168637915/medium.jpg,,"","",0,0,false,3,"Chattahoochee-Oconee National Forests, GA, US",34.8145216667,-83.4256133333,3,,,,3,,open,false,,,"",Rhododendron maximum,great rhododendron,Plantae,83059
101179163,dfcd84e3-b731-4cfa-a39b-85d2e5940637,Sun Nov 14 2021 17:00:41 GMT-0500 (EST),2021-11-14,2021-11-14 23:00:41 +0100,Eastern Time (US & Canada),1548745,vhayes,Valerie Hayes,2021-11-15 09:28:41 +0100,2021-11-15 09:28:57 +0100,needs_id,CC-BY-NC,https://www.inaturalist.org/observations/101179163,https://inaturalist-open-data.s3.amazonaws.com/photos/168941698/medium.jpg,,"","",0,0,false,3,"Rico Rd, Chattahoochee Hills, GA, US",33.53508,-84.7340783333,5,,,,5,,open,false,,,"",Rhododendron maximum,great rhododendron,Plantae,83059
101772648,7dcf95b0-75a1-475c-ae9d-0964996033d3,Tue Nov 23 2021 13:20:56 GMT-0500 (EST),2021-11-23,2021-11-23 19:20:56 +0100,Eastern Time (US & Canada),1343056,erictrot,,2021-11-23 19:21:32 +0100,2021-11-23 19:22:01 +0100,needs_id,,https://www.inaturalist.org/observations/101772648,https://static.inaturalist.org/photos/170004697/medium.jpg,,"","",0,0,false,3,"Tallulah Gorge State Park, Tallulah Falls, GA, US",34.7376837545,-83.3918637102,319,,,,319,,open,false,,,"",Rhododendron maximum,great rhododendron,Plantae,83059
102319838,fa0a2e0d-5054-413c-a267-b0ed3dcff7a7,2021/12/01 1:46 PM EST,2021-12-01,2021-12-01 19:46:00 +0100,Eastern Time (US & Canada),3892874,mjpapay,Michael J. Papay,2021-12-01 22:27:39 +0100,2021-12-03 05:30:25 +0100,research,CC-BY,https://www.inaturalist.org/observations/102319838,https://inaturalist-open-data.s3.amazonaws.com/photos/171011499/medium.jpg,,"","Mud Creek Falls, Georgia

At an outcrop that I call ""Shark Rock"" for its resemblance to the front of a Whale Shark. It is the happenstance of the branch arrangement of the Rhododendron that frames the rock in such a way as to allow the mind to imagine a glimpse of the mouth of a shark.",3,0,false,,"Mud Creek Falls, Sky Valley, GA 30537, USA",34.9831349,-83.333039,241,,,,241,,open,false,,,great rhododendron,Rhododendron maximum,great rhododendron,Plantae,83059
102538323,aedcf176-3047-4fd4-b61b-5c9bd35ca66d,2021/10/17 10:42 AM EDT,2021-10-17,2021-10-17 16:42:00 +0200,Eastern Time (US & Canada),1448882,casseljs,John C.,2021-12-05 17:20:56 +0100,2025-11-08 19:12:59 +0100,research,CC-BY-NC,https://www.inaturalist.org/observations/102538323,https://inaturalist-open-data.s3.amazonaws.com/photos/171429875/medium.jpeg,,"",,2,0,false,,"Lumpkin County, GA, USA",34.7077487272,-83.9143030562,61,,,,61,,open,false,,,great rhododendron,Rhododendron maximum,great rhododendron,Plantae,83059
102557628,44f85c09-e96e-4f34-9d32-25f3c144cd8c,2021-12-05 15:50:10,2021-12-05,2021-12-05 21:50:10 +0100,Eastern Time (US & Canada),3989031,brianna_johnson,Brianna Johnson,2021-12-05 21:50:49 +0100,2021-12-05 21:51:39 +0100,needs_id,,https://www.inaturalist.org/observations/102557628,https://static.inaturalist.org/photos/171467258/medium.jpeg,,"",,0,0,false,2,"Athens, GA 30607, USA",33.9864781732,-83.3832087088,9,,,,9,,open,false,,,great rhododendron,Rhododendron maximum,great rhododendron,Plantae,83059
103688377,03c6c82a-9a3c-4cdd-aa39-6c801e89aa30,Fri Dec 03 2021 12:44:01 GMT-0500 (EST),2021-12-03,2021-12-03 18:44:01 +0100,Eastern Time (US & Canada),3042803,ltirado,,2021-12-26 15:52:55 +0100,2021-12-29 22:54:26 +0100,research,CC-BY-NC,https://www.inaturalist.org/observations/103688377,https://inaturalist-open-data.s3.amazonaws.com/photos/173599189/medium.jpg,,"","",1,0,false,3,United States,34.8011396805,-83.5881589175,4,,,,28762,obscured,open,true,,,great rhododendron,Rhododendron maximum,great rhododendron,Plantae,83059
103688390,4f55e5b6-7a88-467d-973a-82f09138d8e2,2021/12/08 11:13 AM EST,2021-12-08,2021-12-08 17:13:00 +0100,Eastern Time (US & Canada),1769948,aymeelaurain,Aymee Laurain M.P.S.,2021-12-26 15:53:28 +0100,2021-12-26 15:53:28 +0100,needs_id,CC-BY-NC,https://www.inaturalist.org/observations/103688390,https://inaturalist-open-data.s3.amazonaws.com/photos/173599183/medium.jpg,,"",,0,0,false,,"Rock Creek Rd, Cherry Log, GA 30522, USA",34.7840135,-84.3021487,194,,,,194,,open,false,,,Great Rhododendron,Rhododendron maximum,great rhododendron,Plantae,83059
103843679,26ac850d-6777-4ba1-881e-dd8591713474,2021-12-28 16:05:32,2021-12-28,2021-12-28 22:05:32 +0100,Eastern Time (US & Canada),5233679,smithchr,,2021-12-28 22:06:35 +0100,2025-10-31 17:06:44 +0100,needs_id,CC-BY-NC,https://www.inaturalist.org/observations/103843679,https://inaturalist-open-data.s3.amazonaws.com/photos/179052468/medium.jpeg,,"",,1,0,false,2,"Cleveland, GA 30528, USA",34.70811152,-83.91514348,9,,,,9,,open,false,,,great rhododendron,Rhododendron maximum,great rhododendron,Plantae,83059
104195119,2b831e51-396e-4bc5-bb41-81e6480db929,Tue Dec 28 2021 17:30:17 GMT-0500 (EST),2021-12-28,2021-12-28 23:30:17 +0100,Eastern Time (US & Canada),2375094,loueaze_,,2022-01-02 18:46:00 +0100,2025-07-22 05:52:02 +0200,research,CC-BY-NC,https://www.inaturalist.org/observations/104195119,https://inaturalist-open-data.s3.amazonaws.com/photos/174570673/medium.jpg,,"","",1,0,false,3,"Chattahoochee-Oconee National Forests, Blue Ridge, GA, US",34.6663783333,-84.1800166667,30,,,,30,,open,false,,,great rhododendron,Rhododendron maximum,great rhododendron,Plantae,83059
104647273,dd1cb24d-4eca-40f1-b0a3-061a12e915bc,Sat Jan 08 2022 15:38:59 GMT-0500 (EST),2022-01-08,2022-01-08 21:38:59 +0100,Eastern Time (US & Canada),3944944,prestonthomas,Preston McDonald,2022-01-09 17:09:24 +0100,2022-01-09 17:41:56 +0100,research,CC-BY-NC,https://www.inaturalist.org/observations/104647273,https://inaturalist-open-data.s3.amazonaws.com/photos/175393421/medium.jpg,,"",The cool mountain stream reminds me of the refreshing Water of Life. That is Jesus. Seek Him!,1,0,false,3,"Chattahoochee-Oconee National Forests, Crandall, GA, US",34.9118257966,-84.681749028,6558,,,,6558,,open,false,,,great rhododendron,Rhododendron maximum,great rhododendron,Plantae,83059
104766999,8fb5a806-63b1-45f6-a82b-c55e9000a931,2021/09/05 4:16 PM EDT,2021-09-05,2021-09-05 22:16:00 +0200,Eastern Time (US & Canada),1140812,jaretz,Jessa,2022-01-11 18:08:15 +0100,2025-07-22 05:51:58 +0200,research,CC-BY-NC,https://www.inaturalist.org/observations/104766999,https://inaturalist-open-data.s3.amazonaws.com/photos/175624504/medium.jpg,,"",,1,0,false,,"Fannin County, GA, USA",34.8731730775,-84.4086263257,3906,,,,3906,,open,false,,,great rhododendron,Rhododendron maximum,great rhododendron,Plantae,83059
104978309,2a558db3-bba4-473d-9954-273188defe05,Sat Jan 15 2022 12:09:53 GMT-0500 (EST),2022-01-15,2022-01-15 18:09:53 +0100,Eastern Time (US & Canada),5107668,katmccurdy,,2022-01-15 18:10:27 +0100,2022-01-18 18:15:08 +0100,research,CC-BY-NC,https://www.inaturalist.org/observations/104978309,https://inaturalist-open-data.s3.amazonaws.com/photos/176028434/medium.jpg,,"","",3,0,false,3,"Lowery Rd, Morganton, GA, US",34.9218381368,-84.2291079077,326,,,,326,,open,false,,,great rhododendron,Rhododendron maximum,great rhododendron,Plantae,83059
105320997,c19f2654-640b-450f-884c-22eca7b5c939,Fri Jan 21 2022 13:10:30 GMT-0500 (EST),2022-01-21,2022-01-21 19:10:30 +0100,Eastern Time (US & Canada),5209562,lenfootehikeinn,Hike Inn,2022-01-21 19:15:06 +0100,2022-01-22 04:10:01 +0100,research,CC-BY-NC,https://www.inaturalist.org/observations/105320997,https://inaturalist-open-data.s3.amazonaws.com/photos/176689793/medium.jpg,,"","",1,0,false,3,"Chattahoochee-Oconee National Forests, Dawsonville, GA, US",34.5921870277,-84.2082415087,23,,,,23,,open,false,,,great rhododendron,Rhododendron maximum,great rhododendron,Plantae,83059
105539318,4bade1b3-6d9f-4508-920f-4cf0a57a8bb1,2021-12-30 12:59:11,2021-12-30,2021-12-30 19:59:11 +0100,Central Time (US & Canada),2680895,shawnsoter,Shawn Harris,2022-01-25 06:05:21 +0100,2025-11-05 18:16:04 +0100,research,,https://www.inaturalist.org/observations/105539318,https://inaturalist-open-data.s3.amazonaws.com/photos/177103291/medium.jpeg,,"",,1,0,false,2,"Clayton, GA 30525, USA",34.9054849722,-83.417304,,,,,,,open,false,gps,gps,great rhododendron,Rhododendron maximum,great rhododendron,Plantae,83059
105674014,9f6b6fc4-6d4d-4ab2-a92f-1e0038e5cc24,Thu Jan 27 2022 13:34:59 GMT-0500 (EST),2022-01-27,2022-01-27 19:34:59 +0100,Eastern Time (US & Canada),3922822,barnesfarmer,Barnesfarmer,2022-01-27 19:46:51 +0100,2022-01-27 19:47:08 +0100,needs_id,CC-BY-NC,https://www.inaturalist.org/observations/105674014,https://inaturalist-open-data.s3.amazonaws.com/photos/177357512/medium.jpg,,"","",0,0,false,3,"Chastain Memorial Park, Atlanta, GA, US",33.8766633333,-84.394975,10,,,,10,,open,false,,,"",Rhododendron maximum,great rhododendron,Plantae,83059
105688772,60e017d1-f29c-4321-bcbc-56a86e792e9a,2022/01/24 5:53 PM UTC,2022-01-24,2022-01-24 18:53:00 +0100,UTC,4159094,lippyous,Jonathan David Lipscomb | Lippy,2022-01-28 01:10:20 +0100,2025-10-31 17:06:23 +0100,research,CC-BY-NC,https://www.inaturalist.org/observations/105688772,https://inaturalist-open-data.s3.amazonaws.com/photos/177384701/medium.jpeg,,"",,1,0,false,,"Lumpkin County, GA, USA",34.526165623,-83.9587284415,58,,,,58,,open,false,,,great rhododendron,Rhododendron maximum,great rhododendron,Plantae,83059
105688777,b133401f-3e05-425e-a585-6e172eadb431,2022/01/26 2:34 PM UTC,2022-01-26,2022-01-26 15:34:00 +0100,UTC,4159094,lippyous,Jonathan David Lipscomb | Lippy,2022-01-28 01:10:21 +0100,2022-01-28 22:50:25 +0100,research,CC-BY-NC,https://www.inaturalist.org/observations/105688777,https://inaturalist-open-data.s3.amazonaws.com/photos/177385069/medium.jpeg,,"",,1,0,false,,"Lumpkin County, GA, USA",34.5251847318,-83.9585240673,107,,,,107,,open,false,,,great rhododendron,Rhododendron maximum,great rhododendron,Plantae,83059
105917330,7f09c524-89d8-4a21-a6f3-6d00bbf5a233,Mon Jan 31 2022 13:17:37 GMT-0500 (EST),2022-01-31,2022-01-31 19:17:37 +0100,Eastern Time (US & Canada),2292602,scryptid,Graceann Chaney,2022-01-31 19:18:09 +0100,2022-02-18 00:26:28 +0100,needs_id,,https://www.inaturalist.org/observations/105917330,https://static.inaturalist.org/photos/179769409/medium.jpg,,"","",0,0,false,3,"Chattahoochee-Oconee National Forests, Blairsville, GA, US",34.7404239263,-83.9239435989,279,,,,279,,open,false,,,"",Rhododendron maximum,great rhododendron,Plantae,83059
106193172,45aedb75-af5b-4473-a9d8-be97e1131160,Sat Feb 05 2022 10:31:26 GMT-0500 (EST),2022-02-05,2022-02-05 16:31:26 +0100,Eastern Time (US & Canada),764155,whatch11,Wes Hatch,2022-02-05 21:29:53 +0100,2022-02-05 21:30:22 +0100,needs_id,,https://www.inaturalist.org/observations/106193172,https://static.inaturalist.org/photos/178349183/medium.jpg,,"","",0,0,false,3,"Lowery Rd, Morganton, GA, US",34.9219849383,-84.2292135194,4,,,,4,,open,false,,,"",Rhododendron maximum,great rhododendron,Plantae,83059
106918659,5a4004bc-8c6e-45a5-9ac8-e2d5030cd3f9,Thu Feb 17 2022 09:53:59 GMT -0500 (EST),2022-02-17,2022-02-17 15:53:59 +0100,Eastern Time (US & Canada),1847665,raphealallen,,2022-02-17 15:54:07 +0100,2022-12-12 23:33:45 +0100,research,,https://www.inaturalist.org/observations/106918659,https://inaturalist-open-data.s3.amazonaws.com/photos/184854143/medium.jpeg,,"",,1,0,false,333,Rabun Gap,34.9427757263,-83.3871078491,271,,,,271,,open,false,,,great rhododendron,Rhododendron maximum,great rhododendron,Plantae,83059
107160940,22cc933d-f660-406f-8afe-ad52bde81e6e,Sun Feb 20 2022 12:44:58 GMT-0500 (EST),2022-02-20,2022-02-20 18:44:58 +0100,Eastern Time (US & Canada),1569532,infinitesupernova,"",2022-02-21 04:35:35 +0100,2024-09-25 18:53:31 +0200,research,CC-BY-NC,https://www.inaturalist.org/observations/107160940,https://inaturalist-open-data.s3.amazonaws.com/photos/180178442/medium.jpg,,"","",1,0,false,3,"Lackey Rd, Milton, GA, US",34.1032805,-84.389045,5,,,,5,,open,false,,,great rhododendron,Rhododendron maximum,great rhododendron,Plantae,83059
108054022,3aa316cf-be44-412f-a0fd-e9404ec0e986,2022-03-06 15:51:08,2022-03-06,2022-03-06 21:51:08 +0100,Eastern Time (US & Canada),2062581,barry98,Barry King,2022-03-06 21:51:41 +0100,2022-12-13 00:38:15 +0100,research,,https://www.inaturalist.org/observations/108054022,https://static.inaturalist.org/photos/181851718/medium.jpeg,,"",,2,0,false,2,"Clayton, GA 30525, USA",34.85698599,-83.55697005,7,,,,7,,open,false,,,great rhododendron,Rhododendron maximum,great rhododendron,Plantae,83059
108139488,72f51d4b-d837-425e-97ae-0e2c0ca93fcb,Sun Mar 06 2022 11:30:12 GMT-0500 (EST),2022-03-06,2022-03-06 17:30:12 +0100,Eastern Time (US & Canada),5312337,ceh0164,,2022-03-07 23:50:04 +0100,2022-03-23 19:48:16 +0100,research,CC-BY-NC,https://www.inaturalist.org/observations/108139488,https://inaturalist-open-data.s3.amazonaws.com/photos/182014611/medium.jpg,,"","",1,0,false,3,"Benton Mackaye, Cherry Log, GA, US",34.7861666667,-84.3059616667,6,,,,6,,open,false,,,great rhododendron,Rhododendron maximum,great rhododendron,Plantae,83059
108209615,44beaac7-1975-439b-9af5-d98ab2da511a,2022/03/08 11:54 AM CST,2022-03-08,2022-03-08 18:54:00 +0100,Central Time (US & Canada),395895,wildlander,Jared Gorrell,2022-03-09 01:36:41 +0100,2022-12-12 23:38:00 +0100,research,CC-BY-NC,https://www.inaturalist.org/observations/108209615,https://inaturalist-open-data.s3.amazonaws.com/photos/182143832/medium.jpeg,,"","",1,0,false,,"Union County, GA, USA",34.7688049379,-83.9475804193,61,,,,61,,open,false,,,great rhododendron,Rhododendron maximum,great rhododendron,Plantae,83059
108299902,da17e9ed-0994-4279-a341-63e321e46a3b,2022-03-06 14:58:33,2022-03-06,2022-03-06 20:58:33 +0100,Eastern Time (US & Canada),4097496,westhillsgator,,2022-03-10 14:34:21 +0100,2025-07-22 19:44:37 +0200,needs_id,CC-BY-NC-SA,https://www.inaturalist.org/observations/108299902,https://inaturalist-open-data.s3.amazonaws.com/photos/182315788/medium.jpeg,,"",,1,0,false,2,"Blairsville, GA 30512, USA",34.8023762997,-83.8056849,,,,,,,open,false,gps,gps,great rhododendron,Rhododendron maximum,great rhododendron,Plantae,83059
108319827,37e9092b-5a70-4a84-b1bc-c689925917a3,2022-03-06 16:36:10,2022-03-06,2022-03-06 22:36:10 +0100,Eastern Time (US & Canada),703773,lincolndurey,Lincoln Durey,2022-03-10 20:40:20 +0100,2023-02-23 16:10:23 +0100,needs_id,CC-BY,https://www.inaturalist.org/observations/108319827,https://static.inaturalist.org/photos/182351985/medium.jpeg,,"","Bob Callan Trail / Rottenwood Creek:
https://www.inaturalist.org/calendar/lincolndurey/2022/3/6",0,0,false,2,"Cumberland, Vinings, GA, USA",33.8837764582,-84.4438258186,4,,,,4,,open,false,gps,gps,great rhododendron,Rhododendron maximum,great rhododendron,Plantae,83059
108969334,dc6537b2-57d9-495b-aa31-4f56d16ee0c1,Sat Mar 19 2022 14:12:37 GMT-0400 (EDT),2022-03-19,2022-03-19 19:12:37 +0100,Eastern Time (US & Canada),4160103,arvande,,2022-03-19 19:12:40 +0100,2025-11-18 18:02:29 +0100,research,CC-BY-NC,https://www.inaturalist.org/observations/108969334,https://inaturalist-open-data.s3.amazonaws.com/photos/183582898/medium.jpg,,"","",1,0,false,3,"Unicoi State Park & Lodge, Sautee Nacoochee, GA, US",34.7273448974,-83.7201034788,4,,,,4,,open,false,,,great rhododendron,Rhododendron maximum,great rhododendron,Plantae,83059
109101115,323bdf0d-433a-4f32-899d-d30aaa7233b3,2022-03-20 16:04:12,2022-03-20,2022-03-20 21:04:12 +0100,Eastern Time (US & Canada),2763599,ngrauley,Nina Grauley,2022-03-21 01:16:11 +0100,2022-10-02 22:58:56 +0200,needs_id,CC-BY,https://www.inaturalist.org/observations/109101115,https://static.inaturalist.org/photos/183816483/medium.jpeg,,"",,0,0,false,2,Chatsworth,34.7659061261,-84.7699385136,5806,,,,5806,,open,false,gps,gps,great rhododendron,Rhododendron maximum,great rhododendron,Plantae,83059
109596239,1675d9d5-d4a2-4426-8f3f-783d08f7798b,2022/03/26 8:26 AM CDT,2022-03-26,2022-03-26 14:26:00 +0100,Central Time (US & Canada),56162,janetwright,Janet Wright,2022-03-27 01:02:47 +0100,2024-09-25 18:55:09 +0200,research,CC-BY-NC,https://www.inaturalist.org/observations/109596239,https://inaturalist-open-data.s3.amazonaws.com/photos/184741325/medium.jpeg,,"",Mesic slope forest,1,0,false,,"White, Georgia, United States",34.7053611111,-83.7883222222,4,,,,4,,open,false,,,great rhododendron,Rhododendron maximum,great rhododendron,Plantae,83059
109805627,1db2ed74-43ce-447e-85d6-77bf0b575b64,Tue Mar 22 2022 16:31:12 GMT-0400 (EDT),2022-03-22,2022-03-22 21:31:12 +0100,Eastern Time (US & Canada),5400965,jtgrace,,2022-03-29 04:32:22 +0200,2022-12-13 00:44:03 +0100,research,CC-BY-NC,https://www.inaturalist.org/observations/109805627,https://inaturalist-open-data.s3.amazonaws.com/photos/185135872/medium.jpg,,"","",1,0,false,3,"Young Harris, GA, US",34.9316716667,-83.8417,4,,,,4,,open,false,,,great rhododendron,Rhododendron maximum,great rhododendron,Plantae,83059
110423249,6bc593c3-952d-4545-b23a-e8e1916f6da0,Mon Apr 04 2022 16:02:33 GMT-0400 (EDT),2022-04-04,2022-04-04 22:02:33 +0200,Eastern Time (US & Canada),1381104,myoltix,Madeleine Kenyon,2022-04-04 22:05:12 +0200,2024-02-01 01:39:20 +0100,research,,https://www.inaturalist.org/observations/110423249,https://static.inaturalist.org/photos/186271823/medium.jpg,,"","",1,0,false,3,"Amicalola Falls State Park, Dawsonville, GA, US",34.5674383714,-84.2446428149,5,,,,5,,open,false,,,great rhododendron,Rhododendron maximum,great rhododendron,Plantae,83059
110457059,1d99f2a9-a5c0-49ea-9e73-ee5934e5ec4a,Tue Mar 22 2022 09:34:02 GMT-0400 (EDT),2022-03-22,2022-03-22 14:34:02 +0100,Eastern Time (US & Canada),5422648,mowens165,,2022-04-05 05:07:26 +0200,2022-04-05 05:07:33 +0200,needs_id,CC-BY-NC,https://www.inaturalist.org/observations/110457059,https://inaturalist-open-data.s3.amazonaws.com/photos/186336334/medium.jpg,,"",near cupid falls,0,0,false,3,"Thomas Town Rd, Young Harris, GA, US",34.934439005,-83.8424005841,16,,,,16,,open,false,,,"",Rhododendron maximum,great rhododendron,Plantae,83059
110511280,b1425707-de77-4c02-803f-33d5c181969a,2022-04-05 10:19:58,2022-04-05,2022-04-05 16:19:58 +0200,Eastern Time (US & Canada),1449482,anthony296,Anthony A Simmons,2022-04-05 21:26:32 +0200,2023-08-21 21:22:23 +0200,needs_id,CC0,https://www.inaturalist.org/observations/110511280,https://inaturalist-open-data.s3.amazonaws.com/photos/186432950/medium.jpeg,,"",,0,0,false,2,"Clayton, GA 30525, USA",34.8812937,-83.3562426,,,,,,,open,false,gps,gps,great rhododendron,Rhododendron maximum,great rhododendron,Plantae,83059
112473403,2be65271-a01a-4aee-a20b-2a1c15c2dd74,2022-04-22 18:35:56,2022-04-22,2022-04-23 00:35:56 +0200,Eastern Time (US & Canada),1110667,botanylicious,Sarah Kelsey,2022-04-23 05:11:40 +0200,2022-05-02 04:50:04 +0200,research,CC-BY-NC-SA,https://www.inaturalist.org/observations/112473403,https://inaturalist-open-data.s3.amazonaws.com/photos/189975800/medium.jpeg,,"",,1,0,false,2,Warwoman Dell,34.8820354023,-83.350991942,1779,,,,1779,,open,false,gps,gps,great rhododendron,Rhododendron maximum,great rhododendron,Plantae,83059
112544380,ade79d88-d7b8-4786-9083-8f2d7fb2ff35,2022-04-23 13:27:30,2022-04-23,2022-04-23 19:27:30 +0200,Eastern Time (US & Canada),4692129,betsy157,Betsy,2022-04-23 19:36:27 +0200,2022-12-12 23:48:29 +0100,research,,https://www.inaturalist.org/observations/112544380,https://static.inaturalist.org/photos/190097922/medium.jpeg,,"",,1,0,false,2,"Towns County, US-GA, US",34.87774013,-83.80956087,3,,,,3,,open,false,,,great rhododendron,Rhododendron maximum,great rhododendron,Plantae,83059
113390042,c1713463-4a5d-4649-90ea-07b348658dc0,2022-04-29 09:25:15-04:00,2022-04-29,2022-04-29 15:25:15 +0200,Eastern Time (US & Canada),2478213,pattie7681,,2022-04-29 15:25:23 +0200,2022-08-10 20:35:16 +0200,needs_id,CC-BY-NC,https://www.inaturalist.org/observations/113390042,https://inaturalist-open-data.s3.amazonaws.com/photos/191583674/medium.jpg,,"","",0,0,false,3,"Tallulah Gorge State Park, Tallulah Falls, GA, US",34.7402024453,-83.3920228121,4,,,,4,,open,false,,,"",Rhododendron maximum,great rhododendron,Plantae,83059
114296471,7b850e32-ba01-465e-a842-eebfed8324c7,2022/05/01 11:55 AM,2022-05-01,2022-05-01 17:55:00 +0200,Eastern Time (US & Canada),818823,bryophilo,Steve,2022-05-01 19:16:00 +0200,2025-11-03 02:21:54 +0100,research,CC-BY-NC,https://www.inaturalist.org/observations/114296471,https://inaturalist-open-data.s3.amazonaws.com/photos/193019270/medium.jpeg,,"",,1,0,false,,"932 Scott Blvd, Decatur, GA 30030, United States",33.786119,-84.3036992,191,,,,191,,open,false,,,great rhododendron,Rhododendron maximum,great rhododendron,Plantae,83059
114310057,27014572-dafe-4de9-9550-b5562c0dc07d,Sun May 01 2022 13:45:50 GMT -0400 (EDT),2022-05-01,2022-05-01 19:45:50 +0200,Eastern Time (US & Canada),2375,texantiff,Tiffany Ritter,2022-05-01 19:46:36 +0200,2022-05-01 19:46:46 +0200,needs_id,,https://www.inaturalist.org/observations/114310057,https://static.inaturalist.org/photos/193041282/medium.jpeg,,"",,0,0,false,333,Dawsonville,34.5625114441,-84.2479324341,4,,,,4,,open,false,,,,Rhododendron maximum,great rhododendron,Plantae,83059
115163209,5d5bb1a7-250c-4af1-be2a-471c1b9e7a90,2022-05-02 13:53:20,2022-05-02,2022-05-02 19:53:20 +0200,Eastern Time (US & Canada),2803667,ladyroseeyes,Rebecca Satterley,2022-05-03 19:24:23 +0200,2022-05-04 04:18:21 +0200,needs_id,CC-BY-NC,https://www.inaturalist.org/observations/115163209,https://inaturalist-open-data.s3.amazonaws.com/photos/194396130/medium.jpeg,,"",,0,0,false,2,"Union County, US-GA, US",34.75381751,-83.89499644,9,,,,9,,open,false,,,,Rhododendron maximum,great rhododendron,Plantae,83059
115801900,40bf2c7c-dbd9-4248-b5d8-4d8a19359d94,2022-05-06 17:37:38,2022-05-06,2022-05-06 23:37:38 +0200,Eastern Time (US & Canada),5639559,adam1402,adam Crisp,2022-05-06 23:38:01 +0200,2022-05-06 23:40:22 +0200,needs_id,"",https://www.inaturalist.org/observations/115801900,https://static.inaturalist.org/photos/195443622/medium.jpeg,,"",,0,0,false,2,"Blairsville, GA 30512, USA",34.8870183333,-83.9989116667,2,,,,2,,open,false,,,great rhododendron,Rhododendron maximum,great rhododendron,Plantae,83059
115996660,eac32495-1e31-4873-97bb-d030d90f226e,2022/05/07 9:58 AM,2022-05-07,2022-05-07 15:58:00 +0200,Eastern Time (US & Canada),4687362,orion-,,2022-05-08 01:43:38 +0200,2026-04-19 18:11:33 +0200,research,CC-BY-NC,https://www.inaturalist.org/observations/115996660,https://inaturalist-open-data.s3.amazonaws.com/photos/195774599/medium.jpeg,,"","",1,0,false,,"Union County, GA, USA",34.7364275464,-83.9270703781,842,,,,842,,open,false,,,great rhododendron,Rhododendron maximum,great rhododendron,Plantae,83059
116358150,27ea35f6-7833-4993-995c-c3c4e03760b2,2022/05/02 2:50 PM,2022-05-02,2022-05-02 20:50:00 +0200,Eastern Time (US & Canada),4159094,lippyous,Jonathan David Lipscomb | Lippy,2022-05-10 02:43:24 +0200,2022-05-10 02:43:24 +0200,needs_id,CC-BY-NC,https://www.inaturalist.org/observations/116358150,https://inaturalist-open-data.s3.amazonaws.com/photos/196398029/medium.jpeg,,"",,0,0,false,,"Lumpkin County, GA, USA",34.5036529546,-83.989012419,498,,,,498,,open,false,,,Great Rhododendron,Rhododendron maximum,great rhododendron,Plantae,83059
117907057,fd889fce-07d3-4dc6-930e-a7f117cc588c,2022-05-20 10:57:15-04:00,2022-05-20,2022-05-20 16:57:15 +0200,Eastern Time (US & Canada),2768296,hakie,,2022-05-20 21:39:12 +0200,2022-05-20 21:40:54 +0200,needs_id,CC-BY-NC,https://www.inaturalist.org/observations/117907057,https://inaturalist-open-data.s3.amazonaws.com/photos/199162988/medium.jpg,,"","",0,0,false,3,"Slaughter Creek Rd, Suches, GA, US",34.7352262508,-83.9709218779,24,,,,24,,open,false,,,"",Rhododendron maximum,great rhododendron,Plantae,83059
119957097,ea4fe9fd-64d3-4d4b-ba0a-d3e4f1884f0e,2022-06-02 08:09:25,2022-06-02,2022-06-02 14:09:25 +0200,Eastern Time (US & Canada),785399,cricketfrog13,"",2022-06-03 03:44:10 +0200,2022-06-03 03:44:32 +0200,needs_id,CC-BY-NC,https://www.inaturalist.org/observations/119957097,https://inaturalist-open-data.s3.amazonaws.com/photos/202838849/medium.jpeg,,"",,0,0,false,2,"Tallulah Falls, GA, USA",34.7369817,-83.3892076,,,,,,,open,false,gps,gps,great rhododendron,Rhododendron maximum,great rhododendron,Plantae,83059
121031682,bdf65feb-fa40-475c-8901-8bb9367e5bf2,Thu Jun 09 2022 16:16:36 GMT-0400 (EDT),2022-06-09,2022-06-09 22:16:36 +0200,Eastern Time (US & Canada),710410,tuataratuatarae,Nick Chang,2022-06-10 02:36:09 +0200,2025-11-03 02:20:34 +0100,needs_id,,https://www.inaturalist.org/observations/121031682,https://static.inaturalist.org/photos/204768362/medium.jpg,,"",Rhododendron x bakeri is supposed to occur here…,1,0,false,3,"Georgia, US",33.7636622621,-84.3270784398,65,,,,28930,obscured,open,true,,,great rhododendron,Rhododendron maximum,great rhododendron,Plantae,83059
121440083,e5c0b14e-bcfb-4a0b-af68-fdba030156bd,2022-06-12 12:27:45,2022-06-12,2022-06-12 18:27:45 +0200,Eastern Time (US & Canada),1265789,jonathan395,Jonathan Rutland,2022-06-12 18:57:45 +0200,2022-06-12 19:45:21 +0200,needs_id,,https://www.inaturalist.org/observations/121440083,https://static.inaturalist.org/photos/205497149/medium.jpeg,,"",,0,0,false,2,"Hiawassee, GA 30546, USA",34.820928,-83.722262,,,,,,,open,false,gps,gps,,Rhododendron maximum,great rhododendron,Plantae,83059
121484404,659bed54-0caf-44ac-b8d1-42724665c6f5,2022-06-12 12:14:40-04:00,2022-06-12,2022-06-12 18:14:40 +0200,Eastern Time (US & Canada),525476,whitneybrook,Whitney Brook Matson,2022-06-12 22:57:49 +0200,2023-01-13 04:45:14 +0100,research,CC0,https://www.inaturalist.org/observations/121484404,https://inaturalist-open-data.s3.amazonaws.com/photos/205574195/medium.jpg,,"","",1,0,false,3,"High Shoals, Hiawassee, GA, US",34.8180666667,-83.7237166667,4,,,,4,,open,false,,,great rhododendron,Rhododendron maximum,great rhododendron,Plantae,83059
121485668,26072ae4-5f2e-4609-be15-ad017b8c035e,2022-06-12 13:47:04-04:00,2022-06-12,2022-06-12 19:47:04 +0200,Eastern Time (US & Canada),525476,whitneybrook,Whitney Brook Matson,2022-06-12 23:04:56 +0200,2023-01-13 04:45:14 +0100,research,CC0,https://www.inaturalist.org/observations/121485668,https://inaturalist-open-data.s3.amazonaws.com/photos/205576523/medium.jpg,,"","",1,0,false,3,"High Shoals, Hiawassee, GA, US",34.82267,-83.7214366667,4,,,,4,,open,false,,,great rhododendron,Rhododendron maximum,great rhododendron,Plantae,83059
121514936,95b05c26-2164-40cf-98f7-2e0f46cf7e76,2022-06-12 18:56:46-04:00,2022-06-12,2022-06-13 00:56:46 +0200,Eastern Time (US & Canada),2888544,mcanglin,Morgan Anglin,2022-06-13 02:25:33 +0200,2022-06-13 22:08:26 +0200,research,CC-BY-NC,https://www.inaturalist.org/observations/121514936,https://inaturalist-open-data.s3.amazonaws.com/photos/205631130/medium.jpg,,"","",1,0,false,3,"Cherokee Trail, Sautee Nacoochee, GA, US",34.7234216667,-83.674705,72,,,,72,,open,false,,,great rhododendron,Rhododendron maximum,great rhododendron,Plantae,83059
121628558,8ce8ee77-41ba-4f77-b843-cb4995fdf489,2022-06-13 09:13:29,2022-06-13,2022-06-13 15:13:29 +0200,Eastern Time (US & Canada),1077572,joecain,David,2022-06-13 21:13:33 +0200,2022-06-13 22:07:33 +0200,research,CC-BY-NC,https://www.inaturalist.org/observations/121628558,https://inaturalist-open-data.s3.amazonaws.com/photos/205838121/medium.jpeg,,"",,1,0,false,2,"Rabun County, US-GA, US",34.8683431997,-83.3424026997,,,,,,,open,false,gps,gps,great rhododendron,Rhododendron maximum,great rhododendron,Plantae,83059
121653519,e181c0fd-cefa-4eb2-8c21-cd5269e1b55d,2022-06-13 12:12:01,2022-06-13,2022-06-13 18:12:01 +0200,Eastern Time (US & Canada),1808743,clairejarvis,Claire Jarvis,2022-06-14 00:18:26 +0200,2025-10-31 17:00:07 +0100,research,,https://www.inaturalist.org/observations/121653519,https://static.inaturalist.org/photos/205885125/medium.jpeg,,"",,1,0,false,2,"Cleveland, GA 30528, USA",34.7002155997,-83.8861356,,,,,,,open,false,gps,gps,great rhododendron,Rhododendron maximum,great rhododendron,Plantae,83059
121680761,ee81ea27-b245-41d3-aa9d-e6f7f085a5da,2022-06-13 19:43:38-04:00,2022-06-13,2022-06-14 01:43:38 +0200,Eastern Time (US & Canada),5809599,mnewland1,,2022-06-14 04:21:52 +0200,2022-06-20 15:03:04 +0200,research,CC-BY-NC,https://www.inaturalist.org/observations/121680761,https://inaturalist-open-data.s3.amazonaws.com/photos/205936479/medium.jpg,,"",Beautiful rhododendron ,1,0,false,3,"Black Rock Mountain State Park, Clayton, GA, US",34.921395,-83.41078,10,,,,10,,open,false,,,great rhododendron,Rhododendron maximum,great rhododendron,Plantae,83059
121753813,6b999ec6-da23-478d-8b27-6bd5ab3017dc,2022-06-14 11:53:17-04:00,2022-06-14,2022-06-14 17:53:17 +0200,Eastern Time (US & Canada),1360960,tdita,Taylor DiTarando,2022-06-14 18:42:58 +0200,2025-10-23 03:46:35 +0200,research,CC-BY,https://www.inaturalist.org/observations/121753813,https://inaturalist-open-data.s3.amazonaws.com/photos/206067743/medium.jpg,,"","",2,0,false,3,"Appalachian Trail, Clarkesville, GA, US",34.9086833333,-83.62088,4,,,,4,,open,false,,,great rhododendron,Rhododendron maximum,great rhododendron,Plantae,83059
121874906,4a90b3f9-0aaf-4a82-aa24-5e3bd8d9d584,2022-06-15 08:27:18-04:00,2022-06-15,2022-06-15 14:27:18 +0200,Eastern Time (US & Canada),3756631,dabbs1x1,"",2022-06-15 16:21:59 +0200,2022-06-15 16:22:48 +0200,needs_id,CC-BY-NC,https://www.inaturalist.org/observations/121874906,https://inaturalist-open-data.s3.amazonaws.com/photos/206287337/medium.jpg,,"","",0,0,false,3,"Clayton, GA, US",34.867005,-83.339325,4,,,,4,,open,false,,,"",Rhododendron maximum,great rhododendron,Plantae,83059
122082085,eecd1b18-720f-415c-a58b-a42d702e5739,Thu Jun 16 2022 18:16:40 GMT -0400 (EDT),2022-06-16,2022-06-17 00:16:40 +0200,Eastern Time (US & Canada),4637438,t0bler0ne,,2022-06-17 00:16:57 +0200,2022-06-17 00:17:06 +0200,needs_id,CC-BY-NC,https://www.inaturalist.org/observations/122082085,https://inaturalist-open-data.s3.amazonaws.com/photos/206658348/medium.jpeg,,"",,0,0,false,333,Clayton,34.9076042175,-83.4089126587,10,,,,10,,open,false,,,,Rhododendron maximum,great rhododendron,Plantae,83059
122082531,8f2b4831-4321-4ac1-b20e-644070351c79,Thu Jun 16 2022 18:21:22 GMT -0400 (EDT),2022-06-16,2022-06-17 00:21:22 +0200,Eastern Time (US & Canada),4637438,t0bler0ne,,2022-06-17 00:21:31 +0200,2025-08-04 02:40:16 +0200,research,CC-BY-NC,https://www.inaturalist.org/observations/122082531,https://inaturalist-open-data.s3.amazonaws.com/photos/217765704/medium.jpeg,,"",,1,0,false,333,Clayton,34.9070625305,-83.408241272,4,,,,4,,open,false,,,great rhododendron,Rhododendron maximum,great rhododendron,Plantae,83059
122084870,3b6cd968-1e86-44b8-ad44-61bc172bea07,Thu Jun 16 2022 18:43:26 GMT -0400 (EDT),2022-06-16,2022-06-17 00:43:26 +0200,Eastern Time (US & Canada),3666975,stcookson,Stcookson,2022-06-17 00:45:12 +0200,2022-07-04 21:18:41 +0200,research,CC-BY-NC,https://www.inaturalist.org/observations/122084870,https://inaturalist-open-data.s3.amazonaws.com/photos/208243564/medium.jpeg,,"",,1,0,false,333,"Rabun County, US-GA, US",34.9305839539,-83.5073242188,65,,,,65,,open,false,,,great rhododendron,Rhododendron maximum,great rhododendron,Plantae,83059
122558175,935181fc-6cb4-4944-a5fd-3fcf77d75711,2022-06-19 16:25:50-04:00,2022-06-19,2022-06-19 22:25:50 +0200,Eastern Time (US & Canada),512855,cmtcrayton,Chris,2022-06-20 00:08:21 +0200,2025-08-04 02:40:15 +0200,research,CC-BY-NC-SA,https://www.inaturalist.org/observations/122558175,https://inaturalist-open-data.s3.amazonaws.com/photos/207512634/medium.jpg,,"","",2,0,false,3,"Rabun County, US-GA, Appalachian National Scenic Trail, US",34.9082796977,-83.6214614217,35,,,,35,,open,false,,,great rhododendron,Rhododendron maximum,great rhododendron,Plantae,83059
122575663,a217da16-5812-4821-a5be-7b171dea7c87,2022/06/18 10:59 AM,2022-06-18,2022-06-18 16:59:00 +0200,Eastern Time (US & Canada),4687362,orion-,,2022-06-20 02:15:24 +0200,2022-06-20 14:55:36 +0200,research,CC-BY-NC,https://www.inaturalist.org/observations/122575663,https://inaturalist-open-data.s3.amazonaws.com/photos/207546384/medium.jpg,,Todo,,1,0,false,,"Rabun County, GA, USA",34.9049740508,-83.4129900561,580,,,,580,,open,false,,,great rhododendron,Rhododendron maximum,great rhododendron,Plantae,83059
122690393,0f79e229-4ec2-45ca-8553-bffe1e8fab14,2022/06/17 10:29 AM,2022-06-17,2022-06-17 16:29:00 +0200,Eastern Time (US & Canada),2884872,gaforestwatch,"",2022-06-20 20:47:32 +0200,2022-07-05 23:59:45 +0200,research,CC-BY-NC,https://www.inaturalist.org/observations/122690393,https://inaturalist-open-data.s3.amazonaws.com/photos/207754038/medium.jpeg,,"",,1,0,false,,"White, Georgia, United States",34.7106166667,-83.7915722222,4,,,,4,,open,false,,,great rhododendron,Rhododendron maximum,great rhododendron,Plantae,83059
122722914,695783a0-4bf5-4552-901f-58763280193a,2022-06-20 18:20:48-04:00,2022-06-20,2022-06-21 00:20:48 +0200,Eastern Time (US & Canada),4758903,brittkb,,2022-06-21 00:33:52 +0200,2022-06-21 02:40:52 +0200,research,CC-BY-NC,https://www.inaturalist.org/observations/122722914,https://inaturalist-open-data.s3.amazonaws.com/photos/207825881/medium.jpg,,"","",1,0,false,3,"Dukes Creeks Falls, Helen, GA, US",34.7013738379,-83.7919305918,7,,,,7,,open,false,,,great rhododendron,Rhododendron maximum,great rhododendron,Plantae,83059
122879337,ba34ac02-5f1e-4c65-833e-ed23b1c06ddc,2022-06-21 10:11:59 AM EDT,2022-06-21,2022-06-21 16:11:59 +0200,Eastern Time (US & Canada),413548,northganaturalist,"",2022-06-22 01:37:29 +0200,2022-07-04 22:36:54 +0200,research,CC-BY-NC,https://www.inaturalist.org/observations/122879337,https://inaturalist-open-data.s3.amazonaws.com/photos/208100456/medium.jpeg,,"",,1,0,false,2,"Blue Ridge, GA 30513, USA",34.6528247418,-84.177742973,245,,,,245,,open,false,gps,gps,great rhododendron,Rhododendron maximum,great rhododendron,Plantae,83059
123104154,c6ac0289-ddf6-47ef-a0f4-7043bc979260,Sun Jun 19 2022 09:56:42 GMT -0400 (EDT),2022-06-19,2022-06-19 15:56:42 +0200,Eastern Time (US & Canada),4756362,ckozlosky,,2022-06-23 18:52:04 +0200,2022-07-04 21:18:35 +0200,research,CC-BY-NC,https://www.inaturalist.org/observations/123104154,https://inaturalist-open-data.s3.amazonaws.com/photos/208669268/medium.jpeg,,"",,1,0,false,333,"Rabun County, US-GA, US",34.9692764282,-83.46824646,18,,,,18,,open,false,,,great rhododendron,Rhododendron maximum,great rhododendron,Plantae,83059
123388101,741d6a7c-db41-4d15-98f1-6c982329aa24,2022-06-25 12:53:09-04:00,2022-06-25,2022-06-25 18:53:09 +0200,Eastern Time (US & Canada),304174,hugorlandohdz,,2022-06-25 18:55:46 +0200,2025-07-22 05:41:06 +0200,research,CC-BY-NC,https://www.inaturalist.org/observations/123388101,https://inaturalist-open-data.s3.amazonaws.com/photos/209019759/medium.jpg,,"","",1,0,false,3,"Georgia Mountain Fairgrounds, Hiawassee, GA, US",34.9667866667,-83.7699583333,104,,,,104,,open,false,,,Azalea grande,Rhododendron maximum,great rhododendron,Plantae,83059
123426875,0ec006cc-cf9a-4d58-beca-435f62e0edeb,2022-06-24 19:00:15-04:00,2022-06-24,2022-06-25 01:00:15 +0200,Eastern Time (US & Canada),460616,andrewswatson,,2022-06-25 23:18:28 +0200,2022-06-26 13:52:52 +0200,research,,https://www.inaturalist.org/observations/123426875,https://static.inaturalist.org/photos/209089547/medium.jpg,,"","",1,0,false,3,"SR-325, Blairsville, GA, US",34.9628966667,-84.085725,5,,,,5,,open,false,,,great rhododendron,Rhododendron maximum,great rhododendron,Plantae,83059
123440632,9c5b34eb-16a0-4998-bd37-d13cc4955cef,2022/06/16 3:15 AM,2022-06-16,2022-06-16 09:15:00 +0200,Eastern Time (US & Canada),2587013,georgewilliams1,George Williams,2022-06-26 00:58:52 +0200,2022-07-06 00:05:26 +0200,research,CC0,https://www.inaturalist.org/observations/123440632,https://inaturalist-open-data.s3.amazonaws.com/photos/209113625/medium.jpeg,,"",,1,0,false,,"White County, GA, USA",34.68392,-83.66889,,,,,,,open,false,,,great rhododendron,Rhododendron maximum,great rhododendron,Plantae,83059
123454050,59aceefb-b6ba-4d7c-9d43-be0e189fa6d7,2022/06/22 6:19 AM,2022-06-22,2022-06-22 12:19:00 +0200,Eastern Time (US & Canada),2587013,georgewilliams1,George Williams,2022-06-26 02:50:31 +0200,2022-07-06 00:05:40 +0200,research,CC0,https://www.inaturalist.org/observations/123454050,https://inaturalist-open-data.s3.amazonaws.com/photos/209139638/medium.jpeg,,"",,1,0,false,,"White County, GA, USA",34.68761,-83.65102,,,,,,,open,false,,,great rhododendron,Rhododendron maximum,great rhododendron,Plantae,83059
123454647,27152941-0dcf-4e10-8570-2c8de62dfc04,2022-06-24 19:10:56-04:00,2022-06-24,2022-06-25 01:10:56 +0200,Eastern Time (US & Canada),5763792,chloepryor,,2022-06-26 02:56:05 +0200,2022-06-26 13:52:06 +0200,research,CC-BY-NC,https://www.inaturalist.org/observations/123454647,https://inaturalist-open-data.s3.amazonaws.com/photos/209140933/medium.jpg,,"","",2,0,false,3,"SR-325, Blairsville, GA, US",34.9628716667,-84.0856861667,10,,,,10,,open,false,,,great rhododendron,Rhododendron maximum,great rhododendron,Plantae,83059
123516136,586d129f-2e03-44ab-8b89-dfbee358de6c,2022-06-25 12:53:41,2022-06-25,2022-06-25 18:53:41 +0200,Eastern Time (US & Canada),2257673,maribel34,Maribel Fernandez,2022-06-26 14:56:19 +0200,2025-07-22 05:40:59 +0200,research,,https://www.inaturalist.org/observations/123516136,https://static.inaturalist.org/photos/209252798/medium.jpeg,,"",,2,0,false,2,"Habersham County, US-GA, US",34.67694434,-83.39433334,8,,,,8,,open,false,,,great rhododendron,Rhododendron maximum,great rhododendron,Plantae,83059
123628182,3d375d48-4d06-44cc-b152-b5cc0f66f85c,2022/06/19 3:11 AM,2022-06-19,2022-06-19 09:11:00 +0200,Eastern Time (US & Canada),2587013,georgewilliams1,George Williams,2022-06-27 02:57:29 +0200,2025-10-23 03:46:07 +0200,research,CC0,https://www.inaturalist.org/observations/123628182,https://inaturalist-open-data.s3.amazonaws.com/photos/209449650/medium.jpeg,,"",,2,0,false,,"Towns County, GA, USA",34.80279,-83.73937,,,,,,,open,false,,,great rhododendron,Rhododendron maximum,great rhododendron,Plantae,83059
123706504,472a7d49-b450-49e2-8992-33bda64d85e9,2022/06/19 3:52 AM,2022-06-19,2022-06-19 09:52:00 +0200,Eastern Time (US & Canada),2587013,georgewilliams1,George Williams,2022-06-27 18:16:15 +0200,2022-07-06 00:03:47 +0200,research,CC0,https://www.inaturalist.org/observations/123706504,https://inaturalist-open-data.s3.amazonaws.com/photos/209594438/medium.jpeg,,"",,1,0,false,,"Towns County, GA, USA",34.79858,-83.71876,,,,,,,open,false,,,great rhododendron,Rhododendron maximum,great rhododendron,Plantae,83059
123711223,53e92b3d-969c-42be-81f9-0c4dc49b8dec,2022-06-27 10:03:00-04:00,2022-06-27,2022-06-27 16:03:00 +0200,Eastern Time (US & Canada),1979039,hellbender23,,2022-06-27 18:54:57 +0200,2022-07-05 23:58:11 +0200,research,CC-BY-NC,https://www.inaturalist.org/observations/123711223,https://inaturalist-open-data.s3.amazonaws.com/photos/209603603/medium.jpg,,"","",1,0,false,3,"Terrora Cir, Tallulah Falls, GA, US",34.7502783333,-83.4051366667,4,,,,4,,open,false,,,great rhododendron,Rhododendron maximum,great rhododendron,Plantae,83059
123743057,6df16731-ded7-4442-a127-dea2ed3befda,2022-06-27 13:53:35,2022-06-27,2022-06-27 19:53:35 +0200,Eastern Time (US & Canada),1400822,howlin_jay,Chris Brown,2022-06-27 22:54:11 +0200,2025-10-31 16:31:14 +0100,needs_id,CC-BY-NC,https://www.inaturalist.org/observations/123743057,https://inaturalist-open-data.s3.amazonaws.com/photos/209661857/medium.jpeg,,"",,1,0,false,2,"Lula, GA 30554, USA",34.4445121217,-83.6762299016,212,,,,212,,open,false,gps,gps,great rhododendron,Rhododendron maximum,great rhododendron,Plantae,83059
123746304,f8833a29-d665-429f-975b-01c0d520ed2e,2022/06/19 9:16 AM,2022-06-19,2022-06-19 15:16:00 +0200,Eastern Time (US & Canada),2587013,georgewilliams1,George Williams,2022-06-27 23:18:50 +0200,2025-10-23 03:45:41 +0200,research,CC0,https://www.inaturalist.org/observations/123746304,https://inaturalist-open-data.s3.amazonaws.com/photos/209666776/medium.jpeg,,"",,2,0,false,,"Rabun County, GA, USA",34.90829,-83.62213,,,,,,,open,false,,,great rhododendron,Rhododendron maximum,great rhododendron,Plantae,83059
123870511,f5c98918-6d3d-4440-8449-8db642136467,2022-06-28 12:23:51-04:00,2022-06-28,2022-06-28 18:23:51 +0200,Eastern Time (US & Canada),2562186,wrp7317,wrp7317,2022-06-28 21:15:03 +0200,2024-09-25 19:00:35 +0200,research,CC-BY-NC,https://www.inaturalist.org/observations/123870511,https://inaturalist-open-data.s3.amazonaws.com/photos/209893500/medium.jpg,,"","",1,0,false,3,"Lakemont, GA, US",34.8007583333,-83.3253866667,5261,,,,5261,,open,false,,,great rhododendron,Rhododendron maximum,great rhododendron,Plantae,83059
123916960,5a14dfc4-f883-4895-b141-29cbe4b5d46b,2022/06/28 11:59 AM,2022-06-28,2022-06-28 17:59:00 +0200,Eastern Time (US & Canada),1400822,howlin_jay,Chris Brown,2022-06-29 04:04:02 +0200,2022-07-05 23:54:25 +0200,research,CC-BY-NC,https://www.inaturalist.org/observations/123916960,https://inaturalist-open-data.s3.amazonaws.com/photos/209978477/medium.jpeg,,"",,1,0,false,,"Lakemont, GA 30552, USA",34.747298,-83.4803271,410,,,,410,,open,false,,,great rhododendron,Rhododendron maximum,great rhododendron,Plantae,83059
123923085,6ce291d7-e2a8-4163-99ed-adff2718f0fe,2022/06/28 1:21 PM,2022-06-28,2022-06-28 19:21:00 +0200,Eastern Time (US & Canada),1400822,howlin_jay,Chris Brown,2022-06-29 05:07:59 +0200,2022-07-20 13:32:35 +0200,research,CC-BY-NC,https://www.inaturalist.org/observations/123923085,https://inaturalist-open-data.s3.amazonaws.com/photos/209988710/medium.jpeg,,"",,2,0,false,,"Hemlock Falls, Georgia 30523, USA",34.8525507,-83.6109278,1780,,,,1780,,open,false,,,great rhododendron,Rhododendron maximum,great rhododendron,Plantae,83059
124172807,bd08c068-8b2d-4642-b6ca-f472b6336873,2022-06-30 16:15:48,2022-06-30,2022-06-30 22:15:48 +0200,Eastern Time (US & Canada),93120,miketilley,Mike Tilley,2022-07-01 00:52:05 +0200,2025-09-29 06:36:22 +0200,research,CC-BY,https://www.inaturalist.org/observations/124172807,https://inaturalist-open-data.s3.amazonaws.com/photos/210468144/medium.jpeg,,"",4040,2,0,false,2,"Hiawassee, GA 30546, USA",34.8730238906,-83.8119786711,9,,,,9,,open,false,,,great rhododendron,Rhododendron maximum,great rhododendron,Plantae,83059
124561601,cd39bb1b-8b77-4929-85dd-5cbff72b0d37,2022-07-01 16:08:30,2022-07-01,2022-07-01 22:08:30 +0200,Eastern Time (US & Canada),4893494,john_arnett,John Arnett,2022-07-03 16:44:50 +0200,2022-07-05 04:58:12 +0200,research,,https://www.inaturalist.org/observations/124561601,https://static.inaturalist.org/photos/211204867/medium.jpeg,,"","",1,0,false,2,"Union County, US-GA, US",34.7864429886,-83.9289900474,5,,,,5,,open,false,,,great rhododendron,Rhododendron maximum,great rhododendron,Plantae,83059
124669759,85d94c87-475f-4842-be32-56318810d423,2022-07-03 11:32:55,2022-07-03,2022-07-03 17:32:55 +0200,Eastern Time (US & Canada),4089801,yurman,Seth Yurman,2022-07-04 04:35:10 +0200,2022-07-05 01:09:08 +0200,research,,https://www.inaturalist.org/observations/124669759,https://static.inaturalist.org/photos/211334360/medium.jpeg,,"",,1,0,false,2,"Chatsworth, GA 30705, USA",34.8591939,-84.6508544,,,,,,,open,false,gps,gps,great rhododendron,Rhododendron maximum,great rhododendron,Plantae,83059
124674714,b11aafd1-6684-4e3c-a48c-b49b2ffafff8,2022-07-02 09:54:00,2022-07-02,2022-07-02 15:54:00 +0200,Eastern Time (US & Canada),1969977,furyroad,Anhinga,2022-07-04 05:22:38 +0200,2025-08-04 02:40:14 +0200,research,,https://www.inaturalist.org/observations/124674714,https://static.inaturalist.org/photos/212235182/medium.jpeg,,"",,1,0,false,2,Tiger,34.8470368617,-83.4329397976,1060,,,,1060,,open,false,gps,gps,great rhododendron,Rhododendron maximum,great rhododendron,Plantae,83059
124733635,2a3b01f5-4cb5-4e59-8851-1a0addf7ec8b,2022-07-03 17:25:19,2022-07-03,2022-07-03 23:25:19 +0200,Eastern Time (US & Canada),306754,emilyymarie,"",2022-07-04 17:22:46 +0200,2022-07-05 01:06:34 +0200,research,,https://www.inaturalist.org/observations/124733635,https://static.inaturalist.org/photos/211449209/medium.jpeg,,"",,1,0,false,2,"Suches, GA 30572, USA",34.7659305556,-84.0584666667,,,,,,,open,false,gps,gps,great rhododendron,Rhododendron maximum,great rhododendron,Plantae,83059
124770935,bf1a78e4-8b08-4696-ab12-dc6f67859ab2,2022/07/04 9:34 AM,2022-07-04,2022-07-04 15:34:00 +0200,Eastern Time (US & Canada),3892874,mjpapay,Michael J. Papay,2022-07-04 21:16:34 +0200,2024-07-01 19:03:44 +0200,research,CC-BY,https://www.inaturalist.org/observations/124770935,https://inaturalist-open-data.s3.amazonaws.com/photos/211515442/medium.jpeg,,"","",3,0,false,,United States,34.9865452575,-83.44258769,198,,,,28762,obscured,open,true,,,great rhododendron,Rhododendron maximum,great rhododendron,Plantae,83059
124771084,1a9ce191-0d8a-482c-a46d-a90de1aea309,2022/07/04 9:17 AM,2022-07-04,2022-07-04 15:17:00 +0200,Eastern Time (US & Canada),3892874,mjpapay,Michael J. Papay,2022-07-04 21:17:37 +0200,2024-07-01 19:03:28 +0200,research,CC-BY,https://www.inaturalist.org/observations/124771084,https://inaturalist-open-data.s3.amazonaws.com/photos/211515760/medium.jpeg,,"","",3,0,false,,United States,34.8566667155,-83.5844739382,198,,,,28762,obscured,open,true,,,great rhododendron,Rhododendron maximum,great rhododendron,Plantae,83059
124803396,bb54ed7b-1a26-4006-9e3d-ac0d6d36fc34,Mon Jul 04 2022 14:05:33 GMT -0400 (EDT),2022-07-04,2022-07-04 20:05:33 +0200,Eastern Time (US & Canada),4645588,lazer1234,,2022-07-05 00:45:52 +0200,2022-07-05 01:04:01 +0200,research,CC-BY-NC,https://www.inaturalist.org/observations/124803396,https://inaturalist-open-data.s3.amazonaws.com/photos/211574575/medium.jpeg,,"",,1,0,false,333,Helen,34.7253227234,-83.7266159058,244,,,,244,,open,false,,,great rhododendron,Rhododendron maximum,great rhododendron,Plantae,83059
124957557,acd6f65c-d464-4b52-8ec3-bb51b5730a34,2022-07-05 13:45:58,2022-07-05,2022-07-05 19:45:58 +0200,Eastern Time (US & Canada),4329675,charley_bouwmans,Charley Bouwmans,2022-07-06 02:38:10 +0200,2022-07-07 15:56:26 +0200,research,,https://www.inaturalist.org/observations/124957557,https://static.inaturalist.org/photos/211859722/medium.jpeg,,"",,1,0,false,2,"SAUTE-NACOCHE, GA 30571, USA",34.7641667955,-83.7123052776,372,,,,372,,open,false,gps,gps,great rhododendron,Rhododendron maximum,great rhododendron,Plantae,83059
124966982,66248dd7-0140-4d0d-9164-63b822e5bb7e,2022-06-16 10:05:54-04:00,2022-06-16,2022-06-16 16:05:54 +0200,Eastern Time (US & Canada),5874546,abby474,Abby Saether,2022-07-06 04:12:17 +0200,2022-07-20 13:32:28 +0200,research,,https://www.inaturalist.org/observations/124966982,https://static.inaturalist.org/photos/211877430/medium.jpg,,"","",2,0,false,3,"Hemlock Falls, Clarkesville, GA, US",34.84832,-83.5972216667,6,,,,6,,open,false,,,great rhododendron,Rhododendron maximum,great rhododendron,Plantae,83059
125102730,3ea78eba-4064-4542-aa11-821ba50fef80,2022-07-06 15:23:35-04:00,2022-07-06,2022-07-06 21:23:35 +0200,Eastern Time (US & Canada),2310987,crossbrace,Brenda Zenk,2022-07-07 02:21:40 +0200,2022-07-07 15:55:13 +0200,research,,https://www.inaturalist.org/observations/125102730,https://static.inaturalist.org/photos/212122716/medium.jpg,,"","",1,0,false,3,"Vogel State Park, Blairsville, GA, US",34.7678,-83.9190533333,5,,,,5,,open,false,,,great rhododendron,Rhododendron maximum,great rhododendron,Plantae,83059
125258014,f4c76eda-53d9-4036-ba75-db1d33449cef,2022-07-03 16:49:37,2022-07-03,2022-07-03 22:49:37 +0200,Eastern Time (US & Canada),4544607,nature_geek,,2022-07-08 05:19:25 +0200,2025-08-04 02:40:14 +0200,research,CC-BY-NC,https://www.inaturalist.org/observations/125258014,https://inaturalist-open-data.s3.amazonaws.com/photos/212405541/medium.jpeg,,"",,1,0,false,2,"SAUTE-NACOCHE, GA 30571, USA",34.7588046997,-83.7105738,,,,,,,open,false,gps,gps,great rhododendron,Rhododendron maximum,great rhododendron,Plantae,83059
125351063,29323400-cbad-4c4a-88ab-291d77c2ae0e,2022-06-25 2:15:53 PM EDT,2022-06-25,2022-06-25 20:15:53 +0200,Eastern Time (US & Canada),413548,northganaturalist,"",2022-07-08 22:10:21 +0200,2025-08-04 02:40:13 +0200,research,CC-BY-NC,https://www.inaturalist.org/observations/125351063,https://inaturalist-open-data.s3.amazonaws.com/photos/212567080/medium.jpeg,,"",,1,0,false,2,"Chatsworth, GA 30705, USA",34.7569782753,-84.7086178511,33,,,,33,,open,false,gps,gps,great rhododendron,Rhododendron maximum,great rhododendron,Plantae,83059
125668496,a008b6c6-6555-431d-a7d0-d042dafb577a,2022-07-10 11:55:51-04:00,2022-07-10,2022-07-10 17:55:51 +0200,Eastern Time (US & Canada),4211309,nalogi,Jason Dutil,2022-07-10 22:03:08 +0200,2022-07-10 22:03:15 +0200,needs_id,CC-BY-NC,https://www.inaturalist.org/observations/125668496,https://inaturalist-open-data.s3.amazonaws.com/photos/213134431/medium.jpg,,"",Chattahoochee National Forest,0,0,false,3,"Benton Mackaye, Suches, GA, US",34.7367533333,-84.16687,4,,,,4,,open,false,,,"",Rhododendron maximum,great rhododendron,Plantae,83059
125718545,2f21476d-01df-4b5c-9ceb-2c7879790325,Sun Jul 10 2022 11:55:35 GMT-0400 (EDT),2022-07-10,2022-07-10 17:55:35 +0200,Eastern Time (US & Canada),2145792,jhoeks,Jason Hoeksema,2022-07-11 03:41:35 +0200,2025-07-22 05:40:22 +0200,research,CC-BY-NC,https://www.inaturalist.org/observations/125718545,https://inaturalist-open-data.s3.amazonaws.com/photos/213227536/medium.jpg,,"","",1,0,false,3,"White County, US-GA, US",34.7212923146,-83.8158895188,43,,,,43,,open,false,,,great rhododendron,Rhododendron maximum,great rhododendron,Plantae,83059
125769015,14998fb1-6d72-49a8-8b1d-9423d92e7a74,2022-07-07 08:50:05,2022-07-07,2022-07-07 14:50:05 +0200,Eastern Time (US & Canada),2704351,andeadeck,Andea Deck,2022-07-11 14:13:58 +0200,2022-08-17 22:58:33 +0200,research,,https://www.inaturalist.org/observations/125769015,https://static.inaturalist.org/photos/213319951/medium.jpeg,,"",,1,0,false,2,"Hiawassee, GA 30546, USA",34.9492572942,-83.7573948875,2228,,,,2228,,open,false,gps,gps,great rhododendron,Rhododendron maximum,great rhododendron,Plantae,83059
125844270,1d349e17-0fb8-4cd7-aba7-d2f55777ac0e,2022-07-11 12:39:48,2022-07-11,2022-07-11 18:39:48 +0200,Eastern Time (US & Canada),5562171,makincaid,Myra Kincaid,2022-07-11 23:54:58 +0200,2022-07-20 13:30:32 +0200,research,CC-BY-NC,https://www.inaturalist.org/observations/125844270,https://inaturalist-open-data.s3.amazonaws.com/photos/213455754/medium.jpeg,,"",ERICACEAE family. Flowers 5merous.leaves 18cm long.5cm wide. Rhododendron maximus.,1,0,false,2,"Union County, US-GA, US",34.7392966667,-83.9715883333,8,,,,8,,open,false,,,great rhododendron,Rhododendron maximum,great rhododendron,Plantae,83059
126152753,2c14e49e-cc2e-461f-bdab-f0f2591e670e,2022-07-12 15:15:59-04:00,2022-07-12,2022-07-12 21:15:59 +0200,Eastern Time (US & Canada),2368024,kaylynpearce,Kaylyn Pearce,2022-07-14 04:20:08 +0200,2022-07-14 12:23:55 +0200,needs_id,CC-BY-NC,https://www.inaturalist.org/observations/126152753,https://inaturalist-open-data.s3.amazonaws.com/photos/214015150/medium.jpg,,"","",0,0,false,3,"Georgia, US",34.5105108127,-84.3164151819,5,,,,28818,obscured,open,true,,,"",Rhododendron maximum,great rhododendron,Plantae,83059
126230594,e9e5577c-d18f-4a1c-aa63-5bcbbc33e1d7,Thu Jul 14 2022 13:31:13 GMT -0400 (EDT),2022-07-14,2022-07-14 19:31:13 +0200,Eastern Time (US & Canada),4073105,jenlynneterry,,2022-07-14 19:31:29 +0200,2025-07-22 05:39:57 +0200,research,CC-BY-NC,https://www.inaturalist.org/observations/126230594,https://inaturalist-open-data.s3.amazonaws.com/photos/214479070/medium.jpeg,,"",,1,0,false,333,Clayton,34.920501709,-83.4109802246,10,,,,10,,open,false,,,great rhododendron,Rhododendron maximum,great rhododendron,Plantae,83059
126706083,8050e745-644b-4315-a705-c2a6d4c6a45c,2022-07-10 15:30:51-04:00,2022-07-10,2022-07-10 21:30:51 +0200,Eastern Time (US & Canada),4660089,wyattgmadden,,2022-07-17 22:31:28 +0200,2022-12-17 04:01:10 +0100,research,CC-BY-NC,https://www.inaturalist.org/observations/126706083,https://inaturalist-open-data.s3.amazonaws.com/photos/215197063/medium.jpg,,"","",1,0,false,3,"Chattahoochee River National Recreation Area Vickery Creek, Sandy Springs, GA, US",33.893495,-84.442305,4,,,,4,,open,false,,,great rhododendron,Rhododendron maximum,great rhododendron,Plantae,83059
126740764,4020d352-ab5d-4be0-9409-980ee7aabe56,2022-07-17 14:30:02-04:00,2022-07-17,2022-07-17 20:30:02 +0200,Eastern Time (US & Canada),5672260,bishop01,,2022-07-18 02:29:35 +0200,2025-07-22 19:39:19 +0200,research,CC-BY-NC,https://www.inaturalist.org/observations/126740764,https://inaturalist-open-data.s3.amazonaws.com/photos/215077460/medium.jpg,,"","",1,0,false,3,"Appalachian Approach Trail, Blue Ridge, GA, US",34.65067,-84.1980883333,48,,,,48,,open,false,,,great rhododendron,Rhododendron maximum,great rhododendron,Plantae,83059
126753767,0ac64b01-3917-411d-b3a1-84fbd6716f60,2017/06/24 12:17 PM,2017-06-24,2017-06-24 18:17:00 +0200,Eastern Time (US & Canada),5585344,fezzgator67,Ryan Fessenden,2022-07-18 04:22:16 +0200,2025-10-31 17:04:45 +0100,research,CC-BY-NC,https://www.inaturalist.org/observations/126753767,https://inaturalist-open-data.s3.amazonaws.com/photos/215103071/medium.jpeg,,"",binary comment,2,0,false,,"Lumpkin County, GA, USA",34.5671674508,-83.9698648453,15,,,,15,,open,false,,,great rhododendron,Rhododendron maximum,great rhododendron,Plantae,83059
127011679,8890aa10-c059-4ab6-ab7f-aeaa23907dfb,2022-07-19 10:20:56-04:00,2022-07-19,2022-07-19 16:20:56 +0200,Eastern Time (US & Canada),3055451,aledwards,,2022-07-19 23:26:34 +0200,2025-08-04 02:40:31 +0200,research,CC-BY-NC,https://www.inaturalist.org/observations/127011679,https://inaturalist-open-data.s3.amazonaws.com/photos/215574222/medium.jpg,,"","",1,0,false,3,"Black Rock Mountain State Park, Clayton, GA, US",34.90793,-83.404555,5,,,,5,,open,false,,,great rhododendron,Rhododendron maximum,great rhododendron,Plantae,83059
127257751,c348297e-f776-42eb-b799-8e6d7b4a9082,2022-07-20 12:37:51,2022-07-20,2022-07-20 18:37:51 +0200,Eastern Time (US & Canada),5927770,antalekryan,"",2022-07-21 20:33:42 +0200,2022-07-21 22:13:53 +0200,needs_id,CC-BY-NC,https://www.inaturalist.org/observations/127257751,https://inaturalist-open-data.s3.amazonaws.com/photos/216026491/medium.jpeg,,"",,0,0,false,2,"Union County, US-GA, US",34.7372118997,-83.9268284,,,,,,,open,false,gps,gps,great rhododendron,Rhododendron maximum,great rhododendron,Plantae,83059
127935080,a50bcf21-4e37-4d51-850d-cf373916fc93,2022-07-25 20:21:25-04:00,2022-07-25,2022-07-26 02:21:25 +0200,Eastern Time (US & Canada),2888544,mcanglin,Morgan Anglin,2022-07-26 03:54:46 +0200,2022-07-26 04:56:35 +0200,research,CC-BY-NC,https://www.inaturalist.org/observations/127935080,https://inaturalist-open-data.s3.amazonaws.com/photos/217256863/medium.jpg,,"","",1,0,false,3,"Sautee Trail, Sautee Nacoochee, GA, US",34.7224533333,-83.664695,45,,,,45,,open,false,,,great rhododendron,Rhododendron maximum,great rhododendron,Plantae,83059
128232706,55941af8-eb93-4750-b299-e33a907d2127,2022-07-27 11:40:41-04:00,2022-07-27,2022-07-27 17:40:41 +0200,Eastern Time (US & Canada),1469366,tomatoandbean,Hana Cowart,2022-07-28 03:22:00 +0200,2025-07-22 05:38:25 +0200,research,,https://www.inaturalist.org/observations/128232706,https://static.inaturalist.org/photos/217796269/medium.jpg,,"","",1,0,false,3,"Brasstown Balda, Hiawassee, GA, US",34.871205,-83.8095033333,4,,,,4,,open,false,,,great rhododendron,Rhododendron maximum,great rhododendron,Plantae,83059
129019867,916ad836-a102-4056-90dd-07e86114dc3d,2022-08-01 13:58:15-04:00,2022-08-01,2022-08-01 19:58:15 +0200,Eastern Time (US & Canada),1000009,tarynheidel,"",2022-08-01 20:48:04 +0200,2022-08-01 20:48:11 +0200,needs_id,,https://www.inaturalist.org/observations/129019867,https://static.inaturalist.org/photos/219204787/medium.jpg,,"","",0,0,false,3,"Riverside Dr, Sandy Springs, GA, US",33.9386830526,-84.4076292404,3,,,,3,,open,false,,,"",Rhododendron maximum,great rhododendron,Plantae,83059
129035860,5252e039-1118-44b2-bf2f-4cb8b8e62a8e,2022-08-01 16:06:19-04:00,2022-08-01,2022-08-01 22:06:19 +0200,Eastern Time (US & Canada),1220020,chennis,Ceiteag Hennis,2022-08-01 22:28:46 +0200,2022-08-02 00:40:24 +0200,needs_id,,https://www.inaturalist.org/observations/129035860,https://static.inaturalist.org/photos/219268155/medium.jpg,,"","",0,0,false,3,"Anna Ruby Falls, Helen, GA, US",34.7616883333,-83.7122716667,430,,,,430,,open,false,,,"",Rhododendron maximum,great rhododendron,Plantae,83059
130050825,366065a4-99ad-4b58-81e6-f2874ab4e6f2,Mon Aug 08 2022 20:19:29 GMT -0400 (EDT),2022-08-08,2022-08-09 02:19:29 +0200,Eastern Time (US & Canada),2453238,d_mauro6,unclebuck6,2022-08-09 02:19:48 +0200,2022-08-09 02:21:09 +0200,needs_id,,https://www.inaturalist.org/observations/130050825,https://inaturalist-open-data.s3.amazonaws.com/photos/221104808/medium.jpeg,,"",,0,0,false,333,"Union County, US-GA, US",34.7387504578,-84.0609741211,12669,,,,12669,,open,false,,,,Rhododendron maximum,great rhododendron,Plantae,83059
130663589,cc3b9ea5-8f65-4991-a24a-951cab8ebe9c,2022-08-13 10:45:12-04:00,2022-08-13,2022-08-13 16:45:12 +0200,Eastern Time (US & Canada),637943,andrew_tbc_taylor,Andrew Taylor,2022-08-13 20:27:54 +0200,2025-10-31 17:04:28 +0100,needs_id,,https://www.inaturalist.org/observations/130663589,https://static.inaturalist.org/photos/222243065/medium.jpg,,"","",1,0,false,3,"Georgia, US",34.4776651778,-84.1276643002,4,,,,28818,obscured,open,true,,,great rhododendron,Rhododendron maximum,great rhododendron,Plantae,83059
131665897,52ac0935-7a8f-488e-b0b3-71c8302c33d9,2022-07-23 07:26:32-04:00,2022-07-23,2022-07-23 13:26:32 +0200,Eastern Time (US & Canada),798298,mrizek,Matthew Mrizek,2022-08-21 02:50:33 +0200,2022-11-12 15:33:05 +0100,research,,https://www.inaturalist.org/observations/131665897,https://static.inaturalist.org/photos/224098075/medium.jpg,,"","",1,0,false,3,"Cochran Creek Falls, Dawsonville, GA, US",34.5750716667,-84.2157216667,24,,,,24,,open,false,,,great rhododendron,Rhododendron maximum,great rhododendron,Plantae,83059
132796775,a1082d2b-16db-4d37-a6db-4b08d9f13119,2022-08-28 13:29:41,2022-08-28,2022-08-28 19:29:41 +0200,Eastern Time (US & Canada),3531084,vriesea,Justin Foucart,2022-08-29 12:34:19 +0200,2022-11-12 15:31:27 +0100,research,,https://www.inaturalist.org/observations/132796775,https://static.inaturalist.org/photos/226100313/medium.jpeg,,"",,1,0,false,2,"Blairsville, GA 30512, USA",34.7415893563,-83.9323164895,1282,,,,1282,,open,false,gps,gps,great rhododendron,Rhododendron maximum,great rhododendron,Plantae,83059
133139103,880805a9-4fdb-410c-915c-d2f44ed10712,2022/08/28 4:04 PM,2022-08-28,2022-08-28 22:04:00 +0200,Eastern Time (US & Canada),1566366,tennesseehills,,2022-09-01 00:39:30 +0200,2022-09-01 00:39:30 +0200,needs_id,CC-BY-NC,https://www.inaturalist.org/observations/133139103,https://inaturalist-open-data.s3.amazonaws.com/photos/226734302/medium.jpeg,,"",,0,0,false,,"Gilmer County, GA, USA",34.7865990566,-84.3058790901,2,,,,2,,open,false,,,Great Rhododendron,Rhododendron maximum,great rhododendron,Plantae,83059
133204101,c97a6279-b6a1-422d-9617-8eeac215348d,2022/08/29 10:16 AM,2022-08-29,2022-08-29 16:16:00 +0200,Eastern Time (US & Canada),1566366,tennesseehills,,2022-09-01 15:48:08 +0200,2022-09-01 15:48:08 +0200,needs_id,CC-BY-NC,https://www.inaturalist.org/observations/133204101,https://inaturalist-open-data.s3.amazonaws.com/photos/226856533/medium.jpeg,,"",,0,0,false,,"Fannin County, GA, USA",34.7687209629,-84.2475093816,15,,,,15,,open,false,,,Great Rhododendron,Rhododendron maximum,great rhododendron,Plantae,83059
133204989,022f21d3-b308-4a41-b536-5d4f56a996f7,2022/08/29 11:27 AM,2022-08-29,2022-08-29 17:27:00 +0200,Eastern Time (US & Canada),1566366,tennesseehills,,2022-09-01 15:56:15 +0200,2022-11-12 15:30:38 +0100,research,CC-BY-NC,https://www.inaturalist.org/observations/133204989,https://inaturalist-open-data.s3.amazonaws.com/photos/226858172/medium.jpeg,,"",,1,0,false,,"Fannin County, GA, USA",34.7903196968,-84.240739565,15,,,,15,,open,false,,,great rhododendron,Rhododendron maximum,great rhododendron,Plantae,83059
133854729,2677d712-8f8a-4baa-b515-36b754eeadd0,2022-09-03 15:02:43-04:00,2022-09-03,2022-09-03 21:02:43 +0200,Eastern Time (US & Canada),5961095,javiervelakowitz,,2022-09-06 02:48:44 +0200,2022-09-06 04:56:05 +0200,research,CC-BY-NC,https://www.inaturalist.org/observations/133854729,https://inaturalist-open-data.s3.amazonaws.com/photos/228063827/medium.jpg,,"","",1,0,false,3,"Hickory Creek, Crandall, GA, US",34.89823,-84.6382666667,4,,,,4,,open,false,,,great rhododendron,Rhododendron maximum,great rhododendron,Plantae,83059
134229852,3fbf0b80-c98f-4a5f-ae86-d1f1c6f53e26,2022/09/02 9:51 AM,2022-09-02,2022-09-02 15:51:00 +0200,Eastern Time (US & Canada),1291794,siddarthmachado,Siddarth Machado,2022-09-09 00:20:20 +0200,2022-10-21 21:21:46 +0200,research,CC-BY,https://www.inaturalist.org/observations/134229852,https://inaturalist-open-data.s3.amazonaws.com/photos/228760450/medium.jpeg,,"",,1,0,false,,"Union County, GA, USA",34.7636712652,-83.9369090943,1207,,,,1207,,open,false,,,great rhododendron,Rhododendron maximum,great rhododendron,Plantae,83059
134905469,2555084f-8325-4ff8-a439-cf7c9e587c99,2021-10-20 14:42:57-04:00,2021-10-20,2021-10-20 20:42:57 +0200,Eastern Time (US & Canada),1569532,infinitesupernova,"",2022-09-13 22:10:01 +0200,2022-09-13 22:10:07 +0200,needs_id,CC-BY-NC,https://www.inaturalist.org/observations/134905469,https://inaturalist-open-data.s3.amazonaws.com/photos/230024417/medium.jpg,,"","",0,0,false,3,"Helen Hwy, Helen, GA, US",34.6793866667,-83.715805,2249,,,,2249,,open,false,,,"",Rhododendron maximum,great rhododendron,Plantae,83059
135187690,565bae0a-abd9-43a4-902b-c24a4505ce30,2022-07-03 18:05:35-04:00,2022-07-03,2022-07-04 00:05:35 +0200,Eastern Time (US & Canada),6144641,lilza,,2022-09-16 01:28:44 +0200,2022-11-12 15:23:00 +0100,research,CC-BY-NC,https://www.inaturalist.org/observations/135187690,https://inaturalist-open-data.s3.amazonaws.com/photos/230537574/medium.jpg,,"","",1,0,false,3,"Arches Rd, Jasper, GA, US",34.54658,-84.3593366667,10,,,,10,,open,false,,,great rhododendron,Rhododendron maximum,great rhododendron,Plantae,83059
135564211,23a5b216-7438-4398-bbac-7643a283c855,2022-09-18 15:14:18-04:00,2022-09-18,2022-09-18 21:14:18 +0200,Eastern Time (US & Canada),6162266,noahdosik,,2022-09-18 21:32:09 +0200,2022-09-18 21:32:15 +0200,needs_id,CC-BY-NC,https://www.inaturalist.org/observations/135564211,https://inaturalist-open-data.s3.amazonaws.com/photos/231233446/medium.jpg,,"","",0,0,false,3,"Edgewater Dr, Sandy Springs, GA, US",33.9265883333,-84.4218833333,43,,,,43,,open,false,,,"",Rhododendron maximum,great rhododendron,Plantae,83059
136024397,d3b24f14-b2f9-46e8-8533-85f1a6780b51,2022-07-02 14:24:47-04:00,2022-07-02,2022-07-02 20:24:47 +0200,Eastern Time (US & Canada),5620613,ktobik,,2022-09-22 13:45:13 +0200,2025-07-22 05:37:54 +0200,research,CC-BY-NC,https://www.inaturalist.org/observations/136024397,https://inaturalist-open-data.s3.amazonaws.com/photos/232094669/medium.jpg,,"","",2,0,false,3,"Rabun County, US-GA, US",34.7376883333,-83.3916866667,4,,,,4,,open,false,,,great rhododendron,Rhododendron maximum,great rhododendron,Plantae,83059
136625833,51dba068-238f-4610-9874-8b33ad6573eb,2022-09-26 16:09:30-04:00,2022-09-26,2022-09-26 22:09:30 +0200,Eastern Time (US & Canada),6091537,jakobwilson01,Jakob Wilson,2022-09-27 00:02:53 +0200,2022-09-28 01:11:03 +0200,research,CC-BY-NC,https://www.inaturalist.org/observations/136625833,https://inaturalist-open-data.s3.amazonaws.com/photos/233207688/medium.jpg,,"","",1,0,false,3,"Chattooga River, Clayton, GA, US",34.9799116667,-83.1118916667,24,,,,24,,open,false,,,great rhododendron,Rhododendron maximum,great rhododendron,Plantae,83059
136667833,5ec5f6a0-0373-4941-a633-af8f5c724b7d,2014-07-10 15:04:51,2014-07-10,2014-07-10 21:04:51 +0200,Eastern Time (US & Canada),751586,andersoncruz,Jennifer Anderson-Cruz,2022-09-27 10:29:51 +0200,2023-07-08 16:55:48 +0200,research,CC-BY,https://www.inaturalist.org/observations/136667833,https://inaturalist-open-data.s3.amazonaws.com/photos/233288587/medium.jpeg,,"",,1,0,false,2,United States,34.7734675942,-84.3618836895,,,,,28790,obscured,open,true,gps,gps,great rhododendron,Rhododendron maximum,great rhododendron,Plantae,83059
137100914,664f4f0c-12a8-4d73-9735-f1b8136388e9,2022/09/29 9:22 PM,2022-09-29,2022-09-30 03:22:00 +0200,Eastern Time (US & Canada),141873,swafford,"",2022-10-01 04:14:54 +0200,2022-11-12 15:21:18 +0100,research,CC-BY-NC,https://www.inaturalist.org/observations/137100914,https://inaturalist-open-data.s3.amazonaws.com/photos/234087067/medium.jpg,,"",,1,0,false,,"White County, GA, USA",34.7649000081,-83.7124658798,31,,,,31,,open,false,,,great rhododendron,Rhododendron maximum,great rhododendron,Plantae,83059
137319866,5317095c-a91e-44d2-b768-03f7b0d26fbf,2022/10/01 2:33 PM,2022-10-01,2022-10-01 20:33:00 +0200,Eastern Time (US & Canada),6213621,kpkarlsen,,2022-10-02 21:19:47 +0200,2022-11-12 15:20:25 +0100,research,CC-BY-NC,https://www.inaturalist.org/observations/137319866,https://inaturalist-open-data.s3.amazonaws.com/photos/234492815/medium.jpeg,,"",,1,0,false,,"Murray County, GA, USA",34.7570747631,-84.7058555921,8,,,,8,,open,false,,,great rhododendron,Rhododendron maximum,great rhododendron,Plantae,83059
137372468,bd895933-50f0-4b2e-9a29-2c6fabca7a55,2022-06-18 12:24:00-04:00,2022-06-18,2022-06-18 18:24:00 +0200,Eastern Time (US & Canada),6211914,chinopres,Luccas Shang,2022-10-03 05:08:23 +0200,2026-03-19 01:10:02 +0100,research,,https://www.inaturalist.org/observations/137372468,https://static.inaturalist.org/photos/234609030/medium.jpg,,"",Along lake trail from parking area to fire tower,2,0,false,3,"Lake Conasauga, Chatsworth, GA, US",34.8612394527,-84.6531270853,245,,,,245,,open,false,,,great rhododendron,Rhododendron maximum,great rhododendron,Plantae,83059
137480329,6215542e-c759-4fe0-a3ad-b905d342307f,2022-10-03 14:27:40-04:00,2022-10-03,2022-10-03 20:27:40 +0200,Eastern Time (US & Canada),6158572,cman477,,2022-10-04 03:20:42 +0200,2022-11-12 15:19:29 +0100,research,CC-BY-NC,https://www.inaturalist.org/observations/137480329,https://inaturalist-open-data.s3.amazonaws.com/photos/234812742/medium.jpg,,"","",1,0,false,3,"Anna Ruby Falls Rd, Helen, GA, US",34.7584838472,-83.7101260738,24,,,,24,,open,false,,,great rhododendron,Rhododendron maximum,great rhododendron,Plantae,83059
137705932,888b78a7-cd6c-4922-a5f6-38975c91353c,2022-10-05 16:35:00-04:00,2022-10-05,2022-10-05 22:35:00 +0200,Eastern Time (US & Canada),5840986,sjmalak,,2022-10-06 04:11:08 +0200,2022-11-12 15:17:44 +0100,research,CC-BY-NC,https://www.inaturalist.org/observations/137705932,https://inaturalist-open-data.s3.amazonaws.com/photos/235237252/medium.jpg,,"","",1,0,false,3,"Benton Mackaye, Suches, GA, US",34.736745,-84.1665638333,16,,,,16,,open,false,,,great rhododendron,Rhododendron maximum,great rhododendron,Plantae,83059
137706191,27c5aa36-7f0e-4b74-bd68-c07d1b2689e6,2022-10-05 16:22:51-04:00,2022-10-05,2022-10-05 22:22:51 +0200,Eastern Time (US & Canada),5840986,sjmalak,,2022-10-06 04:14:55 +0200,2022-11-12 15:17:35 +0100,research,CC-BY-NC,https://www.inaturalist.org/observations/137706191,https://inaturalist-open-data.s3.amazonaws.com/photos/235237876/medium.jpg,,"","",1,0,false,3,"Benton Mackaye, Suches, GA, US",34.7372383333,-84.1681966667,11,,,,11,,open,false,,,great rhododendron,Rhododendron maximum,great rhododendron,Plantae,83059
137710564,9c6a9676-21ce-4cd2-a06f-552ce0d1b3e4,2022-10-05 13:27:06-04:00,2022-10-05,2022-10-05 19:27:06 +0200,Eastern Time (US & Canada),5840986,sjmalak,,2022-10-06 05:12:40 +0200,2022-11-12 15:17:23 +0100,research,CC-BY-NC,https://www.inaturalist.org/observations/137710564,https://inaturalist-open-data.s3.amazonaws.com/photos/235246524/medium.jpg,,"","",1,0,false,3,"Benton Mackaye, Cherry Log, GA, US",34.7867383333,-84.3061,21,,,,21,,open,false,,,great rhododendron,Rhododendron maximum,great rhododendron,Plantae,83059
137724684,e7e0f748-5910-446d-9356-43fbacb07559,2015-03-01,2015-03-01,,Eastern Time (US & Canada),751586,andersoncruz,Jennifer Anderson-Cruz,2022-10-06 10:24:17 +0200,2023-07-08 11:57:59 +0200,research,CC-BY,https://www.inaturalist.org/observations/137724684,https://inaturalist-open-data.s3.amazonaws.com/photos/235273414/medium.jpeg,,"",,1,0,false,2,Anna Ruby Falls,34.7641667955,-83.7123052776,371,,,,371,,open,false,gps,gps,great rhododendron,Rhododendron maximum,great rhododendron,Plantae,83059
137742259,a19e6d17-d2d8-4e98-97ce-517f7ff09033,2022-10-05 17:39:37-04:00,2022-10-05,2022-10-05 23:39:37 +0200,Eastern Time (US & Canada),3708411,caseybase,casey,2022-10-06 15:42:13 +0200,2024-11-14 02:19:05 +0100,research,CC-BY,https://www.inaturalist.org/observations/137742259,https://inaturalist-open-data.s3.amazonaws.com/photos/235306373/medium.jpg,,"","",1,0,false,3,"Byron Herbert Reece, Blairsville, GA, US",34.7385133333,-83.9253216667,10,,,,10,,open,false,,,great rhododendron,Rhododendron maximum,great rhododendron,Plantae,83059
138020125,e272802c-d27e-4f1c-88e0-a99aad0b859e,2022-10-08 11:17:14-04:00,2022-10-08,2022-10-08 17:17:14 +0200,Eastern Time (US & Canada),285603,rmcminds,Ryan McMinds,2022-10-08 21:34:50 +0200,2022-10-08 21:35:03 +0200,needs_id,CC-BY,https://www.inaturalist.org/observations/138020125,https://inaturalist-open-data.s3.amazonaws.com/photos/235823912/medium.jpg,,"","",0,0,false,3,"Benton Mackaye, Cherry Log, GA, US",34.7842633333,-84.3037866667,4,,,,4,,open,false,,,"",Rhododendron maximum,great rhododendron,Plantae,83059
139040227,352b10c4-8d51-4aa2-ba2c-6779b729d8a4,2022-10-16 17:46:15-04:00,2022-10-16,2022-10-16 23:46:15 +0200,Eastern Time (US & Canada),5060022,davidlr1,,2022-10-16 23:55:45 +0200,2022-10-16 23:56:00 +0200,needs_id,CC-BY-NC,https://www.inaturalist.org/observations/139040227,https://inaturalist-open-data.s3.amazonaws.com/photos/237734029/medium.jpg,,"","",0,0,false,3,"Black Rock Mountain State Park, Clayton, GA, US",34.907595,-83.405,122,,,,122,,open,false,,,"",Rhododendron maximum,great rhododendron,Plantae,83059
139538674,aec4a900-8d63-459e-948b-eb3781800737,2022-10-21 12:55:55-04:00,2022-10-21,2022-10-21 18:55:55 +0200,Eastern Time (US & Canada),2313748,helplessobserver,,2022-10-21 18:57:51 +0200,2022-10-21 18:58:04 +0200,needs_id,CC-BY-NC,https://www.inaturalist.org/observations/139538674,https://inaturalist-open-data.s3.amazonaws.com/photos/238684148/medium.jpg,,"","",0,0,false,3,"Russell Scenic Hwy, Blairsville, GA, US",34.7271011706,-83.841865136,4,,,,4,,open,false,,,"",Rhododendron maximum,great rhododendron,Plantae,83059
139580921,1acdb22a-8c6a-477c-8f0a-77103caae282,2022-10-21 13:08:02-04:00,2022-10-21,2022-10-21 19:08:02 +0200,Eastern Time (US & Canada),309729,david275,David Griswold,2022-10-22 02:47:11 +0200,2022-10-22 02:47:58 +0200,needs_id,,https://www.inaturalist.org/observations/139580921,https://static.inaturalist.org/photos/238764594/medium.jpg,,"","",0,0,false,3,"Yellow Mountain, Suches, GA, US",34.765544969,-84.0536374142,934,,,,934,,open,false,,,"",Rhododendron maximum,great rhododendron,Plantae,83059
139692909,f146e617-2654-4662-94c4-d5fa7e7bc596,Sat Oct 22 2022 12:39:59 GMT -0400 (EDT),2022-10-22,2022-10-22 18:39:59 +0200,Eastern Time (US & Canada),550913,meghedeen,"",2022-10-23 02:20:22 +0200,2025-08-18 02:03:39 +0200,research,,https://www.inaturalist.org/observations/139692909,https://static.inaturalist.org/photos/248969329/medium.jpeg,,"",,1,0,false,333,"Towns County, US-GA, US",34.991973877,-83.5578918457,63,,,,63,,open,false,,,great rhododendron,Rhododendron maximum,great rhododendron,Plantae,83059
139895138,e173f908-e473-42f7-8e52-ecc96f012c33,Mon Oct 24 2022 15:21:13 GMT -0400 (EDT),2022-10-24,2022-10-24 21:21:13 +0200,Eastern Time (US & Canada),3995942,lewis_messner,Lewis Messner,2022-10-24 21:21:22 +0200,2022-11-12 15:11:04 +0100,research,,https://www.inaturalist.org/observations/139895138,https://static.inaturalist.org/photos/239367851/medium.jpeg,,"",,1,0,false,333,Mountain City,34.9114227295,-83.3970336914,40,,,,40,,open,false,,,great rhododendron,Rhododendron maximum,great rhododendron,Plantae,83059
140031497,75f63111-6fa2-44c9-98dd-938512e60dc7,2022-10-23 10:14:03,2022-10-23,2022-10-23 16:14:03 +0200,Eastern Time (US & Canada),2340981,rdz,Steve Raduns,2022-10-26 06:30:40 +0200,2022-11-12 15:10:06 +0100,research,,https://www.inaturalist.org/observations/140031497,https://static.inaturalist.org/photos/239631276/medium.jpeg,,"",,1,0,false,2,"Chatsworth, GA 30705, USA",34.6104479722,-84.664843,,,,,,,open,false,gps,gps,great rhododendron,Rhododendron maximum,great rhododendron,Plantae,83059
140086032,c0b7acb2-5c97-4d53-8048-e4cdeb9c76b5,2022-10-26 11:24:38-04:00,2022-10-26,2022-10-26 17:24:38 +0200,Eastern Time (US & Canada),819823,cct1953,,2022-10-26 21:25:11 +0200,2022-11-12 15:09:04 +0100,research,,https://www.inaturalist.org/observations/140086032,https://static.inaturalist.org/photos/239734463/medium.jpg,,"","Anna Ruby falls
",1,0,false,3,"White County, US-GA, US",34.7636648314,-83.7122087181,876,,,,876,,open,false,,,great rhododendron,Rhododendron maximum,great rhododendron,Plantae,83059
140163280,d4141455-1bdf-4239-a27d-cef2113dabaa,2022-10-22 17:22:57-04:00,2022-10-22,2022-10-22 23:22:57 +0200,Eastern Time (US & Canada),1033231,torgos216,Al. Morgue,2022-10-27 18:13:08 +0200,2022-11-09 15:09:11 +0100,research,,https://www.inaturalist.org/observations/140163280,https://static.inaturalist.org/photos/239881651/medium.jpg,,"","",1,0,false,3,"Black Rock Mountain State Park, Clayton, GA, US",34.9102630765,-83.4134332732,1834,,,,1834,,open,false,,,great rhododendron,Rhododendron maximum,great rhododendron,Plantae,83059
140163409,fdf5830a-090a-4fae-b41e-be71841f4559,2022-10-22 17:25:21-04:00,2022-10-22,2022-10-22 23:25:21 +0200,Eastern Time (US & Canada),1033231,torgos216,Al. Morgue,2022-10-27 18:14:50 +0200,2022-11-18 04:29:36 +0100,research,,https://www.inaturalist.org/observations/140163409,https://static.inaturalist.org/photos/239881908/medium.jpg,,"","",1,0,false,3,"Black Rock Mountain State Park, Clayton, GA, US",34.9101914531,-83.4128945473,1800,,,,1800,,open,false,,,great rhododendron,Rhododendron maximum,great rhododendron,Plantae,83059
140287952,cc0ffe75-3b65-4c35-8454-fa138ebd0194,Fri Oct 28 2022 09:27:29 GMT -0400 (EDT),2022-10-28,2022-10-28 15:27:29 +0200,Eastern Time (US & Canada),1334078,sgtbird08,James Hussey,2022-10-28 21:04:30 +0200,2022-11-12 15:06:49 +0100,research,CC-BY-NC,https://www.inaturalist.org/observations/140287952,https://inaturalist-open-data.s3.amazonaws.com/photos/240122287/medium.jpeg,,"",,1,0,false,333,United States,34.9634094238,-83.2561569214,8412,,,,8412,,open,false,,,great rhododendron,Rhododendron maximum,great rhododendron,Plantae,83059
140997631,c6537c04-f942-4116-a07c-78fb8e8d969b,2022-11-03 13:58:34-04:00,2022-11-03,2022-11-03 18:58:34 +0100,Eastern Time (US & Canada),6121772,ellavalkk,Ella Valk,2022-11-03 18:59:02 +0100,2025-11-03 02:16:38 +0100,needs_id,,https://www.inaturalist.org/observations/140997631,https://static.inaturalist.org/photos/241567951/medium.jpg,,"","",1,0,false,3,"Lullwater Rd NE, Atlanta, GA, US",33.7772475245,-84.3346623865,42,,,,42,,open,false,,,great rhododendron,Rhododendron maximum,great rhododendron,Plantae,83059
141065911,930a21f0-ef64-4622-a55b-240218b598fe,2022-11-04 09:37:42,2022-11-04,2022-11-04 14:37:42 +0100,Eastern Time (US & Canada),6241475,greenjuice,,2022-11-04 14:39:25 +0100,2025-11-03 02:15:49 +0100,research,CC-BY-NC,https://www.inaturalist.org/observations/141065911,https://inaturalist-open-data.s3.amazonaws.com/photos/241576957/medium.jpeg,,"",@ fernbank,2,0,false,2,"Druid Hills, GA, USA",33.77735282,-84.32382206,15,,,,15,,open,false,,,great rhododendron,Rhododendron maximum,great rhododendron,Plantae,83059
141531862,043c851f-0e7b-4005-bcb5-0c48dbb320d1,2022-11-09 07:57:41-05:00,2022-11-09,2022-11-09 13:57:41 +0100,Eastern Time (US & Canada),1082179,team-aron,Team Aron,2022-11-09 13:57:53 +0100,2023-03-05 20:55:32 +0100,research,,https://www.inaturalist.org/observations/141531862,https://static.inaturalist.org/photos/259206308/medium.jpg,,"","",1,0,false,3,"Gunstock Dr, Stone Mountain, GA, US",33.8424651773,-84.1582362184,16,,,,16,,open,false,,,great rhododendron,Rhododendron maximum,great rhododendron,Plantae,83059
142021092,d33ab06d-8074-4582-be85-fb8a4989b612,2022-11-14 14:50:47-05:00,2022-11-14,2022-11-14 20:50:47 +0100,Eastern Time (US & Canada),3195383,chase_m,Chase McCafferty,2022-11-14 23:17:02 +0100,2025-10-31 17:04:07 +0100,needs_id,CC-BY-NC,https://www.inaturalist.org/observations/142021092,https://inaturalist-open-data.s3.amazonaws.com/photos/243420757/medium.jpg,,"","",1,0,false,3,"Dahlonega, GA, US",34.6174063888,-84.0979476474,73,,,,73,,open,false,,,great rhododendron,Rhododendron maximum,great rhododendron,Plantae,83059
142148470,7cfe0e3c-bf83-4892-a2d9-f3b59c41ba8f,2022-11-16 10:16:24-05:00,2022-11-16,2022-11-16 16:16:24 +0100,Eastern Time (US & Canada),3702301,sdelfino,,2022-11-16 16:16:37 +0100,2022-11-19 03:24:55 +0100,needs_id,CC-BY-NC,https://www.inaturalist.org/observations/142148470,https://inaturalist-open-data.s3.amazonaws.com/photos/243661428/medium.jpg,,"","",1,0,false,3,"Emory University, Atlanta, GA, US",33.789953054,-84.3242501748,7,,,,7,,open,false,,,great rhododendron,Rhododendron maximum,great rhododendron,Plantae,83059
142619896,350c14ab-1395-4289-929b-000c8ad37fca,2022-11-22 14:34:47-05:00,2022-11-22,2022-11-22 20:34:47 +0100,Eastern Time (US & Canada),2616817,lauralondo,LauraLondo,2022-11-22 20:35:44 +0100,2022-11-28 19:14:27 +0100,needs_id,CC-BY-NC,https://www.inaturalist.org/observations/142619896,https://inaturalist-open-data.s3.amazonaws.com/photos/245554444/medium.jpg,,"","",0,0,false,3,"Hike Inn Lodge, Dawsonville, GA, US",34.5864321641,-84.2267973198,4,,,,4,,open,false,,,"",Rhododendron maximum,great rhododendron,Plantae,83059
142634489,018e0dc5-723a-4457-b355-1af1acb75e0d,2022-11-22 12:32:58,2022-11-22,2022-11-22 18:32:58 +0100,Eastern Time (US & Canada),994028,haczech,Helen A. Czech,2022-11-23 00:20:00 +0100,2022-11-25 20:53:05 +0100,research,CC-BY-NC,https://www.inaturalist.org/observations/142634489,https://inaturalist-open-data.s3.amazonaws.com/photos/244572379/medium.jpeg,,"",,1,0,false,2,"Chatsworth, GA 30705, USA",34.86077,-84.652505,,,,,,,open,false,gps,gps,great rhododendron,Rhododendron maximum,great rhododendron,Plantae,83059
142682499,1d2e2583-bf3f-4c24-b2a9-99ac00d2306c,2022-11-23 11:51:16,2022-11-23,2022-11-23 17:51:16 +0100,Eastern Time (US & Canada),4061878,jd10135,"",2022-11-23 17:58:41 +0100,2022-11-27 01:18:05 +0100,research,CC-BY-NC,https://www.inaturalist.org/observations/142682499,https://inaturalist-open-data.s3.amazonaws.com/photos/244663850/medium.jpeg,,"",,1,0,false,2,"Towns County, US-GA, US",34.8724613997,-83.8115743,,,,,,,open,false,,,great rhododendron,Rhododendron maximum,great rhododendron,Plantae,83059
142774125,2f9502d2-3558-41a8-bacf-e1f794b4086a,Thu Nov 24 2022 16:20:21 GMT -0500 (EST),2022-11-24,2022-11-24 22:20:21 +0100,Eastern Time (US & Canada),4150624,yarnagain,Brett Jarnagin,2022-11-24 22:20:27 +0100,2024-09-25 19:08:25 +0200,research,CC-BY-NC,https://www.inaturalist.org/observations/142774125,https://inaturalist-open-data.s3.amazonaws.com/photos/244837076/medium.jpeg,,"",,1,0,false,333,McCaysville,34.9856262207,-84.3724899292,6017,,,,6017,,open,false,,,great rhododendron,Rhododendron maximum,great rhododendron,Plantae,83059
142881498,bea09c6c-743f-48fc-9368-2ad2dc090afc,2021-07-08 16:09:49-04:00,2021-07-08,2021-07-08 22:09:49 +0200,Eastern Time (US & Canada),5877792,ac_id,Amberly Corbin,2022-11-26 03:57:22 +0100,2022-11-26 21:24:53 +0100,research,,https://www.inaturalist.org/observations/142881498,https://static.inaturalist.org/photos/245029419/medium.jpg,,"","",1,0,false,3,"Brasstown Balda, Hiawassee, GA, US",34.8709633333,-83.80922,4,,,,4,,open,false,,,great rhododendron,Rhododendron maximum,great rhododendron,Plantae,83059
143504758,d29ff365-32c2-4335-ba60-455144153ab7,2022-12-02 12:04:54-05:00,2022-12-02,2022-12-02 18:04:54 +0100,Eastern Time (US & Canada),6355722,airiana,Airiana Brown,2022-12-02 18:05:58 +0100,2023-05-14 20:44:10 +0200,needs_id,,https://www.inaturalist.org/observations/143504758,https://static.inaturalist.org/photos/279436071/medium.jpg,,"","",0,0,false,3,"Amicalola Falls State Park Rd, Dawsonville, GA, US",34.5922647184,-84.2085157056,8,,,,8,,open,false,,,"",Rhododendron maximum,great rhododendron,Plantae,83059
143588270,7b046b25-803a-4df2-8517-80bd6f7139ca,2022-12-03 14:22:49-05:00,2022-12-03,2022-12-03 20:22:49 +0100,Eastern Time (US & Canada),5439687,colinr813,,2022-12-03 21:26:58 +0100,2022-12-03 21:27:02 +0100,needs_id,CC-BY-NC,https://www.inaturalist.org/observations/143588270,https://inaturalist-open-data.s3.amazonaws.com/photos/246277410/medium.jpg,,"","",0,0,false,3,"Anna Ruby Falls, Helen, GA, US",34.758275,-83.71048,8,,,,8,,open,false,,,"",Rhododendron maximum,great rhododendron,Plantae,83059
143676212,2f765ff4-4fad-4db1-9597-5eea7623e14c,2022-12-03 16:54:29-05:00,2022-12-03,2022-12-03 22:54:29 +0100,Eastern Time (US & Canada),2368024,kaylynpearce,Kaylyn Pearce,2022-12-04 22:55:07 +0100,2023-11-08 18:19:36 +0100,research,CC-BY-NC,https://www.inaturalist.org/observations/143676212,https://inaturalist-open-data.s3.amazonaws.com/photos/246445132/medium.jpg,,"","",1,0,false,3,"Georgia, US",34.67332469,-83.3580852823,4,,,,28790,obscured,open,true,,,great rhododendron,Rhododendron maximum,great rhododendron,Plantae,83059
143677147,668e12e0-d8e8-4bf1-ac9b-cd01bf8130b9,2022/08/20 4:38 PM,2022-08-20,2022-08-20 22:38:00 +0200,Eastern Time (US & Canada),13935,jimbrighton,Jim Brighton,2022-12-04 23:06:36 +0100,2025-10-21 19:26:31 +0200,research,CC-BY-NC,https://www.inaturalist.org/observations/143677147,https://inaturalist-open-data.s3.amazonaws.com/photos/246444739/medium.jpeg,,"","",1,0,false,,"Rabun County, GA, USA",34.9501718887,-83.1847848032,4,,,,4,,open,false,,,great rhododendron,Rhododendron maximum,great rhododendron,Plantae,83059
144037861,473a1802-00a3-442f-94f7-10047fee3e22,2022-12-09 19:00:00-05:00,2022-12-09,2022-12-10 01:00:00 +0100,Eastern Time (US & Canada),5564270,budwinderweedle,Bud Winderweedle,2022-12-10 01:03:34 +0100,2022-12-10 01:03:44 +0100,needs_id,,https://www.inaturalist.org/observations/144037861,https://static.inaturalist.org/photos/247134576/medium.jpg,,"","",0,0,false,3,"Rock City, Lookout Mountain, GA, US",34.9730590638,-85.3489002866,4,,,,4,,open,false,,,"",Rhododendron maximum,great rhododendron,Plantae,83059
144881776,79214603-e981-4ab7-913f-c21521275d36,2022-12-22 13:46:59-05:00,2022-12-22,2022-12-22 19:46:59 +0100,Eastern Time (US & Canada),3945463,the_roadside_naturalist,The Roadside Naturalist,2022-12-22 23:46:07 +0100,2022-12-22 23:46:30 +0100,needs_id,CC-BY-NC,https://www.inaturalist.org/observations/144881776,https://inaturalist-open-data.s3.amazonaws.com/photos/248765910/medium.jpg,,"","",0,0,false,3,"Long Branch Loop, Blue Ridge, GA, US",34.80985,-84.27845,4,,,,4,,open,false,,,"",Rhododendron maximum,great rhododendron,Plantae,83059
144882315,e9836182-2167-4397-b1c3-17b3f6b711df,2022-12-22 13:05:28-05:00,2022-12-22,2022-12-22 19:05:28 +0100,Eastern Time (US & Canada),3945463,the_roadside_naturalist,The Roadside Naturalist,2022-12-22 23:55:50 +0100,2022-12-22 23:59:14 +0100,needs_id,CC-BY-NC,https://www.inaturalist.org/observations/144882315,https://inaturalist-open-data.s3.amazonaws.com/photos/248767100/medium.jpg,,"","",0,0,false,3,"Long Branch Loop, Blue Ridge, GA, US",34.8158133333,-84.285325,4,,,,4,,open,false,,,"",Rhododendron maximum,great rhododendron,Plantae,83059
145130275,98ac51d3-88a5-4bd9-9c42-37baa129937d,2022-12-26 15:18:39,2022-12-26,2022-12-26 21:18:39 +0100,Eastern Time (US & Canada),294081,lt422,Liz T,2022-12-26 21:19:13 +0100,2022-12-28 15:34:36 +0100,needs_id,CC-BY-NC,https://www.inaturalist.org/observations/145130275,https://inaturalist-open-data.s3.amazonaws.com/photos/249246271/medium.jpeg,,"",,0,0,false,2,"Clayton, GA 30525, USA",34.9196175513,-83.3897890896,2907,,,,2907,,open,false,,,great rhododendron,Rhododendron maximum,great rhododendron,Plantae,83059
145145358,6b677d27-01a5-4499-9b76-9e46364b7b85,2022-12-26 14:19:26-05:00,2022-12-26,2022-12-26 20:19:26 +0100,Eastern Time (US & Canada),3595838,felipecarrillo,Felipe Carrillo,2022-12-27 01:09:05 +0100,2022-12-29 19:26:12 +0100,research,,https://www.inaturalist.org/observations/145145358,https://static.inaturalist.org/photos/249277361/medium.jpg,,"","",1,0,false,3,"River Bend Ln, Blue Ridge, GA, US",34.7913366667,-84.27665,30,,,,30,,open,false,,,great rhododendron,Rhododendron maximum,great rhododendron,Plantae,83059
145481101,256b2c6d-e57f-4baf-b3f7-df9d749015c7,2022-12-28 13:16:55-05:00,2022-12-28,2022-12-28 19:16:55 +0100,Eastern Time (US & Canada),2908457,joe682,Joe Sexton,2022-12-31 06:00:26 +0100,2025-10-23 03:45:18 +0200,research,,https://www.inaturalist.org/observations/145481101,https://static.inaturalist.org/photos/249899164/medium.jpg,,"","",1,0,false,3,"Appalachian Trail, Hiawassee, GA, US",34.801845,-83.6860716667,50,,,,50,,open,false,,,great rhododendron,Rhododendron maximum,great rhododendron,Plantae,83059
145695419,1836433e-e6d6-450f-8df4-05670db3d19d,2023-01-02 16:15:02-05:00,2023-01-02,2023-01-02 22:15:02 +0100,Eastern Time (US & Canada),6409710,nature_jane,,2023-01-02 22:17:00 +0100,2023-01-03 04:10:41 +0100,research,CC-BY-NC,https://www.inaturalist.org/observations/145695419,https://inaturalist-open-data.s3.amazonaws.com/photos/250312248/medium.jpg,,"","",1,0,false,3,"Tallulah Gorge State Park, Tallulah Falls, GA, US",34.7402824398,-83.3922973953,4,,,,4,,open,false,,,great rhododendron,Rhododendron maximum,great rhododendron,Plantae,83059
145695438,40836b1c-ea5b-4013-9c9e-2053fea96aee,2023-01-02 16:14:12,2023-01-02,2023-01-02 22:14:12 +0100,Eastern Time (US & Canada),6409684,naturefisch,Austin Fischer,2023-01-02 22:17:20 +0100,2023-01-03 04:10:57 +0100,research,,https://www.inaturalist.org/observations/145695438,https://static.inaturalist.org/photos/250312755/medium.jpeg,,"",,1,0,false,2,"Tallulah Falls, GA 30573, USA",34.74037196,-83.39222541,7,,,,7,,open,false,,,great rhododendron,Rhododendron maximum,great rhododendron,Plantae,83059
146279064,814b4dd3-025b-4955-929e-f011f710295c,2023-01-10 11:41:12-05:00,2023-01-10,2023-01-10 17:41:12 +0100,Eastern Time (US & Canada),2321241,cliffordhanchett,Clifford Hanchett,2023-01-10 17:42:29 +0100,2023-02-01 04:38:30 +0100,research,,https://www.inaturalist.org/observations/146279064,https://static.inaturalist.org/photos/251453496/medium.jpg,,"","",1,0,false,3,"Tallulah Gorge State Park, Tallulah Falls, GA, US",34.7400997812,-83.3920582385,4,,,,4,,open,false,,,great rhododendron,Rhododendron maximum,great rhododendron,Plantae,83059
146404686,37272657-ea56-4dda-846c-e247e2ffdb69,2022-12-31 16:10:47-05:00,2022-12-31,2022-12-31 22:10:47 +0100,Eastern Time (US & Canada),4280081,joel_demeritt,Joel DeMeritt,2023-01-12 16:45:07 +0100,2023-01-12 20:31:28 +0100,needs_id,,https://www.inaturalist.org/observations/146404686,https://static.inaturalist.org/photos/251698880/medium.jpg,,"","Immature grove, most plants didn’t have very woody stems and were no taller than 4 feet ",0,0,false,3,"Raven Cliffs, Cleveland, GA, US",34.7231333333,-83.8222283333,18,,,,18,,open,false,,,"",Rhododendron maximum,great rhododendron,Plantae,83059
146405406,1e6a40aa-2c4b-41ae-9e9f-38ef7ba1eff5,2022-12-31 14:35:31-05:00,2022-12-31,2022-12-31 20:35:31 +0100,Eastern Time (US & Canada),4280081,joel_demeritt,Joel DeMeritt,2023-01-12 16:56:57 +0100,2023-01-12 20:31:28 +0100,needs_id,,https://www.inaturalist.org/observations/146405406,https://static.inaturalist.org/photos/251700113/medium.jpg,,"","",0,0,false,3,"Raven Cliffs, Helen, GA, US",34.71088,-83.7932283333,12,,,,12,,open,false,,,"",Rhododendron maximum,great rhododendron,Plantae,83059
147475802,8560ef5d-a8e6-499b-9e12-2b44dd5d827a,2023-01-27 14:40:25-05:00,2023-01-27,2023-01-27 20:40:25 +0100,Eastern Time (US & Canada),1346953,jakibedard,,2023-01-27 20:40:44 +0100,2025-08-18 02:01:11 +0200,needs_id,,https://www.inaturalist.org/observations/147475802,https://static.inaturalist.org/photos/540305049/medium.jpg,,"","",1,0,false,3,"Indian Grave Gap Rd, Hiawassee, GA, US",34.7981634415,-83.7181473805,38,,,,38,,open,false,,,great rhododendron,Rhododendron maximum,great rhododendron,Plantae,83059
148262536,a031e400-9913-4f1b-a087-515f687b9292,Tue Feb 07 2023 12:43:41 GMT-0500 (EST),2023-02-07,2023-02-07 18:43:41 +0100,Eastern Time (US & Canada),3515260,francesfraser44,,2023-02-07 18:44:37 +0100,2024-03-13 20:43:08 +0100,needs_id,CC-BY-NC,https://www.inaturalist.org/observations/148262536,https://inaturalist-open-data.s3.amazonaws.com/photos/255282302/medium.jpg,,"","",1,0,false,3,"Amicalola Falls State Park, Dawsonville, GA, US",34.5637289901,-84.246507017,8,,,,8,,open,false,,,great rhododendron,Rhododendron maximum,great rhododendron,Plantae,83059
148605446,b6ca9b1a-aa58-420f-ba86-b181f9131872,2023-02-08 11:06:02-05:00,2023-02-08,2023-02-08 17:06:02 +0100,Eastern Time (US & Canada),1064292,syrherp,Anthony Brais,2023-02-12 15:35:12 +0100,2023-02-12 15:35:34 +0100,needs_id,CC-BY-NC,https://www.inaturalist.org/observations/148605446,https://inaturalist-open-data.s3.amazonaws.com/photos/255942056/medium.jpg,,"","",0,0,false,3,"Finney Cr Rd, Clayton, GA, US",34.892945,-83.342255,22,,,,22,,open,false,,,"",Rhododendron maximum,great rhododendron,Plantae,83059
149067571,4c54a68e-7c89-449d-a2b2-e6f53b90fddb,2023-02-18 14:15:36-05:00,2023-02-18,2023-02-18 20:15:36 +0100,Eastern Time (US & Canada),1658002,caroline_ee,Caroline E,2023-02-18 21:18:18 +0100,2025-11-03 02:15:10 +0100,needs_id,CC-BY-NC,https://www.inaturalist.org/observations/149067571,https://inaturalist-open-data.s3.amazonaws.com/photos/256809990/medium.jpg,,"","",1,0,false,3,"Kittredge Park, Atlanta, GA, US",33.82245,-84.3268583333,4,,,,4,,open,false,,,great rhododendron,Rhododendron maximum,great rhododendron,Plantae,83059
149200853,707de1bd-f581-41b5-85ef-1aff9acc9eff,2023/02/18 11:14 AM,2023-02-18,2023-02-18 17:14:00 +0100,Eastern Time (US & Canada),811658,paleontologa,Jamie Fearon,2023-02-20 04:06:29 +0100,2023-03-02 12:40:54 +0100,needs_id,CC-BY-NC,https://www.inaturalist.org/observations/149200853,https://inaturalist-open-data.s3.amazonaws.com/photos/257060239/medium.jpg,,"",,0,0,false,,"Dade County, GA, USA",34.833875,-85.4836888889,,,,,,,open,false,,,Great Rhododendron,Rhododendron maximum,great rhododendron,Plantae,83059
149843406,d8c194d1-59b0-48d0-95b7-b66790dd59ad,2023/02/26 3:33 PM,2023-02-26,2023-02-26 21:33:00 +0100,Eastern Time (US & Canada),858886,scottranger,Scott Ranger,2023-02-27 20:21:42 +0100,2023-02-27 20:21:42 +0100,needs_id,CC-BY-NC,https://www.inaturalist.org/observations/149843406,https://inaturalist-open-data.s3.amazonaws.com/photos/258270579/medium.jpg,,"6 Eudicotyledonae, 6 Plants, Activities, Anatomy: plant, Anna Ruby Falls Trail, Blue Ridge, Buds, Chattahoochee National Forest, Ericaceae, Focus Stack Collection, Fruit, Geography, Georgia, Great Laurel, Great Rhododendron, Location, Rhododendron, Rhododendron maximum, Subject, Themes, Trails, Tree of Life, United States, Vascular Plants, White Rosebay, iNat Photo submitted",Anna Ruby Falls Trail,0,0,false,,"White, Georgia, United States",34.76275,-83.7126683333,,,,,,,open,false,,,Rhododendron maximum,Rhododendron maximum,great rhododendron,Plantae,83059
149843412,e15475dc-dcc3-4e14-a9de-7341b76f201f,2023/02/26 3:47 PM,2023-02-26,2023-02-26 21:47:00 +0100,Eastern Time (US & Canada),858886,scottranger,Scott Ranger,2023-02-27 20:21:44 +0100,2023-02-27 20:21:44 +0100,needs_id,CC-BY-NC,https://www.inaturalist.org/observations/149843412,https://inaturalist-open-data.s3.amazonaws.com/photos/258270682/medium.jpg,,"Activities, Anna Ruby Falls Trail, Blue Ridge, Chattahoochee National Forest, Geography, Georgia, Landscapes, Location, Streams & Rivers, Themes, United States, Water, iNat Photo submitted",Anna Ruby Falls Trail,0,0,false,,"White, Georgia, United States",34.7579233333,-83.71074,,,,,,,open,false,,,Rhododendron maximum,Rhododendron maximum,great rhododendron,Plantae,83059
149908389,c43089b4-2011-46d9-9b64-c753b4e23a7a,Tue Feb 28 2023 10:37:02 GMT -0500 (GMT-5),2023-02-28,2023-02-28 16:37:02 +0100,Eastern Time (US & Canada),4917374,mechomyecho,"",2023-02-28 16:37:14 +0100,2023-02-28 16:37:21 +0100,needs_id,CC-BY-NC,https://www.inaturalist.org/observations/149908389,https://inaturalist-open-data.s3.amazonaws.com/photos/258392918/medium.jpeg,,"",,0,0,false,333,Helen,34.7004814148,-83.7230682373,2700,,,,2700,,open,false,,,,Rhododendron maximum,great rhododendron,Plantae,83059
149918334,0f38fd50-b9c7-4c46-b868-ef7efa39e1ea,2023-02-28 12:53:36-05:00,2023-02-28,2023-02-28 18:53:36 +0100,Eastern Time (US & Canada),6518037,aubsbourrie,,2023-02-28 19:15:37 +0100,2023-02-28 19:17:51 +0100,needs_id,CC-BY-NC,https://www.inaturalist.org/observations/149918334,https://inaturalist-open-data.s3.amazonaws.com/photos/258411675/medium.jpg,,"","",0,0,false,3,"Towns County, US-GA, US",34.9350523041,-83.8406502993,92,,,,92,,open,false,,,"",Rhododendron maximum,great rhododendron,Plantae,83059
149918657,b32d50ad-da0b-48aa-9a94-c7ad8aa26a0b,2023-02-28 13:19:39,2023-02-28,2023-02-28 19:19:39 +0100,Eastern Time (US & Canada),6518451,amurphy73,,2023-02-28 19:20:01 +0100,2023-03-01 22:03:09 +0100,needs_id,CC-BY-NC,https://www.inaturalist.org/observations/149918657,https://inaturalist-open-data.s3.amazonaws.com/photos/258412215/medium.jpeg,,"",Cupid Falls,0,0,false,2,"Young Harris, GA 30582, USA",34.93496243,-83.84066542,5,,,,5,,open,false,,,great rhododendron,Rhododendron maximum,great rhododendron,Plantae,83059
150074759,371b9e4b-e7a9-4972-bb5e-7f635acf4acb,2018-04-29 11:34:13,2018-04-29,2018-04-29 17:34:13 +0200,Eastern Time (US & Canada),703773,lincolndurey,Lincoln Durey,2023-03-02 20:33:11 +0100,2023-03-02 20:33:17 +0100,needs_id,CC-BY,https://www.inaturalist.org/observations/150074759,https://static.inaturalist.org/photos/258704846/medium.jpeg,,"","Day hike on the AT and side trails in Blood Mountain Wilderness:
https://www.inaturalist.org/calendar/lincolndurey/2018/4/29",0,0,false,2,"Blairsville, GA 30512, USA",34.7384793333,-83.9254086667,,,,,,,open,false,gps,gps,great rhododendron,Rhododendron maximum,great rhododendron,Plantae,83059
150218469,91ea14b2-9432-4c11-9c55-dff9c19c6c73,2022-11-26 11:34:06-05:00,2022-11-26,2022-11-26 17:34:06 +0100,Eastern Time (US & Canada),3520,krwouk,"",2023-03-04 17:14:36 +0100,2023-04-15 20:16:51 +0200,research,,https://www.inaturalist.org/observations/150218469,https://static.inaturalist.org/photos/258978486/medium.jpg,,"","",1,0,false,3,"Towns County, US-GA, US",34.8703927582,-83.8101935791,410,,,,410,,open,false,,,great rhododendron,Rhododendron maximum,great rhododendron,Plantae,83059
150969101,1d705e41-fd11-417d-aa0b-d64e34b5195f,2023-03-12 17:06:55-04:00,2023-03-12,2023-03-12 22:06:55 +0100,Eastern Time (US & Canada),2632446,karalwise,Kara Flanigan,2023-03-12 22:07:45 +0100,2024-03-15 00:44:06 +0100,research,CC-BY-NC,https://www.inaturalist.org/observations/150969101,https://inaturalist-open-data.s3.amazonaws.com/photos/260413389/medium.jpg,,"","",1,0,false,3,"Amicalola Falls State Park, Dawsonville, GA, US",34.5675610286,-84.2445350067,6,,,,6,,open,false,,,great rhododendron,Rhododendron maximum,great rhododendron,Plantae,83059
150984550,cd9ba807-464f-435f-9d99-90d2457b0213,2023-03-12 17:28:53,2023-03-12,2023-03-12 22:28:53 +0100,Eastern Time (US & Canada),5338776,prlmaggie,"",2023-03-13 00:34:09 +0100,2023-03-13 04:38:24 +0100,research,CC-BY-NC,https://www.inaturalist.org/observations/150984550,https://inaturalist-open-data.s3.amazonaws.com/photos/260442130/medium.jpeg,,"",,1,0,false,2,Clayton,34.8781465554,-83.4009933472,2285,,,,2285,,open,false,gps,gps,great rhododendron,Rhododendron maximum,great rhododendron,Plantae,83059
151036520,f8de9996-898f-499e-8ac9-98df7bc13938,Mon Mar 13 2023 10:42:07 GMT -0400 (EDT),2023-03-13,2023-03-13 15:42:07 +0100,Eastern Time (US & Canada),5065018,lifeadventurist,,2023-03-13 15:42:26 +0100,2023-03-13 15:50:37 +0100,needs_id,CC-BY-NC,https://www.inaturalist.org/observations/151036520,https://inaturalist-open-data.s3.amazonaws.com/photos/260541594/medium.jpeg,,"",,0,0,false,333,Tallulah Falls,34.7393798828,-83.3885879517,4,,,,4,,open,false,,,,Rhododendron maximum,great rhododendron,Plantae,83059
151209227,3e813f52-1463-4c58-bda2-897e7d622c95,2023-03-15 08:04:02-04:00,2023-03-15,2023-03-15 13:04:02 +0100,Eastern Time (US & Canada),5686875,occasionalspotter,Dizzly,2023-03-15 15:16:18 +0100,2023-03-15 15:16:57 +0100,needs_id,CC-BY-NC,https://www.inaturalist.org/observations/151209227,https://inaturalist-open-data.s3.amazonaws.com/photos/260864045/medium.jpg,,"","",0,0,false,3,"Unicoi State Park & Lodge, Sautee Nacoochee, GA, US",34.7392716648,-83.71962,26,,,,26,,open,false,,,"",Rhododendron maximum,great rhododendron,Plantae,83059
151238340,54bf5eba-3280-48a0-8ec8-349dd5cb1fca,2023-03-15 15:33:10-04:00,2023-03-15,2023-03-15 20:33:10 +0100,Eastern Time (US & Canada),161086,cypselurus,Larry Chen,2023-03-15 21:26:16 +0100,2026-02-05 02:20:12 +0100,research,CC-BY-NC,https://www.inaturalist.org/observations/151238340,https://inaturalist-open-data.s3.amazonaws.com/photos/260917256/medium.jpg,,"","",1,0,false,3,"Georgia, US",34.6991086733,-83.2750427687,4,,,,28790,obscured,open,true,,,Rhododendron maximum,Rhododendron maximum,great rhododendron,Plantae,83059
151340333,7555eb23-8298-485a-b267-f68665e678c0,2023-03-13 14:32:53,2023-03-13,2023-03-13 19:32:53 +0100,Eastern Time (US & Canada),5338776,prlmaggie,"",2023-03-16 23:46:46 +0100,2023-03-16 23:47:01 +0100,needs_id,CC-BY-NC,https://www.inaturalist.org/observations/151340333,https://inaturalist-open-data.s3.amazonaws.com/photos/261110213/medium.jpeg,,"",,0,0,false,2,Clayton,34.8781465554,-83.4009933472,2285,,,,2285,,open,false,gps,gps,great rhododendron,Rhododendron maximum,great rhododendron,Plantae,83059
151408227,382563c7-9f1f-4173-9d23-ae1f8986cfa1,2023/03/15 3:33 PM,2023-03-15,2023-03-15 20:33:00 +0100,Eastern Time (US & Canada),232439,harrier,"",2023-03-17 19:21:34 +0100,2023-03-18 20:13:00 +0100,needs_id,CC-BY,https://www.inaturalist.org/observations/151408227,https://inaturalist-open-data.s3.amazonaws.com/photos/261236782/medium.jpeg,,"","",0,0,false,,"Georgia, US",34.7373280033,-83.2572677686,100,,,,28790,obscured,open,true,,,Great Rhododendron,Rhododendron maximum,great rhododendron,Plantae,83059
151616197,1f38b68a-f526-4d01-9907-d6ce9589341b,2023-03-18 16:28:50-04:00,2023-03-18,2023-03-18 21:28:50 +0100,Eastern Time (US & Canada),1244091,rivrsingr,Sue Blakeman,2023-03-19 16:45:12 +0100,2025-07-22 19:36:20 +0200,research,,https://www.inaturalist.org/observations/151616197,https://static.inaturalist.org/photos/261627772/medium.jpg,,"","",1,0,false,3,"Appalachian Approach Trail, Blue Ridge, GA, US",34.6646533333,-84.1830366667,3,,,,3,,open,false,,,great rhododendron,Rhododendron maximum,great rhododendron,Plantae,83059
151654250,4adc6e70-e4d9-4510-84cb-ac83129a4057,2020/06/17 8:39 AM,2020-06-17,2020-06-17 14:39:00 +0200,Eastern Time (US & Canada),6545070,pilgrim123,pilgrim123,2023-03-19 22:00:36 +0100,2025-11-03 02:12:58 +0100,research,,https://www.inaturalist.org/observations/151654250,https://inaturalist-open-data.s3.amazonaws.com/photos/261695617/medium.jpg,,"",,2,0,false,,"Druid Hills, GA, USA",33.7980823465,-84.3145251847,31,,,,31,,open,false,,,great rhododendron,Rhododendron maximum,great rhododendron,Plantae,83059
152004899,a1a27c36-dba8-4c30-9029-7e208ad122f6,2021-06-26 12:55:08-04:00,2021-06-26,2021-06-26 18:55:08 +0200,Eastern Time (US & Canada),6570781,trilliambees,Trillkovich,2023-03-23 07:25:18 +0100,2025-08-04 02:41:02 +0200,research,CC-BY-NC,https://www.inaturalist.org/observations/152004899,https://inaturalist-open-data.s3.amazonaws.com/photos/262359184/medium.jpg,,"","",1,0,false,3,"Anna Ruby Falls Rd, Helen, GA, US",34.757575,-83.7101833333,165,,,,165,,open,false,,,great rhododendron,Rhododendron maximum,great rhododendron,Plantae,83059
152042155,c2899aaa-b969-4b65-ae66-5b069b1074b2,2023-03-23 12:13:57-04:00,2023-03-23,2023-03-23 17:13:57 +0100,Eastern Time (US & Canada),6056696,ecologictea,Tea Povolny,2023-03-23 17:43:54 +0100,2023-03-23 17:44:23 +0100,needs_id,,https://www.inaturalist.org/observations/152042155,https://static.inaturalist.org/photos/262421067/medium.jpg,,"","",0,0,false,3,"First St NW, Atlanta, GA, US",33.7908467744,-84.4658534602,6,,,,6,,open,false,,,"",Rhododendron maximum,great rhododendron,Plantae,83059
152059333,4dbbe73a-dbde-43d3-8a55-58d3ba47cf05,2023-03-23 15:40:27-04:00,2023-03-23,2023-03-23 20:40:27 +0100,Eastern Time (US & Canada),6601835,ingpete2,,2023-03-23 20:40:31 +0100,2023-08-06 23:43:05 +0200,needs_id,CC-BY-NC,https://www.inaturalist.org/observations/152059333,https://inaturalist-open-data.s3.amazonaws.com/photos/262451326/medium.jpg,,"","",0,0,false,3,"Tallulah Gorge State Park, Tallulah Falls, GA, US",34.7403717938,-83.3922268585,8,,,,8,,open,false,,,"",Rhododendron maximum,great rhododendron,Plantae,83059
152317477,8d8af884-70d7-429a-9833-b3078b7f17e6,2023/03/25 8:45 PM,2023-03-25,2023-03-26 01:45:00 +0100,Eastern Time (US & Canada),11784,bryanpfeiffer,Bryan Pfeiffer,2023-03-26 03:11:55 +0200,2025-11-13 18:33:31 +0100,needs_id,CC-BY-NC,https://www.inaturalist.org/observations/152317477,https://inaturalist-open-data.s3.amazonaws.com/photos/262924130/medium.jpg,,"",,0,0,false,,"Fannin, Georgia, United States",34.648607555,-84.1913501117,,,,,,,open,false,,,Rhododendron maximum,Rhododendron maximum,great rhododendron,Plantae,83059
152619800,c424ef92-54ba-4cc8-a2e5-38f3ef571dd3,Tue Mar 28 2023 10:01:04 GMT -0400 (GMT-4),2023-03-28,2023-03-28 16:01:04 +0200,Eastern Time (US & Canada),2630960,matthewkobe,Matthew Kobe,2023-03-28 16:01:08 +0200,2023-03-28 16:01:24 +0200,needs_id,,https://www.inaturalist.org/observations/152619800,https://inaturalist-open-data.s3.amazonaws.com/photos/263488801/medium.jpeg,,"",,0,0,false,333,Blairsville,34.8710975647,-83.8141555786,42,,,,42,,open,false,,,,Rhododendron maximum,great rhododendron,Plantae,83059
152664921,3019f266-45d1-417e-a6b8-67b32b957c11,2023-03-28 15:25:22,2023-03-28,2023-03-28 21:25:22 +0200,Eastern Time (US & Canada),2680192,civet,christina,2023-03-28 23:37:44 +0200,2023-03-28 23:45:51 +0200,needs_id,CC-BY-NC,https://www.inaturalist.org/observations/152664921,https://inaturalist-open-data.s3.amazonaws.com/photos/263570420/medium.jpeg,,"",,0,0,false,2,"Blairsville, GA 30512, USA",34.7532886997,-83.8944773,,,,,,,open,false,gps,gps,great rhododendron,Rhododendron maximum,great rhododendron,Plantae,83059
152825481,d840a215-c3a6-4898-8758-6749ad494e38,2023-03-20 15:46:48,2023-03-20,2023-03-20 20:46:48 +0100,Eastern Time (US & Canada),3952542,md10202019,Roy L. Smith,2023-03-30 15:13:41 +0200,2023-03-30 15:13:48 +0200,needs_id,CC-BY-NC,https://www.inaturalist.org/observations/152825481,https://inaturalist-open-data.s3.amazonaws.com/photos/263870929/medium.jpeg,,"",,0,0,false,2,"Young Harris, GA 30582, USA",34.9349666,-83.8413486,,,,,,,open,false,gps,gps,great rhododendron,Rhododendron maximum,great rhododendron,Plantae,83059
152889142,3cedbbaf-7fed-41b5-84dd-553b9f0c863a,Wed Mar 29 2023 16:05:30 GMT-0400 (EDT),2023-03-29,2023-03-29 22:05:30 +0200,Eastern Time (US & Canada),3377400,mwilcox88,,2023-03-31 03:23:05 +0200,2023-04-01 14:45:39 +0200,needs_id,CC-BY-NC,https://www.inaturalist.org/observations/152889142,https://inaturalist-open-data.s3.amazonaws.com/photos/263986616/medium.jpg,,"","",0,0,false,3,"Fort Mountain State Park, Chatsworth, GA, US",34.7565916667,-84.6996533333,23,,,,23,,open,false,,,"",Rhododendron maximum,great rhododendron,Plantae,83059
153475259,99be56d5-5937-4029-bede-067424319ab7,2023-04-04 12:55:04-04:00,2023-04-04,2023-04-04 18:55:04 +0200,Eastern Time (US & Canada),2768296,hakie,,2023-04-04 20:53:32 +0200,2023-04-04 20:58:46 +0200,needs_id,CC-BY-NC-SA,https://www.inaturalist.org/observations/153475259,https://inaturalist-open-data.s3.amazonaws.com/photos/265078951/medium.jpg,,"","",0,0,false,3,"Union County, US-GA, US",34.7350309138,-83.9713592653,17,,,,17,,open,false,,,"",Rhododendron maximum,great rhododendron,Plantae,83059
153643699,d0dbe02e-34a7-4299-aa0f-14c9feeb3f71,2023-04-05 14:04:34,2023-04-05,2023-04-05 20:04:34 +0200,Eastern Time (US & Canada),2879547,joshperry,Josh Perry,2023-04-06 04:27:49 +0200,2025-10-11 01:58:48 +0200,research,,https://www.inaturalist.org/observations/153643699,https://static.inaturalist.org/photos/265393120/medium.jpeg,,"",,1,0,false,2,"Calhoun, GA 30701, USA",34.4638683,-84.9843400997,,,,,,,open,false,gps,gps,great rhododendron,Rhododendron maximum,great rhododendron,Plantae,83059
154034302,c5118d76-405e-4434-b1ee-333af77c9494,2023-03-23 14:25:45-04:00,2023-03-23,2023-03-23 19:25:45 +0100,Eastern Time (US & Canada),1531292,jon_g,,2023-04-09 03:36:27 +0200,2025-07-22 19:33:23 +0200,research,CC-BY-NC,https://www.inaturalist.org/observations/154034302,https://inaturalist-open-data.s3.amazonaws.com/photos/266111053/medium.jpg,,"","",1,0,false,3,"Appalachian Approach Trail, Blue Ridge, GA, US",34.6434333333,-84.1913616667,11,,,,11,,open,false,,,great rhododendron,Rhododendron maximum,great rhododendron,Plantae,83059
154133919,7be256a3-725b-4606-9d5a-36f25f5fb5ce,2023-04-09 13:46:14-04:00,2023-04-09,2023-04-09 19:46:14 +0200,Eastern Time (US & Canada),6426528,madisonruggiero,,2023-04-09 19:46:17 +0200,2023-04-09 19:50:59 +0200,needs_id,CC-BY-NC,https://www.inaturalist.org/observations/154133919,https://inaturalist-open-data.s3.amazonaws.com/photos/266292996/medium.jpg,,"","",0,0,false,3,"Summit Dr, Jasper, GA, US",34.4616619684,-84.2816316337,4,,,,4,,open,false,,,"",Rhododendron maximum,great rhododendron,Plantae,83059
155037415,8e8ef52d-0078-4796-bc24-b7d8c15b0c02,2023-04-15 15:21:30-04:00,2023-04-15,2023-04-15 21:21:30 +0200,Eastern Time (US & Canada),5396498,agentbp,,2023-04-15 22:35:11 +0200,2025-10-31 17:00:52 +0100,research,CC-BY-NC,https://www.inaturalist.org/observations/155037415,https://inaturalist-open-data.s3.amazonaws.com/photos/267942913/medium.jpg,,"","",1,0,false,3,"US-19, Cleveland, GA, US",34.7065716667,-83.915175,4,,,,4,,open,false,,,great rhododendron,Rhododendron maximum,great rhododendron,Plantae,83059
155063969,a1e9d5d8-d6a1-4929-a49c-b863edce0230,2023-04-15 11:57:35-04:00,2023-04-15,2023-04-15 17:57:35 +0200,Eastern Time (US & Canada),764155,whatch11,Wes Hatch,2023-04-16 01:19:03 +0200,2025-06-24 19:08:09 +0200,research,,https://www.inaturalist.org/observations/155063969,https://static.inaturalist.org/photos/267989106/medium.jpg,,"","",1,0,false,3,"Murray County, US-GA, US",34.8616129577,-84.6513671335,8,,,,8,,open,false,,,great rhododendron,Rhododendron maximum,great rhododendron,Plantae,83059
155139321,bb2a3017-8476-4fcf-9b37-249541617c33,2023-04-15 17:49:35,2023-04-15,2023-04-15 23:49:35 +0200,Eastern Time (US & Canada),1110667,botanylicious,Sarah Kelsey,2023-04-16 15:05:20 +0200,2025-08-18 01:45:51 +0200,research,CC-BY-NC-SA,https://www.inaturalist.org/observations/155139321,https://inaturalist-open-data.s3.amazonaws.com/photos/268134021/medium.jpeg,,"",,1,0,false,2,"Hiawassee, GA 30546, USA",34.8737759722,-83.8076839722,,,,,,,open,false,gps,gps,great rhododendron,Rhododendron maximum,great rhododendron,Plantae,83059
155173628,99348f59-37d1-4371-9214-a4310f8b9018,2023/04/15 6:28 PM,2023-04-15,2023-04-16 00:28:00 +0200,Eastern Time (US & Canada),1110667,botanylicious,Sarah Kelsey,2023-04-16 18:43:52 +0200,2023-04-16 18:44:53 +0200,needs_id,CC-BY-NC-SA,https://www.inaturalist.org/observations/155173628,https://inaturalist-open-data.s3.amazonaws.com/photos/268188264/medium.jpg,,"",,0,0,false,,"Brasstown Bald, Georgia 30546, USA",34.8742779,-83.8109073,1578,,,,1578,,open,false,,,Rhododendron maximum,Rhododendron maximum,great rhododendron,Plantae,83059
155281458,bd4475aa-3dd9-4930-a33b-3ab11ea82093,2023-04-16 13:38:33-04:00,2023-04-16,2023-04-16 19:38:33 +0200,Eastern Time (US & Canada),5287823,fountainfungi,Brandon Fountain,2023-04-17 06:19:46 +0200,2026-08-01 17:37:51 +0200,research,CC-BY-NC,https://www.inaturalist.org/observations/155281458,https://inaturalist-open-data.s3.amazonaws.com/photos/268395412/medium.jpg,,"","",1,0,false,3,"Stornoway Dr, Clayton, GA, US",34.8887883333,-83.4106666667,7,,,,7,,open,false,,,great rhododendron,Rhododendron maximum,great rhododendron,Plantae,83059
155911381,9fd13967-7ad5-4665-908c-143a21a459c3,2023-04-21 12:16:59-04:00,2023-04-21,2023-04-21 18:16:59 +0200,Eastern Time (US & Canada),6078626,fcmstrail1,,2023-04-21 18:27:27 +0200,2023-04-21 18:48:21 +0200,needs_id,CC-BY-NC,https://www.inaturalist.org/observations/155911381,https://inaturalist-open-data.s3.amazonaws.com/photos/269549561/medium.jpg,,"","",0,0,false,3,"Orvin Lance Dr, Blue Ridge, GA, US",34.8729783333,-84.301155,58,,,,58,,open,false,,,"",Rhododendron maximum,great rhododendron,Plantae,83059
155912173,44f9c632-ecd7-4d9d-83f7-017ff0b70b72,2023-04-21 12:14:30-04:00,2023-04-21,2023-04-21 18:14:30 +0200,Eastern Time (US & Canada),6086502,fcmstrail2,,2023-04-21 18:32:52 +0200,2023-04-21 18:32:57 +0200,needs_id,CC-BY-NC,https://www.inaturalist.org/observations/155912173,https://inaturalist-open-data.s3.amazonaws.com/photos/269550957/medium.jpg,,"","",0,0,false,3,"Orvin Lance Dr, Blue Ridge, GA, US",34.8727716667,-84.30107,134,,,,134,,open,false,,,"",Rhododendron maximum,great rhododendron,Plantae,83059
155919445,0a7db85b-a14a-4cfc-b79e-e1bff02064aa,2023-04-21 13:13:34-04:00,2023-04-21,2023-04-21 19:13:34 +0200,Eastern Time (US & Canada),6078626,fcmstrail1,,2023-04-21 19:21:33 +0200,2023-04-21 19:21:50 +0200,needs_id,CC-BY-NC,https://www.inaturalist.org/observations/155919445,https://inaturalist-open-data.s3.amazonaws.com/photos/269563775/medium.jpg,,"","",0,0,false,3,"Old US Highway 76, Blue Ridge, GA, US",34.8705723818,-84.3029241197,65,,,,65,,open,false,,,"",Rhododendron maximum,great rhododendron,Plantae,83059
156237332,66ac13b0-5169-4b63-b815-df7c1fa2f201,2023-04-22 18:19:18,2023-04-22,2023-04-23 00:19:18 +0200,Eastern Time (US & Canada),6023498,sarah4820,Sarah Adams,2023-04-23 16:43:08 +0200,2025-10-31 17:00:34 +0100,research,,https://www.inaturalist.org/observations/156237332,https://static.inaturalist.org/photos/270142525/medium.jpeg,,"",,1,0,false,2,"Lumpkin County, US-GA, US",34.5443277778,-84.0667916667,,,,,,,open,false,gps,gps,great rhododendron,Rhododendron maximum,great rhododendron,Plantae,83059
157242024,a8c2341e-8800-412f-a0e1-5555b8b33bef,2023-04-28 14:55:06-04:00,2023-04-28,2023-04-28 20:55:06 +0200,Eastern Time (US & Canada),1476243,fernbankallison,Allison Trice,2023-04-28 20:55:15 +0200,2025-11-03 02:10:00 +0100,needs_id,,https://www.inaturalist.org/observations/157242024,https://static.inaturalist.org/photos/271898993/medium.jpg,,"","",1,0,false,3,"Fernbank, Atlanta, GA, US",33.7741331041,-84.3271876239,14,,,,14,,open,false,,,great rhododendron,Rhododendron maximum,great rhododendron,Plantae,83059
157827025,3eafed88-021a-466a-ae58-3d9f1b004035,2023-04-29 12:44:55-04:00,2023-04-29,2023-04-29 18:44:55 +0200,Eastern Time (US & Canada),4371106,kennedygrace,Kennedy Grace,2023-04-30 00:43:25 +0200,2025-08-04 02:40:55 +0200,research,,https://www.inaturalist.org/observations/157827025,https://static.inaturalist.org/photos/272832184/medium.jpg,,"","",1,0,false,3,"Tallulah Gorge State Park, Tallulah Falls, GA, US",34.7389033333,-83.39187,4,,,,4,,open,false,,,great rhododendron,Rhododendron maximum,great rhododendron,Plantae,83059
158067939,e2a5d0a9-8f3c-4a5e-87cf-196e123c71e4,2023-04-29 06:59:59-04:00,2023-04-29,2023-04-29 12:59:59 +0200,Eastern Time (US & Canada),5646308,gompchamp,Gabriel Barajas,2023-04-30 14:56:46 +0200,2024-02-03 22:43:05 +0100,research,CC-BY-NC,https://www.inaturalist.org/observations/158067939,https://inaturalist-open-data.s3.amazonaws.com/photos/273224114/medium.jpg,,"","",1,0,false,3,"Glassy Orchard Rd, GA, US",34.8470820522,-83.4867111264,4,,,,4,,open,false,,,great rhododendron,Rhododendron maximum,great rhododendron,Plantae,83059
158612700,48027a6e-2790-4e6f-9f56-60fa17425a59,2023/04/15 10:46 AM,2023-04-15,2023-04-15 16:46:00 +0200,Eastern Time (US & Canada),5103940,npashley,Nathan Ashley,2023-05-01 14:56:59 +0200,2023-05-01 14:56:59 +0200,needs_id,CC-BY-NC,https://www.inaturalist.org/observations/158612700,https://inaturalist-open-data.s3.amazonaws.com/photos/274094320/medium.jpg,,"",,0,0,false,,"Rabun County, GA, USA",34.9087395535,-83.4167859811,1904,,,,1904,,open,false,,,Great Rhododendron,Rhododendron maximum,great rhododendron,Plantae,83059
158687855,c9982b41-b7fa-4eba-b084-e184d911551b,2023-04-29 10:43:22-04:00,2023-04-29,2023-04-29 16:43:22 +0200,Eastern Time (US & Canada),2768574,jpkarlsberg,Jesse P. Karlsberg,2023-05-01 17:42:39 +0200,2026-08-06 18:07:05 +0200,research,CC-BY-NC,https://www.inaturalist.org/observations/158687855,https://inaturalist-open-data.s3.amazonaws.com/photos/274214155/medium.jpg,,"","",2,0,false,3,"Nantahalla Ct NE, Atlanta, GA, US",33.8212583333,-84.326225,157,,,,157,,open,false,,,great rhododendron,Rhododendron maximum,great rhododendron,Plantae,83059
159215432,d22a90be-f166-4627-8346-59bb6b00deee,2023-05-02 13:01:50-04:00,2023-05-02,2023-05-02 19:01:50 +0200,Eastern Time (US & Canada),6825284,manderson132,,2023-05-02 19:31:07 +0200,2025-08-04 02:40:54 +0200,research,,https://www.inaturalist.org/observations/159215432,https://static.inaturalist.org/photos/275072696/medium.jpg,,"",White and pink flowers on the hiking trail at Morgan Falls Overlook Park,1,0,false,3,"Georgia, US",33.9411247762,-84.3557900394,61,,,,28902,obscured,open,true,,,great rhododendron,Rhododendron maximum,great rhododendron,Plantae,83059
160167859,8a499147-caf4-4f93-b7de-d5e0780ea520,2023-05-06 17:33:38-04:00,2023-05-06,2023-05-06 23:33:38 +0200,Eastern Time (US & Canada),4941070,john_maddalena,John Maddalena,2023-05-06 23:34:09 +0200,2023-05-06 23:34:34 +0200,needs_id,,https://www.inaturalist.org/observations/160167859,https://static.inaturalist.org/photos/276761361/medium.jpg,,"","",0,0,false,3,"Dukes Creeks Falls, Helen, GA, US",34.7011865157,-83.7910324335,302,,,,302,,open,false,,,"",Rhododendron maximum,great rhododendron,Plantae,83059
160336415,c2a5f3c1-f0e8-4a8c-b687-01900419eaba,Sat May 06 2023 11:59:48 GMT -0400 (GMT-4),2023-05-06,2023-05-06 17:59:48 +0200,Eastern Time (US & Canada),6231084,jperkharper3,,2023-05-07 17:45:00 +0200,2023-05-07 17:51:36 +0200,needs_id,CC-BY-NC,https://www.inaturalist.org/observations/160336415,https://inaturalist-open-data.s3.amazonaws.com/photos/277058537/medium.jpeg,,"",,0,0,false,333,"Rabun County, US-GA, US",34.9455718994,-83.3171691895,3,,,,3,,open,false,,,,Rhododendron maximum,great rhododendron,Plantae,83059
160342340,ea1e946e-c149-4010-ae78-b485dc11276c,2023-05-06 14:10:36,2023-05-06,2023-05-06 20:10:36 +0200,Eastern Time (US & Canada),5619941,cavernousnoggin,Leslie,2023-05-07 18:11:43 +0200,2025-08-04 02:41:33 +0200,research,,https://www.inaturalist.org/observations/160342340,https://static.inaturalist.org/photos/277066446/medium.jpeg,,"",,1,0,false,2,"Georgia, US",34.7992525228,-84.4341807385,194,,,,28790,obscured,open,true,gps,gps,great rhododendron,Rhododendron maximum,great rhododendron,Plantae,83059
160487463,ff6afe21-92fe-435e-a6c4-a9bb6c03acc2,2022-06-03 19:19:15-04:00,2022-06-03,2022-06-04 01:19:15 +0200,Eastern Time (US & Canada),60584,imatlock,Isaac Matlock,2023-05-08 05:06:45 +0200,2023-05-13 07:13:59 +0200,research,CC-BY-NC,https://www.inaturalist.org/observations/160487463,https://inaturalist-open-data.s3.amazonaws.com/photos/277325014/medium.jpg,,"","",1,0,false,3,"Blairsville, GA, US",34.8984716667,-84.0984195,149000,,,,149000,,open,false,,,great rhododendron,Rhododendron maximum,great rhododendron,Plantae,83059
160814708,28a9bc1f-0f5b-490a-a0e1-c0f5917b0403,2023-05-09 18:19:48,2023-05-09,2023-05-10 00:19:48 +0200,Eastern Time (US & Canada),2456096,cameranlloyd,Cameran Lloyd,2023-05-10 00:20:59 +0200,2025-08-04 02:41:32 +0200,research,CC-BY-NC,https://www.inaturalist.org/observations/160814708,https://inaturalist-open-data.s3.amazonaws.com/photos/277917997/medium.jpeg,,"",,1,0,false,2,United States,34.9807869917,-83.8538598984,14,,,,28762,obscured,open,true,,,great rhododendron,Rhododendron maximum,great rhododendron,Plantae,83059
160908993,d659c62b-ef18-48ac-bd94-8750ed2b99c1,2017/07/01 2:33 PM,2017-07-01,2017-07-01 20:33:00 +0200,Eastern Time (US & Canada),3575163,renevague3,,2023-05-10 16:19:38 +0200,2025-08-04 02:40:00 +0200,research,CC-BY-NC,https://www.inaturalist.org/observations/160908993,https://inaturalist-open-data.s3.amazonaws.com/photos/278090676/medium.jpeg,,"",,2,0,false,,"Dawson County, GA, USA",34.5630520997,-84.2475737025,652,,,,652,,open,false,,,great rhododendron,Rhododendron maximum,great rhododendron,Plantae,83059
160908994,af12fc1d-8842-4b8d-b8bf-6e748674239f,2017/07/01 2:34 PM,2017-07-01,2017-07-01 20:34:00 +0200,Eastern Time (US & Canada),3575163,renevague3,,2023-05-10 16:19:38 +0200,2025-08-04 02:39:59 +0200,research,CC-BY-NC,https://www.inaturalist.org/observations/160908994,https://inaturalist-open-data.s3.amazonaws.com/photos/278090692/medium.jpeg,,"",,2,0,false,,"Dawson County, GA, USA",34.5630520997,-84.2475737025,652,,,,652,,open,false,,,great rhododendron,Rhododendron maximum,great rhododendron,Plantae,83059
160910144,5aafee66-635a-4620-8dcf-ad614cf6210c,2017/07/02 6:29 PM,2017-07-02,2017-07-03 00:29:00 +0200,Eastern Time (US & Canada),3575163,renevague3,,2023-05-10 16:27:44 +0200,2025-08-04 02:39:58 +0200,research,CC-BY-NC,https://www.inaturalist.org/observations/160910144,https://inaturalist-open-data.s3.amazonaws.com/photos/278092269/medium.jpeg,,"",,2,0,false,,"Union County, GA, USA",34.7527447025,-83.8957891803,633,,,,633,,open,false,,,great rhododendron,Rhododendron maximum,great rhododendron,Plantae,83059
160977486,910755f3-1ff7-4550-8d98-38a1a66c7046,2015-03-01,2015-03-01,,Eastern Time (US & Canada),751586,andersoncruz,Jennifer Anderson-Cruz,2023-05-10 23:42:59 +0200,2023-05-10 23:45:06 +0200,needs_id,CC-BY-NC,https://www.inaturalist.org/observations/160977486,https://inaturalist-open-data.s3.amazonaws.com/photos/278215435/medium.jpeg,,"",,0,0,false,2,Anna Ruby Falls,34.7641667955,-83.7123052776,371,,,,371,,open,false,,,great rhododendron,Rhododendron maximum,great rhododendron,Plantae,83059
160979018,2bc053cd-e43d-484f-b84a-64cd1dcf39d5,2023-05-10 10:43:08-04:00,2023-05-10,2023-05-10 16:43:08 +0200,Eastern Time (US & Canada),637943,andrew_tbc_taylor,Andrew Taylor,2023-05-10 23:52:59 +0200,2023-05-10 23:53:04 +0200,needs_id,,https://www.inaturalist.org/observations/160979018,https://static.inaturalist.org/photos/278217963/medium.jpg,,"","",0,0,false,3,"Amicalola Creek, Dawsonville, GA, US",34.4223833333,-84.2168416667,8,,,,8,,open,false,,,"",Rhododendron maximum,great rhododendron,Plantae,83059
161086498,1171a16c-3ad7-4302-b464-fc0cd8d72c1e,2023-05-11 11:35:39,2023-05-11,2023-05-11 17:35:39 +0200,Eastern Time (US & Canada),1678764,phildelestrez,Phil Delestrez,2023-05-11 17:36:23 +0200,2025-08-04 02:39:56 +0200,research,,https://www.inaturalist.org/observations/161086498,https://static.inaturalist.org/photos/278412200/medium.jpeg,,"",,1,0,false,2,"Tallulah Falls, GA, USA",34.7368461389,-83.3922609889,,,,,,,open,false,gps,gps,great rhododendron,Rhododendron maximum,great rhododendron,Plantae,83059
161839599,90bff883-5be8-4d54-b479-5b8b8c41f281,2023-05-13 12:09:29-04:00,2023-05-13,2023-05-13 18:09:29 +0200,Eastern Time (US & Canada),2914183,andisheghofrani,Andishe Ghofrani,2023-05-15 19:56:31 +0200,2025-08-04 02:41:51 +0200,research,,https://www.inaturalist.org/observations/161839599,https://static.inaturalist.org/photos/279770816/medium.jpg,,"","",1,0,false,3,"Chattahoochee River National Recreation Area Vickery Creek, Sandy Springs, GA, US",33.8908883333,-84.4373633333,4,,,,4,,open,false,,,great rhododendron,Rhododendron maximum,great rhododendron,Plantae,83059
161875339,9964a2b9-e682-4ace-b8b8-6df70634ed72,2023/05/13 6:31 AM,2023-05-13,2023-05-13 12:31:00 +0200,Eastern Time (US & Canada),6104861,sidthepunk,Sid Lowe,2023-05-15 23:43:52 +0200,2025-01-17 03:06:54 +0100,research,CC-BY-NC,https://www.inaturalist.org/observations/161875339,https://inaturalist-open-data.s3.amazonaws.com/photos/279831980/medium.jpeg,,"",,3,0,false,,"Georgia, US",34.7698699747,-84.1284678714,31,,,,28790,obscured,open,true,,,great rhododendron,Rhododendron maximum,great rhododendron,Plantae,83059
161875340,e28721ae-28fd-4d77-972f-8b6339d96563,2023/05/13 6:32 AM,2023-05-13,2023-05-13 12:32:00 +0200,Eastern Time (US & Canada),6104861,sidthepunk,Sid Lowe,2023-05-15 23:43:53 +0200,2023-06-13 02:41:08 +0200,research,CC-BY-NC,https://www.inaturalist.org/observations/161875340,https://inaturalist-open-data.s3.amazonaws.com/photos/279832045/medium.jpeg,,"",,1,0,false,,"Georgia, US",34.6112155775,-84.1171022136,31,,,,28790,obscured,open,true,,,great rhododendron,Rhododendron maximum,great rhododendron,Plantae,83059
161875351,20045633-254f-466c-a9c9-9011f16b71b3,2023/05/13 6:34 AM,2023-05-13,2023-05-13 12:34:00 +0200,Eastern Time (US & Canada),6104861,sidthepunk,Sid Lowe,2023-05-15 23:43:54 +0200,2025-01-17 03:06:51 +0100,research,CC-BY-NC,https://www.inaturalist.org/observations/161875351,https://inaturalist-open-data.s3.amazonaws.com/photos/279832372/medium.jpeg,,"",,3,0,false,,"Georgia, US",34.6807286967,-84.0934419225,31,,,,28790,obscured,open,true,,,great rhododendron,Rhododendron maximum,great rhododendron,Plantae,83059
162080003,70b127b2-c3ab-428b-9f8a-95d93c872dd4,2023-05-14 12:33:36,2023-05-14,2023-05-14 18:33:36 +0200,Eastern Time (US & Canada),1110667,botanylicious,Sarah Kelsey,2023-05-17 05:00:11 +0200,2025-06-24 19:04:40 +0200,research,CC-BY-NC-SA,https://www.inaturalist.org/observations/162080003,https://inaturalist-open-data.s3.amazonaws.com/photos/280218945/medium.jpeg,,"",,2,0,false,2,"East Ellijay, GA 30540, USA",34.8257546,-84.5821858,,,,,,,open,false,gps,gps,great rhododendron,Rhododendron maximum,great rhododendron,Plantae,83059
162871653,c500ce6d-fab7-4ab6-83d8-0b045db88cf8,Sun May 21 2023 08:54:55 GMT -0400 (GMT-4),2023-05-21,2023-05-21 14:54:55 +0200,Eastern Time (US & Canada),6557089,fernbanktreegirl,,2023-05-21 14:55:06 +0200,2025-11-03 02:03:46 +0100,research,CC-BY-NC,https://www.inaturalist.org/observations/162871653,https://inaturalist-open-data.s3.amazonaws.com/photos/281652118/medium.jpeg,,"",,2,0,false,333,Atlanta,33.7740898132,-84.3278121948,81,,,,81,,open,false,,,great rhododendron,Rhododendron maximum,great rhododendron,Plantae,83059
163209932,39929ac8-e7de-47bd-b32a-ca5350870fd1,2023-05-22 18:35:09-04:00,2023-05-22,2023-05-23 00:35:09 +0200,Eastern Time (US & Canada),6874036,brisacalvillo,,2023-05-23 00:35:33 +0200,2023-05-23 17:33:47 +0200,research,CC-BY-NC,https://www.inaturalist.org/observations/163209932,https://inaturalist-open-data.s3.amazonaws.com/photos/282261902/medium.jpg,,"","",1,0,false,3,"Spruill Bridge Rd, Temple, GA, US",33.6983152174,-85.0154631959,4,,,,4,,open,false,,,great rhododendron,Rhododendron maximum,great rhododendron,Plantae,83059
163797877,524ef38b-d466-4ae0-bf94-b52fb5eea62a,2023-05-26 08:06:15-04:00,2023-05-26,2023-05-26 14:06:15 +0200,Eastern Time (US & Canada),1040011,keifersue,"",2023-05-26 14:07:34 +0200,2023-08-06 04:23:36 +0200,needs_id,CC-BY-NC,https://www.inaturalist.org/observations/163797877,https://inaturalist-open-data.s3.amazonaws.com/photos/283347455/medium.jpg,,"","",0,0,false,3,"Blairsville, GA, US",34.8662141082,-83.9750913404,4,,,,4,,open,false,,,"",Rhododendron maximum,great rhododendron,Plantae,83059
164053789,c1b74b77-2f38-4209-ba74-983e1d320d5b,2023-05-27 13:41:56,2023-05-27,2023-05-27 19:41:56 +0200,Eastern Time (US & Canada),6953071,mariapeagler,,2023-05-27 21:22:54 +0200,2025-08-04 02:39:41 +0200,research,CC-BY-NC,https://www.inaturalist.org/observations/164053789,https://static.inaturalist.org/photos/283809451/medium.jpeg,,"",,1,0,false,2,30143,34.4284125594,-84.4802606106,24008,,,,24008,,open,false,gps,gps,great rhododendron,Rhododendron maximum,great rhododendron,Plantae,83059
164568586,c8f81da9-0648-4e27-bbe7-721206b45495,2023-05-29 10:56:27-04:00,2023-05-29,2023-05-29 16:56:27 +0200,Eastern Time (US & Canada),1917394,carol308,Carol Garrison,2023-05-30 05:17:43 +0200,2023-05-30 05:18:58 +0200,needs_id,,https://www.inaturalist.org/observations/164568586,https://static.inaturalist.org/photos/284757277/medium.jpg,,"","",0,0,false,3,"Amicalola Falls State Park, Dawsonville, GA, US",34.5591366667,-84.2496416667,4,,,,4,,open,false,,,"",Rhododendron maximum,great rhododendron,Plantae,83059
164966834,b7cad6eb-66d2-4d38-8387-f00e6fd052bf,2023-06-01 08:50:35-04:00,2023-06-01,2023-06-01 14:50:35 +0200,Eastern Time (US & Canada),382165,joshwalker,Josh Walker,2023-06-01 14:51:16 +0200,2025-07-22 05:30:34 +0200,research,CC-BY-NC,https://www.inaturalist.org/observations/164966834,https://inaturalist-open-data.s3.amazonaws.com/photos/285500335/medium.jpg,,"","",1,0,false,3,"Southern Rd, Ellijay, GA, US",34.6376033333,-84.33332,29,,,,29,,open,false,,,great rhododendron,Rhododendron maximum,great rhododendron,Plantae,83059
165193503,43f7573e-c34a-4f73-811d-626004651798,2023-06-01 13:43:23,2023-06-01,2023-06-01 19:43:23 +0200,Eastern Time (US & Canada),2291721,melmel1,Mel Mel Coolj,2023-06-02 22:24:50 +0200,2023-09-16 02:36:00 +0200,research,,https://www.inaturalist.org/observations/165193503,https://static.inaturalist.org/photos/285923495/medium.jpeg,,"",,1,0,false,2,"Clayton, GA 30525, USA",34.8835155,-83.3520417,,,,,,,open,false,,,great rhododendron,Rhododendron maximum,great rhododendron,Plantae,83059
165318352,bf0a4bcd-20d5-4812-8868-a8b4c381cd4d,2023-06-03 11:09:51-04:00,2023-06-03,2023-06-03 17:09:51 +0200,Eastern Time (US & Canada),1749181,bpagnier,Blake Pagnier,2023-06-03 17:18:32 +0200,2025-10-31 16:59:08 +0100,needs_id,CC-BY-NC,https://www.inaturalist.org/observations/165318352,https://inaturalist-open-data.s3.amazonaws.com/photos/286281305/medium.jpg,,"","",1,0,false,3,"Lumpkin County, US-GA, US",34.7063485412,-83.9153720126,4,,,,4,,open,false,,,great rhododendron,Rhododendron maximum,great rhododendron,Plantae,83059
165396952,2afde113-c64b-451a-83fe-b5753ac448b9,2023-06-03 17:50:16-04:00,2023-06-03,2023-06-03 23:50:16 +0200,Eastern Time (US & Canada),4117843,captainmantis37,Ethan,2023-06-04 00:29:10 +0200,2023-06-09 16:41:53 +0200,research,CC-BY,https://www.inaturalist.org/observations/165396952,https://inaturalist-open-data.s3.amazonaws.com/photos/286298145/medium.jpg,,"","",1,0,false,3,"Leita Thompson Memorial Park, Roswell, GA, US",34.0661916667,-84.4055466667,4,,,,4,,open,false,,,great rhododendron,Rhododendron maximum,great rhododendron,Plantae,83059
165556990,df59d3e1-9492-4d57-b3a8-8133decad79e,2023-06-04 08:01:05-04:00,2023-06-04,2023-06-04 14:01:05 +0200,Eastern Time (US & Canada),637943,andrew_tbc_taylor,Andrew Taylor,2023-06-04 20:07:44 +0200,2025-08-04 02:39:40 +0200,research,,https://www.inaturalist.org/observations/165556990,https://static.inaturalist.org/photos/286593045/medium.jpg,,"","",1,0,false,3,"SR-53, Dawsonville, GA, US",34.4265583333,-84.2117533333,28,,,,28,,open,false,,,great rhododendron,Rhododendron maximum,great rhododendron,Plantae,83059
165569121,797c33c0-37b3-453d-9089-b441cf62fe4f,2023-06-04 10:49:28-04:00,2023-06-04,2023-06-04 16:49:28 +0200,Eastern Time (US & Canada),631425,vtschu,vtschu,2023-06-04 21:03:14 +0200,2023-08-03 17:59:00 +0200,needs_id,,https://www.inaturalist.org/observations/165569121,https://static.inaturalist.org/photos/286615057/medium.jpg,,"","",0,0,false,3,"Rabun County, US-GA, US",34.8501270303,-83.5998079385,4,,,,4,,open,false,,,"",Rhododendron maximum,great rhododendron,Plantae,83059
165584210,09aeca8a-b0d1-48d9-801e-90e3400a07db,2023-05-31 08:31:16-04:00,2023-05-31,2023-05-31 14:31:16 +0200,Eastern Time (US & Canada),5701397,miss_fortune,Kristály Cravens-Liszak,2023-06-04 22:12:42 +0200,2025-05-22 17:23:13 +0200,research,CC-BY-NC,https://www.inaturalist.org/observations/165584210,https://inaturalist-open-data.s3.amazonaws.com/photos/286643516/medium.jpg,,"","",1,0,false,3,"Blairsville, GA, US",34.7526866667,-83.895705,4,,,,4,,open,false,,,great rhododendron,Rhododendron maximum,great rhododendron,Plantae,83059
165600503,e7eedc91-39db-4185-aa97-ce05a2d7ea29,Sun Jun 04 2023 17:31:11 GMT -0400 (EDT),2023-06-04,2023-06-04 23:31:11 +0200,Eastern Time (US & Canada),4793851,chiefr,,2023-06-04 23:31:27 +0200,2025-06-21 05:02:15 +0200,research,CC-BY-NC,https://www.inaturalist.org/observations/165600503,https://inaturalist-open-data.s3.amazonaws.com/photos/287021583/medium.jpeg,,"",,1,0,false,333,Stone Mountain,33.8078918457,-84.1407241821,4,,,,4,,open,false,,,great rhododendron,Rhododendron maximum,great rhododendron,Plantae,83059
165624601,d26d68ae-cdef-4939-aff3-aa198cb8fa07,2023-06-04 10:32:19-04:00,2023-06-04,2023-06-04 16:32:19 +0200,Eastern Time (US & Canada),1569532,infinitesupernova,"",2023-06-05 01:50:40 +0200,2025-01-30 20:49:53 +0100,needs_id,CC-BY-NC,https://www.inaturalist.org/observations/165624601,https://inaturalist-open-data.s3.amazonaws.com/photos/286718447/medium.jpg,,"","",0,0,false,3,"Lula Lake Rd, Lookout Mountain, GA, US",34.9333416667,-85.3710033333,3,,,,3,,open,false,,,"",Rhododendron maximum,great rhododendron,Plantae,83059
165978188,abd6e93a-10fa-44cd-a67d-a0f2b24dd09b,2023-06-06 18:28:01-04:00,2023-06-06,2023-06-07 00:28:01 +0200,Eastern Time (US & Canada),1157918,scottmherron,Dr. Scott M. Herron,2023-06-07 00:28:25 +0200,2025-11-03 02:03:11 +0100,research,,https://www.inaturalist.org/observations/165978188,https://static.inaturalist.org/photos/287382127/medium.jpg,,"","",1,0,false,3,"Emory University, Decatur, GA, US",33.7963031547,-84.3180737091,8,,,,8,,open,false,,,great rhododendron,Rhododendron maximum,great rhododendron,Plantae,83059
165979498,28041c98-07a9-4b59-a649-131144365dba,2023-05-31 10:13:50-04:00,2023-05-31,2023-05-31 16:13:50 +0200,Eastern Time (US & Canada),5701397,miss_fortune,Kristály Cravens-Liszak,2023-06-07 00:37:50 +0200,2025-05-22 17:23:33 +0200,research,CC-BY-NC,https://www.inaturalist.org/observations/165979498,https://inaturalist-open-data.s3.amazonaws.com/photos/287377615/medium.jpg,,"","",1,0,false,3,"Blairsville, GA, US",34.7426116667,-83.9221583333,5,,,,5,,open,false,,,great rhododendron,Rhododendron maximum,great rhododendron,Plantae,83059
165994251,bac1567f-f517-4dba-b73c-b8eb2081ab7d,2023-06-06 17:54:40,2023-06-06,2023-06-06 23:54:40 +0200,Eastern Time (US & Canada),46945,abe,T. Abe Lloyd,2023-06-07 02:33:57 +0200,2025-11-03 02:02:37 +0100,research,CC-BY-NC,https://www.inaturalist.org/observations/165994251,https://inaturalist-open-data.s3.amazonaws.com/photos/287405667/medium.jpeg,,"",,2,0,false,2,"Druid Hills, GA, USA",33.7964951,-84.3183145997,,,,,,,open,false,gps,gps,great rhododendron,Rhododendron maximum,great rhododendron,Plantae,83059
166001193,6496c4d7-4f9b-4df1-846f-987ef4fa8d79,2023/05/31 9:12 AM,2023-05-31,2023-05-31 15:12:00 +0200,Eastern Time (US & Canada),395895,wildlander,Jared Gorrell,2023-06-07 03:24:54 +0200,2023-06-07 18:11:44 +0200,research,CC-BY-NC,https://www.inaturalist.org/observations/166001193,https://inaturalist-open-data.s3.amazonaws.com/photos/287409840/medium.jpeg,,"",,1,0,false,,"Union County, GA, USA",34.7416380571,-83.922749174,15,,,,15,,open,false,,,great rhododendron,Rhododendron maximum,great rhododendron,Plantae,83059
166003238,aaaccf6c-c7c8-45f1-8285-7487a0a6990e,2023/05/31 10:56 AM,2023-05-31,2023-05-31 16:56:00 +0200,Eastern Time (US & Canada),395895,wildlander,Jared Gorrell,2023-06-07 03:43:37 +0200,2023-06-07 18:07:01 +0200,research,CC-BY-NC,https://www.inaturalist.org/observations/166003238,https://inaturalist-open-data.s3.amazonaws.com/photos/287416548/medium.jpeg,,"",not a magnolia,1,0,false,,"Union County, GA, USA",34.7383084454,-83.9255588885,31,,,,31,,open,false,,,great rhododendron,Rhododendron maximum,great rhododendron,Plantae,83059
166064996,a8cf5094-7045-4012-92fa-2749e47b7057,2023-06-07 09:23:54,2023-06-07,2023-06-07 15:23:54 +0200,Eastern Time (US & Canada),3161503,mam28540,Mikala Martin,2023-06-07 15:24:40 +0200,2025-11-03 02:02:14 +0100,needs_id,,https://www.inaturalist.org/observations/166064996,https://static.inaturalist.org/photos/287536973/medium.jpeg,,"",,1,0,false,2,"Druid Hills, GA, USA",33.79644568,-84.31852325,13,,,,13,,open,false,,,great rhododendron,Rhododendron maximum,great rhododendron,Plantae,83059
166100102,9290dd09-26b3-4123-9e2a-2934ef5a84e0,2023-05-31 10:23:46-04:00,2023-05-31,2023-05-31 16:23:46 +0200,Eastern Time (US & Canada),5701397,miss_fortune,Kristály Cravens-Liszak,2023-06-07 19:15:13 +0200,2025-05-22 17:23:51 +0200,needs_id,CC-BY-NC,https://www.inaturalist.org/observations/166100102,https://inaturalist-open-data.s3.amazonaws.com/photos/287599733/medium.jpg,,"","",0,0,false,3,"Byron Herbert Reece, Blairsville, GA, US",34.7414383333,-83.9228216667,4,,,,4,,open,false,,,"",Rhododendron maximum,great rhododendron,Plantae,83059
166102343,1b838c05-d5aa-4a28-9de0-0e6a4b485b9b,2023-06-07 09:21:00-04:00,2023-06-07,2023-06-07 15:21:00 +0200,Eastern Time (US & Canada),762185,nealkelso,Neal Kelso,2023-06-07 19:28:28 +0200,2025-11-03 02:01:50 +0100,research,CC-BY,https://www.inaturalist.org/observations/166102343,https://inaturalist-open-data.s3.amazonaws.com/photos/287603769/medium.jpg,,"","",3,0,false,3,"Emory University, Decatur, GA, US",33.7962633333,-84.3180783333,200,,,,200,,open,false,,,great rhododendron,Rhododendron maximum,great rhododendron,Plantae,83059
166123932,5ceb6265-e6b0-47ee-962a-e5aec84b3a64,2023-05-31 10:34:06-04:00,2023-05-31,2023-05-31 16:34:06 +0200,Eastern Time (US & Canada),5701397,miss_fortune,Kristály Cravens-Liszak,2023-06-07 21:47:42 +0200,2025-05-22 17:24:00 +0200,needs_id,CC-BY-NC,https://www.inaturalist.org/observations/166123932,https://inaturalist-open-data.s3.amazonaws.com/photos/287643541/medium.jpg,,"","",0,0,false,3,"Byron Herbert Reece, Blairsville, GA, US",34.7407283333,-83.9231116667,33,,,,33,,open,false,,,"",Rhododendron maximum,great rhododendron,Plantae,83059
166198004,d7e2b936-7938-44fd-9518-72e8698b4b35,2023-05-31 10:46:10-04:00,2023-05-31,2023-05-31 16:46:10 +0200,Eastern Time (US & Canada),5701397,miss_fortune,Kristály Cravens-Liszak,2023-06-08 08:07:19 +0200,2025-05-22 17:24:03 +0200,research,CC-BY-NC,https://www.inaturalist.org/observations/166198004,https://inaturalist-open-data.s3.amazonaws.com/photos/287782845/medium.jpg,,"","",1,0,false,3,"Byron Herbert Reece, Blairsville, GA, US",34.740575,-83.9236966667,6,,,,6,,open,false,,,great rhododendron,Rhododendron maximum,great rhododendron,Plantae,83059
166200881,6452cab6-5195-48dd-8c52-7326cda5ff8e,2023-05-31 10:48:40-04:00,2023-05-31,2023-05-31 16:48:40 +0200,Eastern Time (US & Canada),5701397,miss_fortune,Kristály Cravens-Liszak,2023-06-08 08:45:59 +0200,2025-05-22 17:24:05 +0200,research,CC-BY-NC,https://www.inaturalist.org/observations/166200881,https://inaturalist-open-data.s3.amazonaws.com/photos/287788330/medium.jpg,,"","",1,0,false,3,"Byron Herbert Reece, Blairsville, GA, US",34.740555,-83.92382,143,,,,143,,open,false,,,great rhododendron,Rhododendron maximum,great rhododendron,Plantae,83059
166217734,006b5e25-3615-413a-8696-d5ab04fb5f0a,2023-06-04 10:17:20-04:00,2023-06-04,2023-06-04 16:17:20 +0200,Eastern Time (US & Canada),3700771,boxxag,"",2023-06-08 12:19:31 +0200,2024-09-18 01:52:07 +0200,research,CC-BY-NC,https://www.inaturalist.org/observations/166217734,https://inaturalist-open-data.s3.amazonaws.com/photos/287817325/medium.jpg,,"","",1,0,false,3,"Anna Ruby Falls Rd, Helen, GA, US",34.7594716667,-83.71132,5,,,,5,,open,false,,,great rhododendron,Rhododendron maximum,great rhododendron,Plantae,83059
166428140,9bb002a4-db21-4eed-b485-38a3ff753af5,2023-06-09 10:38:23,2023-06-09,2023-06-09 16:38:23 +0200,Eastern Time (US & Canada),46945,abe,T. Abe Lloyd,2023-06-09 17:51:02 +0200,2025-11-03 02:01:26 +0100,needs_id,CC-BY-NC,https://www.inaturalist.org/observations/166428140,https://inaturalist-open-data.s3.amazonaws.com/photos/288203952/medium.jpeg,,"",,1,0,false,2,"Druid Hills, GA, USA",33.77742152,-84.32367446,8,,,,8,,open,false,,,great rhododendron,Rhododendron maximum,great rhododendron,Plantae,83059
166644972,87d2634e-f3a3-43b5-b5dc-d69325625daa,2023-06-09 20:15:40,2023-06-09,2023-06-10 02:15:40 +0200,Eastern Time (US & Canada),3386617,tree_girl_dendro,Audrey Lux,2023-06-10 20:55:11 +0200,2025-08-08 20:09:08 +0200,research,CC-BY-NC,https://www.inaturalist.org/observations/166644972,https://inaturalist-open-data.s3.amazonaws.com/photos/288593366/medium.jpeg,,"",,1,0,false,2,"Blairsville, GA 30512, USA",34.8323045943,-83.881498687,97,,,,97,,open,false,gps,gps,great rhododendron,Rhododendron maximum,great rhododendron,Plantae,83059
166781855,1b35962f-8f95-47af-9871-5163aa97bd37,2023-06-10 17:10:32-04:00,2023-06-10,2023-06-10 23:10:32 +0200,Eastern Time (US & Canada),2192706,katiebeec,,2023-06-11 14:22:01 +0200,2025-07-22 05:29:08 +0200,research,CC-BY-NC,https://www.inaturalist.org/observations/166781855,https://inaturalist-open-data.s3.amazonaws.com/photos/288847144/medium.jpg,,"","",1,0,false,3,"Thomas Farm Rd, Blairsville, GA, US",34.8584631699,-83.9932425134,395,,,,395,,open,false,,,great rhododendron,Rhododendron maximum,great rhododendron,Plantae,83059
166802028,92a461fb-2e3c-4b4b-b972-419944d2f184,2023-05-31 11:33:37-04:00,2023-05-31,2023-05-31 17:33:37 +0200,Eastern Time (US & Canada),5701397,miss_fortune,Kristály Cravens-Liszak,2023-06-11 16:18:14 +0200,2025-05-22 17:25:32 +0200,research,CC-BY-NC,https://www.inaturalist.org/observations/166802028,https://inaturalist-open-data.s3.amazonaws.com/photos/288881860/medium.jpg,,"","",1,0,false,3,"Byron Herbert Reece, Blairsville, GA, US",34.7384833333,-83.9251466667,23,,,,23,,open,false,,,great rhododendron,Rhododendron maximum,great rhododendron,Plantae,83059
166852505,da964f45-c5d8-4639-932c-6f8a64c84a49,2023-05-31 11:45:03-04:00,2023-05-31,2023-05-31 17:45:03 +0200,Eastern Time (US & Canada),5701397,miss_fortune,Kristály Cravens-Liszak,2023-06-11 20:13:26 +0200,2025-05-22 17:25:45 +0200,research,CC-BY-NC,https://www.inaturalist.org/observations/166852505,https://inaturalist-open-data.s3.amazonaws.com/photos/288969189/medium.jpg,,"","",1,0,false,3,"Byron Herbert Reece, Blairsville, GA, US",34.738255,-83.9259633333,4,,,,4,,open,false,,,great rhododendron,Rhododendron maximum,great rhododendron,Plantae,83059
166916116,1cf1f9b3-e995-41a4-aab5-8a3f9f9b1bb0,2023-06-10 11:12:37,2023-06-10,2023-06-10 17:12:37 +0200,Eastern Time (US & Canada),3918099,carol643,Carol Ann Constantin,2023-06-12 01:26:09 +0200,2025-07-22 05:29:05 +0200,research,,https://www.inaturalist.org/observations/166916116,https://static.inaturalist.org/photos/289087404/medium.jpeg,,"",,1,0,false,2,"Cleveland, GA 30528, USA",34.700725,-83.7916805556,,,,,,,open,false,gps,gps,great rhododendron,Rhododendron maximum,great rhododendron,Plantae,83059
166927071,163dcd19-155a-43f3-88e1-db12705c90e6,2023-05-31 11:55:49-04:00,2023-05-31,2023-05-31 17:55:49 +0200,Eastern Time (US & Canada),5701397,miss_fortune,Kristály Cravens-Liszak,2023-06-12 02:36:57 +0200,2025-05-22 17:26:03 +0200,research,CC-BY-NC,https://www.inaturalist.org/observations/166927071,https://inaturalist-open-data.s3.amazonaws.com/photos/289107784/medium.jpg,,"",Jared’s Magnolia ,1,0,false,3,"Byron Herbert Reece, Blairsville, GA, US",34.7372466667,-83.9269716667,15,,,,15,,open,false,,,great rhododendron,Rhododendron maximum,great rhododendron,Plantae,83059
167274819,ecf2ed63-f0dd-4fa6-baaf-1f13085ea9c3,2023-06-13 07:05:20-04:00,2023-06-13,2023-06-13 13:05:20 +0200,Eastern Time (US & Canada),764155,whatch11,Wes Hatch,2023-06-14 00:48:02 +0200,2025-07-22 19:23:35 +0200,research,,https://www.inaturalist.org/observations/167274819,https://static.inaturalist.org/photos/289786254/medium.jpg,,"","",1,0,false,3,"Towns County, US-GA, Appalachian National Scenic Trail, US",34.803441285,-83.7454530078,84,,,,84,,open,false,,,great rhododendron,Rhododendron maximum,great rhododendron,Plantae,83059
167419943,653c6fd3-72e4-4d53-874d-da733b823d05,2023-06-14 14:37:25-04:00,2023-06-14,2023-06-14 20:37:25 +0200,Eastern Time (US & Canada),764155,whatch11,Wes Hatch,2023-06-14 22:17:38 +0200,2025-10-31 16:57:35 +0100,research,,https://www.inaturalist.org/observations/167419943,https://static.inaturalist.org/photos/290022719/medium.jpg,,"","",2,0,false,3,"Lumpkin County, US-GA, US",34.681830329,-83.8934343681,4,,,,4,,open,false,,,great rhododendron,Rhododendron maximum,great rhododendron,Plantae,83059
167450103,c44b0950-d023-419c-893b-c7ec42bff57a,2023-06-14 08:03:53,2023-06-14,2023-06-14 14:03:53 +0200,Eastern Time (US & Canada),4190796,christinebraaten,Christine Braaten,2023-06-15 01:52:14 +0200,2025-07-22 19:21:33 +0200,research,CC0,https://www.inaturalist.org/observations/167450103,https://inaturalist-open-data.s3.amazonaws.com/photos/290078818/medium.jpeg,,"",,1,0,false,2,"Dahlonega, GA 30533, USA",34.663918148,-84.1253453493,295,,,,295,,open,false,gps,gps,great rhododendron,Rhododendron maximum,great rhododendron,Plantae,83059
167452031,78cc6b96-e6de-402c-8237-f68b22ae267c,2023-06-14 13:56:35,2023-06-14,2023-06-14 19:56:35 +0200,Eastern Time (US & Canada),4190796,christinebraaten,Christine Braaten,2023-06-15 02:07:15 +0200,2025-10-11 02:25:49 +0200,research,CC0,https://www.inaturalist.org/observations/167452031,https://inaturalist-open-data.s3.amazonaws.com/photos/290082476/medium.jpeg,,"",,1,0,false,2,"Suches, GA 30572, USA",34.6597561997,-84.0629232997,,,,,,,open,false,gps,gps,great rhododendron,Rhododendron maximum,great rhododendron,Plantae,83059
167604912,282f9477-76ff-4925-82b7-e1de552821ad,2023/06/12 7:05 AM,2023-06-12,2023-06-12 13:05:00 +0200,Eastern Time (US & Canada),2587013,georgewilliams1,George Williams,2023-06-16 00:10:15 +0200,2025-08-04 02:39:21 +0200,research,CC0,https://www.inaturalist.org/observations/167604912,https://inaturalist-open-data.s3.amazonaws.com/photos/290362887/medium.jpeg,,"",,1,0,false,,"White County, GA, USA",34.68562,-83.65005,,,,,,,open,false,,,great rhododendron,Rhododendron maximum,great rhododendron,Plantae,83059
167660173,16607e17-197b-4a51-b3a9-94688c99598a,2023-05-31 15:16:24-04:00,2023-05-31,2023-05-31 21:16:24 +0200,Eastern Time (US & Canada),5701397,miss_fortune,Kristály Cravens-Liszak,2023-06-16 09:12:30 +0200,2025-07-23 17:05:10 +0200,research,CC-BY-NC,https://www.inaturalist.org/observations/167660173,https://inaturalist-open-data.s3.amazonaws.com/photos/290469989/medium.jpg,,"","",2,0,false,3,"Appalachian Trail, Cleveland, GA, US",34.7368383333,-83.93438,407,,,,407,,open,false,,,great rhododendron,Rhododendron maximum,great rhododendron,Plantae,83059
167759977,a7bec59b-c297-453a-a5c0-135f76ac555e,2023-05-31 17:06:35-04:00,2023-05-31,2023-05-31 23:06:35 +0200,Eastern Time (US & Canada),5701397,miss_fortune,Kristály Cravens-Liszak,2023-06-16 22:23:45 +0200,2025-07-22 19:14:03 +0200,research,CC-BY-NC,https://www.inaturalist.org/observations/167759977,https://inaturalist-open-data.s3.amazonaws.com/photos/290653174/medium.jpg,,"","",2,0,false,3,"Appalachian Trail, Suches, GA, US",34.7403,-83.9376916667,4,,,,4,,open,false,,,great rhododendron,Rhododendron maximum,great rhododendron,Plantae,83059
168106012,802aa973-1a16-4878-8677-58d56b5e4419,2023-06-18 11:41:01-04:00,2023-06-18,2023-06-18 17:41:01 +0200,Eastern Time (US & Canada),4307703,michelle_lopez,Michelle Lopez,2023-06-18 17:48:10 +0200,2025-10-11 02:25:24 +0200,research,CC0,https://www.inaturalist.org/observations/168106012,https://inaturalist-open-data.s3.amazonaws.com/photos/291292877/medium.jpg,,"","",1,0,false,3,"Brasstown Valley Resort & Spa, Young Harris, GA, US",34.9534083333,-83.8380966667,35,,,,35,,open,false,,,great rhododendron,Rhododendron maximum,great rhododendron,Plantae,83059
168716369,b4f6a7e3-de14-4981-8d76-ae94b9da9b0d,2023-04-06 16:30:29-04:00,2023-04-06,2023-04-06 22:30:29 +0200,Eastern Time (US & Canada),5701397,miss_fortune,Kristály Cravens-Liszak,2023-06-21 22:31:02 +0200,2023-07-01 04:33:20 +0200,needs_id,CC-BY-NC,https://www.inaturalist.org/observations/168716369,https://inaturalist-open-data.s3.amazonaws.com/photos/292530513/medium.jpg,,"","",0,0,false,3,"Laurel Ridge Pt, Jasper, GA, US",34.456191,-84.295275,13,,,,13,,open,false,,,Rhododendron maximum,Rhododendron maximum,great rhododendron,Plantae,83059
168727412,d7741992-8f3c-4061-b6c8-ddc044e07583,2023-04-06 16:31:14-04:00,2023-04-06,2023-04-06 22:31:14 +0200,Eastern Time (US & Canada),5701397,miss_fortune,Kristály Cravens-Liszak,2023-06-21 23:40:41 +0200,2023-06-22 05:24:51 +0200,needs_id,CC-BY-NC,https://www.inaturalist.org/observations/168727412,https://inaturalist-open-data.s3.amazonaws.com/photos/292449775/medium.jpg,,"","",0,0,false,3,"Willow Dr, Jasper, GA, US",34.45648,-84.29577,14,,,,14,,open,false,,,"",Rhododendron maximum,great rhododendron,Plantae,83059
169201005,81137a45-5b76-4ca6-8f0d-24fd134cd1ec,2023-06-24 12:29:01-04:00,2023-06-24,2023-06-24 18:29:01 +0200,Eastern Time (US & Canada),6570099,mac11849,,2023-06-24 18:30:11 +0200,2023-06-26 18:48:50 +0200,research,CC-BY-NC,https://www.inaturalist.org/observations/169201005,https://inaturalist-open-data.s3.amazonaws.com/photos/293320162/medium.jpg,,"","",1,0,false,3,"Clayton, GA, US",34.9054617808,-83.417326659,7,,,,7,,open,false,,,great rhododendron,Rhododendron maximum,great rhododendron,Plantae,83059
169215624,572c976c-6f33-4293-94ae-b9f348beccc2,Sat Jun 24 2023 13:39:10 GMT -0400 (EDT),2023-06-24,2023-06-24 19:39:10 +0200,Eastern Time (US & Canada),7074315,arthvader,,2023-06-24 19:40:04 +0200,2025-08-04 02:39:20 +0200,research,CC-BY-NC,https://www.inaturalist.org/observations/169215624,https://inaturalist-open-data.s3.amazonaws.com/photos/293345114/medium.jpeg,,"",,1,0,false,333,Tallulah Falls,34.7394104004,-83.3795776367,7720,,,,7720,,open,false,,,great rhododendron,Rhododendron maximum,great rhododendron,Plantae,83059
169237691,c7cfecdf-112c-4dbe-817e-94b95fa7a088,2023-06-24 10:10:31-04:00,2023-06-24,2023-06-24 16:10:31 +0200,Eastern Time (US & Canada),5307779,abbeybiard,,2023-06-24 21:33:24 +0200,2024-02-24 01:55:46 +0100,research,CC-BY-NC,https://www.inaturalist.org/observations/169237691,https://inaturalist-open-data.s3.amazonaws.com/photos/293386234/medium.jpg,,"","",1,0,false,3,"Amicalola Falls State Park, Dawsonville, GA, US",34.5674366667,-84.2446133333,4,,,,4,,open,false,,,great rhododendron,Rhododendron maximum,great rhododendron,Plantae,83059
169530125,e8f9bcb7-5483-42b4-a443-de084f8bc192,Sat Jun 24 2023 18:20:45 GMT-0400 (EDT),2023-06-24,2023-06-25 00:20:45 +0200,Eastern Time (US & Canada),2853755,rustypritchard,,2023-06-26 06:08:45 +0200,2023-06-26 18:45:41 +0200,research,CC-BY-NC,https://www.inaturalist.org/observations/169530125,https://inaturalist-open-data.s3.amazonaws.com/photos/293926093/medium.jpg,,"","",1,0,false,3,"Union County, US-GA, US",34.761614293,-83.9258869501,15,,,,15,,open,false,,,great rhododendron,Rhododendron maximum,great rhododendron,Plantae,83059
169628819,9eb16ad4-059d-491e-b494-54b249d0d05e,Mon Jun 26 2023 14:31:22 GMT -0400 (GMT-4),2023-06-26,2023-06-26 20:31:22 +0200,Eastern Time (US & Canada),6573985,samtheham555,,2023-06-26 20:31:35 +0200,2025-08-04 02:39:18 +0200,research,CC-BY-NC,https://www.inaturalist.org/observations/169628819,https://inaturalist-open-data.s3.amazonaws.com/photos/294109873/medium.jpeg,,"",,1,0,false,333,Rabun Gap,34.9262962341,-83.4012527466,455,,,,455,,open,false,,,great rhododendron,Rhododendron maximum,great rhododendron,Plantae,83059
169685440,b6f589e8-b0d0-47c2-87f0-1e9b6e662ab1,2023-06-26 20:37:16,2023-06-26,2023-06-27 02:37:16 +0200,Eastern Time (US & Canada),229778,terrapinjoe,Jody Shugart,2023-06-27 02:38:47 +0200,2025-08-04 02:39:17 +0200,research,CC0,https://www.inaturalist.org/observations/169685440,https://inaturalist-open-data.s3.amazonaws.com/photos/294216638/medium.jpeg,,"",,1,0,false,2,"Blairsville, GA 30512, USA",34.7643699722,-83.9244089722,,,,,,,open,false,gps,gps,great rhododendron,Rhododendron maximum,great rhododendron,Plantae,83059
170160124,4a801e26-7ab4-4086-8977-18b2890bbfce,2023-06-28 11:44:35-04:00,2023-06-28,2023-06-28 17:44:35 +0200,Eastern Time (US & Canada),1113042,lssutton,"",2023-06-29 21:24:52 +0200,2025-08-04 02:39:16 +0200,research,,https://www.inaturalist.org/observations/170160124,https://static.inaturalist.org/photos/295090815/medium.jpg,,"","",1,0,false,3,"White Oak Gap Rd, Helen, GA, US",34.7098166667,-83.7891783333,29,,,,29,,open,false,,,great rhododendron,Rhododendron maximum,great rhododendron,Plantae,83059
170160287,44cea063-75da-46eb-bada-b94761cff473,2023-06-28 11:55:05-04:00,2023-06-28,2023-06-28 17:55:05 +0200,Eastern Time (US & Canada),1113042,lssutton,"",2023-06-29 21:25:51 +0200,2025-08-04 02:39:15 +0200,research,,https://www.inaturalist.org/observations/170160287,https://static.inaturalist.org/photos/295093423/medium.jpeg,,"","",1,0,false,3,"Raven Cliffs, Helen, GA, US",34.7124466667,-83.7954866667,5,,,,5,,open,false,,,great rhododendron,Rhododendron maximum,great rhododendron,Plantae,83059
170169613,f065c26e-59da-48e3-aa5b-aa9885c2f295,2023-06-29 15:55:14,2023-06-29,2023-06-29 21:55:14 +0200,Eastern Time (US & Canada),536720,ruixueer,"",2023-06-29 22:19:38 +0200,2025-08-06 01:00:13 +0200,research,CC-BY-NC,https://www.inaturalist.org/observations/170169613,https://inaturalist-open-data.s3.amazonaws.com/photos/295108501/medium.jpeg,,"",,1,0,false,2,Tiger,34.8470368617,-83.4329397976,1057,,,,1057,,open,false,gps,gps,great rhododendron,Rhododendron maximum,great rhododendron,Plantae,83059
170207530,4245cb12-8166-40f3-a21d-382a4a92699e,2023-06-29 11:54:25-04:00,2023-06-29,2023-06-29 17:54:25 +0200,Eastern Time (US & Canada),518814,livingthorne,Malt,2023-06-30 03:15:59 +0200,2023-07-02 14:04:19 +0200,research,,https://www.inaturalist.org/observations/170207530,https://static.inaturalist.org/photos/295180143/medium.jpg,,"","",2,0,false,3,"Georgia, US",34.7397393212,-84.5911651882,6,,,,28790,obscured,open,true,,,great rhododendron,Rhododendron maximum,great rhododendron,Plantae,83059
170293398,cbc7b7cc-da94-4285-9edd-9180d8c4d7ba,2023-04-06 17:11:18-04:00,2023-04-06,2023-04-06 23:11:18 +0200,Eastern Time (US & Canada),5701397,miss_fortune,Kristály Cravens-Liszak,2023-06-30 18:09:00 +0200,2023-07-01 21:21:14 +0200,research,CC-BY-NC,https://www.inaturalist.org/observations/170293398,https://inaturalist-open-data.s3.amazonaws.com/photos/295338107/medium.jpg,,"","",1,0,false,3,"Willow Dr, Jasper, GA, US",34.4564133333,-84.2956616667,4,,,,4,,open,false,,,great rhododendron,Rhododendron maximum,great rhododendron,Plantae,83059
170341655,3c43f690-4b07-43c5-920b-869d63ccdb8f,2023-04-06 17:16:50-04:00,2023-04-06,2023-04-06 23:16:50 +0200,Eastern Time (US & Canada),5701397,miss_fortune,Kristály Cravens-Liszak,2023-06-30 23:16:23 +0200,2023-07-01 21:19:42 +0200,research,CC-BY-NC,https://www.inaturalist.org/observations/170341655,https://inaturalist-open-data.s3.amazonaws.com/photos/295426906/medium.jpg,,"","",1,0,false,3,"Disharoon Lake, Jasper, GA, US",34.4562333333,-84.2947166667,4,,,,4,,open,false,,,great rhododendron,Rhododendron maximum,great rhododendron,Plantae,83059
170366596,0035ffd5-f94f-4649-baf8-f91799f5a85c,2023-06-25 18:58:57-04:00,2023-06-25,2023-06-26 00:58:57 +0200,Eastern Time (US & Canada),6767554,kim_uni_pham,Christina Pham,2023-07-01 02:37:21 +0200,2023-07-07 01:26:15 +0200,research,,https://www.inaturalist.org/observations/170366596,https://static.inaturalist.org/photos/295890652/medium.jpg,,"","",1,0,false,3,"Fannin County, US-GA, US",34.97762,-84.489045,4,,,,4,,open,false,,,great rhododendron,Rhododendron maximum,great rhododendron,Plantae,83059
170507057,5af93610-c7a3-4ee8-a1a5-4a446b5048a5,Sat Jul 01 2023 15:33:38 GMT -0400 (EDT),2023-07-01,2023-07-01 21:33:38 +0200,Eastern Time (US & Canada),5849680,mrblackadventure,,2023-07-01 21:33:59 +0200,2023-07-01 21:34:06 +0200,needs_id,CC-BY-NC,https://www.inaturalist.org/observations/170507057,https://inaturalist-open-data.s3.amazonaws.com/photos/295739968/medium.jpeg,,"",,0,0,false,333,Dawsonville,34.5684890747,-84.2447433472,516,,,,516,,open,false,,,,Rhododendron maximum,great rhododendron,Plantae,83059
170509881,e7ba0fa3-3650-473f-a8ce-efdbfb27a446,2023-06-29 11:50:45,2023-06-29,2023-06-29 17:50:45 +0200,Eastern Time (US & Canada),1984129,johnsonj76,James Johnson,2023-07-01 21:47:19 +0200,2023-07-02 14:01:02 +0200,research,,https://www.inaturalist.org/observations/170509881,https://static.inaturalist.org/photos/295744751/medium.jpeg,,"",,1,0,false,2,"Cherry Log, GA 30522, USA",34.7842377997,-84.3034556,,,,,,,open,false,gps,gps,great rhododendron,Rhododendron maximum,great rhododendron,Plantae,83059
170525441,c116a887-d54e-406b-9a8b-ea4f5b664701,2023-07-01 12:39:36-04:00,2023-07-01,2023-07-01 18:39:36 +0200,Eastern Time (US & Canada),5373761,skylarwilson,Skylar Wilson,2023-07-01 23:11:19 +0200,2025-08-06 01:01:16 +0200,research,,https://www.inaturalist.org/observations/170525441,https://static.inaturalist.org/photos/295774258/medium.jpg,,"","",1,0,false,3,"Anna Ruby Falls, Helen, GA, US",34.7600133333,-83.71193,10,,,,10,,open,false,,,great rhododendron,Rhododendron maximum,great rhododendron,Plantae,83059
170908465,13093c5c-1d37-4409-8dd2-bb8a5cfeef5f,2023-07-03 14:07:28-04:00,2023-07-03,2023-07-03 20:07:28 +0200,Eastern Time (US & Canada),5373761,skylarwilson,Skylar Wilson,2023-07-03 22:57:15 +0200,2023-07-04 22:58:54 +0200,research,,https://www.inaturalist.org/observations/170908465,https://static.inaturalist.org/photos/296501544/medium.jpg,,"","",1,0,false,3,"Unicoi State Park & Lodge, Sautee Nacoochee, GA, US",34.72803,-83.7201,4,,,,4,,open,false,,,great rhododendron,Rhododendron maximum,great rhododendron,Plantae,83059
171143667,e07fa02d-179b-454d-ba88-c609b6fee574,2023-07-02 10:52:39-04:00,2023-07-02,2023-07-02 16:52:39 +0200,Eastern Time (US & Canada),6300555,katherinetaylor227,,2023-07-05 04:41:07 +0200,2025-07-23 17:03:05 +0200,research,CC-BY-NC,https://www.inaturalist.org/observations/171143667,https://inaturalist-open-data.s3.amazonaws.com/photos/296944342/medium.jpg,,"",Observed almost exclusively surrounding creeks/water source ,2,0,false,3,"Appalachian Approach Trail, Blue Ridge, GA, US",34.6438866667,-84.1912833333,34,,,,34,,open,false,,,great rhododendron,Rhododendron maximum,great rhododendron,Plantae,83059
171265874,ad1064b6-42d1-4818-b7e0-cdab9af7da6b,2023-07-02 11:08:06-04:00,2023-07-02,2023-07-02 17:08:06 +0200,Eastern Time (US & Canada),3701261,savybam,,2023-07-05 22:12:36 +0200,2023-07-14 19:20:00 +0200,research,CC-BY-NC,https://www.inaturalist.org/observations/171265874,https://inaturalist-open-data.s3.amazonaws.com/photos/300152525/medium.jpg,,"","",1,0,false,3,"Benton Mackaye, Cherry Log, GA, US",34.7861583333,-84.30597,10,,,,10,,open,false,,,great rhododendron,Rhododendron maximum,great rhododendron,Plantae,83059
171500255,4407464e-4476-40b6-b72f-9421703038a7,2010-06-13 14:22:07,2010-06-13,2010-06-13 20:22:07 +0200,Eastern Time (US & Canada),703773,lincolndurey,Lincoln Durey,2023-07-07 05:33:29 +0200,2024-02-24 01:54:55 +0100,research,CC-BY,https://www.inaturalist.org/observations/171500255,https://static.inaturalist.org/photos/297603304/medium.jpeg,,"",Black Rock Mountain SP,1,0,false,2,"Rabun Gap, GA 30568, USA",34.9267435016,-83.3977596089,6,,,,6,,open,false,gps,gps,great rhododendron,Rhododendron maximum,great rhododendron,Plantae,83059
171755378,60332527-80c3-43b9-8cf2-a0d0d71c352c,2023-07-08 09:13:00,2023-07-08,2023-07-08 15:13:00 +0200,Eastern Time (US & Canada),1447094,wbkemp,Whitney kemp,2023-07-08 17:15:07 +0200,2025-08-04 02:38:59 +0200,research,CC-BY-NC,https://www.inaturalist.org/observations/171755378,https://inaturalist-open-data.s3.amazonaws.com/photos/298075902/medium.jpeg,,"",,1,0,false,2,"Roswell, GA 30075, USA",34.0663851997,-84.4057133,,,,,,,open,false,gps,gps,great rhododendron,Rhododendron maximum,great rhododendron,Plantae,83059
171890915,566c205c-bcf3-4704-995a-44a160628997,2023-07-05 14:13:50-04:00,2023-07-05,2023-07-05 20:13:50 +0200,Eastern Time (US & Canada),3843743,rebekahdault,,2023-07-09 06:34:34 +0200,2025-08-04 02:38:58 +0200,research,CC-BY-NC,https://www.inaturalist.org/observations/171890915,https://inaturalist-open-data.s3.amazonaws.com/photos/298805182/medium.jpg,,"","",1,0,false,3,"Dukes Creeks Falls, Helen, GA, US",34.7046083333,-83.78852,21,,,,21,,open,false,,,great rhododendron,Rhododendron maximum,great rhododendron,Plantae,83059
172005207,a90f6c17-ae3b-432d-8836-12bfb5728b00,2023-07-08 08:00:12,2023-07-08,2023-07-08 14:00:12 +0200,Eastern Time (US & Canada),1335415,johntay,John W. Taylor,2023-07-09 20:31:49 +0200,2025-06-24 18:52:53 +0200,research,,https://www.inaturalist.org/observations/172005207,https://static.inaturalist.org/photos/298535208/medium.jpeg,,"",,1,0,false,2,"Epworth, GA 30541, USA",34.8848166667,-84.5679916667,,,,,,,open,false,gps,gps,great rhododendron,Rhododendron maximum,great rhododendron,Plantae,83059
172031952,84ba9b8b-f76f-432e-9203-6400cf0b993d,2023-07-09 12:52:10,2023-07-09,2023-07-09 18:52:10 +0200,Eastern Time (US & Canada),7131378,anne13677,Anne Caldow,2023-07-09 22:37:36 +0200,2024-02-24 01:39:15 +0100,research,,https://www.inaturalist.org/observations/172031952,https://static.inaturalist.org/photos/298584326/medium.jpeg,,"",,1,0,false,2,"Dawson County, GA, USA",34.5612403,-84.24760609,9,,,,9,,open,false,,,great rhododendron,Rhododendron maximum,great rhododendron,Plantae,83059
172031999,28311fba-4941-4bcf-8ee3-314e568d32f0,2023-07-09 13:34:28,2023-07-09,2023-07-09 19:34:28 +0200,Eastern Time (US & Canada),7131378,anne13677,Anne Caldow,2023-07-09 22:37:50 +0200,2024-01-31 22:17:45 +0100,research,,https://www.inaturalist.org/observations/172031999,https://static.inaturalist.org/photos/298584410/medium.jpeg,,"",,1,0,false,2,"Dawson County, GA, USA",34.56743208,-84.24461775,8,,,,8,,open,false,,,great rhododendron,Rhododendron maximum,great rhododendron,Plantae,83059
172210368,018a0474-fd98-41dc-8681-ca734679526a,2023-07-10 15:31:05-04:00,2023-07-10,2023-07-10 21:31:05 +0200,Eastern Time (US & Canada),2265279,boykin04281949,,2023-07-10 21:31:25 +0200,2025-08-04 02:38:56 +0200,research,CC-BY-NC,https://www.inaturalist.org/observations/172210368,https://inaturalist-open-data.s3.amazonaws.com/photos/298920528/medium.jpg,,"","",1,0,false,3,"Black Rock Mountain State Park, Clayton, GA, US",34.9070225749,-83.4055523482,4,,,,4,,open,false,,,great rhododendron,Rhododendron maximum,great rhododendron,Plantae,83059
172212711,a5b165a3-9a73-438b-8c30-7dc0e780ec20,2023-07-10 09:53:46,2023-07-10,2023-07-10 15:53:46 +0200,Eastern Time (US & Canada),1802498,janabuggs,Jana Miller,2023-07-10 21:45:19 +0200,2025-08-04 02:38:55 +0200,research,CC0,https://www.inaturalist.org/observations/172212711,https://inaturalist-open-data.s3.amazonaws.com/photos/298925340/medium.jpeg,,"",,1,0,false,2,"Cherry Log, GA 30522, USA",34.7850090828,-84.3054442853,287,,,,287,,open,false,gps,gps,great rhododendron,Rhododendron maximum,great rhododendron,Plantae,83059
172218354,f33ab4b1-8709-4a80-9b57-1b34e2de4fd1,2014-05-04 14:57:17,2014-05-04,2014-05-04 20:57:17 +0200,Eastern Time (US & Canada),751586,andersoncruz,Jennifer Anderson-Cruz,2023-07-10 22:19:28 +0200,2023-07-10 22:19:44 +0200,needs_id,CC-BY-NC,https://www.inaturalist.org/observations/172218354,https://inaturalist-open-data.s3.amazonaws.com/photos/298936554/medium.jpeg,,"",,0,0,false,2,Anna Ruby Falls,34.7641667955,-83.7123052776,371,,,,371,,open,false,gps,gps,great rhododendron,Rhododendron maximum,great rhododendron,Plantae,83059
172283345,0d4205fa-5b18-4a4b-b775-0fcba986687c,2023-07-09 15:25:39-04:00,2023-07-09,2023-07-09 21:25:39 +0200,Eastern Time (US & Canada),5641902,lauralikesflowers,Laura Becerril,2023-07-11 06:48:07 +0200,2025-08-04 02:38:53 +0200,research,CC-BY-NC,https://www.inaturalist.org/observations/172283345,https://inaturalist-open-data.s3.amazonaws.com/photos/299061902/medium.jpg,,"","",1,0,false,3,"Raven Cliffs, Helen, GA, US",34.714875,-83.797395,23,,,,23,,open,false,,,great rhododendron,Rhododendron maximum,great rhododendron,Plantae,83059
172389429,9cd4d4f2-4b62-4d39-b000-0ff14f487fbe,2014-07-10 15:04:51,2014-07-10,2014-07-10 21:04:51 +0200,Eastern Time (US & Canada),751586,andersoncruz,Jennifer Anderson-Cruz,2023-07-11 21:40:53 +0200,2025-08-04 02:38:52 +0200,research,CC-BY-NC,https://www.inaturalist.org/observations/172389429,https://inaturalist-open-data.s3.amazonaws.com/photos/299639873/medium.jpeg,,"",,1,0,false,2,Fannin County,34.8579515187,-84.2278794944,19021,,,,19021,,open,false,gps,gps,great rhododendron,Rhododendron maximum,great rhododendron,Plantae,83059
172415379,a966f25b-3edb-4266-b3c4-ce8b48d2cb9e,Sat Jul 08 2023 11:03:37 GMT -0400 (EDT),2023-07-08,2023-07-08 17:03:37 +0200,Eastern Time (US & Canada),3767001,tlip89,Tyler Lipham,2023-07-12 00:33:30 +0200,2025-08-04 02:38:50 +0200,research,CC-BY-NC,https://www.inaturalist.org/observations/172415379,https://inaturalist-open-data.s3.amazonaws.com/photos/299974977/medium.jpeg,,"",,1,0,false,333,"Rabun County, US-GA, US",34.8586883545,-83.2482299805,6,,,,6,,open,false,,,great rhododendron,Rhododendron maximum,great rhododendron,Plantae,83059
173004507,1506e494-114b-4abd-a639-185f31a7406b,2023-07-12 17:29:42,2023-07-12,2023-07-12 23:29:42 +0200,Eastern Time (US & Canada),3724371,neutralgoodwombat,,2023-07-15 15:13:19 +0200,2025-06-24 18:52:12 +0200,research,CC-BY-NC,https://www.inaturalist.org/observations/173004507,https://inaturalist-open-data.s3.amazonaws.com/photos/300401773/medium.jpeg,,"",,2,0,false,2,"Chatsworth, GA 30705, USA",34.8598597154,-84.6511635929,168,,,,168,,open,false,gps,gps,great rhododendron,Rhododendron maximum,great rhododendron,Plantae,83059
173120841,2fa766ec-3862-45b2-badf-09c97919f870,2023-07-13 17:22:04-04:00,2023-07-13,2023-07-13 23:22:04 +0200,Eastern Time (US & Canada),4538087,deeniesj,,2023-07-16 02:30:43 +0200,2023-07-22 03:37:27 +0200,needs_id,CC-BY-NC,https://www.inaturalist.org/observations/173120841,https://inaturalist-open-data.s3.amazonaws.com/photos/300611320/medium.jpg,,"","",0,0,false,3,"Fannin County, US-GA, US",34.736859415,-84.1667764159,328,,,,328,,open,false,,,"",Rhododendron maximum,great rhododendron,Plantae,83059
173257592,ec8f715b-da7e-4fad-a7eb-4e7d84a391b8,2023-07-15 16:07:03-04:00,2023-07-15,2023-07-15 22:07:03 +0200,Eastern Time (US & Canada),3581882,burnsnewsome,Burns Newsome,2023-07-16 20:05:26 +0200,2023-07-16 21:48:22 +0200,research,,https://www.inaturalist.org/observations/173257592,https://static.inaturalist.org/photos/300860221/medium.jpg,,"","",1,0,false,3,"Clayton, GA, US",34.886575,-83.341605,4,,,,4,,open,false,,,great rhododendron,Rhododendron maximum,great rhododendron,Plantae,83059
173599110,87e6d61c-e1ed-4798-b1e9-8c5fe556916f,2023-07-18 10:38:06-04:00,2023-07-18,2023-07-18 16:38:06 +0200,Eastern Time (US & Canada),2688061,mikeconroy,,2023-07-18 16:41:26 +0200,2023-12-11 18:42:29 +0100,needs_id,CC-BY-NC,https://www.inaturalist.org/observations/173599110,https://inaturalist-open-data.s3.amazonaws.com/photos/340334778/medium.jpg,,"","",0,0,false,3,"Hawkeye Trail, Rabun Gap, GA, US",34.935425,-83.40242,2923,,,,2923,,open,false,,,"",Rhododendron maximum,great rhododendron,Plantae,83059
173886504,1193835a-f507-4b35-b057-954fe177f884,2023-06-29 11:54:25-04:00,2023-06-29,2023-06-29 17:54:25 +0200,Eastern Time (US & Canada),518814,livingthorne,Malt,2023-07-20 06:19:18 +0200,2025-07-22 05:19:14 +0200,research,,https://www.inaturalist.org/observations/173886504,https://static.inaturalist.org/photos/302028676/medium.jpg,,"","",1,0,false,3,"Seneca Dr, Ellijay, GA, US",34.7625116667,-84.4311216667,6,,,,6,,open,false,,,great rhododendron,Rhododendron maximum,great rhododendron,Plantae,83059
173998151,67c10147-e73a-4ae1-9558-3f8c49dda919,2023-07-16 10:02:49,2023-07-16,2023-07-16 16:02:49 +0200,Eastern Time (US & Canada),6649550,blazebug,Hannah,2023-07-20 22:51:26 +0200,2023-07-20 23:07:00 +0200,research,,https://www.inaturalist.org/observations/173998151,https://static.inaturalist.org/photos/302231424/medium.jpeg,,"",,1,0,false,2,"Blue Ridge, GA 30513, USA",34.6505460317,-84.1985012591,458,,,,458,,open,false,gps,gps,great rhododendron,Rhododendron maximum,great rhododendron,Plantae,83059
174746903,aed6b639-3a3b-418a-be76-74e14e6694be,2023-07-22,2023-07-22,,Eastern Time (US & Canada),7114960,ssevcech,Stephen,2023-07-24 22:18:45 +0200,2025-07-22 05:18:26 +0200,research,CC-BY-NC,https://www.inaturalist.org/observations/174746903,https://inaturalist-open-data.s3.amazonaws.com/photos/303617519/medium.jpeg,,"",,1,0,false,2,"Blairsville, GA 30512, USA",34.7525642612,-83.8970444351,541,,,,541,,open,false,gps,gps,great rhododendron,Rhododendron maximum,great rhododendron,Plantae,83059
175272886,f573661b-0980-4296-9876-1f8c139b4d3c,2023-06-29 11:54:11-04:00,2023-06-29,2023-06-29 17:54:11 +0200,Eastern Time (US & Canada),518814,livingthorne,Malt,2023-07-27 23:23:25 +0200,2025-08-04 02:38:42 +0200,research,,https://www.inaturalist.org/observations/175272886,https://static.inaturalist.org/photos/306850595/medium.jpg,,"","",1,0,false,3,"Cherokee Dr, Ellijay, GA, US",34.7623133333,-84.4311616667,35,,,,35,,open,false,,,great rhododendron,Rhododendron maximum,great rhododendron,Plantae,83059
175371210,64f3d8aa-5c15-4752-b056-bc24003dd58c,2023-07-18 20:37:48-04:00,2023-07-18,2023-07-19 02:37:48 +0200,Eastern Time (US & Canada),5961095,javiervelakowitz,,2023-07-28 16:14:07 +0200,2025-06-24 18:51:35 +0200,research,CC-BY-NC,https://www.inaturalist.org/observations/175371210,https://inaturalist-open-data.s3.amazonaws.com/photos/304770081/medium.jpg,,"","",1,0,false,3,"Old CCC Camp Rd, Chatsworth, GA, US",34.8187533333,-84.59948,4,,,,4,,open,false,,,great rhododendron,Rhododendron maximum,great rhododendron,Plantae,83059
175451419,f57c8396-b40d-43a0-9757-719f07fb3b47,2023/07/15 12:03 PM,2023-07-15,2023-07-15 18:03:00 +0200,Eastern Time (US & Canada),924314,jacksonfrost,Jackson Frost,2023-07-29 01:23:59 +0200,2025-08-12 01:01:38 +0200,research,CC-BY,https://www.inaturalist.org/observations/175451419,https://inaturalist-open-data.s3.amazonaws.com/photos/304919355/medium.jpeg,,"",,1,0,false,,"Byron Reece Memorial Trail, Blairsville, GA 30512, USA",34.7421774,-83.9226455,194,,,,194,,open,false,,,great rhododendron,Rhododendron maximum,great rhododendron,Plantae,83059
175759547,9b75f6b2-67af-4913-b19a-ad814a54fd6b,2023-07-29 11:08:21-04:00,2023-07-29,2023-07-29 17:08:21 +0200,Eastern Time (US & Canada),4276640,vmillner,,2023-07-30 18:41:37 +0200,2025-10-31 16:57:10 +0100,research,,https://www.inaturalist.org/observations/175759547,https://static.inaturalist.org/photos/305482031/medium.jpg,,"","",2,0,false,3,"Cleveland, GA, US",34.7099116667,-83.914405,4,,,,4,,open,false,,,great rhododendron,Rhododendron maximum,great rhododendron,Plantae,83059
175759782,972c83c2-27a5-4595-b5f8-4c08fa19cb5f,2023-07-29 11:19:59-04:00,2023-07-29,2023-07-29 17:19:59 +0200,Eastern Time (US & Canada),4276640,vmillner,,2023-07-30 18:42:47 +0200,2023-11-12 05:33:40 +0100,needs_id,,https://www.inaturalist.org/observations/175759782,https://static.inaturalist.org/photos/305482430/medium.jpg,,"","",0,0,false,3,"Cleveland, GA, US",34.7073333333,-83.9176466667,4,,,,4,,open,false,,,great rhododendron,Rhododendron maximum,great rhododendron,Plantae,83059
179246643,908db8b8-436c-4de3-9591-52a3a2673c25,2023-08-18 09:59:02,2023-08-18,2023-08-18 15:59:02 +0200,Eastern Time (US & Canada),2465505,jensauer,Jen Sauer,2023-08-20 01:26:08 +0200,2025-06-24 18:49:29 +0200,research,,https://www.inaturalist.org/observations/179246643,https://static.inaturalist.org/photos/312034275/medium.jpeg,,"",,4,1,false,2,"Murray County, US-GA, US",34.8585107956,-84.6524967868,7,,,,7,,open,false,,,great rhododendron,Rhododendron maximum,great rhododendron,Plantae,83059
179761955,e9f7063a-4c77-4fb0-8433-aa361d0470d9,2023-08-22 14:13:39-04:00,2023-08-22,2023-08-22 20:13:39 +0200,Eastern Time (US & Canada),3945463,the_roadside_naturalist,The Roadside Naturalist,2023-08-23 02:37:55 +0200,2023-08-23 02:42:44 +0200,research,CC-BY-NC,https://www.inaturalist.org/observations/179761955,https://inaturalist-open-data.s3.amazonaws.com/photos/313013828/medium.jpg,,"","",1,0,false,3,"Benton Mackaye, Cherry Log, GA, US",34.7858883333,-84.3051133333,25,,,,25,,open,false,,,great rhododendron,Rhododendron maximum,great rhododendron,Plantae,83059
181640488,fda9599d-aa2a-4f89-bb1c-10469ed54f51,2023-09-03 17:48:03-04:00,2023-09-03,2023-09-03 23:48:03 +0200,Eastern Time (US & Canada),7278653,cryptographs,Joshua Williams,2023-09-03 23:48:15 +0200,2023-09-04 12:44:12 +0200,research,,https://www.inaturalist.org/observations/181640488,https://static.inaturalist.org/photos/316549325/medium.jpg,,"","",1,0,false,3,"SR-16, Carrollton, GA, US",33.5573011358,-85.0387850405,6,,,,6,,open,false,,,great rhododendron,Rhododendron maximum,great rhododendron,Plantae,83059
181756543,a06ddb80-e062-4802-93e1-8d48110bb7a2,2023-09-04 12:09:09-04:00,2023-09-04,2023-09-04 18:09:09 +0200,Eastern Time (US & Canada),7278653,cryptographs,Joshua Williams,2023-09-04 18:09:44 +0200,2025-04-04 16:16:11 +0200,research,,https://www.inaturalist.org/observations/181756543,https://static.inaturalist.org/photos/316773250/medium.jpg,,"","",1,0,false,3,"Stripling Chapel Rd, Carrollton, GA, US",33.5405608336,-85.0784873577,4,,,,4,,open,false,,,great rhododendron,Rhododendron maximum,great rhododendron,Plantae,83059
182857942,f6513ae3-0fd0-48ec-a2fe-8fd78472c629,Mon Sep 11 2023 16:39:57 GMT -0400 (GMT-4),2023-09-11,2023-09-11 22:39:57 +0200,Eastern Time (US & Canada),3380060,seanymph,SeaNymph,2023-09-11 22:40:11 +0200,2025-01-05 01:45:12 +0100,needs_id,CC-BY-NC-SA,https://www.inaturalist.org/observations/182857942,https://inaturalist-open-data.s3.amazonaws.com/photos/318906007/medium.jpeg,,"",,0,0,false,333,"Georgia, US",34.5200165635,-84.42866193,100,,,,28818,obscured,open,true,,,rhododendrons and azaleas,Rhododendron maximum,great rhododendron,Plantae,83059
182960837,3181a6cc-02db-4a44-bc22-ecfd0e478e41,2023-09-12 12:24:45-04:00,2023-09-12,2023-09-12 18:24:45 +0200,Eastern Time (US & Canada),7359917,kristenlodge,,2023-09-12 18:24:57 +0200,2023-11-24 03:59:33 +0100,research,CC-BY-NC,https://www.inaturalist.org/observations/182960837,https://inaturalist-open-data.s3.amazonaws.com/photos/319369834/medium.jpg,,"","",2,0,false,3,"Rock City, Lookout Mountain, GA, US",34.9740143493,-85.3489775677,4,,,,4,,open,false,,,great rhododendron,Rhododendron maximum,great rhododendron,Plantae,83059
183000810,df05cdc7-6e07-4368-8cb0-7de142bf3247,2023-09-08 19:22:00-04:00,2023-09-08,2023-09-09 01:22:00 +0200,Eastern Time (US & Canada),1306745,dmitry1,Dmitry Podobreev,2023-09-12 23:36:31 +0200,2025-10-31 16:56:44 +0100,research,CC-BY,https://www.inaturalist.org/observations/183000810,https://inaturalist-open-data.s3.amazonaws.com/photos/319188091/medium.jpg,,"","",2,0,false,3,"Dahlonega, GA, US",34.67502,-83.9741216667,6,,,,6,,open,false,,,great rhododendron,Rhododendron maximum,great rhododendron,Plantae,83059
183742317,9b409ea6-9211-40f2-a226-4d754cf53a2f,2023-09-17 17:10:29-04:00,2023-09-17,2023-09-17 23:10:29 +0200,Eastern Time (US & Canada),7001190,ed_hop,,2023-09-17 23:31:13 +0200,2023-11-24 03:50:57 +0100,research,CC-BY-NC,https://www.inaturalist.org/observations/183742317,https://inaturalist-open-data.s3.amazonaws.com/photos/320612754/medium.jpg,,"","",1,0,false,3,"High Shoals, Hiawassee, GA, US",34.8174146546,-83.7245486949,4095,,,,4095,,open,false,,,great rhododendron,Rhododendron maximum,great rhododendron,Plantae,83059
184593189,0c90a986-58fb-408b-8861-28e9de77f339,2023-09-23 11:19:08-05:00,2023-09-23,2023-09-23 18:19:08 +0200,Eastern Time (US & Canada),34564,nooga_naturalist,Jim Greenway,2023-09-23 23:11:44 +0200,2025-10-13 00:51:43 +0200,needs_id,CC-BY-NC,https://www.inaturalist.org/observations/184593189,https://inaturalist-open-data.s3.amazonaws.com/photos/322242352/medium.jpg,,"","",0,0,false,3,"Lowery Rd, Morganton, GA, US",34.92305,-84.2297,1,,,,1,,open,false,,,"",Rhododendron maximum,great rhododendron,Plantae,83059
185165984,46e50426-1e53-45c5-9743-b57b7e29639a,2022/10/01 11:51 AM,2022-10-01,2022-10-01 17:51:00 +0200,Eastern Time (US & Canada),1279849,laalv1,"",2023-09-27 19:33:23 +0200,2023-11-24 03:50:44 +0100,research,CC-BY,https://www.inaturalist.org/observations/185165984,https://inaturalist-open-data.s3.amazonaws.com/photos/323342063/medium.jpg,,"",Anna Ruby Falls,1,0,false,,"White County, GA, USA",34.759497,-83.711313,,,,,,,open,false,,,great rhododendron,Rhododendron maximum,great rhododendron,Plantae,83059
185235396,f5b41689-f925-44de-90bc-e6c25ea4287c,2023/09/25 4:13 PM,2023-09-25,2023-09-25 22:13:00 +0200,Eastern Time (US & Canada),1279849,laalv1,"",2023-09-28 05:40:33 +0200,2024-01-31 21:02:26 +0100,needs_id,CC-BY,https://www.inaturalist.org/observations/185235396,https://inaturalist-open-data.s3.amazonaws.com/photos/323477878/medium.jpg,,"",Amicalola Falls,0,0,false,,"Dawson County, GA, USA",34.5654449722,-84.2422949722,,,,,,,open,false,,,Great Rhododendron,Rhododendron maximum,great rhododendron,Plantae,83059
185550930,9a503c49-ebdd-4e49-ada6-29f2c63fb138,2023/03/03 1:16 PM,2023-03-03,2023-03-03 19:16:00 +0100,Eastern Time (US & Canada),687658,hholbrook,Hans Holbrook,2023-09-30 13:16:04 +0200,2023-09-30 13:16:04 +0200,needs_id,CC-BY-NC,https://www.inaturalist.org/observations/185550930,https://inaturalist-open-data.s3.amazonaws.com/photos/324079254/medium.jpeg,,"",,0,0,false,,"Fannin County, GA, USA",34.6383694444,-84.1861361111,,,,,,,open,false,,,Great Rhododendron,Rhododendron maximum,great rhododendron,Plantae,83059
186227507,43ab9fbc-4b69-464a-88fc-06799dc025b5,2022/06/22 8:14 AM,2022-06-22,2022-06-22 14:14:00 +0200,Eastern Time (US & Canada),6545070,pilgrim123,pilgrim123,2023-10-05 02:21:47 +0200,2025-11-03 02:00:14 +0100,research,,https://www.inaturalist.org/observations/186227507,https://inaturalist-open-data.s3.amazonaws.com/photos/325398748/medium.jpg,,"",,2,0,false,,"Druid Hills, GA, USA",33.7959116667,-84.3182988333,,,,,,,open,false,,,great rhododendron,Rhododendron maximum,great rhododendron,Plantae,83059
186773062,a27eb5ce-8c09-4c25-8d7d-09107550ba17,2023-10-08 16:04:18,2023-10-08,2023-10-08 22:04:18 +0200,Eastern Time (US & Canada),1449482,anthony296,Anthony A Simmons,2023-10-09 00:50:54 +0200,2023-10-09 00:51:54 +0200,needs_id,CC0,https://www.inaturalist.org/observations/186773062,https://inaturalist-open-data.s3.amazonaws.com/photos/326472299/medium.jpeg,,"",,0,0,false,2,"Clayton, GA 30525, USA",34.9825696997,-83.1930978997,,,,,,,open,false,gps,gps,great rhododendron,Rhododendron maximum,great rhododendron,Plantae,83059
187497426,7cc2709c-bd17-4551-bcc5-67c29a3a1863,2023-08-08 17:35:24-04:00,2023-08-08,2023-08-08 23:35:24 +0200,Eastern Time (US & Canada),5701397,miss_fortune,Kristály Cravens-Liszak,2023-10-14 17:01:38 +0200,2025-05-22 17:32:36 +0200,needs_id,CC-BY-NC,https://www.inaturalist.org/observations/187497426,https://inaturalist-open-data.s3.amazonaws.com/photos/327908338/medium.jpg,,"","",0,0,false,3,"Amicalola Falls State Park, Dawsonville, GA, US",34.56197,-84.24755,4,,,,4,,open,false,,,"",Rhododendron maximum,great rhododendron,Plantae,83059
187497514,dc34458b-440c-453e-84ae-b808b60dc7cd,2023-08-08 17:33:59-04:00,2023-08-08,2023-08-08 23:33:59 +0200,Eastern Time (US & Canada),5701397,miss_fortune,Kristály Cravens-Liszak,2023-10-14 17:02:23 +0200,2025-05-22 17:32:38 +0200,research,CC-BY-NC,https://www.inaturalist.org/observations/187497514,https://inaturalist-open-data.s3.amazonaws.com/photos/327908495/medium.jpg,,"","",1,0,false,3,"Amicalola Falls State Park, Dawsonville, GA, US",34.56232,-84.2473616667,8,,,,8,,open,false,,,great rhododendron,Rhododendron maximum,great rhododendron,Plantae,83059
187997635,e5f98c01-9447-4f1f-a0d9-32f9caa406a7,2023/06/01 10:46 AM,2023-06-01,2023-06-01 16:46:00 +0200,Eastern Time (US & Canada),420537,astrobirder,Sequoia Janirella Wrens,2023-10-18 10:22:51 +0200,2023-11-24 03:47:30 +0100,research,CC0,https://www.inaturalist.org/observations/187997635,https://inaturalist-open-data.s3.amazonaws.com/photos/328906008/medium.jpeg,,"",,1,0,false,,"Georgia, US",34.6795286053,-83.9564221434,4,,,,28790,obscured,open,true,,,great rhododendron,Rhododendron maximum,great rhododendron,Plantae,83059
188266845,caaff142-083e-437a-8dcf-16923d251c19,2023/10/03 2:36 PM,2023-10-03,2023-10-03 20:36:00 +0200,Eastern Time (US & Canada),6524211,hikingplantsoh,Sarah Geiger-Behm,2023-10-20 17:41:08 +0200,2025-08-07 02:41:41 +0200,research,CC-BY-NC,https://www.inaturalist.org/observations/188266845,https://inaturalist-open-data.s3.amazonaws.com/photos/329455598/medium.jpeg,,"",,2,0,false,,"Towns County, GA, USA",34.8027916667,-83.7393277778,4,,,,4,,open,false,,,great rhododendron,Rhododendron maximum,great rhododendron,Plantae,83059
188272066,c697ce9a-766c-4fce-8c66-5534bc9d80a6,2023/10/03 3:09 PM,2023-10-03,2023-10-03 21:09:00 +0200,Eastern Time (US & Canada),6524211,hikingplantsoh,Sarah Geiger-Behm,2023-10-20 18:31:00 +0200,2025-07-23 17:01:36 +0200,research,CC-BY-NC,https://www.inaturalist.org/observations/188272066,https://inaturalist-open-data.s3.amazonaws.com/photos/329463114/medium.jpeg,,"",,2,0,false,,"Towns County, GA, USA",34.8022388889,-83.7364888889,4,,,,4,,open,false,,,great rhododendron,Rhododendron maximum,great rhododendron,Plantae,83059
188374516,e7dc2dc1-5dd7-4d25-9838-24afd10b1574,2023/10/07 10:44 AM,2023-10-07,2023-10-07 16:44:00 +0200,Eastern Time (US & Canada),6524211,hikingplantsoh,Sarah Geiger-Behm,2023-10-21 15:19:35 +0200,2025-07-23 17:00:32 +0200,research,CC-BY-NC,https://www.inaturalist.org/observations/188374516,https://inaturalist-open-data.s3.amazonaws.com/photos/329682460/medium.jpeg,,"",,2,0,false,,"Towns County, GA, USA",34.9438555556,-83.5922861111,4,,,,4,,open,false,,,great rhododendron,Rhododendron maximum,great rhododendron,Plantae,83059
188375066,17fa69d1-3c49-4896-975a-cec216b9660f,2023/10/07 11:20 AM,2023-10-07,2023-10-07 17:20:00 +0200,Eastern Time (US & Canada),6524211,hikingplantsoh,Sarah Geiger-Behm,2023-10-21 15:27:03 +0200,2025-07-23 17:00:08 +0200,research,CC-BY-NC,https://www.inaturalist.org/observations/188375066,https://inaturalist-open-data.s3.amazonaws.com/photos/329684237/medium.jpeg,,"",,2,0,false,,"Towns County, GA, USA",34.9416111111,-83.5974805556,4,,,,4,,open,false,,,great rhododendron,Rhododendron maximum,great rhododendron,Plantae,83059
188551550,cc1c004f-ae56-45c8-bfd5-22d4ffbee403,2023/10/08 11:09 AM,2023-10-08,2023-10-08 17:09:00 +0200,Eastern Time (US & Canada),6524211,hikingplantsoh,Sarah Geiger-Behm,2023-10-22 20:18:51 +0200,2025-07-23 16:53:02 +0200,research,CC-BY-NC,https://www.inaturalist.org/observations/188551550,https://inaturalist-open-data.s3.amazonaws.com/photos/330037918/medium.jpeg,,"",,2,0,false,,"Towns County, GA, USA",34.9808,-83.5980916667,4,,,,4,,open,false,,,great rhododendron,Rhododendron maximum,great rhododendron,Plantae,83059
188725661,154fceb0-bb0f-47ef-900e-769e06f344c4,2023-10-21 14:01:21-04:00,2023-10-21,2023-10-21 20:01:21 +0200,Eastern Time (US & Canada),6964593,naturelife22,Paige Sullivan,2023-10-24 02:08:56 +0200,2024-08-08 03:36:49 +0200,research,,https://www.inaturalist.org/observations/188725661,https://static.inaturalist.org/photos/330398467/medium.jpg,,"","",1,0,false,3,"Tallulah Gorge State Park, Tallulah Falls, GA, US",34.7406216667,-83.3948366667,4327,,,,4327,,open,false,,,great rhododendron,Rhododendron maximum,great rhododendron,Plantae,83059
188739954,7fae31d1-a5ee-49a7-8e0b-b85dbc7e9360,2011/04/21 9:53 AM,2011-04-21,2011-04-21 15:53:00 +0200,Eastern Time (US & Canada),4348831,pecosvalleydiamond,Moses J. Michelsohn,2023-10-24 04:42:12 +0200,2025-08-07 16:43:12 +0200,research,CC-BY-NC,https://www.inaturalist.org/observations/188739954,https://inaturalist-open-data.s3.amazonaws.com/photos/330422554/medium.jpg,,"",,1,0,false,,United States,34.9465683517,-85.5453355441,1548,,,,28762,obscured,open,true,,,great rhododendron,Rhododendron maximum,great rhododendron,Plantae,83059
188739955,0451b51b-80b8-44d2-b6f6-70957179836f,2011/04/21 9:53 AM,2011-04-21,2011-04-21 15:53:00 +0200,Eastern Time (US & Canada),4348831,pecosvalleydiamond,Moses J. Michelsohn,2023-10-24 04:42:12 +0200,2025-07-22 05:17:23 +0200,research,CC-BY-NC,https://www.inaturalist.org/observations/188739955,https://inaturalist-open-data.s3.amazonaws.com/photos/330422560/medium.jpg,,"",,1,0,false,,United States,34.8344725408,-85.441372079,1548,,,,28762,obscured,open,true,,,great rhododendron,Rhododendron maximum,great rhododendron,Plantae,83059
188739963,077698c3-f36b-421f-b9a6-9b7232d1229e,2011/04/21 10:19 AM,2011-04-21,2011-04-21 16:19:00 +0200,Eastern Time (US & Canada),4348831,pecosvalleydiamond,Moses J. Michelsohn,2023-10-24 04:42:14 +0200,2025-04-04 23:17:51 +0200,research,CC-BY-NC,https://www.inaturalist.org/observations/188739963,https://inaturalist-open-data.s3.amazonaws.com/photos/330422582/medium.jpg,,"",,1,0,false,,United States,34.8136223213,-85.5950454376,1548,,,,28762,obscured,open,true,,,great rhododendron,Rhododendron maximum,great rhododendron,Plantae,83059
188739964,88482c54-0cde-4e0c-a60e-6641c94716b8,2011/04/21 10:19 AM,2011-04-21,2011-04-21 16:19:00 +0200,Eastern Time (US & Canada),4348831,pecosvalleydiamond,Moses J. Michelsohn,2023-10-24 04:42:15 +0200,2023-10-24 04:42:15 +0200,needs_id,CC-BY-NC,https://www.inaturalist.org/observations/188739964,https://inaturalist-open-data.s3.amazonaws.com/photos/330422587/medium.jpg,,"",,0,0,false,,United States,34.9434661327,-85.5426925421,1548,,,,28762,obscured,open,true,,,Rhododendron maximum,Rhododendron maximum,great rhododendron,Plantae,83059
188739965,c8040035-a2e7-468e-b00c-957a33c3bc59,2011/04/21 10:22 AM,2011-04-21,2011-04-21 16:22:00 +0200,Eastern Time (US & Canada),4348831,pecosvalleydiamond,Moses J. Michelsohn,2023-10-24 04:42:15 +0200,2023-10-24 04:42:15 +0200,needs_id,CC-BY-NC,https://www.inaturalist.org/observations/188739965,https://inaturalist-open-data.s3.amazonaws.com/photos/330422588/medium.jpg,,"",,0,0,false,,United States,34.9527047324,-85.4712188376,1548,,,,28762,obscured,open,true,,,Rhododendron maximum,Rhododendron maximum,great rhododendron,Plantae,83059
188739967,b6bdd6d5-8813-415d-bc22-589f64db318f,2011/04/21 10:22 AM,2011-04-21,2011-04-21 16:22:00 +0200,Eastern Time (US & Canada),4348831,pecosvalleydiamond,Moses J. Michelsohn,2023-10-24 04:42:15 +0200,2025-07-22 05:17:03 +0200,research,CC-BY-NC,https://www.inaturalist.org/observations/188739967,https://inaturalist-open-data.s3.amazonaws.com/photos/330422593/medium.jpg,,"",,1,0,false,,United States,34.9304780125,-85.5362405168,1548,,,,28762,obscured,open,true,,,great rhododendron,Rhododendron maximum,great rhododendron,Plantae,83059
188739968,0bbbee3c-c243-4680-8e02-2696be20406c,2011/04/21 10:22 AM,2011-04-21,2011-04-21 16:22:00 +0200,Eastern Time (US & Canada),4348831,pecosvalleydiamond,Moses J. Michelsohn,2023-10-24 04:42:15 +0200,2023-10-24 04:42:15 +0200,needs_id,CC-BY-NC,https://www.inaturalist.org/observations/188739968,https://inaturalist-open-data.s3.amazonaws.com/photos/330422597/medium.jpg,,"",,0,0,false,,United States,34.8943826781,-85.5001416796,1548,,,,28762,obscured,open,true,,,Rhododendron maximum,Rhododendron maximum,great rhododendron,Plantae,83059
188739969,efd89f9b-b679-4d35-9701-11916f41a59b,2011/04/21 10:24 AM,2011-04-21,2011-04-21 16:24:00 +0200,Eastern Time (US & Canada),4348831,pecosvalleydiamond,Moses J. Michelsohn,2023-10-24 04:42:16 +0200,2023-10-24 04:42:16 +0200,needs_id,CC-BY-NC,https://www.inaturalist.org/observations/188739969,https://inaturalist-open-data.s3.amazonaws.com/photos/330422598/medium.jpg,,"",,0,0,false,,United States,34.8766537467,-85.4314909743,1548,,,,28762,obscured,open,true,,,Rhododendron maximum,Rhododendron maximum,great rhododendron,Plantae,83059
188739971,0c1c42f3-34f6-4906-867b-4010460e458a,2011/04/21 10:24 AM,2011-04-21,2011-04-21 16:24:00 +0200,Eastern Time (US & Canada),4348831,pecosvalleydiamond,Moses J. Michelsohn,2023-10-24 04:42:16 +0200,2023-10-24 04:42:16 +0200,needs_id,CC-BY-NC,https://www.inaturalist.org/observations/188739971,https://inaturalist-open-data.s3.amazonaws.com/photos/330422603/medium.jpg,,"",,0,0,false,,United States,34.952871259,-85.4817614624,1548,,,,28762,obscured,open,true,,,Rhododendron maximum,Rhododendron maximum,great rhododendron,Plantae,83059
188739972,d49ed1a6-0fa3-4921-b7f9-138206f2bf5c,2011/04/21 10:25 AM,2011-04-21,2011-04-21 16:25:00 +0200,Eastern Time (US & Canada),4348831,pecosvalleydiamond,Moses J. Michelsohn,2023-10-24 04:42:16 +0200,2023-10-24 04:42:16 +0200,needs_id,CC-BY-NC,https://www.inaturalist.org/observations/188739972,https://inaturalist-open-data.s3.amazonaws.com/photos/330422611/medium.jpg,,"",,0,0,false,,United States,34.8008241419,-85.4326872392,1548,,,,28762,obscured,open,true,,,Rhododendron maximum,Rhododendron maximum,great rhododendron,Plantae,83059
188739973,52e79959-6cc1-41c1-b333-f61e9e4a0bec,2011/04/21 10:24 AM,2011-04-21,2011-04-21 16:24:00 +0200,Eastern Time (US & Canada),4348831,pecosvalleydiamond,Moses J. Michelsohn,2023-10-24 04:42:16 +0200,2023-10-24 04:42:16 +0200,needs_id,CC-BY-NC,https://www.inaturalist.org/observations/188739973,https://inaturalist-open-data.s3.amazonaws.com/photos/330422606/medium.jpg,,"",,0,0,false,,United States,34.8887860382,-85.5029988011,1548,,,,28762,obscured,open,true,,,Rhododendron maximum,Rhododendron maximum,great rhododendron,Plantae,83059
188739974,0069a373-4bc4-4c14-a565-cf5f77531578,2011/04/21 10:25 AM,2011-04-21,2011-04-21 16:25:00 +0200,Eastern Time (US & Canada),4348831,pecosvalleydiamond,Moses J. Michelsohn,2023-10-24 04:42:17 +0200,2023-10-24 04:42:17 +0200,needs_id,CC-BY-NC,https://www.inaturalist.org/observations/188739974,https://inaturalist-open-data.s3.amazonaws.com/photos/330422614/medium.jpg,,"",,0,0,false,,United States,34.898558623,-85.5146390195,1548,,,,28762,obscured,open,true,,,Rhododendron maximum,Rhododendron maximum,great rhododendron,Plantae,83059
188739985,eeb981e9-fd65-4cd8-ac36-0f21d0e81a7d,2011/04/21 11:12 AM,2011-04-21,2011-04-21 17:12:00 +0200,Eastern Time (US & Canada),4348831,pecosvalleydiamond,Moses J. Michelsohn,2023-10-24 04:42:20 +0200,2023-10-24 04:42:20 +0200,needs_id,CC-BY-NC,https://www.inaturalist.org/observations/188739985,https://inaturalist-open-data.s3.amazonaws.com/photos/330422635/medium.jpg,,"",,0,0,false,,United States,34.8786871896,-85.5419103994,1548,,,,28762,obscured,open,true,,,Rhododendron maximum,Rhododendron maximum,great rhododendron,Plantae,83059
188834654,83c9625e-bf91-43ea-9b46-5de0d1ed3398,2023-10-24 17:47:37-04:00,2023-10-24,2023-10-24 23:47:37 +0200,Eastern Time (US & Canada),764155,whatch11,Wes Hatch,2023-10-25 00:31:10 +0200,2024-10-10 18:50:22 +0200,research,,https://www.inaturalist.org/observations/188834654,https://static.inaturalist.org/photos/330622012/medium.jpg,,"","",1,0,false,3,"Chattahoochee River, Sandy Springs, GA, US",33.8839710789,-84.4438738315,20,,,,20,,open,false,,,great rhododendron,Rhododendron maximum,great rhododendron,Plantae,83059
189239178,ff374f4e-49d0-4f6b-bd82-eb20de866c23,2023-10-24 15:57:35-04:00,2023-10-24,2023-10-24 21:57:35 +0200,Eastern Time (US & Canada),6303999,reardette,,2023-10-28 18:06:28 +0200,2023-10-28 18:07:26 +0200,needs_id,CC-BY-NC,https://www.inaturalist.org/observations/189239178,https://inaturalist-open-data.s3.amazonaws.com/photos/331446263/medium.jpg,,"","",0,0,false,3,"Pool Ln, Blairsville, GA, US",34.8658,-83.9752716667,40,,,,40,,open,false,,,"",Rhododendron maximum,great rhododendron,Plantae,83059
189601051,da0a5cd6-781b-4fb0-8fbd-2eb9f5ca37f9,2023/10/26 11:34 AM,2023-10-26,2023-10-26 17:34:00 +0200,Eastern Time (US & Canada),56296,donedith,Edith Bergquist,2023-10-31 21:52:14 +0100,2026-01-31 16:57:07 +0100,research,CC-BY-NC,https://www.inaturalist.org/observations/189601051,https://inaturalist-open-data.s3.amazonaws.com/photos/332186083/medium.jpeg,,"","",1,0,false,,"Lookout Mountain, GA 30750, USA",34.9728913889,-85.3490163889,,,,,,,open,false,,,great rhododendron,Rhododendron maximum,great rhododendron,Plantae,83059
190938982,e4e593f0-3187-4c05-a537-9b3d69d01ee3,2023/06/27 5:01 PM,2023-06-27,2023-06-27 23:01:00 +0200,Eastern Time (US & Canada),5505439,aranamor,"",2023-11-13 22:33:06 +0100,2025-12-01 07:14:48 +0100,research,CC-BY,https://www.inaturalist.org/observations/190938982,https://inaturalist-open-data.s3.amazonaws.com/photos/334832671/medium.jpeg,,"",,2,0,false,,"Lumpkin County, GA, USA",34.6027088721,-84.1262447851,538,,,,538,,open,false,,,great rhododendron,Rhododendron maximum,great rhododendron,Plantae,83059
191504019,8a1c8d22-d8d5-48dc-829c-e49e218dd6f2,Sun Nov 19 2023 14:38:00 GMT -0500 (GMT-5),2023-11-19,2023-11-19 20:38:00 +0100,Eastern Time (US & Canada),6731446,rosannatmitchell,Rosanna T. Mitchell,2023-11-19 20:38:15 +0100,2023-11-24 03:45:56 +0100,research,,https://www.inaturalist.org/observations/191504019,https://static.inaturalist.org/photos/336178366/medium.jpeg,,"",,1,0,false,333,Helen,34.7078399658,-83.7456436157,2500,,,,2500,,open,false,,,great rhododendron,Rhododendron maximum,great rhododendron,Plantae,83059
191765870,42b53d32-2edf-4ef2-91b2-82df338827dd,2023-11-22 10:40:18-05:00,2023-11-22,2023-11-22 16:40:18 +0100,Eastern Time (US & Canada),6780867,kwevans69,,2023-11-22 16:40:41 +0100,2023-11-24 03:45:02 +0100,research,CC-BY-NC,https://www.inaturalist.org/observations/191765870,https://inaturalist-open-data.s3.amazonaws.com/photos/336495182/medium.jpg,,"","",1,0,false,3,"Tallulah River, Tallulah Falls, GA, US",34.7386089083,-83.3915467559,2358,,,,2358,,open,false,,,great rhododendron,Rhododendron maximum,great rhododendron,Plantae,83059
191865951,d0e21472-6f09-4815-a93e-d2838fbf3ad3,2023-11-23 13:51:29-05:00,2023-11-23,2023-11-23 19:51:29 +0100,Eastern Time (US & Canada),7355146,kaymetz,,2023-11-23 20:08:30 +0100,2024-09-04 15:13:00 +0200,research,CC-BY-NC,https://www.inaturalist.org/observations/191865951,https://inaturalist-open-data.s3.amazonaws.com/photos/336760570/medium.jpg,,"","",1,0,false,3,"Red Maple Ln, Jasper, GA, US",34.4581849811,-84.2977144875,4,,,,4,,open,false,,,great rhododendron,Rhododendron maximum,great rhododendron,Plantae,83059
192143394,42a63299-c0ab-4ef2-a689-b32494f16b2e,2023-11-25 13:32:10-05:00,2023-11-25,2023-11-25 19:32:10 +0100,Eastern Time (US & Canada),5336061,kelton7,Kelton Southard,2023-11-26 02:45:46 +0100,2023-11-26 02:45:52 +0100,needs_id,,https://www.inaturalist.org/observations/192143394,https://static.inaturalist.org/photos/337240996/medium.jpg,,"","",0,0,false,3,"Black Rock Mountain, Rabun Gap, GA, US",34.920575,-83.4095216667,6,,,,6,,open,false,,,"",Rhododendron maximum,great rhododendron,Plantae,83059
192200575,f3c75d18-606f-4bfc-b846-0803a5495cc9,2023-11-24 07:52:14-05:00,2023-11-24,2023-11-24 13:52:14 +0100,Eastern Time (US & Canada),2353197,henrysalazar,Henry Salazar,2023-11-26 14:43:25 +0100,2023-11-26 14:43:33 +0100,needs_id,,https://www.inaturalist.org/observations/192200575,https://static.inaturalist.org/photos/337354251/medium.jpg,,"","",0,0,false,3,"Andrea Ln, Lakemont, GA, US",34.7790083333,-83.440705,5,,,,5,,open,false,,,"",Rhododendron maximum,great rhododendron,Plantae,83059
192227424,c2ecea70-662b-4a33-bb43-c468b7917aa9,2023-11-26 12:53:31,2023-11-26,2023-11-26 18:53:31 +0100,Eastern Time (US & Canada),1978624,timreitz,Tim Reitz,2023-11-26 18:59:22 +0100,2023-11-27 19:43:37 +0100,needs_id,CC-BY-NC,https://www.inaturalist.org/observations/192227424,https://inaturalist-open-data.s3.amazonaws.com/photos/337669399/medium.jpeg,,"",,0,0,false,2,"Clayton, GA 30525, USA",34.9118083333,-83.3984138889,,,,,,,open,false,gps,gps,great rhododendron,Rhododendron maximum,great rhododendron,Plantae,83059
192270502,9c35f61b-06de-415d-b145-031b17396de0,2023-11-26 14:38:06,2023-11-26,2023-11-26 20:38:06 +0100,Eastern Time (US & Canada),1978232,lisamarie906,Lisa Reitz,2023-11-27 01:18:28 +0100,2024-04-16 19:07:34 +0200,research,,https://www.inaturalist.org/observations/192270502,https://static.inaturalist.org/photos/337491476/medium.jpeg,,"",,1,0,false,2,"Rabun Gap, GA 30568, USA",34.9226916667,-83.408,,,,,,,open,false,gps,gps,great rhododendron,Rhododendron maximum,great rhododendron,Plantae,83059
192652083,c515af0d-0c49-482c-a9e9-42b8957f9a84,2023-11-30 12:26:32,2023-11-30,2023-11-30 18:26:32 +0100,Eastern Time (US & Canada),6434498,joe1461,Joe Vignolini,2023-11-30 18:26:53 +0100,2024-03-24 15:47:53 +0100,needs_id,,https://www.inaturalist.org/observations/192652083,https://static.inaturalist.org/photos/338247623/medium.jpeg,,"",,1,0,false,2,"Rabun Gap, GA 30568, USA",34.96027724,-83.39050025,5,,,,5,,open,false,,,great rhododendron,Rhododendron maximum,great rhododendron,Plantae,83059
194034870,5e26a043-14de-4813-85ca-773a8b0748bb,2023/12/11 6:16 PM,2023-12-11,2023-12-12 00:16:00 +0100,Eastern Time (US & Canada),387398,evangrimes,"",2023-12-15 18:12:27 +0100,2023-12-15 18:12:27 +0100,needs_id,CC-BY,https://www.inaturalist.org/observations/194034870,https://inaturalist-open-data.s3.amazonaws.com/photos/340963391/medium.jpeg,,"",,0,0,false,,"Georgia, US",34.5368037949,-84.2023098271,4,,,,28818,obscured,open,true,,,Rhododendron maximum,Rhododendron maximum,great rhododendron,Plantae,83059
194112816,c3b99bf6-e5df-43e5-9645-6dd33c94950c,2023-12-16 11:11:58,2023-12-16,2023-12-16 17:11:58 +0100,Eastern Time (US & Canada),1121933,naturalist2073,Jonathan Regosin,2023-12-16 17:12:22 +0100,2023-12-16 17:12:45 +0100,needs_id,CC-BY-NC,https://www.inaturalist.org/observations/194112816,https://inaturalist-open-data.s3.amazonaws.com/photos/341119144/medium.jpeg,,"",,0,0,false,2,"East Ellijay, GA 30540, USA",34.7443111111,-84.4363305556,,,,,,,open,false,gps,gps,great rhododendron,Rhododendron maximum,great rhododendron,Plantae,83059
194554443,4867b3e9-14c5-43a3-85bd-c6b2ca7c8942,2023-12-21 13:54:58-05:00,2023-12-21,2023-12-21 19:54:58 +0100,Eastern Time (US & Canada),7449902,rockeater,,2023-12-22 05:29:20 +0100,2023-12-22 05:30:27 +0100,needs_id,CC-BY-NC,https://www.inaturalist.org/observations/194554443,https://inaturalist-open-data.s3.amazonaws.com/photos/342018114/medium.jpg,,"","",0,0,false,3,"Long Branch Loop, Blue Ridge, GA, US",34.8154,-84.2847833333,12,,,,12,,open,false,,,"",Rhododendron maximum,great rhododendron,Plantae,83059
194664590,68d6815d-f3ab-4bb6-9964-7cd06055b499,2023-12-23 10:46:53,2023-12-23,2023-12-23 16:46:53 +0100,Eastern Time (US & Canada),6023498,sarah4820,Sarah Adams,2023-12-23 18:06:39 +0100,2025-10-31 16:56:10 +0100,research,,https://www.inaturalist.org/observations/194664590,https://static.inaturalist.org/photos/342239292/medium.jpeg,,"",,1,0,false,2,"Lumpkin County, US-GA, US",34.5439722222,-84.0662722222,,,,,,,open,false,gps,gps,great rhododendron,Rhododendron maximum,great rhododendron,Plantae,83059
194706041,a84ee0f1-d27a-47aa-aa90-d50cd7956085,2023-12-23 12:34:16,2023-12-23,2023-12-23 18:34:16 +0100,Eastern Time (US & Canada),3261232,switch1966,"",2023-12-24 03:52:19 +0100,2024-04-16 19:06:16 +0200,research,CC-BY-NC,https://www.inaturalist.org/observations/194706041,https://inaturalist-open-data.s3.amazonaws.com/photos/342326016/medium.jpeg,,"",,1,0,false,2,"Clayton, GA 30525, USA",34.8813655,-83.3554819,,,,,,,open,false,,,great rhododendron,Rhododendron maximum,great rhododendron,Plantae,83059
194979036,bf8ae3a0-4980-49d1-8591-4b6ee1f69d8f,2023-12-23 16:02:26,2023-12-23,2023-12-23 22:02:26 +0100,Eastern Time (US & Canada),4894197,ryan1458,Ryan Roney,2023-12-27 15:02:02 +0100,2025-07-22 05:15:37 +0200,research,CC-BY-NC,https://www.inaturalist.org/observations/194979036,https://inaturalist-open-data.s3.amazonaws.com/photos/342890161/medium.jpeg,,"",,2,0,false,2,"Clarkesville, GA 30523, USA",34.7191010968,-83.4487068281,57,,,,57,,open,false,gps,gps,great rhododendron,Rhododendron maximum,great rhododendron,Plantae,83059
195118215,12b7dce7-93a4-48a2-9be5-c08f8f69256d,2023-12-28 10:12:24-05:00,2023-12-28,2023-12-28 16:12:24 +0100,Eastern Time (US & Canada),6097963,cpeptex,,2023-12-29 00:17:38 +0100,2025-06-25 16:26:09 +0200,research,CC-BY-NC,https://www.inaturalist.org/observations/195118215,https://inaturalist-open-data.s3.amazonaws.com/photos/343171611/medium.jpg,,"","",1,0,false,3,"Benton Mackaye Trail, Epworth, GA, US",34.8858416667,-84.52627,16,,,,16,,open,false,,,great rhododendron,Rhododendron maximum,great rhododendron,Plantae,83059
195136181,0ee79a61-b7e5-4039-935f-9057977149dc,2023/12/27 1:41 PM,2023-12-27,2023-12-27 19:41:00 +0100,Eastern Time (US & Canada),6545070,pilgrim123,pilgrim123,2023-12-29 04:27:58 +0100,2025-11-02 15:54:39 +0100,research,,https://www.inaturalist.org/observations/195136181,https://inaturalist-open-data.s3.amazonaws.com/photos/343210482/medium.jpg,,"",,2,0,false,,"Druid Hills, GA, USA",33.776229,-84.3218899167,,,,,,,open,false,,,great rhododendron,Rhododendron maximum,great rhododendron,Plantae,83059
195393447,95919841-3b35-4318-b2c0-088aaaad27bf,2023-12-31 14:11:37-05:00,2023-12-31,2023-12-31 20:11:37 +0100,Eastern Time (US & Canada),5018080,krasik,,2023-12-31 20:15:01 +0100,2025-11-02 15:54:09 +0100,needs_id,CC-BY,https://www.inaturalist.org/observations/195393447,https://inaturalist-open-data.s3.amazonaws.com/photos/343733340/medium.jpg,,"","",1,0,false,3,"Clifton Rd NE, Atlanta, GA, US",33.7755616667,-84.32447,3,,,,3,,open,false,,,great rhododendron,Rhododendron maximum,great rhododendron,Plantae,83059
195605896,628b5ac6-59d6-42af-9134-d92fc1cff415,2024-01-02 17:06:00-05:00,2024-01-02,2024-01-02 23:06:00 +0100,Eastern Time (US & Canada),1668849,ncanino_1932,Nicholas Canino,2024-01-02 23:07:32 +0100,2024-01-09 18:11:33 +0100,research,CC-BY-NC,https://www.inaturalist.org/observations/195605896,https://inaturalist-open-data.s3.amazonaws.com/photos/344174430/medium.jpg,,"","",1,0,false,3,"Rabun Gap, Rabun Gap, GA, US",34.9490606297,-83.4348311183,20,,,,20,,open,false,,,great rhododendron,Rhododendron maximum,great rhododendron,Plantae,83059
195673301,27c74890-66ed-4430-b9f2-93fa3f35c3a6,2024-01-03 10:38:56-05:00,2024-01-03,2024-01-03 16:38:56 +0100,Eastern Time (US & Canada),1668849,ncanino_1932,Nicholas Canino,2024-01-03 17:54:52 +0100,2024-04-16 19:05:24 +0200,research,CC-BY-NC,https://www.inaturalist.org/observations/195673301,https://inaturalist-open-data.s3.amazonaws.com/photos/344324798/medium.jpg,,"","",1,0,false,3,"Bartram Trail, Clayton, GA, US",34.9722262791,-83.3025824951,188,,,,188,,open,false,,,great rhododendron,Rhododendron maximum,great rhododendron,Plantae,83059
195806479,517bfd65-1776-426a-add8-8ac7f2a9ec04,2024-01-04 12:14:26,2024-01-04,2024-01-04 18:14:26 +0100,Eastern Time (US & Canada),6237771,willingarden,,2024-01-05 04:31:36 +0100,2024-01-22 18:17:25 +0100,research,CC-BY,https://www.inaturalist.org/observations/195806479,https://inaturalist-open-data.s3.amazonaws.com/photos/344570429/medium.jpeg,,"",,1,0,false,2,"Clayton, GA 30525, USA",34.9111556095,-83.3963715658,194,,,,194,,open,false,gps,gps,great rhododendron,Rhododendron maximum,great rhododendron,Plantae,83059
196585813,13f0159b-c202-4308-b07c-9aec051040dd,2024-01-13 13:00:38,2024-01-13,2024-01-13 19:00:38 +0100,Eastern Time (US & Canada),1960346,ljonez,Lacey,2024-01-13 23:16:14 +0100,2024-01-13 23:16:23 +0100,needs_id,CC-BY-NC,https://www.inaturalist.org/observations/196585813,https://inaturalist-open-data.s3.amazonaws.com/photos/346061587/medium.jpeg,,"",,0,0,false,2,"Cleveland, GA 30528, USA",34.7004101415,-83.7904192507,161,,,,161,,open,false,gps,gps,great rhododendron,Rhododendron maximum,great rhododendron,Plantae,83059
196677551,3c27d00f-dda3-469e-a973-26293829d0a6,2024-01-14 12:14:55-05:00,2024-01-14,2024-01-14 18:14:55 +0100,Eastern Time (US & Canada),6660581,jessica4085,Jessica Turner,2024-01-14 18:20:30 +0100,2025-04-05 05:16:54 +0200,research,,https://www.inaturalist.org/observations/196677551,https://static.inaturalist.org/photos/346643177/medium.jpg,,"","",1,0,false,3,"Bear Hair Gap Trail, Suches, GA, US",34.7634950275,-83.9355208906,4,,,,4,,open,false,,,great rhododendron,Rhododendron maximum,great rhododendron,Plantae,83059
197263991,2e5f7d51-1983-43b2-93b6-c984d0428c52,2024-01-21 16:29:35-05:00,2024-01-21,2024-01-21 22:29:35 +0100,Eastern Time (US & Canada),109461,scottward,Scott Ward,2024-01-21 23:52:24 +0100,2024-01-22 18:17:50 +0100,research,CC-BY,https://www.inaturalist.org/observations/197263991,https://inaturalist-open-data.s3.amazonaws.com/photos/347388801/medium.jpg,,"","",1,0,false,3,"Rabun County, US-GA, US",34.8964936794,-83.3646955956,4,,,,4,,open,false,,,great rhododendron,Rhododendron maximum,great rhododendron,Plantae,83059
197264139,c66a9d80-78ab-434e-a287-b0f843ae6ff3,2024-01-21 16:56:11-05:00,2024-01-21,2024-01-21 22:56:11 +0100,Eastern Time (US & Canada),109461,scottward,Scott Ward,2024-01-21 23:53:57 +0100,2024-01-22 03:50:03 +0100,research,CC-BY,https://www.inaturalist.org/observations/197264139,https://inaturalist-open-data.s3.amazonaws.com/photos/347389213/medium.jpg,,"","",1,0,false,3,"Bartram Trail, Clayton, GA, US",34.8972133333,-83.3661633333,9,,,,9,,open,false,,,great rhododendron,Rhododendron maximum,great rhododendron,Plantae,83059
198016514,7cae06d9-385f-4652-abf1-332f58f461f0,2024-01-30 17:44:49-05:00,2024-01-30,2024-01-30 23:44:49 +0100,Eastern Time (US & Canada),946380,marciem,marciem,2024-01-31 01:49:21 +0100,2024-04-16 19:05:00 +0200,research,CC-BY,https://www.inaturalist.org/observations/198016514,https://inaturalist-open-data.s3.amazonaws.com/photos/348909950/medium.jpg,,"","",1,0,false,3,"Black Rock Mountain, Rabun Gap, GA, US",34.9251116667,-83.4065033333,4,,,,4,,open,false,,,great rhododendron,Rhododendron maximum,great rhododendron,Plantae,83059
198394551,d18ccac7-c5e6-4185-acd5-18a31b8a07fb,2024-02-04 09:46:11-05:00,2024-02-04,2024-02-04 15:46:11 +0100,Eastern Time (US & Canada),609980,savs-search,,2024-02-04 15:47:41 +0100,2024-02-08 00:53:49 +0100,research,,https://www.inaturalist.org/observations/198394551,https://static.inaturalist.org/photos/349707760/medium.jpg,,"","",1,0,false,3,"Byron Herbert Reece Trail, Blairsville, GA, US",34.7413633333,-83.9223633333,4,,,,4,,open,false,,,great rhododendron,Rhododendron maximum,great rhododendron,Plantae,83059
198854581,9ebd7513-f368-4cba-b475-8f61fad1cab3,2024/02/07 9:26 AM,2024-02-07,2024-02-07 15:26:00 +0100,Eastern Time (US & Canada),395895,wildlander,Jared Gorrell,2024-02-10 02:26:51 +0100,2025-06-24 18:46:21 +0200,research,CC-BY-NC,https://www.inaturalist.org/observations/198854581,https://inaturalist-open-data.s3.amazonaws.com/photos/350568444/medium.jpeg,,"",,1,0,false,,"Gilmer County, GA, USA",34.8118060663,-84.5593746309,61,,,,61,,open,false,,,great rhododendron,Rhododendron maximum,great rhododendron,Plantae,83059
198903604,c7350a7d-104d-4b59-a6c4-b8b6de2526a3,2024-02-10 10:57:29-05:00,2024-02-10,2024-02-10 16:57:29 +0100,Eastern Time (US & Canada),6533387,sgtasshole,,2024-02-10 17:01:18 +0100,2024-04-01 20:16:40 +0200,research,CC-BY-NC,https://www.inaturalist.org/observations/198903604,https://inaturalist-open-data.s3.amazonaws.com/photos/350665789/medium.jpg,,"","",2,0,false,3,"Reynolds Nature Preserve, Morrow, GA, US",33.5989998473,-84.3491376966,4,,,,4,,open,false,,,great rhododendron,Rhododendron maximum,great rhododendron,Plantae,83059
198966761,e91f541e-7158-4b73-b903-ae0ce0938753,2023-09-23 10:16:15,2023-09-23,2023-09-23 16:16:15 +0200,Eastern Time (US & Canada),703773,lincolndurey,Lincoln Durey,2024-02-11 05:00:43 +0100,2024-02-11 05:00:54 +0100,needs_id,CC-BY,https://www.inaturalist.org/observations/198966761,https://static.inaturalist.org/photos/350791043/medium.jpeg,,"",Unicoi SP: inaturalist.org/calendar/lincolndurey/2023/9/23,0,0,false,2,"Helen, GA 30545, USA",34.7098432407,-83.7306428701,64,,,,64,,open,false,gps,gps,great rhododendron,Rhododendron maximum,great rhododendron,Plantae,83059
199622650,634aaf22-cde1-485c-a1f2-83de30046a5f,2024-02-17 14:17:25,2024-02-17,2024-02-17 20:17:25 +0100,Eastern Time (US & Canada),6237771,willingarden,,2024-02-18 02:02:10 +0100,2024-02-18 02:02:17 +0100,needs_id,CC-BY,https://www.inaturalist.org/observations/199622650,https://inaturalist-open-data.s3.amazonaws.com/photos/352065836/medium.jpeg,,"",,0,0,false,2,"55 Enota, Young Harris, GA 30582, USA",34.9341299535,-83.8528402895,1980,,,,1980,,open,false,gps,gps,great rhododendron,Rhododendron maximum,great rhododendron,Plantae,83059
199633746,e32a95c3-6383-431d-9e4b-b7bbf6ebee7e,2024-02-17 13:09:59,2024-02-17,2024-02-17 19:09:59 +0100,Eastern Time (US & Canada),6237771,willingarden,,2024-02-18 04:12:01 +0100,2024-02-18 04:12:08 +0100,needs_id,CC-BY,https://www.inaturalist.org/observations/199633746,https://inaturalist-open-data.s3.amazonaws.com/photos/352088690/medium.jpeg,,"",,0,0,false,2,"Young Harris, GA 30582, USA",34.9307963469,-83.8531400263,1980,,,,1980,,open,false,gps,gps,great rhododendron,Rhododendron maximum,great rhododendron,Plantae,83059
199718497,09718271-7ca1-4523-9bad-b1b1e8760935,2023-09-24 10:11:55,2023-09-24,2023-09-24 16:11:55 +0200,Eastern Time (US & Canada),703773,lincolndurey,Lincoln Durey,2024-02-18 22:12:29 +0100,2024-02-19 15:40:21 +0100,research,CC-BY,https://www.inaturalist.org/observations/199718497,https://static.inaturalist.org/photos/352251454/medium.jpeg,,"","Unicoi SP: Anna Ruby Falls:
inaturalist.org/calendar/lincolndurey/2023/9/24",1,0,false,2,"SAUTE-NACOCHE, GA 30571, USA",34.7608497092,-83.7119079754,17,,,,17,,open,false,gps,gps,great rhododendron,Rhododendron maximum,great rhododendron,Plantae,83059
199720256,4ce07183-68f8-4671-be70-600fb930235f,2024-02-17 15:45:42-05:00,2024-02-17,2024-02-17 21:45:42 +0100,Eastern Time (US & Canada),7109048,lori_d,,2024-02-18 22:27:43 +0100,2025-10-31 16:55:43 +0100,research,CC-BY-NC,https://www.inaturalist.org/observations/199720256,https://inaturalist-open-data.s3.amazonaws.com/photos/352255334/medium.jpg,,"","",1,0,false,3,"Jones Creek Road, Dahlonega, GA, US",34.6040533333,-84.151025,77,,,,77,,open,false,,,great rhododendron,Rhododendron maximum,great rhododendron,Plantae,83059
199961977,40d6383b-0ae9-4db4-801a-4b100d822a5e,2023-09-24 12:24:26,2023-09-24,2023-09-24 18:24:26 +0200,Eastern Time (US & Canada),703773,lincolndurey,Lincoln Durey,2024-02-21 05:09:10 +0100,2024-04-16 19:04:46 +0200,research,CC-BY,https://www.inaturalist.org/observations/199961977,https://static.inaturalist.org/photos/352707059/medium.jpeg,,"","Anna Ruby Falls and Minnehaha Falls:
inaturalist.org/calendar/lincolndurey/2023/9/24",1,0,false,2,"Lakemont, GA 30552, USA",34.7454466349,-83.4800521284,185,,,,185,,open,false,gps,gps,great rhododendron,Rhododendron maximum,great rhododendron,Plantae,83059
200562321,5b545b6b-ba66-430c-8b45-7a09d9b027a2,2024/02/25 3:56 PM,2024-02-25,2024-02-25 21:56:00 +0100,Eastern Time (US & Canada),64286,supertiger,Leila Dasher,2024-02-26 23:55:43 +0100,2024-03-04 19:38:25 +0100,research,CC-BY,https://www.inaturalist.org/observations/200562321,https://inaturalist-open-data.s3.amazonaws.com/photos/353819503/medium.jpg,,"",,1,0,false,,"White County, GA, USA",34.677520116,-83.757358576,165,,,,165,,open,false,,,great rhododendron,Rhododendron maximum,great rhododendron,Plantae,83059
201985775,02dccd63-e7b9-4e86-8b61-473faad8537e,2022-11-22 11:22:02,2022-11-22,2022-11-22 17:22:02 +0100,Eastern Time (US & Canada),5156652,btwharton,Brian Wharton,2024-03-11 00:28:37 +0100,2024-03-14 13:47:12 +0100,needs_id,CC-BY-NC,https://www.inaturalist.org/observations/201985775,https://inaturalist-open-data.s3.amazonaws.com/photos/356647183/medium.jpeg,,"",,1,0,false,2,"Clayton, GA 30525, USA",34.9118673997,-83.3983968997,,,,,,,open,false,,,great rhododendron,Rhododendron maximum,great rhododendron,Plantae,83059
202065572,719ff853-4754-4af6-b0a2-7681f0821bb6,2024-03-11 13:13:43-04:00,2024-03-11,2024-03-11 18:13:43 +0100,Eastern Time (US & Canada),7862605,elle87782,Elle Cruz,2024-03-11 18:13:53 +0100,2024-03-14 13:46:57 +0100,needs_id,,https://www.inaturalist.org/observations/202065572,https://static.inaturalist.org/photos/356802929/medium.jpg,,"","",1,0,false,3,"Black Rock Mountain, Clayton, GA, US",34.9073476665,-83.4084897226,4,,,,4,,open,false,,,great rhododendron,Rhododendron maximum,great rhododendron,Plantae,83059
202481087,e532fcff-2038-482c-9df4-ec1d5e250129,2024-03-14 16:32:19-04:00,2024-03-14,2024-03-14 21:32:19 +0100,Eastern Time (US & Canada),5701397,miss_fortune,Kristály Cravens-Liszak,2024-03-15 02:57:38 +0100,2025-05-22 17:34:53 +0200,needs_id,CC-BY-NC,https://www.inaturalist.org/observations/202481087,https://inaturalist-open-data.s3.amazonaws.com/photos/357611040/medium.jpg,,"","",0,0,false,3,"Amicalola Falls State Park, Dawsonville, GA, US",34.5593133333,-84.2495716667,9,,,,9,,open,false,,,"",Rhododendron maximum,great rhododendron,Plantae,83059
202493122,f8d63188-0a2a-4629-9885-8a923de6898d,2024-03-14 15:57:51-04:00,2024-03-14,2024-03-14 20:57:51 +0100,Eastern Time (US & Canada),5701397,miss_fortune,Kristály Cravens-Liszak,2024-03-15 05:25:37 +0100,2025-05-22 17:35:26 +0200,needs_id,CC-BY-NC,https://www.inaturalist.org/observations/202493122,https://inaturalist-open-data.s3.amazonaws.com/photos/357635094/medium.jpg,,"","",0,0,false,3,"Amicalola Falls State Park, Dawsonville, GA, US",34.5676383333,-84.244605,15,,,,15,,open,false,,,"",Rhododendron maximum,great rhododendron,Plantae,83059
202586118,9ac1dec4-1b1f-406f-8164-075335a457eb,2024-03-13 10:08:25-04:00,2024-03-13,2024-03-13 15:08:25 +0100,Eastern Time (US & Canada),7050435,gatorwinks,,2024-03-16 00:03:25 +0100,2024-03-18 01:40:17 +0100,needs_id,,https://www.inaturalist.org/observations/202586118,https://static.inaturalist.org/photos/357954583/medium.jpg,,"","",0,0,false,3,"Georgia, US",34.7147197519,-83.6707054794,10635,,,,10635,,open,false,,,"",Rhododendron maximum,great rhododendron,Plantae,83059
202896837,84d0cef7-0ea4-4d1b-82b0-971a38662cdf,2024-03-17 18:10:16-04:00,2024-03-17,2024-03-17 23:10:16 +0100,Eastern Time (US & Canada),7446381,rolypolyjolie,,2024-03-18 00:05:18 +0100,2024-03-18 00:05:39 +0100,needs_id,CC-BY-NC,https://www.inaturalist.org/observations/202896837,https://inaturalist-open-data.s3.amazonaws.com/photos/358400106/medium.jpg,,"","",0,0,false,3,"N Main St, Helen, GA, US",34.7012333333,-83.7293466667,3,,,,3,,open,false,,,"",Rhododendron maximum,great rhododendron,Plantae,83059
203040060,2df87a94-fb57-4d15-aa66-19ff9c773ef1,2024-03-18 12:55:14,2024-03-18,2024-03-18 17:55:14 +0100,Eastern Time (US & Canada),2021005,davet2112,,2024-03-19 00:46:59 +0100,2024-03-27 14:06:23 +0100,research,CC-BY-NC,https://www.inaturalist.org/observations/203040060,https://inaturalist-open-data.s3.amazonaws.com/photos/358677431/medium.jpeg,,"",,1,0,false,2,"Clayton, GA 30525, USA",34.9078590128,-83.4039642289,8,,,,8,,open,false,gps,gps,great rhododendron,Rhododendron maximum,great rhododendron,Plantae,83059
203125336,4903ff9e-45bf-4eb8-ac45-8eadddcd5b42,2024-03-19 13:26:24,2024-03-19,2024-03-19 18:26:24 +0100,Eastern Time (US & Canada),7828867,pipermarsingill,,2024-03-19 18:27:19 +0100,2024-03-19 18:27:58 +0100,needs_id,CC-BY-NC,https://www.inaturalist.org/observations/203125336,https://inaturalist-open-data.s3.amazonaws.com/photos/358837687/medium.jpeg,,"",,0,0,false,2,"Young Harris, GA 30582, USA",34.9329952,-83.84666519,6,,,,6,,open,false,,,great rhododendron,Rhododendron maximum,great rhododendron,Plantae,83059
203256616,37e27ca7-fc75-4d69-98cf-3ac999f79d80,2024-03-14 16:56:57-04:00,2024-03-14,2024-03-14 21:56:57 +0100,Eastern Time (US & Canada),1388765,dpvision,,2024-03-20 19:15:45 +0100,2024-03-27 14:06:30 +0100,research,CC-BY-NC,https://www.inaturalist.org/observations/203256616,https://inaturalist-open-data.s3.amazonaws.com/photos/359089552/medium.jpg,,"","",1,0,false,3,"Black Rock Mountain, Rabun Gap, GA, US",34.9218033333,-83.4085216667,15730,,,,15730,,open,false,,,great rhododendron,Rhododendron maximum,great rhododendron,Plantae,83059
203533739,37bc12ba-e0ea-48fa-a71d-33564c4519b0,2024-03-22 08:51:24-04:00,2024-03-22,2024-03-22 13:51:24 +0100,Eastern Time (US & Canada),6752452,csteigerwald,,2024-03-23 01:23:54 +0100,2025-07-22 18:59:31 +0200,research,CC-BY-NC,https://www.inaturalist.org/observations/203533739,https://inaturalist-open-data.s3.amazonaws.com/photos/359623032/medium.jpg,,"","",1,0,false,3,"Appalachian Trail, Blue Ridge, GA, US",34.6634416667,-84.1841666667,4,,,,4,,open,false,,,great rhododendron,Rhododendron maximum,great rhododendron,Plantae,83059
204205125,03b76f0f-9919-4ab8-887e-a35f8f6b5203,2024-03-27 14:29:22,2024-03-27,2024-03-27 19:29:22 +0100,Eastern Time (US & Canada),154756,barefootbandit,Amanda Sutters,2024-03-28 00:26:05 +0100,2024-03-28 00:26:24 +0100,needs_id,,https://www.inaturalist.org/observations/204205125,https://static.inaturalist.org/photos/360907632/medium.jpeg,,"",,0,0,false,2,"Blue Ridge, GA 30513, USA",34.7374229997,-84.1672448,,,,,,,open,false,gps,gps,great rhododendron,Rhododendron maximum,great rhododendron,Plantae,83059
204616476,f4590fed-3eb6-4726-b3ab-68693c8516fc,2024-03-30 15:21:50-04:00,2024-03-30,2024-03-30 20:21:50 +0100,Eastern Time (US & Canada),3657588,alex_harb,,2024-03-30 21:22:26 +0100,2024-03-31 03:18:47 +0200,research,CC-BY-NC,https://www.inaturalist.org/observations/204616476,https://inaturalist-open-data.s3.amazonaws.com/photos/361691435/medium.jpg,,"","",1,0,false,3,"Amicalola Falls State Park, Dawsonville, GA, US",34.563095,-84.2470783333,4273,,,,4273,,open,false,,,great rhododendron,Rhododendron maximum,great rhododendron,Plantae,83059
205414105,8dbe77d0-890c-4c7d-9ba9-2e706c1237af,2024-04-03 18:32:54,2024-04-03,2024-04-04 00:32:54 +0200,Eastern Time (US & Canada),1804399,victoriaarthur,Victoria Arthur,2024-04-04 21:16:48 +0200,2024-04-04 21:41:33 +0200,needs_id,"",https://www.inaturalist.org/observations/205414105,https://static.inaturalist.org/photos/363206975/medium.jpeg,,"",,0,0,false,2,"Blairsville, GA 30512, USA",34.7579416667,-83.9281305556,,,,,,,open,false,,,great rhododendron,Rhododendron maximum,great rhododendron,Plantae,83059
205416294,147f0096-c635-4828-b051-1c52fb692e3b,2024/04/04 2:24 PM,2024-04-04,2024-04-04 20:24:00 +0200,Eastern Time (US & Canada),4309599,cateheroman,,2024-04-04 21:34:07 +0200,2025-07-22 18:57:16 +0200,needs_id,CC-BY-NC,https://www.inaturalist.org/observations/205416294,https://inaturalist-open-data.s3.amazonaws.com/photos/363210822/medium.jpeg,,"",,2,0,false,,"Fannin County, GA, USA",34.6642944444,-84.1843805556,4,,,,4,,open,false,,,rhododendrons and azaleas,Rhododendron maximum,great rhododendron,Plantae,83059
205781670,14124fd5-5f53-4e65-9d5a-bab0de8f44c4,2024-04-06 19:25:22-04:00,2024-04-06,2024-04-07 01:25:22 +0200,Eastern Time (US & Canada),109461,scottward,Scott Ward,2024-04-07 03:00:12 +0200,2024-04-16 19:03:33 +0200,research,CC-BY,https://www.inaturalist.org/observations/205781670,https://inaturalist-open-data.s3.amazonaws.com/photos/363896026/medium.jpg,,"","",1,0,false,3,United States,34.8697531814,-83.4112347779,20,,,,28762,obscured,open,true,,,great rhododendron,Rhododendron maximum,great rhododendron,Plantae,83059
205782170,640ce251-84a8-4361-b2fb-93cd54295741,2024-04-06 19:07:11-04:00,2024-04-06,2024-04-07 01:07:11 +0200,Eastern Time (US & Canada),109461,scottward,Scott Ward,2024-04-07 03:03:25 +0200,2026-01-12 20:57:47 +0100,research,CC-BY,https://www.inaturalist.org/observations/205782170,https://inaturalist-open-data.s3.amazonaws.com/photos/363896856/medium.jpg,,"",Last pic opposing view,1,0,false,3,United States,34.8332857276,-83.5483298411,36,,,,28762,obscured,open,true,,,great rhododendron,Rhododendron maximum,great rhododendron,Plantae,83059
205889756,35ac5242-6fb4-4140-876e-2b53e0fa7cde,2020-07-13,2020-07-13,,Eastern Time (US & Canada),3137627,arisphotolog,Arianna,2024-04-07 18:26:21 +0200,2025-07-19 15:40:44 +0200,research,,https://www.inaturalist.org/observations/205889756,https://static.inaturalist.org/photos/364100784/medium.jpeg,,"",,1,0,false,2,"Cleveland, GA 30528, USA",34.711456936,-83.7946249545,5,,,,5,,open,false,gps,gps,great rhododendron,Rhododendron maximum,great rhododendron,Plantae,83059
206442272,af44cd4e-af6f-4931-904b-bc8282ff80b9,Wed Apr 10 2024 12:29:42 GMT -0400 (EDT),2024-04-10,2024-04-10 18:29:42 +0200,Eastern Time (US & Canada),3656628,realst8ace,,2024-04-10 18:29:49 +0200,2024-04-10 18:43:07 +0200,needs_id,CC-BY-NC,https://www.inaturalist.org/observations/206442272,https://inaturalist-open-data.s3.amazonaws.com/photos/365121906/medium.jpeg,,"",,0,0,false,333,Helen,34.6915283203,-83.7134017944,258,,,,258,,open,false,,,,Rhododendron maximum,great rhododendron,Plantae,83059
208409921,639fc001-39e2-4a4a-a24e-7187f4f3b213,2024-02-25 12:50:02-05:00,2024-02-25,2024-02-25 18:50:02 +0100,Eastern Time (US & Canada),2666981,egilmore100,,2024-04-21 04:57:32 +0200,2025-06-13 20:47:23 +0200,needs_id,CC-BY-NC,https://www.inaturalist.org/observations/208409921,https://inaturalist-open-data.s3.amazonaws.com/photos/520380785/medium.jpg,,"","",0,0,false,3,"Brasstown Bald Trail, Hiawassee, GA, US",34.8708428618,-83.8092865323,4,,,,4,,open,false,,,"",Rhododendron maximum,great rhododendron,Plantae,83059
208696811,9d41e381-0e13-4d7c-8322-1044f8ea701c,2024-04-22 09:50:20-04:00,2024-04-22,2024-04-22 15:50:20 +0200,Eastern Time (US & Canada),8018591,jonah82908,Jonah Strobel,2024-04-22 15:50:29 +0200,2024-04-22 15:50:41 +0200,needs_id,,https://www.inaturalist.org/observations/208696811,https://static.inaturalist.org/photos/369277119/medium.jpg,,"","",0,0,false,3,"Old US Highway 76, Blue Ridge, GA, US",34.8717852013,-84.3009792962,4,,,,4,,open,false,,,"",Rhododendron maximum,great rhododendron,Plantae,83059
209359359,80695584-c778-42fe-acfd-f1570877ade0,2024-03-04 10:52:31-05:00,2024-03-04,2024-03-04 16:52:31 +0100,Eastern Time (US & Canada),7767112,grant_morrow,,2024-04-26 01:59:46 +0200,2024-04-26 01:59:54 +0200,needs_id,CC-BY-NC,https://www.inaturalist.org/observations/209359359,https://inaturalist-open-data.s3.amazonaws.com/photos/370499309/medium.jpg,,"",Not blooming in this photo.,0,0,false,3,"Cheek Smith Rd, Toccoa, GA, US",34.6368446823,-83.3713076618,7377,,,,7377,,open,false,,,"",Rhododendron maximum,great rhododendron,Plantae,83059
209746053,91e94e15-beba-4ab0-8d4e-9fd9fc49d8d4,2024-04-26 15:45:05-04:00,2024-04-26,2024-04-26 21:45:05 +0200,Eastern Time (US & Canada),8052865,elizbeak,,2024-04-26 21:45:20 +0200,2025-10-31 03:18:37 +0100,needs_id,CC-BY-NC,https://www.inaturalist.org/observations/209746053,https://inaturalist-open-data.s3.amazonaws.com/photos/371107389/medium.jpg,,"","",1,0,false,3,"Druid Hills Golf Club, Atlanta, GA, US",33.7772948714,-84.3239122164,6,,,,6,,open,false,,,great rhododendron,Rhododendron maximum,great rhododendron,Plantae,83059
209932301,0594e091-40f0-4d1f-8da2-8fc0b90ed9f7,2024-04-24 13:18:12,2024-04-24,2024-04-24 19:18:12 +0200,Eastern Time (US & Canada),7339427,sanjuniperrro,Juniper Laurel,2024-04-27 04:40:09 +0200,2026-08-15 04:23:31 +0200,needs_id,CC-BY-NC,https://www.inaturalist.org/observations/209932301,https://inaturalist-open-data.s3.amazonaws.com/photos/371415158/medium.jpeg,,"",,0,0,false,2,"Blairsville, GA 30512, USA",34.7412788,-83.9228159,,,,,,,open,false,,,great rhododendron,Rhododendron maximum,great rhododendron,Plantae,83059
210313592,a67900f9-c001-4269-a9d0-60d8cb9b3a34,2024-04-27 13:06:47-04:00,2024-04-27,2024-04-27 19:06:47 +0200,Eastern Time (US & Canada),7989173,amelwitte,,2024-04-27 20:07:40 +0200,2025-10-31 03:17:36 +0100,research,CC-BY-NC,https://www.inaturalist.org/observations/210313592,https://inaturalist-open-data.s3.amazonaws.com/photos/372006078/medium.jpg,,"","",2,0,false,3,"Fernbank, Atlanta, GA, US",33.7740866667,-84.3272466667,14,,,,14,,open,false,,,great rhododendron,Rhododendron maximum,great rhododendron,Plantae,83059
210808056,788dbbf9-fa00-4fe0-b223-59a5bc80ab74,2024-04-26 18:20:51-04:00,2024-04-26,2024-04-27 00:20:51 +0200,Eastern Time (US & Canada),396801,herpgrrl79,,2024-04-28 15:36:31 +0200,2025-11-02 15:42:03 +0100,research,,https://www.inaturalist.org/observations/210808056,https://static.inaturalist.org/photos/372812899/medium.jpg,,"","",1,0,false,3,"Georgia, US",33.6544992018,-84.3648740851,4,,,,28930,obscured,open,true,,,great rhododendron,Rhododendron maximum,great rhododendron,Plantae,83059
211577158,d650579f-5469-4bb5-b2d7-e5fe3b86ef40,Mon Apr 29 2024 10:18:53 GMT -0400 (GMT-4),2024-04-29,2024-04-29 16:18:53 +0200,Eastern Time (US & Canada),6557089,fernbanktreegirl,,2024-04-29 16:19:08 +0200,2025-10-31 03:13:26 +0100,research,CC-BY-NC,https://www.inaturalist.org/observations/211577158,https://inaturalist-open-data.s3.amazonaws.com/photos/374030381/medium.jpeg,,"",,1,0,false,333,Atlanta,33.7740287781,-84.3272323608,58,,,,58,,open,false,,,great rhododendron,Rhododendron maximum,great rhododendron,Plantae,83059
212147390,8c2c29c8-ae37-439b-b4ef-cfc09adda024,2024-04-26 12:18:24-04:00,2024-04-26,2024-04-26 18:18:24 +0200,Eastern Time (US & Canada),396801,herpgrrl79,,2024-04-30 07:26:47 +0200,2025-10-31 03:10:22 +0100,research,,https://www.inaturalist.org/observations/212147390,https://static.inaturalist.org/photos/374916709/medium.jpg,,"","",2,0,false,3,"Georgia, US",33.6229435264,-84.2990955443,21,,,,28930,obscured,open,true,,,great rhododendron,Rhododendron maximum,great rhododendron,Plantae,83059
213828306,4e6e9748-dfe1-4398-8b9c-a7c45d9b0201,2021-12-10 08:12:24-08:00,2021-12-10,2021-12-10 17:12:24 +0100,Eastern Time (US & Canada),5257002,lauren1372,Lauren Hearn,2024-05-06 00:32:54 +0200,2024-05-06 00:32:59 +0200,needs_id,,https://www.inaturalist.org/observations/213828306,https://static.inaturalist.org/photos/377908804/medium.jpg,,"","",0,0,false,3,"Tallulah Gorge State Park, Tallulah Falls, GA, US",34.7378481925,-83.3917038516,4,,,,4,,open,false,,,"",Rhododendron maximum,great rhododendron,Plantae,83059
214903026,b22043c1-4532-46db-a9e0-5b548cd7d371,2024-05-10 16:57:49-04:00,2024-05-10,2024-05-10 22:57:49 +0200,Eastern Time (US & Canada),764155,whatch11,Wes Hatch,2024-05-11 02:30:43 +0200,2024-05-11 04:28:46 +0200,research,,https://www.inaturalist.org/observations/214903026,https://static.inaturalist.org/photos/379898317/medium.jpg,,"","",1,0,false,3,"Gilmer County, US-GA, US",34.6550755157,-84.6073362977,8,,,,8,,open,false,,,great rhododendron,Rhododendron maximum,great rhododendron,Plantae,83059
214961447,1d10fae1-2cd7-4b4a-ba2e-57dbec2a0907,2024-05-10 16:37:42,2024-05-10,2024-05-10 22:37:42 +0200,Eastern Time (US & Canada),413548,northganaturalist,"",2024-05-11 11:45:47 +0200,2024-05-13 05:58:13 +0200,research,CC-BY-NC,https://www.inaturalist.org/observations/214961447,https://inaturalist-open-data.s3.amazonaws.com/photos/380010707/medium.jpeg,,"",,1,0,false,2,"East Ellijay, GA 30540, USA",34.6543442997,-84.6072951997,,,,,,,open,false,gps,gps,great rhododendron,Rhododendron maximum,great rhododendron,Plantae,83059
215018314,a8af0bcd-7f8c-4dee-a272-1ab0f871f808,2024-05-11 10:54:13-04:00,2024-05-11,2024-05-11 16:54:13 +0200,Eastern Time (US & Canada),8127694,anniemcal,,2024-05-11 17:36:10 +0200,2024-05-15 22:33:45 +0200,research,CC-BY-NC,https://www.inaturalist.org/observations/215018314,https://inaturalist-open-data.s3.amazonaws.com/photos/380129397/medium.jpg,,"","",1,0,false,3,"Dukes Creeks Falls Trail, Helen, GA, US",34.7049485052,-83.7882368314,332,,,,332,,open,false,,,great rhododendron,Rhododendron maximum,great rhododendron,Plantae,83059
215061854,a246540f-663f-4c25-b061-e6af3abc5681,2024-05-11 14:02:31,2024-05-11,2024-05-11 20:02:31 +0200,Eastern Time (US & Canada),7318001,wildlore,Michelle,2024-05-11 20:37:19 +0200,2025-08-07 02:20:25 +0200,research,CC-BY-NC,https://www.inaturalist.org/observations/215061854,https://inaturalist-open-data.s3.amazonaws.com/photos/380189182/medium.jpeg,,"",,1,0,false,2,"Hiawassee, GA 30546, USA",34.8742773291,-83.8109073043,1582,,,,1582,,open,false,gps,gps,great rhododendron,Rhododendron maximum,great rhododendron,Plantae,83059
215355915,2a089105-1751-47f7-bd44-0086e40ab568,2024-05-12 17:16:45,2024-05-12,2024-05-12 23:16:45 +0200,Eastern Time (US & Canada),6408535,halocline,"",2024-05-12 23:17:47 +0200,2024-05-12 23:21:40 +0200,research,CC-BY-NC,https://www.inaturalist.org/observations/215355915,https://inaturalist-open-data.s3.amazonaws.com/photos/380734938/medium.jpeg,,"",,1,0,false,2,"Habersham County, US-GA, US",34.6958831179,-83.4128795564,12,,,,12,,open,false,gps,gps,great rhododendron,Rhododendron maximum,great rhododendron,Plantae,83059
215617387,27cea02e-f03e-44f6-b8ec-350c2ad416ef,2024-05-11 17:09:28-04:00,2024-05-11,2024-05-11 23:09:28 +0200,Eastern Time (US & Canada),5961095,javiervelakowitz,,2024-05-14 02:59:15 +0200,2024-05-14 02:59:33 +0200,needs_id,CC-BY-NC,https://www.inaturalist.org/observations/215617387,https://inaturalist-open-data.s3.amazonaws.com/photos/381232602/medium.jpg,,"","",0,0,false,3,"Lula Lake Rd, Flintstone, GA, US",34.92153,-85.380355,14,,,,14,,open,false,,,"",Rhododendron maximum,great rhododendron,Plantae,83059
216129614,1bb407bc-cc73-4cb8-bd31-afb0013e05f9,2024-05-16 11:55:01-04:00,2024-05-16,2024-05-16 17:55:01 +0200,Eastern Time (US & Canada),8153505,zacisamamal22,,2024-05-16 17:55:35 +0200,2025-07-19 04:19:24 +0200,research,CC-BY-NC,https://www.inaturalist.org/observations/216129614,https://inaturalist-open-data.s3.amazonaws.com/photos/382202190/medium.jpg,,"","",1,0,false,3,"Owens Store Rd, Canton, GA, US",34.238909798,-84.3373291479,106,,,,106,,open,false,,,great rhododendron,Rhododendron maximum,great rhododendron,Plantae,83059
216168666,7c9242c3-0825-4155-b5b6-aa7633d4dc4f,2024-05-16 14:52:05-04:00,2024-05-16,2024-05-16 20:52:05 +0200,Eastern Time (US & Canada),8154493,galaxy83188,Galaxy Queen,2024-05-16 21:21:51 +0200,2024-05-27 18:29:41 +0200,needs_id,,https://www.inaturalist.org/observations/216168666,https://static.inaturalist.org/photos/382273877/medium.jpg,,"","",0,0,false,3,"Cherokee County, US-GA, US",34.2388222217,-84.3374994337,4,,,,4,,open,false,,,"",Rhododendron maximum,great rhododendron,Plantae,83059
216612884,46078f84-fbb6-4714-b445-1d4a7431b195,2024-02-11 13:11:48-05:00,2024-02-11,2024-02-11 19:11:48 +0100,Eastern Time (US & Canada),4788865,parkpat,,2024-05-18 21:49:17 +0200,2025-06-24 18:41:20 +0200,research,CC-BY-NC,https://www.inaturalist.org/observations/216612884,https://inaturalist-open-data.s3.amazonaws.com/photos/383103437/medium.jpg,,"","",2,0,false,3,"Gilmer County, US-GA, US",34.8189210964,-84.5641978479,5,,,,5,,open,false,,,great rhododendron,Rhododendron maximum,great rhododendron,Plantae,83059
217383428,b645f47a-43fb-4d33-a225-11dca390ff71,Sat Jul 23 2022 17:29:09 GMT -0400 (EDT),2022-07-23,2022-07-23 23:29:09 +0200,Eastern Time (US & Canada),7946124,cabin2coast,cabin2coast,2024-05-22 01:00:07 +0200,2025-07-19 04:19:50 +0200,research,,https://www.inaturalist.org/observations/217383428,https://static.inaturalist.org/photos/384561823/medium.jpeg,,"",,1,0,false,333,Lakemont,34.7670211792,-83.4764556885,,,,,,,open,false,,,great rhododendron,Rhododendron maximum,great rhododendron,Plantae,83059
219644861,dd665e70-8c10-4b20-b438-cb78f382fb82,2024/05/31 6:17 PM,2024-05-31,2024-06-01 00:17:00 +0200,Eastern Time (US & Canada),4699723,thoscole,Thomas Cole,2024-06-01 02:45:58 +0200,2025-07-19 04:18:48 +0200,research,CC-BY-NC,https://www.inaturalist.org/observations/219644861,https://inaturalist-open-data.s3.amazonaws.com/photos/388793016/medium.jpg,,"",Trail and riverside on the side of a CRNRA rock ledge.  My lens cap in one photo for size reference.,1,0,false,,"Cumberland, Atlanta, GA, USA",33.883794,-84.443878,,,,,,,open,false,,,great rhododendron,Rhododendron maximum,great rhododendron,Plantae,83059
220566660,09aae4bd-7164-49d7-8857-1d7208954f24,2024-05-30 21:04:37-04:00,2024-05-30,2024-05-31 03:04:37 +0200,Eastern Time (US & Canada),5772616,hwinay,,2024-06-05 00:31:40 +0200,2024-06-05 00:33:09 +0200,research,CC-BY-NC,https://www.inaturalist.org/observations/220566660,https://inaturalist-open-data.s3.amazonaws.com/photos/390523586/medium.jpg,,"","",1,0,false,3,"The Westminster Schools, Atlanta, GA, US",33.8442039506,-84.432782757,205,,,,205,,open,false,,,great rhododendron,Rhododendron maximum,great rhododendron,Plantae,83059
221931186,2ec3ebc6-bf8f-41d8-bff9-1f8b517f4204,Mon Jun 10 2024 20:04:47 GMT -0400 (EDT),2024-06-10,2024-06-11 02:04:47 +0200,Eastern Time (US & Canada),3293881,kdogg1313,,2024-06-11 02:04:59 +0200,2024-06-11 02:05:40 +0200,needs_id,CC-BY-NC,https://www.inaturalist.org/observations/221931186,https://inaturalist-open-data.s3.amazonaws.com/photos/393068926/medium.jpeg,,"",,0,0,false,333,Ellijay,34.8030090332,-84.4414291382,4,,,,4,,open,false,,,,Rhododendron maximum,great rhododendron,Plantae,83059
223081254,5c1e7741-82aa-4416-ad4f-dc42ac694b80,2024/06/13 11:42 AM,2024-06-13,2024-06-13 17:42:00 +0200,Eastern Time (US & Canada),4477590,evanbondauthor,Evan Bond,2024-06-16 14:51:00 +0200,2025-07-19 04:16:34 +0200,research,CC-BY-NC,https://www.inaturalist.org/observations/223081254,https://inaturalist-open-data.s3.amazonaws.com/photos/395231749/medium.jpeg,,"","",1,0,false,,"Dukes Creek Falls Trail, Richard B Russell Scenic Hwy, Helen, GA 30545, USA",34.7019653,-83.7895167,194,,,,194,,open,false,,,great rhododendron,Rhododendron maximum,great rhododendron,Plantae,83059
223465209,cdab023d-d84f-434e-8046-eb97d6ec9c0b,2024/06/16 9:12 AM,2024-06-16,2024-06-16 15:12:00 +0200,Eastern Time (US & Canada),2587013,georgewilliams1,George Williams,2024-06-18 04:12:20 +0200,2025-07-19 04:16:16 +0200,research,CC0,https://www.inaturalist.org/observations/223465209,https://inaturalist-open-data.s3.amazonaws.com/photos/395958325/medium.jpg,,"",,1,0,false,,"White County, GA, USA",34.6887805556,-83.6522694444,,,,,,,open,false,,,great rhododendron,Rhododendron maximum,great rhododendron,Plantae,83059
223581646,4c84db40-6a10-47dd-a54e-5eec09399fcc,2024-06-14 08:41:08,2024-06-14,2024-06-14 14:41:08 +0200,Eastern Time (US & Canada),141873,swafford,"",2024-06-18 19:14:44 +0200,2025-07-19 04:16:09 +0200,research,CC-BY-NC,https://www.inaturalist.org/observations/223581646,https://inaturalist-open-data.s3.amazonaws.com/photos/396172805/medium.jpeg,,"",,1,0,false,2,"Blairsville, GA 30512, USA",34.7893223,-83.7834567997,,,,,,,open,false,gps,gps,great rhododendron,Rhododendron maximum,great rhododendron,Plantae,83059
223763498,80c16e73-1eb1-4450-9ce9-615950cee1ec,2024/06/19 8:11 AM,2024-06-19,2024-06-19 14:11:00 +0200,Eastern Time (US & Canada),2587013,georgewilliams1,George Williams,2024-06-19 16:59:06 +0200,2025-07-19 04:14:59 +0200,research,CC0,https://www.inaturalist.org/observations/223763498,https://inaturalist-open-data.s3.amazonaws.com/photos/396519072/medium.jpg,,"",,1,0,false,,"White County, GA, USA",34.6879361111,-83.6512222222,,,,,,,open,false,,,great rhododendron,Rhododendron maximum,great rhododendron,Plantae,83059
223763499,47c22f74-b972-4cfd-8db0-96ac080a591f,2024/06/19 8:23 AM,2024-06-19,2024-06-19 14:23:00 +0200,Eastern Time (US & Canada),2587013,georgewilliams1,George Williams,2024-06-19 16:59:07 +0200,2025-07-19 04:14:55 +0200,research,CC0,https://www.inaturalist.org/observations/223763499,https://inaturalist-open-data.s3.amazonaws.com/photos/396519076/medium.jpg,,"",,1,0,false,,"White County, GA, USA",34.6856027778,-83.6501416667,,,,,,,open,false,,,great rhododendron,Rhododendron maximum,great rhododendron,Plantae,83059
223765743,a9dc9dd4-f19a-4979-995b-dc423f6b7ec9,2024/06/19 9:57 AM,2024-06-19,2024-06-19 15:57:00 +0200,Eastern Time (US & Canada),2587013,georgewilliams1,George Williams,2024-06-19 17:11:00 +0200,2025-07-19 04:14:50 +0200,research,CC0,https://www.inaturalist.org/observations/223765743,https://inaturalist-open-data.s3.amazonaws.com/photos/396522592/medium.jpg,,"",,1,0,false,,"White County, GA, USA",34.6836638889,-83.6691055556,,,,,,,open,false,,,great rhododendron,Rhododendron maximum,great rhododendron,Plantae,83059
223815344,72f29b2b-8b52-4119-8c4f-b88409ede579,2024-06-19 11:00:45,2024-06-19,2024-06-19 17:00:45 +0200,Eastern Time (US & Canada),5268402,piedmontgrowing,"",2024-06-19 21:13:19 +0200,2025-07-19 04:14:46 +0200,research,CC-BY-NC,https://www.inaturalist.org/observations/223815344,https://inaturalist-open-data.s3.amazonaws.com/photos/396614801/medium.jpeg,,"",,1,0,false,2,"Rabun Gap, GA 30568, USA",34.9743083333,-83.47625,,,,,,,open,false,gps,gps,great rhododendron,Rhododendron maximum,great rhododendron,Plantae,83059
223859385,a4583ce7-1eea-4c14-adfa-a981faa69d76,2024-06-19 11:28:09-04:00,2024-06-19,2024-06-19 17:28:09 +0200,Eastern Time (US & Canada),7161682,akv,,2024-06-20 00:25:19 +0200,2025-07-19 04:14:35 +0200,research,CC-BY-NC,https://www.inaturalist.org/observations/223859385,https://inaturalist-open-data.s3.amazonaws.com/photos/396686262/medium.jpg,,"","",1,0,false,3,"Ellijay, GA, US",34.6549916667,-84.6076283333,18,,,,18,,open,false,,,great rhododendron,Rhododendron maximum,great rhododendron,Plantae,83059
223998189,cadc01fb-dfcb-4a20-b13b-c64c66936827,2024-06-20 12:00:20-04:00,2024-06-20,2024-06-20 18:00:20 +0200,Eastern Time (US & Canada),27047,gcwarbler,Chuck Sexton,2024-06-20 18:01:17 +0200,2024-06-22 03:21:04 +0200,research,CC0,https://www.inaturalist.org/observations/223998189,https://inaturalist-open-data.s3.amazonaws.com/photos/396949696/medium.jpg,,"","",1,0,false,3,"Amicalola Falls State Park, Dawsonville, GA, US",34.5617133333,-84.2473616667,6,,,,6,,open,false,,,great rhododendron,Rhododendron maximum,great rhododendron,Plantae,83059
224075694,0e7516dd-b08e-455f-b31f-2ff72d0b1e98,2024-06-20 10:50:17-04:00,2024-06-20,2024-06-20 16:50:17 +0200,Eastern Time (US & Canada),957721,octoberjulie,Julie Brinkman McCracken,2024-06-21 00:53:25 +0200,2025-10-31 16:54:37 +0100,research,CC-BY-NC,https://www.inaturalist.org/observations/224075694,https://inaturalist-open-data.s3.amazonaws.com/photos/397096365/medium.jpg,,"","",2,0,false,3,"Lakeshore Trail, Dahlonega, GA, US",34.6731854996,-83.9770611513,75,,,,75,,open,false,,,great rhododendron,Rhododendron maximum,great rhododendron,Plantae,83059
224101001,294fc47d-aac1-47b4-8b11-9e7092c4d339,2024-06-20 18:05:20,2024-06-20,2024-06-21 00:05:20 +0200,Eastern Time (US & Canada),288668,nleonard73,Norm Leonard,2024-06-21 03:39:44 +0200,2025-07-19 04:14:00 +0200,research,,https://www.inaturalist.org/observations/224101001,https://inaturalist-open-data.s3.amazonaws.com/photos/397144001/medium.jpeg,,"",,1,0,false,2,"Georgia, US",34.7571686137,-83.9662379513,,,,,28790,obscured,open,true,gps,gps,great rhododendron,Rhododendron maximum,great rhododendron,Plantae,83059
224526197,77a02cf8-2c0b-4cbf-8b8f-0ab6696c487d,2024-06-22 15:44:10-04:00,2024-06-22,2024-06-22 21:44:10 +0200,Eastern Time (US & Canada),9950,jmcalpin,Jessica,2024-06-23 02:28:57 +0200,2024-06-23 16:46:26 +0200,research,CC-BY,https://www.inaturalist.org/observations/224526197,https://inaturalist-open-data.s3.amazonaws.com/photos/397954844/medium.jpg,,"","",1,0,false,3,"Amicalola Falls State Park, Dawsonville, GA, US",34.5655883333,-84.24562,5,,,,5,,open,false,,,great rhododendron,Rhododendron maximum,great rhododendron,Plantae,83059
224606559,df1a5f39-d733-469c-bcbc-4c9ba6dcba10,2024-06-22 16:50:25-04:00,2024-06-22,2024-06-22 22:50:25 +0200,Eastern Time (US & Canada),4160103,arvande,,2024-06-23 13:29:21 +0200,2025-07-15 05:02:02 +0200,research,CC-BY-NC,https://www.inaturalist.org/observations/224606559,https://inaturalist-open-data.s3.amazonaws.com/photos/398157564/medium.jpg,,"","",1,0,false,3,"Fort Mountain State Park, Chatsworth, GA, US",34.75938,-84.7108083333,4,,,,4,,open,false,,,great rhododendron,Rhododendron maximum,great rhododendron,Plantae,83059
224757168,e833b25c-4912-4df0-b8cf-798a14e629ec,2024-06-23 12:18:10-04:00,2024-06-23,2024-06-23 18:18:10 +0200,Eastern Time (US & Canada),4160103,arvande,,2024-06-24 00:27:01 +0200,2025-07-15 05:01:52 +0200,research,CC-BY-NC,https://www.inaturalist.org/observations/224757168,https://inaturalist-open-data.s3.amazonaws.com/photos/398389675/medium.jpg,,"","",1,0,false,3,"Fort Mountain State Park, Chatsworth, GA, US",34.7639366667,-84.6994866667,4,,,,4,,open,false,,,great rhododendron,Rhododendron maximum,great rhododendron,Plantae,83059
224876516,f45d648c-c668-47ac-89cc-92bce0c515f9,2024-06-24 08:50:13-04:00,2024-06-24,2024-06-24 14:50:13 +0200,Eastern Time (US & Canada),6361890,everydayscientist,,2024-06-24 15:41:02 +0200,2024-08-08 02:06:34 +0200,research,CC-BY-NC,https://www.inaturalist.org/observations/224876516,https://inaturalist-open-data.s3.amazonaws.com/photos/398620904/medium.jpg,,"","",1,0,false,3,"Smithgall Woods State Park, Helen, GA, US",34.6926466667,-83.7680283333,8,,,,8,,open,false,,,great rhododendron,Rhododendron maximum,great rhododendron,Plantae,83059
224903491,a9e1374d-e901-4299-8e74-f35bc0599d5d,Mon Jun 24 2024 11:28:16 GMT -0400 (EDT),2024-06-24,2024-06-24 17:28:16 +0200,Eastern Time (US & Canada),5864479,pickergirl,Linda,2024-06-24 17:55:35 +0200,2025-10-31 16:53:50 +0100,research,CC-BY-NC,https://www.inaturalist.org/observations/224903491,https://inaturalist-open-data.s3.amazonaws.com/photos/398671259/medium.jpeg,,"",,2,0,false,333,Cleveland,34.6704139709,-83.9276504517,84,,,,84,,open,false,,,great rhododendron,Rhododendron maximum,great rhododendron,Plantae,83059
224920289,9ce44c58-f2f3-4efb-bd9f-cc98ed8c6f0f,2024/06/12 8:17 AM,2024-06-12,2024-06-12 14:17:00 +0200,Eastern Time (US & Canada),2587013,georgewilliams1,George Williams,2024-06-24 19:17:25 +0200,2024-06-29 05:37:12 +0200,research,CC0,https://www.inaturalist.org/observations/224920289,https://inaturalist-open-data.s3.amazonaws.com/photos/398701122/medium.jpeg,,"","",1,0,false,,"Towns County, GA, USA",34.95442,-83.59421,,,,,,,open,false,,,great rhododendron,Rhododendron maximum,great rhododendron,Plantae,83059
225010599,4eacc3c0-b75e-44d9-a692-a4bd752364c4,2024-06-24 20:12:42-04:00,2024-06-24,2024-06-25 02:12:42 +0200,Eastern Time (US & Canada),2059076,johnnyotter,"",2024-06-25 03:27:49 +0200,2025-10-31 16:53:34 +0100,research,CC-BY-NC,https://www.inaturalist.org/observations/225010599,https://inaturalist-open-data.s3.amazonaws.com/photos/398881163/medium.jpg,,"","",2,0,false,3,"Jones Creek Road, Dahlonega, GA, US",34.60063,-84.1509555,32,,,,32,,open,false,,,great rhododendron,Rhododendron maximum,great rhododendron,Plantae,83059
225352961,b685da5d-f927-48ed-8d25-dca7fa63433c,2024/06/17 5:39 AM,2024-06-17,2024-06-17 11:39:00 +0200,Eastern Time (US & Canada),2587013,georgewilliams1,George Williams,2024-06-26 20:17:15 +0200,2025-07-15 02:33:08 +0200,research,CC0,https://www.inaturalist.org/observations/225352961,https://inaturalist-open-data.s3.amazonaws.com/photos/399529276/medium.jpeg,,"",,1,0,false,,"Towns County, GA, USA",34.81748,-83.7271,,,,,,,open,false,,,great rhododendron,Rhododendron maximum,great rhododendron,Plantae,83059
225410264,d76a6992-534c-49a5-8790-ed94f6fa85ba,2024-06-20 16:47:35,2024-06-20,2024-06-20 22:47:35 +0200,Eastern Time (US & Canada),1378080,brianwilliams1,Brian Williams,2024-06-27 01:41:32 +0200,2025-07-15 05:00:32 +0200,research,CC-BY-NC,https://www.inaturalist.org/observations/225410264,https://inaturalist-open-data.s3.amazonaws.com/photos/399640842/medium.jpeg,,"",,1,0,false,2,"SAUTE-NACOCHE, GA 30571, USA",34.7305118,-83.7259688997,,,,,,,open,false,gps,gps,great rhododendron,Rhododendron maximum,great rhododendron,Plantae,83059
225841842,bc988e22-31a6-4aa5-b4ae-8995aa2c6d1f,2024-06-27 15:37:30,2024-06-27,2024-06-27 21:37:30 +0200,Eastern Time (US & Canada),190613,aggie_wildlifer,Brian Dickerson,2024-06-29 04:23:01 +0200,2025-07-15 04:59:51 +0200,research,CC0,https://www.inaturalist.org/observations/225841842,https://inaturalist-open-data.s3.amazonaws.com/photos/400460021/medium.jpeg,,"",,1,0,false,2,"Helen, GA 30545, USA",34.7268795997,-83.8414597997,,,,,,,open,false,gps,gps,great rhododendron,Rhododendron maximum,great rhododendron,Plantae,83059
225846008,45823c4f-51e0-47e0-86a7-2a559cccccbb,2024-06-28 17:03:26-04:00,2024-06-28,2024-06-28 23:03:26 +0200,Eastern Time (US & Canada),6524211,hikingplantsoh,Sarah Geiger-Behm,2024-06-29 04:55:25 +0200,2024-06-29 05:32:11 +0200,research,CC-BY-NC,https://www.inaturalist.org/observations/225846008,https://inaturalist-open-data.s3.amazonaws.com/photos/400468178/medium.jpg,,"","",1,0,false,3,"Appalachian Approach Trail, Blue Ridge, GA, US",34.6629966667,-84.1841666667,61,,,,61,,open,false,,,great rhododendron,Rhododendron maximum,great rhododendron,Plantae,83059
226052456,9bfc675e-ede1-4c3f-9290-e0e271da86e5,2024-06-29 09:45:08-04:00,2024-06-29,2024-06-29 15:45:08 +0200,Eastern Time (US & Canada),6175653,chrisagee,,2024-06-30 00:53:29 +0200,2025-07-15 04:59:44 +0200,research,CC-BY-NC,https://www.inaturalist.org/observations/226052456,https://inaturalist-open-data.s3.amazonaws.com/photos/400854867/medium.jpg,,"","",1,0,false,3,"Lake Rabun Rd, Lakemont, GA, US",34.820725,-83.4501633333,4,,,,4,,open,false,,,great rhododendron,Rhododendron maximum,great rhododendron,Plantae,83059
226204994,475ca391-2a81-4ee9-9e13-60158de9060d,2024-06-30 08:24:24-04:00,2024-06-30,2024-06-30 14:24:24 +0200,Eastern Time (US & Canada),8069556,dalton_watt,Dalton Watt,2024-06-30 17:31:51 +0200,2026-06-06 16:48:01 +0200,research,CC-BY,https://www.inaturalist.org/observations/226204994,https://inaturalist-open-data.s3.amazonaws.com/photos/401145932/medium.jpg,,"","",1,0,false,3,"Black Rock Mountain, Clayton, GA, US",34.9069966667,-83.40812,4,,,,4,,open,false,,,great rhododendron,Rhododendron maximum,great rhododendron,Plantae,83059
226283348,df43659e-fde1-4114-9588-66c5b8808967,2024-06-30 08:30:56,2024-06-30,2024-06-30 14:30:56 +0200,Eastern Time (US & Canada),190613,aggie_wildlifer,Brian Dickerson,2024-06-30 22:35:00 +0200,2024-09-05 19:53:17 +0200,research,CC0,https://www.inaturalist.org/observations/226283348,https://inaturalist-open-data.s3.amazonaws.com/photos/401292132/medium.jpeg,,"",,1,0,false,2,"SAUTE-NACOCHE, GA 30571, USA",34.7280446997,-83.7202032997,,,,,,,open,false,gps,gps,great rhododendron,Rhododendron maximum,great rhododendron,Plantae,83059
226733711,16db1d71-0feb-4aea-92dc-fa51353d93d8,2024-07-02 12:39:35,2024-07-02,2024-07-02 18:39:35 +0200,Eastern Time (US & Canada),569490,tmuise,"",2024-07-02 20:36:27 +0200,2025-06-24 18:40:09 +0200,research,CC-BY-NC,https://www.inaturalist.org/observations/226733711,https://inaturalist-open-data.s3.amazonaws.com/photos/402196035/medium.jpeg,,"",,1,0,false,2,"Fannin County, US-GA, US",34.8609138337,-84.5784126856,4,,,,4,,open,false,,,great rhododendron,Rhododendron maximum,great rhododendron,Plantae,83059
226949354,49e7b0d0-da64-4a91-98d1-411f5a4ef78b,Mon Jun 24 2024 11:28:16 GMT -0400 (EDT),2024-06-24,2024-06-24 17:28:16 +0200,Eastern Time (US & Canada),5864479,pickergirl,Linda,2024-07-03 20:56:04 +0200,2025-10-31 16:53:17 +0100,research,CC-BY-NC,https://www.inaturalist.org/observations/226949354,https://inaturalist-open-data.s3.amazonaws.com/photos/402552011/medium.jpeg,,"",,2,0,false,333,Cleveland,34.6669883728,-83.9194946289,,,,,,,open,false,,,great rhododendron,Rhododendron maximum,great rhododendron,Plantae,83059
227108585,c990912b-984c-4248-b2aa-507ae62b3853,2024-07-02 15:24:29-04:00,2024-07-02,2024-07-02 21:24:29 +0200,Eastern Time (US & Canada),392349,mhodges1957,Malcolm Hodges,2024-07-04 17:30:40 +0200,2025-06-24 18:39:25 +0200,research,CC-BY-NC,https://www.inaturalist.org/observations/227108585,https://inaturalist-open-data.s3.amazonaws.com/photos/402854834/medium.jpg,,"","",2,0,false,3,"Benton Mackaye Trail, Epworth, GA, US",34.86623,-84.51873,4,,,,4,,open,false,,,great rhododendron,Rhododendron maximum,great rhododendron,Plantae,83059
227322018,60fbc832-ad6b-476c-a2b2-2e0ef2d9974e,Fri Jul 05 2024 10:04:22 GMT -0400 (EDT),2024-07-05,2024-07-05 16:04:22 +0200,Eastern Time (US & Canada),1187421,mellotticus,,2024-07-05 18:01:54 +0200,2025-07-15 04:58:01 +0200,research,,https://www.inaturalist.org/observations/227322018,https://static.inaturalist.org/photos/403259696/medium.jpeg,,"",,1,0,false,333,"Dawson County, US-GA, US",34.5902175903,-84.2111129761,4,,,,4,,open,false,,,great rhododendron,Rhododendron maximum,great rhododendron,Plantae,83059
227533647,cea7c490-db7a-4b61-8530-8ecff1b98943,2024-07-06 08:46:13-04:00,2024-07-06,2024-07-06 14:46:13 +0200,Eastern Time (US & Canada),4414085,gabrielle_johnston,Gabrielle Johnston,2024-07-06 17:21:29 +0200,2024-07-06 23:22:31 +0200,research,,https://www.inaturalist.org/observations/227533647,https://static.inaturalist.org/photos/403660291/medium.jpg,,"","",1,0,false,3,"Dukes Creeks Falls Trail, Helen, GA, US",34.7056600951,-83.7881072462,4,,,,4,,open,false,,,"",Rhododendron maximum,great rhododendron,Plantae,83059
227690430,cdee6e10-b747-42ab-8dc6-0de6797ac2cf,2024/06/29 12:10pm,2024-06-29,2024-06-29 18:10:00 +0200,Eastern Time (US & Canada),7487540,merkertgrace,Grace Merkert,2024-07-07 06:15:49 +0200,2025-12-03 05:59:51 +0100,needs_id,CC-BY,https://www.inaturalist.org/observations/227690430,https://inaturalist-open-data.s3.amazonaws.com/photos/403957663/medium.jpeg,,"",,0,0,false,,"Tallulah Falls, GA, USA",34.7409135418,-83.392474469,364,,,,364,,open,false,,,Great Rhododendron,Rhododendron maximum,great rhododendron,Plantae,83059
227878436,91c4bac5-599e-42f8-ba59-2a75cd3bbbb8,2024-07-07 09:22:17,2024-07-07,2024-07-07 15:22:17 +0200,Eastern Time (US & Canada),7753846,boarsbirdswalruswhales,LizV,2024-07-07 23:42:24 +0200,2025-07-15 04:56:39 +0200,research,CC-BY-NC,https://www.inaturalist.org/observations/227878436,https://inaturalist-open-data.s3.amazonaws.com/photos/404308928/medium.jpeg,,"",,1,0,false,2,"Dawson County, GA, USA",34.5673600751,-84.2433897033,192,,,,192,,open,false,gps,gps,great rhododendron,Rhododendron maximum,great rhododendron,Plantae,83059
227932684,6583ba5d-b830-4b14-a711-202b627a5532,2024-07-06 12:20:47,2024-07-06,2024-07-06 18:20:47 +0200,Eastern Time (US & Canada),4134556,lmcconachie,LeslieMc,2024-07-08 04:48:16 +0200,2025-07-15 01:54:41 +0200,research,CC-BY-NC,https://www.inaturalist.org/observations/227932684,https://inaturalist-open-data.s3.amazonaws.com/photos/404417176/medium.jpeg,,"",,1,0,false,2,"Hiawassee, GA 30546, USA",34.8227483,-83.7218179,,,,,,,open,false,gps,gps,great rhododendron,Rhododendron maximum,great rhododendron,Plantae,83059
228089202,00e12f10-661f-4ccc-a6ef-6eb11440693c,2024/07/05 10:36 AM,2024-07-05,2024-07-05 16:36:00 +0200,Eastern Time (US & Canada),1573720,shagan3,Sebastian Hagan,2024-07-08 21:38:59 +0200,2025-06-24 18:38:47 +0200,research,,https://www.inaturalist.org/observations/228089202,https://inaturalist-open-data.s3.amazonaws.com/photos/404705536/medium.jpg,,"",,1,0,false,,"Murray County, GA, USA",34.80221,-84.6302916667,,,,,,,open,false,,,great rhododendron,Rhododendron maximum,great rhododendron,Plantae,83059
228171268,34550294-33d2-4c66-bfb7-54b2f417c3cd,2024-06-25 13:59:38-04:00,2024-06-25,2024-06-25 19:59:38 +0200,Eastern Time (US & Canada),832467,melissameadows,Melissa Meadows,2024-07-09 05:49:17 +0200,2025-07-07 18:46:06 +0200,research,CC-BY,https://www.inaturalist.org/observations/228171268,https://inaturalist-open-data.s3.amazonaws.com/photos/404870504/medium.jpg,,"","",1,0,false,3,"Vogel State Park, Blairsville, GA, US",34.7658533333,-83.92305,4,,,,4,,open,false,,,great rhododendron,Rhododendron maximum,great rhododendron,Plantae,83059
228234764,34764bfc-68ed-4009-bba1-044bb118735d,2024-07-09 08:21:57-04:00,2024-07-09,2024-07-09 14:21:57 +0200,Eastern Time (US & Canada),6682641,jferrari444,Jim Ferrari,2024-07-09 15:57:05 +0200,2024-07-09 15:57:32 +0200,needs_id,CC-BY-NC,https://www.inaturalist.org/observations/228234764,https://inaturalist-open-data.s3.amazonaws.com/photos/404989376/medium.jpg,,"","",0,0,false,3,"Unicoi State Park & Lodge, Helen, GA, US",34.72543,-83.723105,4,,,,4,,open,false,,,"",Rhododendron maximum,great rhododendron,Plantae,83059
229095561,d636335b-f547-488f-97b3-8457ffbba038,2024-07-13 11:34:24,2024-07-13,2024-07-13 17:34:24 +0200,Eastern Time (US & Canada),6096732,monkeyorchid,Karen,2024-07-13 21:23:00 +0200,2024-07-13 21:23:39 +0200,needs_id,CC-BY-NC,https://www.inaturalist.org/observations/229095561,https://inaturalist-open-data.s3.amazonaws.com/photos/406620911/medium.jpeg,,"",,0,0,false,2,"SAUTE-NACOCHE, GA 30571, USA",34.7641667955,-83.7123052776,372,,,,372,,open,false,gps,gps,great rhododendron,Rhododendron maximum,great rhododendron,Plantae,83059
229107875,6a9a528f-9c36-4627-b53d-fe3857e9f45d,2017-06-06 20:17:25-04:00,2017-06-06,2017-06-07 02:17:25 +0200,Eastern Time (US & Canada),6682641,jferrari444,Jim Ferrari,2024-07-13 22:24:29 +0200,2025-07-15 04:54:08 +0200,research,CC-BY-NC,https://www.inaturalist.org/observations/229107875,https://inaturalist-open-data.s3.amazonaws.com/photos/406645748/medium.jpeg,,"","",1,0,false,3,"Amicalola Falls State Park, Dawsonville, GA, US",34.5618333333,-84.247405,10,,,,10,,open,false,,,great rhododendron,Rhododendron maximum,great rhododendron,Plantae,83059
229596820,5ef3d554-0825-4dc7-a171-f964b35a36a1,2024-07-15 18:05:31-05:00,2024-07-15,2024-07-16 01:05:31 +0200,Eastern Time (US & Canada),8253618,jadynm8,,2024-07-16 01:12:19 +0200,2024-07-16 01:12:57 +0200,needs_id,CC-BY-NC,https://www.inaturalist.org/observations/229596820,https://inaturalist-open-data.s3.amazonaws.com/photos/407564281/medium.jpeg,,"","",0,0,false,3,"Persimmon Rd, Clayton, GA, US",34.9454716667,-83.4953533333,4,,,,4,,open,false,,,"",Rhododendron maximum,great rhododendron,Plantae,83059
230844226,b2afc1ea-74ce-4bac-a4c9-56192d035cae,2024-07-12 13:57:55,2024-07-12,2024-07-12 19:57:55 +0200,Eastern Time (US & Canada),8381977,sh0047,,2024-07-21 22:51:01 +0200,2024-07-23 06:04:01 +0200,needs_id,"",https://www.inaturalist.org/observations/230844226,https://static.inaturalist.org/photos/409921603/medium.jpeg,,"",,0,0,false,2,"Blairsville, GA 30512, USA",34.93072525,-84.14127075,12,,,,12,,open,false,,,great rhododendron,Rhododendron maximum,great rhododendron,Plantae,83059
231123742,a2def61a-973c-420e-adb6-3a24ed74c0f7,Sat Jul 20 2024 18:49:40 GMT-0400 (EDT),2024-07-20,2024-07-21 00:49:40 +0200,Eastern Time (US & Canada),2853755,rustypritchard,,2024-07-23 04:20:27 +0200,2025-07-02 18:14:41 +0200,research,CC-BY-NC,https://www.inaturalist.org/observations/231123742,https://inaturalist-open-data.s3.amazonaws.com/photos/410457879/medium.jpeg,,"","",1,0,false,3,"Vogel State Park, Blairsville, GA, US",34.7613784159,-83.9276692272,6,,,,6,,open,false,,,great rhododendron,Rhododendron maximum,great rhododendron,Plantae,83059
231489086,4ad88b83-633a-4d9d-ae0e-d54d081855ec,2024-07-24 13:50:11-04:00,2024-07-24,2024-07-24 19:50:11 +0200,Eastern Time (US & Canada),2852046,mtrust,Meaghan Trust,2024-07-24 22:54:20 +0200,2025-06-24 18:38:07 +0200,research,,https://www.inaturalist.org/observations/231489086,https://static.inaturalist.org/photos/411152195/medium.jpeg,,"","",2,0,false,3,"Pinhoti Trail, Ellijay, GA, US",34.8210206,-84.5719874,34,,,,34,,open,false,,,great rhododendron,Rhododendron maximum,great rhododendron,Plantae,83059
232777905,0f376eb9-ec5a-4609-9990-baa4f67ec317,2024-07-30 13:23:29-04:00,2024-07-30,2024-07-30 19:23:29 +0200,Eastern Time (US & Canada),764155,whatch11,Wes Hatch,2024-07-30 23:42:43 +0200,2024-07-30 23:42:55 +0200,needs_id,,https://www.inaturalist.org/observations/232777905,https://static.inaturalist.org/photos/413600075/medium.jpeg,,"","",0,0,false,3,"Chattahoochee River, Cumming, GA, US",34.1459699681,-84.0866173305,4,,,,4,,open,false,,,"",Rhododendron maximum,great rhododendron,Plantae,83059
233001788,45fde4ea-8cf7-45cd-9b9b-3f4bababda79,2024-07-31 12:28:16,2024-07-31,2024-07-31 18:28:16 +0200,Eastern Time (US & Canada),947744,daniel_e,Daniel Estabrooks,2024-08-01 02:21:48 +0200,2025-07-15 01:46:04 +0200,research,CC0,https://www.inaturalist.org/observations/233001788,https://inaturalist-open-data.s3.amazonaws.com/photos/414030622/medium.jpeg,,"",,1,0,false,2,"V5CQ+6X, Young Harris, GA 30546, USA",34.8705978333,-83.8095321389,,,,,,,open,false,gps,gps,great rhododendron,Rhododendron maximum,great rhododendron,Plantae,83059
233178987,ee73a1be-e471-49b7-86ed-89d19bfebb7d,2024-07-31 14:17:48,2024-07-31,2024-07-31 20:17:48 +0200,Eastern Time (US & Canada),947744,daniel_e,Daniel Estabrooks,2024-08-02 00:32:44 +0200,2024-08-02 00:32:58 +0200,needs_id,CC0,https://www.inaturalist.org/observations/233178987,https://inaturalist-open-data.s3.amazonaws.com/photos/414370078/medium.jpeg,,"",,0,0,false,2,"Blairsville, GA 30512, USA",34.873394,-83.821228,,,,,,,open,false,gps,gps,great rhododendron,Rhododendron maximum,great rhododendron,Plantae,83059
233686572,8149124d-4102-4b08-94e4-ffc11182be31,2024-08-03 11:17:32,2024-08-03,2024-08-03 17:17:32 +0200,Eastern Time (US & Canada),8419354,jgmays8546,jgmays8546,2024-08-04 13:43:16 +0200,2024-08-04 13:43:28 +0200,needs_id,,https://www.inaturalist.org/observations/233686572,https://static.inaturalist.org/photos/415334323/medium.jpeg,,"",,0,0,false,2,"Clarkesville, GA 30523, USA",34.6519842,-83.6531448,,,,,,,open,false,gps,gps,great rhododendron,Rhododendron maximum,great rhododendron,Plantae,83059
234048705,0b39bbb2-bdfc-4ecd-954d-3c7a6055e855,2024-08-05 19:52:14-04:00,2024-08-05,2024-08-06 01:52:14 +0200,Eastern Time (US & Canada),3143320,laplante,Robert LaPlante,2024-08-06 01:53:29 +0200,2024-08-06 01:53:59 +0200,needs_id,CC-BY-NC,https://www.inaturalist.org/observations/234048705,https://inaturalist-open-data.s3.amazonaws.com/photos/416021233/medium.jpeg,,"","",0,0,false,3,"Black Rock Mountain, Clayton, GA, US",34.908063104,-83.4093732966,15,,,,15,,open,false,,,"",Rhododendron maximum,great rhododendron,Plantae,83059
234379242,ec966364-db95-409e-93fc-40cd025468bd,2024-08-07 14:30:52-04:00,2024-08-07,2024-08-07 20:30:52 +0200,Eastern Time (US & Canada),3143320,laplante,Robert LaPlante,2024-08-07 20:32:53 +0200,2024-08-07 20:33:26 +0200,needs_id,CC-BY-NC,https://www.inaturalist.org/observations/234379242,https://inaturalist-open-data.s3.amazonaws.com/photos/416655158/medium.jpeg,,"","",0,0,false,3,"Black Rock Mountain, Clayton, GA, US",34.9054091072,-83.4003998225,54,,,,54,,open,false,,,"",Rhododendron maximum,great rhododendron,Plantae,83059
234380441,9a607002-077a-4796-a032-dae797acd592,2024-08-07 14:38:34-04:00,2024-08-07,2024-08-07 20:38:34 +0200,Eastern Time (US & Canada),3143320,laplante,Robert LaPlante,2024-08-07 20:39:35 +0200,2024-08-07 20:39:59 +0200,needs_id,CC-BY-NC,https://www.inaturalist.org/observations/234380441,https://inaturalist-open-data.s3.amazonaws.com/photos/416657793/medium.jpeg,,"","",0,0,false,3,"Black Rock Mountain, Clayton, GA, US",34.9053699939,-83.4004012469,20,,,,20,,open,false,,,"",Rhododendron maximum,great rhododendron,Plantae,83059
236090992,cc9f67f7-c9de-422b-b822-aeac5b6630b6,2024-08-16 10:38:44-04:00,2024-08-16,2024-08-16 16:38:44 +0200,Eastern Time (US & Canada),5287823,fountainfungi,Brandon Fountain,2024-08-16 16:39:16 +0200,2024-08-16 16:39:34 +0200,needs_id,CC-BY-NC,https://www.inaturalist.org/observations/236090992,https://inaturalist-open-data.s3.amazonaws.com/photos/419974964/medium.jpeg,,"","",0,0,false,3,"Whitewater Run, Ellijay, GA, US",34.6373333333,-84.4237833333,14,,,,14,,open,false,,,"",Rhododendron maximum,great rhododendron,Plantae,83059
236138498,5e9b0970-79cb-433a-8cfd-127945f6bdfb,2024-08-16 14:07:18-04:00,2024-08-16,2024-08-16 20:07:18 +0200,Eastern Time (US & Canada),5287823,fountainfungi,Brandon Fountain,2024-08-16 21:04:41 +0200,2024-08-16 21:05:02 +0200,needs_id,CC-BY-NC,https://www.inaturalist.org/observations/236138498,https://inaturalist-open-data.s3.amazonaws.com/photos/420064306/medium.jpeg,,"","",0,0,false,3,"Ellijay, GA, US",34.6560083333,-84.6075883333,4,,,,4,,open,false,,,"",Rhododendron maximum,great rhododendron,Plantae,83059
238062682,733df799-02b3-4b27-aa4a-419607635199,2024-08-24 11:37:59,2024-08-24,2024-08-24 17:37:59 +0200,Eastern Time (US & Canada),5011546,bridgetospace,"",2024-08-26 15:18:27 +0200,2024-08-26 15:18:32 +0200,needs_id,CC-BY-NC,https://www.inaturalist.org/observations/238062682,https://inaturalist-open-data.s3.amazonaws.com/photos/423772344/medium.jpeg,,"",,0,0,false,2,"Blairsville, GA 30512, USA",34.7649333173,-83.9254631102,1199,,,,1199,,open,false,gps,gps,great rhododendron,Rhododendron maximum,great rhododendron,Plantae,83059
239731865,2ad3ceac-2c5d-4870-a675-a28472d45450,2021-06-25 13:33:42-04:00,2021-06-25,2021-06-25 19:33:42 +0200,Eastern Time (US & Canada),8517083,hannahvwarren,,2024-09-04 05:06:11 +0200,2025-07-22 18:49:57 +0200,research,CC-BY-NC,https://www.inaturalist.org/observations/239731865,https://inaturalist-open-data.s3.amazonaws.com/photos/427010869/medium.jpeg,,"","",2,0,false,3,"Appalachian Approach Trail, Dahlonega, GA, US",34.6539466667,-84.1027,10,,,,10,,open,false,,,great rhododendron,Rhododendron maximum,great rhododendron,Plantae,83059
240007497,a4984c5c-3db6-40a8-b4bb-307af0317e05,2024-09-05 14:32:07-04:00,2024-09-05,2024-09-05 20:32:07 +0200,Eastern Time (US & Canada),2394660,haileykaub,Hailey Kaub,2024-09-05 20:34:54 +0200,2024-09-06 01:05:04 +0200,research,CC-BY-NC,https://www.inaturalist.org/observations/240007497,https://inaturalist-open-data.s3.amazonaws.com/photos/427540019/medium.jpeg,,"","",1,0,false,3,"Cindy Cove Rd, Blairsville, GA, US",34.7720633333,-83.907745,2017,,,,2017,,open,false,,,great rhododendron,Rhododendron maximum,great rhododendron,Plantae,83059
243410252,32a46b1f-adb1-4b5f-a16c-5b588e872da9,2019-06-18 11:41:50,2019-06-18,2019-06-18 17:41:50 +0200,Eastern Time (US & Canada),7192688,heather12743,Heather Kay,2024-09-22 20:54:00 +0200,2025-07-23 18:40:14 +0200,research,,https://www.inaturalist.org/observations/243410252,https://static.inaturalist.org/photos/439023076/medium.jpeg,,"",,2,0,false,2,"Helen, GA 30545, USA",34.777394,-83.8233299722,,,,,,,open,false,gps,gps,great rhododendron,Rhododendron maximum,great rhododendron,Plantae,83059
243785990,4265870c-311e-4719-8cc8-cb21bc003dc5,2024-09-23 18:37:36,2024-09-23,2024-09-24 00:37:36 +0200,Eastern Time (US & Canada),8288600,stonemountain83,Adam North,2024-09-24 15:24:24 +0200,2024-09-28 18:10:41 +0200,research,,https://www.inaturalist.org/observations/243785990,https://static.inaturalist.org/photos/434761285/medium.jpeg,,"",,1,0,false,2,"Clayton, GA 30525, USA",34.9076895997,-83.4089919997,,,,,,,open,false,gps,gps,great rhododendron,Rhododendron maximum,great rhododendron,Plantae,83059
244996263,e9522630-aac5-45c7-ac80-6d19c7397da3,2024/05/24 7:38 AM,2024-05-24,2024-05-24 13:38:00 +0200,Eastern Time (US & Canada),375183,ehjalmarson,Emily Hjalmarson,2024-10-01 02:36:59 +0200,2024-10-01 02:36:59 +0200,needs_id,CC-BY-NC,https://www.inaturalist.org/observations/244996263,https://inaturalist-open-data.s3.amazonaws.com/photos/437109096/medium.jpeg,,Byron Reece Memorial Trail,"",0,0,false,,"Byron Reece Memorial Trail, Union County, GA, USA",34.7406213889,-83.9235669444,4,,,,4,,open,false,,,Great Rhododendron,Rhododendron maximum,great rhododendron,Plantae,83059
247682780,a5fdf131-b852-42de-9b79-a0b2a4c3ba35,2024-10-16 11:06:30,2024-10-16,2024-10-16 17:06:30 +0200,Eastern Time (US & Canada),3386617,tree_girl_dendro,Audrey Lux,2024-10-16 23:56:34 +0200,2025-08-08 20:09:08 +0200,research,CC-BY-NC,https://www.inaturalist.org/observations/247682780,https://inaturalist-open-data.s3.amazonaws.com/photos/442414145/medium.jpeg,,"",,1,0,false,2,"Blairsville, GA 30512, USA",34.7407336282,-83.9237347618,321,,,,321,,open,false,gps,gps,great rhododendron,Rhododendron maximum,great rhododendron,Plantae,83059
248113523,cbafad24-b6f1-407a-95e0-4369d06d10b2,2024-10-19 10:00:51,2024-10-19,2024-10-19 16:00:51 +0200,Eastern Time (US & Canada),7864206,s_s_farnsworth,"",2024-10-19 20:13:13 +0200,2024-10-19 20:15:00 +0200,needs_id,CC-BY-NC,https://www.inaturalist.org/observations/248113523,https://inaturalist-open-data.s3.amazonaws.com/photos/443255659/medium.jpeg,,"",,0,0,false,2,"Chatsworth, GA 30705, USA",34.7587441,-84.7042873,2000,,,,2000,,open,false,,,great rhododendron,Rhododendron maximum,great rhododendron,Plantae,83059
248165109,5db87115-d054-496c-aef7-5774b0c5351c,2024-10-19 12:26:11-04:00,2024-10-19,2024-10-19 18:26:11 +0200,Eastern Time (US & Canada),430732,gatorgrei,"",2024-10-20 01:17:27 +0200,2024-10-20 01:18:31 +0200,needs_id,CC-BY-NC,https://www.inaturalist.org/observations/248165109,https://inaturalist-open-data.s3.amazonaws.com/photos/443360757/medium.jpeg,,"","",0,0,false,3,"Unicoi State Park & Lodge, Helen, GA, US",34.7268041969,-83.721066881,5,,,,5,,open,false,,,"",Rhododendron maximum,great rhododendron,Plantae,83059
248165948,e6057948-b68c-495c-9779-b78bf49e3d5d,2024-10-19 13:03:04-04:00,2024-10-19,2024-10-19 19:03:04 +0200,Eastern Time (US & Canada),430732,gatorgrei,"",2024-10-20 01:23:28 +0200,2024-10-20 01:24:20 +0200,needs_id,CC-BY-NC,https://www.inaturalist.org/observations/248165948,https://inaturalist-open-data.s3.amazonaws.com/photos/443362788/medium.jpeg,,"","",0,0,false,3,"Unicoi State Park & Lodge, Helen, GA, US",34.7167001178,-83.7308884137,1994,,,,1994,,open,false,,,"",Rhododendron maximum,great rhododendron,Plantae,83059
249029622,df236cc7-2df0-4c7a-a94b-c92b8c06df1e,2024-10-21 11:43:38,2024-10-21,2024-10-21 17:43:38 +0200,Eastern Time (US & Canada),5024275,alynshir,Kara Holland,2024-10-25 17:16:09 +0200,2025-10-31 03:01:27 +0100,research,,https://www.inaturalist.org/observations/249029622,https://static.inaturalist.org/photos/445083074/medium.jpeg,,"",,2,0,false,2,"Druid Hills, GA, USA",33.7777374,-84.3257723,628,,,,628,,open,false,,,great rhododendron,Rhododendron maximum,great rhododendron,Plantae,83059
249065687,b637f3a9-ec96-41f4-9747-6db4b090779b,2024-10-25 12:47:27,2024-10-25,2024-10-25 18:47:27 +0200,Eastern Time (US & Canada),1505621,sophieluvr1,Parker Fletcher,2024-10-25 21:58:59 +0200,2025-08-31 20:56:15 +0200,needs_id,CC-BY-NC,https://www.inaturalist.org/observations/249065687,https://inaturalist-open-data.s3.amazonaws.com/photos/445152570/medium.jpeg,,"",,0,0,false,2,"Rabun County, US-GA, US",34.7384349389,-83.3913692083,,,,,,,open,false,gps,gps,great rhododendron,Rhododendron maximum,great rhododendron,Plantae,83059
249527904,517bda5d-ecc6-44b4-ae0e-0a9dbf9ef79d,2024-10-28 11:10:35,2024-10-28,2024-10-28 16:10:35 +0100,Eastern Time (US & Canada),3386617,tree_girl_dendro,Audrey Lux,2024-10-28 19:26:27 +0100,2025-08-08 20:09:15 +0200,research,CC-BY-NC,https://www.inaturalist.org/observations/249527904,https://inaturalist-open-data.s3.amazonaws.com/photos/446070974/medium.jpeg,,"",Northern slope of Stone Mountain,1,0,false,2,"Smoke Rise, GA 30087, USA",33.8081437911,-84.1408602521,108,,,,108,,open,false,gps,gps,great rhododendron,Rhododendron maximum,great rhododendron,Plantae,83059
249566306,6a601f5e-5300-4598-b931-f634062a874a,2024-10-28 16:21:13,2024-10-28,2024-10-28 21:21:13 +0100,Eastern Time (US & Canada),4381657,cdarr30,Clara,2024-10-29 00:55:52 +0100,2024-10-29 00:58:54 +0100,needs_id,CC-BY-NC,https://www.inaturalist.org/observations/249566306,https://inaturalist-open-data.s3.amazonaws.com/photos/446146737/medium.jpeg,,"",,0,0,false,2,"Rabun County, US-GA, US",34.92160106,-83.41124753,8,,,,8,,open,false,,,great rhododendron,Rhododendron maximum,great rhododendron,Plantae,83059
249573264,dde25137-a980-4096-a2dd-78e02999281c,2017/06/18 2:35 PM,2017-06-18,2017-06-18 20:35:00 +0200,Eastern Time (US & Canada),912605,kodiakgarden,Dan Vickers,2024-10-29 02:00:46 +0100,2025-07-15 18:19:36 +0200,research,CC0,https://www.inaturalist.org/observations/249573264,https://inaturalist-open-data.s3.amazonaws.com/photos/446161178/medium.jpg,,"",,1,0,false,,"Black Rock Mountain State Park, 3085 Black Rock Mountain Pkwy, Mountain City, GA 30562, USA",34.9045824,-83.4125349,201,,,,201,,open,false,,,great rhododendron,Rhododendron maximum,great rhododendron,Plantae,83059
250286612,8bceba05-31a8-496a-826e-25c75e8190ca,2024-11-03 07:42:29-05:00,2024-11-03,2024-11-03 13:42:29 +0100,Eastern Time (US & Canada),1161697,felch,Jeff,2024-11-03 14:53:54 +0100,2025-04-09 06:25:46 +0200,research,,https://www.inaturalist.org/observations/250286612,https://static.inaturalist.org/photos/447595640/medium.jpeg,,"","",1,0,false,3,"Blalock Goldmine Rd, Clayton, GA, US",34.857955,-83.5769883333,55,,,,55,,open,false,,,great rhododendron,Rhododendron maximum,great rhododendron,Plantae,83059
250376008,6d0b70e5-d844-490a-a28d-e24d81426168,2024-11-03 14:53:09-05:00,2024-11-03,2024-11-03 20:53:09 +0100,Eastern Time (US & Canada),18327,whiteoak,Alan Weakley,2024-11-04 01:58:19 +0100,2025-10-31 03:00:20 +0100,research,CC0,https://www.inaturalist.org/observations/250376008,https://inaturalist-open-data.s3.amazonaws.com/photos/447773148/medium.jpeg,,"","",2,0,false,3,"Clifton Rd NE, Atlanta, GA, US",33.7784844036,-84.3248040725,49,,,,49,,open,false,,,great rhododendron,Rhododendron maximum,great rhododendron,Plantae,83059
250386678,ac77e3ca-a1ec-4ec4-bf8d-d340ee2253e5,2024-11-03 14:53:11-05:00,2024-11-03,2024-11-03 20:53:11 +0100,Eastern Time (US & Canada),105391,jtuttle,"",2024-11-04 03:36:30 +0100,2025-10-31 03:00:07 +0100,research,CC-BY-NC,https://www.inaturalist.org/observations/250386678,https://static.inaturalist.org/photos/447795404/medium.jpeg,,"","",2,0,false,3,"Atlanta, GA, US",33.7772783333,-84.3236083333,4,,,,4,,open,false,,,great rhododendron,Rhododendron maximum,great rhododendron,Plantae,83059
251074733,5e95ad8c-0428-44d1-8ffb-42dee540ee74,2024-11-09 15:35:04-05:00,2024-11-09,2024-11-09 21:35:04 +0100,Eastern Time (US & Canada),4371914,derek_wu,Derek Wu,2024-11-09 21:35:25 +0100,2025-04-11 06:15:11 +0200,research,,https://www.inaturalist.org/observations/251074733,https://static.inaturalist.org/photos/449171291/medium.jpeg,,"","",1,0,false,3,"Tallulah Gorge State Park, Tallulah Falls, GA, US",34.7393883321,-83.3886379819,212,,,,212,,open,false,,,great rhododendron,Rhododendron maximum,great rhododendron,Plantae,83059
251208784,54f0ddb8-081f-41bb-9854-1403370abc52,2024-11-10 09:39:29,2024-11-10,2024-11-10 15:39:29 +0100,Eastern Time (US & Canada),198154,swampster,DT,2024-11-10 20:12:59 +0100,2024-11-10 20:13:43 +0100,needs_id,CC-BY-NC,https://www.inaturalist.org/observations/251208784,https://inaturalist-open-data.s3.amazonaws.com/photos/449441117/medium.jpeg,,"","",0,0,false,,"Young Harris, GA 30582, USA",34.8738182469,-83.8281237334,69,,,,69,,open,false,,,great rhododendron,Rhododendron maximum,great rhododendron,Plantae,83059
251489440,df08ffda-0ec0-4ede-aa8b-9f338083fc97,2023-07-04 12:32:11-04:00,2023-07-04,2023-07-04 18:32:11 +0200,Eastern Time (US & Canada),8610631,isabellamunoz,,2024-11-12 23:31:06 +0100,2025-07-15 00:05:15 +0200,research,CC-BY-NC,https://www.inaturalist.org/observations/251489440,https://inaturalist-open-data.s3.amazonaws.com/photos/449999408/medium.jpeg,,"","",1,0,false,3,"Hiawassee, GA, US",34.81107,-83.738395,5005,,,,5005,,open,false,,,great rhododendron,Rhododendron maximum,great rhododendron,Plantae,83059
251896550,398cf776-f2db-4d20-a890-1fd0741e7853,2024-11-16 11:07:37-05:00,2024-11-16,2024-11-16 17:07:37 +0100,Eastern Time (US & Canada),7503982,jordan_johnson33,,2024-11-16 17:07:52 +0100,2025-03-04 03:27:21 +0100,needs_id,CC-BY-NC,https://www.inaturalist.org/observations/251896550,https://inaturalist-open-data.s3.amazonaws.com/photos/450874028/medium.jpeg,,"","",1,0,false,3,"Amicalola Falls State Park, Dawsonville, GA, US",34.5610467709,-84.247668692,128,,,,128,,open,false,,,great rhododendron,Rhododendron maximum,great rhododendron,Plantae,83059
252801930,b9a15c02-6344-448d-ad6a-3225824419b8,2024-11-10 13:57:42-05:00,2024-11-10,2024-11-10 19:57:42 +0100,Eastern Time (US & Canada),8772857,austin55780,Austin Phillips,2024-11-24 01:52:27 +0100,2025-10-31 02:57:49 +0100,research,,https://www.inaturalist.org/observations/252801930,https://static.inaturalist.org/photos/452585138/medium.jpeg,,"","",3,0,false,3,"Green St, Decatur, GA, US",33.7618089278,-84.2950085583,22,,,,22,,open,false,,,great rhododendron,Rhododendron maximum,great rhododendron,Plantae,83059
253097598,381c5bde-ffac-4558-8680-98f579604e10,2024-11-25 13:54:37,2024-11-25,2024-11-25 19:54:37 +0100,Eastern Time (US & Canada),559343,briggsarmstrong,Briggs Armstrong,2024-11-25 23:36:38 +0100,2025-04-13 04:17:08 +0200,research,CC-BY,https://www.inaturalist.org/observations/253097598,https://inaturalist-open-data.s3.amazonaws.com/photos/453124419/medium.jpeg,,"",,1,0,false,2,"Clayton, GA 30525, USA",34.8828777778,-83.3512722222,,,,,,,open,false,gps,gps,great rhododendron,Rhododendron maximum,great rhododendron,Plantae,83059
253156805,6f315d02-9e4e-44a3-9006-0e3c9708339e,2024-11-25 11:35:17-05:00,2024-11-25,2024-11-25 17:35:17 +0100,Eastern Time (US & Canada),2728572,awood24,Alex Wood,2024-11-26 12:58:50 +0100,2025-09-01 20:24:25 +0200,research,,https://www.inaturalist.org/observations/253156805,https://static.inaturalist.org/photos/453243500/medium.jpeg,,"","",1,0,false,3,"Pinhoti Trail, Ellijay, GA, US",34.8248833333,-84.5651866667,4,,,,4,,open,false,,,great rhododendron,Rhododendron maximum,great rhododendron,Plantae,83059
253304812,573012e8-865f-4d3c-8835-d471a4b931f3,2024-11-27 11:14:23,2024-11-27,2024-11-27 17:14:23 +0100,Eastern Time (US & Canada),4564508,ogullible01,Paul A Rose,2024-11-27 18:16:09 +0100,2025-04-13 08:22:00 +0200,research,CC-BY-NC,https://www.inaturalist.org/observations/253304812,https://inaturalist-open-data.s3.amazonaws.com/photos/453526926/medium.jpeg,,"",,1,0,false,2,"Ellijay, GA 30536, USA",34.5440521111,-84.2626113889,,,,,,,open,false,gps,gps,great rhododendron,Rhododendron maximum,great rhododendron,Plantae,83059
253401122,9eb374a5-1117-4043-ad33-56abe1e87413,Thu Nov 28 2024 09:18:38 GMT -0500 (EST),2024-11-28,2024-11-28 15:18:38 +0100,Eastern Time (US & Canada),8635389,tiger01773,,2024-11-28 15:19:12 +0100,2025-02-14 14:22:11 +0100,needs_id,CC-BY-NC,https://www.inaturalist.org/observations/253401122,https://inaturalist-open-data.s3.amazonaws.com/photos/470056886/medium.jpeg,,"",,0,0,false,333,Ellijay,34.5991516113,-84.3993835449,35,,,,35,,open,false,,,,Rhododendron maximum,great rhododendron,Plantae,83059
253434111,14010446-15b4-45d3-8ff3-737989234e36,2024-11-28 11:29:50-05:00,2024-11-28,2024-11-28 17:29:50 +0100,Eastern Time (US & Canada),1169379,sbrand,Sarah,2024-11-28 21:20:46 +0100,2025-04-13 11:10:26 +0200,research,CC-BY-NC,https://www.inaturalist.org/observations/253434111,https://inaturalist-open-data.s3.amazonaws.com/photos/453781993/medium.jpeg,,"","",1,0,false,3,"Appalachian Approach Trail, Ellijay, GA, US",34.6366100934,-84.1971430313,3435,,,,3435,,open,false,,,great rhododendron,Rhododendron maximum,great rhododendron,Plantae,83059
253460200,02a051b0-7bb6-4f5e-9664-877520f60b83,2024-11-27 16:20:16-05:00,2024-11-27,2024-11-27 22:20:16 +0100,Eastern Time (US & Canada),1533096,ianmassey,Ian Massey,2024-11-29 01:46:02 +0100,2024-12-12 21:13:05 +0100,needs_id,,https://www.inaturalist.org/observations/253460200,https://static.inaturalist.org/photos/453833961/medium.jpeg,,"","",1,0,false,3,"Jasper, GA, US",34.46632,-84.3111333333,317,,,,317,,open,false,,,great rhododendron,Rhododendron maximum,great rhododendron,Plantae,83059
253556235,f8411920-f983-4275-9dd3-d25fa7620f06,2023-11-12 15:16:01-05:00,2023-11-12,2023-11-12 21:16:01 +0100,Eastern Time (US & Canada),8748620,gladiusmalleus,,2024-11-29 23:15:40 +0100,2025-07-22 18:48:38 +0200,research,CC-BY-NC,https://www.inaturalist.org/observations/253556235,https://inaturalist-open-data.s3.amazonaws.com/photos/454069603/medium.jpeg,,"","",2,0,false,3,"Appalachian Trail, Hiawassee, GA, US",34.8026928848,-83.7400261815,4,,,,4,,open,false,,,great rhododendron,Rhododendron maximum,great rhododendron,Plantae,83059
255010402,dd93e007-088c-463a-8fe5-cdcd718aa482,2024-12-13 15:17:37,2024-12-13,2024-12-13 21:17:37 +0100,Eastern Time (US & Canada),5037326,jtorres250,Jose Alberto Torres,2024-12-13 21:17:59 +0100,2024-12-13 21:18:05 +0100,needs_id,CC-BY-NC,https://www.inaturalist.org/observations/255010402,https://inaturalist-open-data.s3.amazonaws.com/photos/456902781/medium.jpeg,,"",,0,0,false,2,United States,34.9327881454,-84.2826893134,7,,,,28762,obscured,open,true,,,great rhododendron,Rhododendron maximum,great rhododendron,Plantae,83059
255103813,968d00df-dc21-4cee-9dd8-3b4776ea8d78,2024-12-14 14:32:37-05:00,2024-12-14,2024-12-14 20:32:37 +0100,Eastern Time (US & Canada),4174509,mccandrea,Andrea M,2024-12-14 21:10:35 +0100,2025-04-15 09:03:33 +0200,research,CC-BY-NC,https://www.inaturalist.org/observations/255103813,https://inaturalist-open-data.s3.amazonaws.com/photos/457091232/medium.jpg,,"","",1,0,false,3,"Chattahoochee River National Recreation Area West Palisades, Atlanta, GA, US",33.887895,-84.4454116667,4,,,,4,,open,false,,,great rhododendron,Rhododendron maximum,great rhododendron,Plantae,83059
255113375,0d9c2802-c537-4ae2-8f19-30bcf05fe379,2024-12-07 16:08:25,2024-12-07,2024-12-07 22:08:25 +0100,Eastern Time (US & Canada),154756,barefootbandit,Amanda Sutters,2024-12-14 22:57:30 +0100,2024-12-14 22:57:40 +0100,needs_id,,https://www.inaturalist.org/observations/255113375,https://static.inaturalist.org/photos/457110172/medium.jpeg,,"",,0,0,false,2,"Fannin County, US-GA, US",34.7864755,-84.2672203997,,,,,,,open,false,gps,gps,great rhododendron,Rhododendron maximum,great rhododendron,Plantae,83059
255339497,80813b1a-eef5-4ddc-b7a1-b31ea30e6036,2024-12-16 09:24:52-05:00,2024-12-16,2024-12-16 15:24:52 +0100,Eastern Time (US & Canada),5904516,myzell_amaro,Myzell Amaro,2024-12-17 00:40:12 +0100,2025-10-31 16:52:43 +0100,needs_id,,https://www.inaturalist.org/observations/255339497,https://static.inaturalist.org/photos/457570367/medium.jpg,,"","",2,0,false,3,"Desoto Falls Trail, Dahlonega, GA, US",34.7084616667,-83.9139033333,5,,,,5,,open,false,,,rhododendrons and azaleas,Rhododendron maximum,great rhododendron,Plantae,83059
255622862,7f53075e-0a05-4c3d-94de-82e1f151ffcc,2024-12-19 17:13:56,2024-12-19,2024-12-19 23:13:56 +0100,Eastern Time (US & Canada),4493323,daemonshydrangea,"",2024-12-19 23:15:25 +0100,2025-04-16 02:31:01 +0200,research,,https://www.inaturalist.org/observations/255622862,https://static.inaturalist.org/photos/458131237/medium.jpeg,,"",,1,0,false,2,"Dunwoody, GA 30350, USA",33.9700722222,-84.3809916667,,,,,,,open,false,gps,gps,great rhododendron,Rhododendron maximum,great rhododendron,Plantae,83059
256001593,badcb65e-fa9c-4d28-bfb1-5d7d4d32a71c,Mon Dec 23 2024 12:26:35 GMT -0500 (EST),2024-12-23,2024-12-23 18:26:35 +0100,Eastern Time (US & Canada),28157,annek,,2024-12-23 18:47:59 +0100,2024-12-23 19:34:08 +0100,needs_id,CC-BY-NC,https://www.inaturalist.org/observations/256001593,https://inaturalist-open-data.s3.amazonaws.com/photos/458899011/medium.jpeg,,"",,0,0,false,333,"White County, US-GA, US",34.6924285889,-83.7664794922,9,,,,9,,open,false,,,,Rhododendron maximum,great rhododendron,Plantae,83059
256097367,13792816-d664-4232-ada4-fadc37157498,2024-12-24 12:31:40-05:00,2024-12-24,2024-12-24 18:31:40 +0100,Eastern Time (US & Canada),8253683,alihurst,Alison Thompson,2024-12-24 18:31:53 +0100,2024-12-24 18:34:25 +0100,needs_id,CC-BY-NC,https://www.inaturalist.org/observations/256097367,https://inaturalist-open-data.s3.amazonaws.com/photos/459085211/medium.jpg,,"","",0,0,false,3,"Long Branch Loop, Blue Ridge, GA, US",34.8158184785,-84.2853501712,4,,,,4,,open,false,,,great rhododendron,Rhododendron maximum,great rhododendron,Plantae,83059
256138196,a9455197-632c-4873-8321-a640987f70e9,2024-12-24 15:36:07,2024-12-24,2024-12-24 21:36:07 +0100,Eastern Time (US & Canada),2642674,chameleomom,Tracy,2024-12-25 03:58:29 +0100,2025-10-31 16:52:11 +0100,research,CC-BY-NC,https://www.inaturalist.org/observations/256138196,https://inaturalist-open-data.s3.amazonaws.com/photos/459168534/medium.jpeg,,"",,2,0,false,2,"Lumpkin County, US-GA, US",34.6078515309,-84.1580418125,7,,,,7,,open,false,gps,gps,great rhododendron,Rhododendron maximum,great rhododendron,Plantae,83059
256304063,5c0ba377-110a-48cc-959e-7ddc3e8a964a,2024-12-26 15:25:13,2024-12-26,2024-12-26 21:25:13 +0100,Eastern Time (US & Canada),2188761,wildshine69,Destany Hill,2024-12-26 21:33:25 +0100,2024-12-26 21:34:23 +0100,needs_id,,https://www.inaturalist.org/observations/256304063,https://static.inaturalist.org/photos/459505578/medium.jpeg,,"",,0,0,false,2,"SAUTE-NACOCHE, GA 30571, USA",34.64906746,-83.66019494,9,,,,9,,open,false,,,great rhododendron,Rhododendron maximum,great rhododendron,Plantae,83059
256456393,dc1711cb-0f83-4c5b-84b5-31bcd6424041,2024-12-27 10:42:10-05:00,2024-12-27,2024-12-27 16:42:10 +0100,Eastern Time (US & Canada),696345,taco2000,Mike B,2024-12-28 03:56:53 +0100,2025-07-22 17:56:40 +0200,research,CC-BY-SA,https://www.inaturalist.org/observations/256456393,https://inaturalist-open-data.s3.amazonaws.com/photos/459819510/medium.jpg,,"","",1,0,false,3,"Appalachian Approach Trail, Blue Ridge, GA, US",34.6671466667,-84.1761866667,4,,,,4,,open,false,,,great rhododendron,Rhododendron maximum,great rhododendron,Plantae,83059
256571959,ed41a68b-ca71-48dd-af7f-aae611e75e28,2024-12-23 15:58:55-05:00,2024-12-23,2024-12-23 21:58:55 +0100,Eastern Time (US & Canada),2663890,kingjenna,,2024-12-29 02:44:41 +0100,2024-12-29 02:44:56 +0100,needs_id,CC-BY-NC,https://www.inaturalist.org/observations/256571959,https://inaturalist-open-data.s3.amazonaws.com/photos/460054689/medium.jpg,,"","",0,0,false,3,"Benton Mackaye Trail, Cherry Log, GA, US",34.7859383333,-84.3054416667,63,,,,63,,open,false,,,"",Rhododendron maximum,great rhododendron,Plantae,83059
256690954,ac0fde96-2ac8-49cc-a4b4-66768e0969cc,2024-12-29 13:57:05-05:00,2024-12-29,2024-12-29 19:57:05 +0100,Eastern Time (US & Canada),8370810,asiafaoro,,2024-12-30 00:23:02 +0100,2024-12-30 00:23:07 +0100,needs_id,CC-BY-NC,https://www.inaturalist.org/observations/256690954,https://inaturalist-open-data.s3.amazonaws.com/photos/460294207/medium.jpg,,"","",0,0,false,3,"Benton Mackaye Trail, Cherry Log, GA, US",34.7841616667,-84.3034366667,38,,,,38,,open,false,,,"",Rhododendron maximum,great rhododendron,Plantae,83059
256840290,57de72da-a39b-4d09-aa30-cc35798d350c,2024/12/30 11:01 AM,2024-12-30,2024-12-30 17:01:00 +0100,Eastern Time (US & Canada),4699723,thoscole,Thomas Cole,2024-12-31 04:31:25 +0100,2024-12-31 04:31:25 +0100,needs_id,CC-BY-NC,https://www.inaturalist.org/observations/256840290,https://inaturalist-open-data.s3.amazonaws.com/photos/460592041/medium.jpg,,"",Trailside on the Jack Knob Trail.,0,0,false,,"Union County, GA, USA",34.8411650698,-83.7928212401,270,,,,270,,open,false,,,Great Rhododendron,Rhododendron maximum,great rhododendron,Plantae,83059
257548399,53a0ba7c-e0a6-49b2-aff9-c8765491b7db,2025-01-05 15:56:07-05:00,2025-01-05,2025-01-05 21:56:07 +0100,Eastern Time (US & Canada),3806523,michael_vs8,,2025-01-06 04:22:38 +0100,2025-01-06 04:22:52 +0100,needs_id,CC-BY-NC,https://www.inaturalist.org/observations/257548399,https://inaturalist-open-data.s3.amazonaws.com/photos/462039844/medium.jpg,,"","",0,0,false,3,"White County, US-GA, US",34.7159746754,-83.8001720613,4,,,,4,,open,false,,,"",Rhododendron maximum,great rhododendron,Plantae,83059
258480547,60bc8707-2882-437d-aeef-ed866a881d98,2021-10-22 16:26:18,2021-10-22,2021-10-22 22:26:18 +0200,Eastern Time (US & Canada),5816502,bobbie79,Jean H.,2025-01-14 18:20:35 +0100,2025-01-14 18:21:16 +0100,needs_id,CC-BY,https://www.inaturalist.org/observations/258480547,https://inaturalist-open-data.s3.amazonaws.com/photos/463767340/medium.jpeg,,"",,0,0,false,2,"Dawson County, GA, USA",34.557724,-84.249649,,,,,,,open,false,gps,gps,great rhododendron,Rhododendron maximum,great rhododendron,Plantae,83059
258652413,ac5395f8-ad9a-4705-acd4-79648dbae369,2021-10-22 16:41:49,2021-10-22,2021-10-22 22:41:49 +0200,Eastern Time (US & Canada),5816502,bobbie79,Jean H.,2025-01-16 15:23:35 +0100,2025-04-02 21:41:17 +0200,needs_id,CC-BY,https://www.inaturalist.org/observations/258652413,https://inaturalist-open-data.s3.amazonaws.com/photos/464121426/medium.jpeg,,"",,0,0,false,2,"Dawson County, GA, USA",34.5612599722,-84.247566,,,,,,,open,false,gps,gps,great rhododendron,Rhododendron maximum,great rhododendron,Plantae,83059
259104917,16b5b71d-a6ec-475c-96f0-8105c4d4a930,2025-01-20 10:29:29-05:00,2025-01-20,2025-01-20 16:29:29 +0100,Eastern Time (US & Canada),2831770,sblumen,,2025-01-21 01:06:29 +0100,2025-02-13 23:46:20 +0100,needs_id,CC-BY,https://www.inaturalist.org/observations/259104917,https://inaturalist-open-data.s3.amazonaws.com/photos/465040074/medium.jpg,,"","",0,0,false,3,"Long Branch Rd, Rising Fawn, GA, US",34.8965833333,-85.39277,14,,,,14,,open,false,,,"",Rhododendron maximum,great rhododendron,Plantae,83059
259662776,90b7df4b-948b-4c7e-a963-9fc807f3a2af,2025-01-26 09:19:55-05:00,2025-01-26,2025-01-26 15:19:55 +0100,Eastern Time (US & Canada),1598005,justinspencer,Justin Spencer,2025-01-26 17:48:58 +0100,2025-01-26 17:49:16 +0100,needs_id,,https://www.inaturalist.org/observations/259662776,https://static.inaturalist.org/photos/466167930/medium.jpg,,"","",0,0,false,3,"Long Branch Rd, Rising Fawn, GA, US",34.8965116667,-85.3927916667,6,,,,6,,open,false,,,"",Rhododendron maximum,great rhododendron,Plantae,83059
259831548,75e5dac4-f058-4a62-b7a4-639f025606e7,2021-12-10 13:58:38,2021-12-10,2021-12-10 19:58:38 +0100,Eastern Time (US & Canada),7912383,chinaaddison,China Whitmire,2025-01-28 05:51:28 +0100,2025-04-13 14:30:44 +0200,research,CC-BY-NC,https://www.inaturalist.org/observations/259831548,https://inaturalist-open-data.s3.amazonaws.com/photos/466504867/medium.jpg,,"",,1,0,false,843,"Appalachian Approach Trail, Blue Ridge, GA, US",34.6587866667,-84.1912916667,99,,,,99,,open,false,,,great rhododendron,Rhododendron maximum,great rhododendron,Plantae,83059
260299942,4dc3bf84-870f-4d78-ab61-d476579497a1,2025-02-01 12:21:28,2025-02-01,2025-02-01 18:21:28 +0100,Eastern Time (US & Canada),3168871,italobalbozecca,Italo Balbo Zecca,2025-02-01 21:48:55 +0100,2025-02-01 21:49:00 +0100,needs_id,,https://www.inaturalist.org/observations/260299942,https://static.inaturalist.org/photos/467433694/medium.jpeg,,"",,0,0,false,2,"Cherry Log, GA 30522, USA",34.7866493966,-84.3058057129,296,,,,296,,open,false,gps,gps,great rhododendron,Rhododendron maximum,great rhododendron,Plantae,83059
260650540,8e974062-4215-48ba-93aa-bd520eb1817d,Tue Feb 04 2025 17:45:28 GMT -0500 (EST),2025-02-04,2025-02-04 23:45:28 +0100,Eastern Time (US & Canada),7582687,slayrah,,2025-02-04 23:45:39 +0100,2025-04-14 11:30:03 +0200,research,CC-BY-NC,https://www.inaturalist.org/observations/260650540,https://inaturalist-open-data.s3.amazonaws.com/photos/484837744/medium.jpeg,,"",,1,0,false,333,Morrow,33.5989379883,-84.3492431641,186,,,,186,,open,false,,,great rhododendron,Rhododendron maximum,great rhododendron,Plantae,83059
260742687,ec8b0755-37eb-4822-91b5-b9f91b447c9d,2025-02-05 16:15:39-05:00,2025-02-05,2025-02-05 22:15:39 +0100,Eastern Time (US & Canada),8926516,katelyn_ulick,katelyn Shook,2025-02-05 22:15:50 +0100,2025-04-14 13:28:30 +0200,research,,https://www.inaturalist.org/observations/260742687,https://static.inaturalist.org/photos/468303281/medium.jpg,,"","",1,0,false,3,"Zoo Atlanta, Atlanta, GA, US",33.7326100236,-84.3700559345,4,,,,4,,open,false,,,great rhododendron,Rhododendron maximum,great rhododendron,Plantae,83059
261143946,b1e12bf5-675e-4fe8-85bc-3df3e0347088,2025-02-08 13:05:55,2025-02-08,2025-02-08 19:05:55 +0100,Eastern Time (US & Canada),6104861,sidthepunk,Sid Lowe,2025-02-09 18:27:19 +0100,2025-02-09 18:27:26 +0100,needs_id,CC-BY-NC,https://www.inaturalist.org/observations/261143946,https://inaturalist-open-data.s3.amazonaws.com/photos/469100666/medium.jpeg,,"",,0,0,false,2,"Blue Ridge, GA 30513, USA",34.6465511047,-84.1747355461,332,,,,332,,open,false,gps,gps,great rhododendron,Rhododendron maximum,great rhododendron,Plantae,83059
261731372,0393e8e8-fb27-4cae-bdc1-642335dedc53,2025-02-14 11:28:09-05:00,2025-02-14,2025-02-14 17:28:09 +0100,Eastern Time (US & Canada),4176214,benchannah,Ben Hannah,2025-02-15 16:15:27 +0100,2025-02-15 16:15:32 +0100,needs_id,CC-BY-NC,https://www.inaturalist.org/observations/261731372,https://inaturalist-open-data.s3.amazonaws.com/photos/470271627/medium.jpg,,"",Seen near Helton Creek Falls,0,0,false,3,"Helton Creek Rd, Blairsville, GA, US",34.7529918088,-83.895655464,94,,,,94,,open,false,,,"",Rhododendron maximum,great rhododendron,Plantae,83059
262741468,b43ccc2a-753f-4901-b3a3-227e773c24a7,2025-02-22 14:13:12-05:00,2025-02-22,2025-02-22 20:13:12 +0100,Eastern Time (US & Canada),8911291,samiragulyamova,,2025-02-22 23:01:09 +0100,2025-04-14 21:37:16 +0200,needs_id,CC-BY-NC,https://www.inaturalist.org/observations/262741468,https://inaturalist-open-data.s3.amazonaws.com/photos/471872226/medium.jpg,,"","Observed at Meadowoods Dr in Morganton, GA on February 22, 2025. Large evergreen leaves and thick stems were present. Identified based on leaf size and arrangement.",0,0,false,3,"Meadowoods Dr, Morganton, GA, US",34.9179633333,-84.2262333333,4,,,,4,,open,false,,,Great Rhododendron,Rhododendron maximum,great rhododendron,Plantae,83059
262838656,d50f9b1b-413a-4efd-af19-64cd991b67c8,2025-02-23 10:20:52,2025-02-23,2025-02-23 16:20:52 +0100,Eastern Time (US & Canada),1447094,wbkemp,Whitney kemp,2025-02-23 19:12:08 +0100,2025-04-17 03:31:31 +0200,research,CC-BY-NC,https://www.inaturalist.org/observations/262838656,https://inaturalist-open-data.s3.amazonaws.com/photos/472071331/medium.jpeg,,"",,1,0,false,2,"Dawson County, GA, USA",34.4932287,-84.2819547997,,,,,,,open,false,gps,gps,great rhododendron,Rhododendron maximum,great rhododendron,Plantae,83059
262988254,2b66ae6f-43e7-4c78-8523-44a353372705,2025-02-23 14:03:38,2025-02-23,2025-02-23 20:03:38 +0100,Eastern Time (US & Canada),4914728,stishovite,"",2025-02-24 23:38:56 +0100,2025-04-17 07:14:43 +0200,research,CC-BY-NC,https://www.inaturalist.org/observations/262988254,https://inaturalist-open-data.s3.amazonaws.com/photos/472367134/medium.jpeg,,"",,1,0,false,2,"Dawson County, GA, USA",34.5699583333,-84.2416944444,,,,,,,open,false,gps,gps,great rhododendron,Rhododendron maximum,great rhododendron,Plantae,83059
263096131,c7e81c53-1dfa-4809-90a7-c487aa2ba564,2025-02-25 17:06:12-05:00,2025-02-25,2025-02-25 23:06:12 +0100,Eastern Time (US & Canada),6529921,j_bowen04,Justin M. Bowen,2025-02-25 23:27:18 +0100,2025-10-31 02:52:49 +0100,research,CC-BY-NC,https://www.inaturalist.org/observations/263096131,https://inaturalist-open-data.s3.amazonaws.com/photos/472583207/medium.jpg,,"","",2,0,false,3,"Emory University, Atlanta, GA, US",33.7993995835,-84.3147123108,424,,,,424,,open,false,,,great rhododendron,Rhododendron maximum,great rhododendron,Plantae,83059
264542684,313933ee-e50d-4d32-816e-66cb00b44c47,2025-03-08 13:25:34-05:00,2025-03-08,2025-03-08 19:25:34 +0100,Eastern Time (US & Canada),9005751,gooseyloosey927,,2025-03-08 19:26:05 +0100,2025-04-02 21:39:18 +0200,needs_id,CC-BY-NC,https://www.inaturalist.org/observations/264542684,https://inaturalist-open-data.s3.amazonaws.com/photos/475029022/medium.jpg,,"","",0,0,false,3,"Amicalola Falls State Park, Dawsonville, GA, US",34.5654107722,-84.2422709632,7,,,,7,,open,false,,,"",Rhododendron maximum,great rhododendron,Plantae,83059
264552344,ca6b14fe-d065-42b2-a5c7-7c5a297738dd,2025-03-08 12:47:54-05:00,2025-03-08,2025-03-08 18:47:54 +0100,Eastern Time (US & Canada),8998189,emmett_menting,Emma Menting,2025-03-08 20:45:49 +0100,2025-07-15 01:38:56 +0200,research,CC-BY-NC,https://www.inaturalist.org/observations/264552344,https://inaturalist-open-data.s3.amazonaws.com/photos/475048032/medium.jpg,,"","",1,0,false,3,"Indian Grave Gap Rd, Hiawassee, GA, US",34.8159916667,-83.7272033333,4,,,,4,,open,false,,,great rhododendron,Rhododendron maximum,great rhododendron,Plantae,83059
265072575,8ac958e7-49f2-4975-833d-30eafbade724,Thu Oct 24 2024 15:25:34 GMT -0400 (EDT),2024-10-24,2024-10-24 21:25:34 +0200,Eastern Time (US & Canada),8675740,bbowen03,,2025-03-12 18:56:17 +0100,2025-04-13 14:40:33 +0200,needs_id,CC-BY-NC,https://www.inaturalist.org/observations/265072575,https://inaturalist-open-data.s3.amazonaws.com/photos/485862742/medium.jpeg,,"",,0,0,false,333,Blairsville,34.7668266296,-83.9215698242,,,,,,,open,false,,,,Rhododendron maximum,great rhododendron,Plantae,83059
265789492,09d6f8f5-1f16-4ca5-8216-2a52fbc0397b,2025-03-16 17:57:02-04:00,2025-03-16,2025-03-16 22:57:02 +0100,Eastern Time (US & Canada),6294951,vo1an,,2025-03-18 05:15:59 +0100,2025-08-01 05:12:14 +0200,research,CC-BY-NC,https://www.inaturalist.org/observations/265789492,https://inaturalist-open-data.s3.amazonaws.com/photos/477474486/medium.jpg,,"","",2,0,false,3,"Lake Trahlyta, Blairsville, GA, US",34.7668216667,-83.9211716667,5,,,,5,,open,false,,,great rhododendron,Rhododendron maximum,great rhododendron,Plantae,83059
265855702,37b5bcc4-c3b1-4e51-b5cf-94365a7bd6a7,2025-03-18 12:04:41-04:00,2025-03-18,2025-03-18 17:04:41 +0100,Eastern Time (US & Canada),4133247,crowleymuseumandnaturecenter,Crowley Museum &amp; Nature Center Inc,2025-03-18 19:34:07 +0100,2025-03-19 01:25:27 +0100,needs_id,CC-BY-NC,https://www.inaturalist.org/observations/265855702,https://inaturalist-open-data.s3.amazonaws.com/photos/477606461/medium.jpg,,"","",0,0,false,3,"Fannin County, US-GA, US",34.8709062272,-84.4405136402,40,,,,40,,open,false,,,"",Rhododendron maximum,great rhododendron,Plantae,83059
266021041,6d153240-c6ff-463c-9da8-43a22f394e7b,2025-03-19 15:16:55-04:00,2025-03-19,2025-03-19 20:16:55 +0100,Eastern Time (US & Canada),8588725,audrey59543,Audrey,2025-03-19 23:12:14 +0100,2025-10-31 16:51:32 +0100,research,,https://www.inaturalist.org/observations/266021041,https://static.inaturalist.org/photos/477922555/medium.jpg,,"",Buds,1,0,false,3,"Dahlonega, GA, US",34.6171283333,-84.0981971667,12,,,,12,,open,false,,,great rhododendron,Rhododendron maximum,great rhododendron,Plantae,83059
266402978,32b5451c-9dca-44de-a3bd-df41d1af4d7f,2025-03-22 12:48:04,2025-03-22,2025-03-22 17:48:04 +0100,Eastern Time (US & Canada),2743879,scrubgay,ʁ,2025-03-22 18:10:37 +0100,2025-03-22 19:17:20 +0100,needs_id,CC-BY-NC-SA,https://www.inaturalist.org/observations/266402978,https://inaturalist-open-data.s3.amazonaws.com/photos/478671009/medium.jpeg,,"",,0,0,false,2,"Dawson County, GA, USA",34.5863222222,-84.226675,,,,,,,open,false,gps,gps,great rhododendron,Rhododendron maximum,great rhododendron,Plantae,83059
266437512,e303453c-aa96-40ef-b150-ab4008d964c9,2025-03-22 08:07:43-04:00,2025-03-22,2025-03-22 13:07:43 +0100,Eastern Time (US & Canada),764155,whatch11,Wes Hatch,2025-03-22 21:38:51 +0100,2025-07-22 18:46:29 +0200,research,,https://www.inaturalist.org/observations/266437512,https://static.inaturalist.org/photos/478715995/medium.jpg,,"","",1,0,false,3,"Forest Service Road 58, Blue Ridge, GA, US",34.6641216667,-84.184455,4,,,,4,,open,false,,,great rhododendron,Rhododendron maximum,great rhododendron,Plantae,83059
266438441,99c9488c-54ce-4bc8-ac8b-99c2fb15497e,2025-03-22 11:40:46-04:00,2025-03-22,2025-03-22 16:40:46 +0100,Eastern Time (US & Canada),764155,whatch11,Wes Hatch,2025-03-22 21:44:02 +0100,2025-03-22 21:44:08 +0100,needs_id,,https://www.inaturalist.org/observations/266438441,https://static.inaturalist.org/photos/478717517/medium.jpg,,"","",0,0,false,3,"Benton Mackaye Trail, Blue Ridge, GA, US",34.6377366667,-84.1794533333,4,,,,4,,open,false,,,"",Rhododendron maximum,great rhododendron,Plantae,83059
266451454,ddb91fb4-1b09-4d01-b338-57682b7f654e,2025-03-22 17:30:13-04:00,2025-03-22,2025-03-22 22:30:13 +0100,Eastern Time (US & Canada),1663067,pshubin,Phoebe Shubin,2025-03-22 22:59:46 +0100,2025-06-24 18:32:34 +0200,needs_id,CC-BY-NC,https://www.inaturalist.org/observations/266451454,https://inaturalist-open-data.s3.amazonaws.com/photos/478887656/medium.jpg,,"",E1565,2,0,false,3,"Murray County, US-GA, US",34.8017832125,-84.6249848978,6,,,,6,,open,false,,,rhododendrons and azaleas,Rhododendron maximum,great rhododendron,Plantae,83059
267430616,6bce06af-f529-4b6e-8c97-307cd64b36e7,2025-03-28 20:04:11-04:00,2025-03-28,2025-03-29 01:04:11 +0100,Eastern Time (US & Canada),8980498,caitlynmarie16,,2025-03-29 01:04:39 +0100,2025-03-29 01:04:46 +0100,needs_id,CC-BY-NC,https://www.inaturalist.org/observations/267430616,https://inaturalist-open-data.s3.amazonaws.com/photos/480594048/medium.jpg,,"","",0,0,false,3,"Scott Rd, Canton, GA, US",34.2199074842,-84.4404129167,18,,,,18,,open,false,,,"",Rhododendron maximum,great rhododendron,Plantae,83059
267510937,387f9af6-5d16-4feb-9e8c-d89809dbc281,Sat Mar 29 2025 10:30:02 GMT -0400 (EDT),2025-03-29,2025-03-29 15:30:02 +0100,Eastern Time (US & Canada),4485359,denispell,,2025-03-29 15:30:24 +0100,2025-04-06 15:07:15 +0200,needs_id,CC-BY-NC,https://www.inaturalist.org/observations/267510937,https://inaturalist-open-data.s3.amazonaws.com/photos/483445179/medium.jpeg,,"",,0,0,false,333,Clarkesville,34.7285461426,-83.5746078491,35,,,,35,,open,false,,,,Rhododendron maximum,great rhododendron,Plantae,83059
268334534,1baeb302-2fd7-4c77-9087-57bd58279463,2025/03/29 8:50 AM,2025-03-29,2025-03-29 13:50:00 +0100,Eastern Time (US & Canada),6656966,plantdad58,Plantdad58,2025-04-03 07:09:20 +0200,2025-04-03 07:09:20 +0200,needs_id,CC-BY-NC,https://www.inaturalist.org/observations/268334534,https://inaturalist-open-data.s3.amazonaws.com/photos/482319790/medium.jpeg,,"",,0,0,false,,"Rabun, Georgia, United States",34.9454694444,-83.4954222222,4,,,,4,,open,false,,,Great Rhododendron,Rhododendron maximum,great rhododendron,Plantae,83059
268334578,54d34743-b1b4-4d31-8a88-bb5dda858d86,2025/03/29 8:50 AM,2025-03-29,2025-03-29 13:50:00 +0100,Eastern Time (US & Canada),6656966,plantdad58,Plantdad58,2025-04-03 07:09:30 +0200,2025-04-03 07:09:30 +0200,needs_id,CC-BY-NC,https://www.inaturalist.org/observations/268334578,https://inaturalist-open-data.s3.amazonaws.com/photos/482319951/medium.jpeg,,"",,0,0,false,,"Rabun County, GA, USA",34.9454944444,-83.4953611111,14,,,,14,,open,false,,,Great Rhododendron,Rhododendron maximum,great rhododendron,Plantae,83059
268918681,ca607d51-0a25-4c1e-ba2e-7b4ee4c4cda4,2025-04-05 14:37:35-04:00,2025-04-05,2025-04-05 20:37:35 +0200,Eastern Time (US & Canada),3759805,sam_ei_jones,Sam Jones,2025-04-06 15:01:03 +0200,2026-08-02 07:41:40 +0200,research,CC-BY-NC,https://www.inaturalist.org/observations/268918681,https://inaturalist-open-data.s3.amazonaws.com/photos/483443486/medium.jpg,,"","",1,0,false,3,"Raven Cliffs Trail, Helen, GA, US",34.710895,-83.7942966667,4,,,,4,,open,false,,,great rhododendron,Rhododendron maximum,great rhododendron,Plantae,83059
268978431,589ef564-fa9b-4515-bf22-037c8f33e3e3,2025-04-05 14:41:40-04:00,2025-04-05,2025-04-05 20:41:40 +0200,Eastern Time (US & Canada),6313602,ichthysace,Peace,2025-04-06 20:27:22 +0200,2025-04-06 21:08:26 +0200,research,CC-BY-NC,https://www.inaturalist.org/observations/268978431,https://inaturalist-open-data.s3.amazonaws.com/photos/483555294/medium.jpg,,"","",1,0,false,3,"Georgia, US",34.6108541471,-83.3175631588,42,,,,28790,obscured,open,true,,,great rhododendron,Rhododendron maximum,great rhododendron,Plantae,83059
269543347,f07a19bd-cf42-4840-bad3-b120d7b9483d,2025-04-09 13:56:45,2025-04-09,2025-04-09 19:56:45 +0200,Eastern Time (US & Canada),2768574,jpkarlsberg,Jesse P. Karlsberg,2025-04-10 02:02:40 +0200,2026-08-06 18:15:24 +0200,needs_id,CC-BY-NC,https://www.inaturalist.org/observations/269543347,https://inaturalist-open-data.s3.amazonaws.com/photos/484650262/medium.jpg,,"",,0,0,false,843,"SR-53, Dawsonville, GA, US",34.4267716667,-84.2115083333,4,,,,4,,open,false,,,,Rhododendron maximum,great rhododendron,Plantae,83059
269639816,cb3cdd57-17f6-46ac-9ad8-b136cf1d3768,2025-04-10 12:56:49,2025-04-10,2025-04-10 18:56:49 +0200,Eastern Time (US & Canada),5498269,mikeshen,Mike Shen,2025-04-10 18:57:19 +0200,2025-04-10 18:57:59 +0200,needs_id,CC-BY-NC,https://www.inaturalist.org/observations/269639816,https://inaturalist-open-data.s3.amazonaws.com/photos/484837482/medium.jpeg,,"",,0,0,false,2,"Dunwoody, GA 30350, USA",33.9757829,-84.3540406,699,,,,699,,open,false,,,great rhododendron,Rhododendron maximum,great rhododendron,Plantae,83059
270466122,1fe82cdb-9060-4590-955d-e391f7dee063,2025-04-14 13:44:31-04:00,2025-04-14,2025-04-14 19:44:31 +0200,Eastern Time (US & Canada),6922621,pattarian,Peter Attarian,2025-04-14 19:45:09 +0200,2026-01-18 14:23:02 +0100,research,CC-BY-NC,https://www.inaturalist.org/observations/270466122,https://inaturalist-open-data.s3.amazonaws.com/photos/486419943/medium.jpg,,"","",2,0,false,3,"Georgia, US",33.7631104902,-84.3530891213,4,,,,28930,obscured,open,true,,"",great rhododendron,Rhododendron maximum,great rhododendron,Plantae,83059
271727831,5fd15d79-8cb3-4c12-9bd8-0d8b876e02e7,2025-04-20 10:20:30-04:00,2025-04-20,2025-04-20 16:20:30 +0200,Eastern Time (US & Canada),3497218,ericketts,,2025-04-20 17:52:41 +0200,2025-04-20 23:08:29 +0200,needs_id,CC-BY-NC,https://www.inaturalist.org/observations/271727831,https://inaturalist-open-data.s3.amazonaws.com/photos/488951809/medium.jpg,,"","",0,0,false,3,"Nimblewill Gap Road, Dawsonville, GA, US",34.5902268646,-84.2258177368,926,,,,926,,open,false,,,"",Rhododendron maximum,great rhododendron,Plantae,83059
272108175,2afb5aa5-1513-4831-82ca-3cf416d07510,2025-04-21 16:38:19-04:00,2025-04-21,2025-04-21 22:38:19 +0200,Eastern Time (US & Canada),6153087,mnd10,,2025-04-22 03:40:46 +0200,2025-04-24 01:57:58 +0200,research,CC-BY-NC,https://www.inaturalist.org/observations/272108175,https://inaturalist-open-data.s3.amazonaws.com/photos/489526377/medium.jpg,,"","",1,0,false,3,"Honey Stand Rd, Clarkesville, GA, US",34.689495,-83.4060666667,4,,,,4,,open,false,,,great rhododendron,Rhododendron maximum,great rhododendron,Plantae,83059
272277049,4938e70e-7edd-4a57-a6d7-c11309641aa6,2025-04-22 15:18:31,2025-04-22,2025-04-22 21:18:31 +0200,Eastern Time (US & Canada),6546305,jessicaf1971,Jessica,2025-04-22 21:55:51 +0200,2025-04-22 21:55:57 +0200,needs_id,CC-BY-NC,https://www.inaturalist.org/observations/272277049,https://inaturalist-open-data.s3.amazonaws.com/photos/489835421/medium.jpeg,,"",,0,0,false,2,"Murray County, US-GA, US",34.75673673,-84.70680588,6,,,,6,,open,false,,,great rhododendron,Rhododendron maximum,great rhododendron,Plantae,83059
272699420,4622a659-021a-48ca-bf2b-29f7870842d4,2025-04-24 11:10:54,2025-04-24,2025-04-24 17:10:54 +0200,Eastern Time (US & Canada),6546305,jessicaf1971,Jessica,2025-04-24 17:11:09 +0200,2025-04-24 17:11:19 +0200,needs_id,CC-BY-NC,https://www.inaturalist.org/observations/272699420,https://inaturalist-open-data.s3.amazonaws.com/photos/490617450/medium.jpeg,,"",,0,0,false,2,"Ellijay, GA 30540, USA",34.7122292,-84.5551415,2944,,,,2944,,open,false,,,great rhododendron,Rhododendron maximum,great rhododendron,Plantae,83059
273147992,fdf2b1dc-a5e4-4855-bef2-b840b7013f63,2025-04-25 10:25:53,2025-04-25,2025-04-25 16:25:53 +0200,Eastern Time (US & Canada),7887363,dash_acker_fernbank,,2025-04-25 17:11:48 +0200,2025-10-30 19:50:36 +0100,research,CC-BY-NC,https://www.inaturalist.org/observations/273147992,https://inaturalist-open-data.s3.amazonaws.com/photos/491331941/medium.jpg,,"",,2,0,false,843,"Clifton Rd NE, Atlanta, GA, US",33.7741059358,-84.3274190731,35,,,,35,,open,false,,,great rhododendron,Rhododendron maximum,great rhododendron,Plantae,83059
273170916,c028c4c2-7554-4cd2-a758-bbdb337ab895,2025-04-25 11:45:59,2025-04-25,2025-04-25 17:45:59 +0200,Eastern Time (US & Canada),6619390,v-fernbank,Vhanessa Marcondes,2025-04-25 17:46:17 +0200,2025-10-30 19:50:18 +0100,research,,https://www.inaturalist.org/observations/273170916,https://static.inaturalist.org/photos/491366113/medium.jpg,,"",,2,0,false,843,"Clifton Rd NE, Atlanta, GA, US",33.7741659649,-84.3272539464,14,,,,14,,open,false,,,great rhododendron,Rhododendron maximum,great rhododendron,Plantae,83059
274345090,8af04934-4bf4-4698-8afe-f6a9041189d6,2025-04-26 11:18:16-04:00,2025-04-26,2025-04-26 17:18:16 +0200,Eastern Time (US & Canada),6313602,ichthysace,Peace,2025-04-27 04:42:25 +0200,2025-04-27 04:42:32 +0200,needs_id,CC-BY-NC,https://www.inaturalist.org/observations/274345090,https://inaturalist-open-data.s3.amazonaws.com/photos/493231269/medium.jpg,,"","",0,0,false,3,"Georgia, US",34.7737696093,-84.6293307009,4,,,,28790,obscured,open,true,,,"",Rhododendron maximum,great rhododendron,Plantae,83059
274987025,20ed767b-4ea5-47d7-8c18-d8a22c19b208,2025-04-27 09:36:06,2025-04-27,2025-04-27 15:36:06 +0200,Eastern Time (US & Canada),5487658,cecilia377,Cecilia Johnson,2025-04-27 22:05:11 +0200,2025-04-27 22:05:18 +0200,needs_id,,https://www.inaturalist.org/observations/274987025,https://static.inaturalist.org/photos/494231326/medium.jpeg,,"",,0,0,false,2,"SAUTE-NACOCHE, GA 30571, USA",34.7585833333,-83.7106388889,,,,,,,open,false,gps,gps,great rhododendron,Rhododendron maximum,great rhododendron,Plantae,83059
275008547,3c29f6ce-d4f7-442c-aed4-c5bc44417048,2025-04-27 15:13:27,2025-04-27,2025-04-27 21:13:27 +0200,Eastern Time (US & Canada),9222393,mary_ellen_brigham,Mary Ellen Brigham,2025-04-27 22:27:57 +0200,2025-04-28 14:02:47 +0200,research,CC-BY-NC,https://www.inaturalist.org/observations/275008547,https://inaturalist-open-data.s3.amazonaws.com/photos/494263643/medium.jpg,,"",,1,0,false,843,"Clifton Rd NE, Atlanta, GA, US",33.775621115,-84.3246258822,3,,,,3,,open,false,,,great rhododendron,Rhododendron maximum,great rhododendron,Plantae,83059
275632135,35392803-35b3-4464-bacf-24ba9f082710,2025-04-28 09:04:13,2025-04-28,2025-04-28 15:04:13 +0200,Eastern Time (US & Canada),380476,peter99,Peter Johnson,2025-04-28 15:32:03 +0200,2025-07-19 00:06:29 +0200,research,,https://www.inaturalist.org/observations/275632135,https://static.inaturalist.org/photos/495225384/medium.jpeg,,"",,1,0,false,2,"Ellijay, GA 30540, USA",34.8543643,-84.4437925,,,,,,,open,false,gps,gps,great rhododendron,Rhododendron maximum,great rhododendron,Plantae,83059
276045450,dd56696d-e632-4df3-a71c-cd470eaffb1a,2025-04-28 16:10:03,2025-04-28,2025-04-28 22:10:03 +0200,Eastern Time (US & Canada),9196712,eloisefernbank,,2025-04-28 22:37:52 +0200,2025-10-30 19:32:00 +0100,research,CC-BY-NC,https://www.inaturalist.org/observations/276045450,https://inaturalist-open-data.s3.amazonaws.com/photos/495828656/medium.jpg,,"",,1,0,false,843,"Clifton Rd NE, Atlanta, GA, US",33.7773257355,-84.3240971066,10,,,,10,,open,false,,,great rhododendron,Rhododendron maximum,great rhododendron,Plantae,83059
276134217,51873797-493d-454a-b636-4d8c3109e629,2025-04-28 14:58:29,2025-04-28,2025-04-28 20:58:29 +0200,Eastern Time (US & Canada),6557089,fernbanktreegirl,,2025-04-29 00:17:04 +0200,2025-10-30 18:45:30 +0100,research,CC-BY-NC,https://www.inaturalist.org/observations/276134217,https://inaturalist-open-data.s3.amazonaws.com/photos/495963164/medium.jpeg,,"",,2,0,false,2,"Druid Hills, GA, USA",33.7763172,-84.3218925,,,,,,,open,false,gps,gps,great rhododendron,Rhododendron maximum,great rhododendron,Plantae,83059
277028296,4c7d193a-1ce8-40da-9bc4-046b69e54cca,2025-04-29 14:17:43,2025-04-29,2025-04-29 20:17:43 +0200,Eastern Time (US & Canada),6629138,tylershepard98,Tyler Shepard,2025-04-30 16:59:29 +0200,2025-04-30 16:59:42 +0200,needs_id,,https://www.inaturalist.org/observations/277028296,https://static.inaturalist.org/photos/497444714/medium.jpeg,,"",,0,0,false,2,"Epworth, GA 30541, USA",34.9814525997,-84.5806144997,,,,,,,open,false,gps,gps,great rhododendron,Rhododendron maximum,great rhododendron,Plantae,83059
277161905,099bdee8-f57f-4d01-a259-f465492eb670,2025-04-30 17:52:53-04:00,2025-04-30,2025-04-30 23:52:53 +0200,Eastern Time (US & Canada),1104891,bribru,,2025-04-30 23:53:01 +0200,2025-05-01 19:32:22 +0200,research,,https://www.inaturalist.org/observations/277161905,https://static.inaturalist.org/photos/497684899/medium.jpg,,"","",1,0,false,3,"Spyglass Bluff, Johns Creek, GA, US",33.9940014954,-84.2615276415,27,,,,27,,open,false,,,great rhododendron,Rhododendron maximum,great rhododendron,Plantae,83059
278516427,b8b01869-4a54-4dc5-8fb0-64e19f39d63a,2025-05-03 14:13:23,2025-05-03,2025-05-03 20:13:23 +0200,Eastern Time (US & Canada),7267404,algraff,,2025-05-04 21:47:57 +0200,2025-07-14 23:56:46 +0200,research,CC-BY-NC,https://www.inaturalist.org/observations/278516427,https://inaturalist-open-data.s3.amazonaws.com/photos/500094066/medium.jpg,,"",,1,0,false,843,"Brasstown Bald Trail, Hiawassee, GA, US",34.872045,-83.8108216667,4,,,,4,,open,false,,,great rhododendron,Rhododendron maximum,great rhododendron,Plantae,83059
279031311,c82e4483-2b8b-46ed-93a7-18996ddb7d59,2025-04-25 12:07:59-04:00,2025-04-25,2025-04-25 18:07:59 +0200,Eastern Time (US & Canada),8234536,gechterling,,2025-05-06 20:23:46 +0200,2025-05-06 20:24:42 +0200,needs_id,CC-BY-NC,https://www.inaturalist.org/observations/279031311,https://inaturalist-open-data.s3.amazonaws.com/photos/501041547/medium.jpg,,"","",0,0,false,3,"Union County, US-GA, US",34.7598914848,-83.9159003765,2043,,,,2043,,open,false,,,great rhododendron,Rhododendron maximum,great rhododendron,Plantae,83059
279460997,def482df-d396-40b3-a044-491f29e08c7f,2025-05-08 09:46:50-04:00,2025-05-08,2025-05-08 15:46:50 +0200,Eastern Time (US & Canada),3505421,canarywood,,2025-05-08 15:50:22 +0200,2025-05-15 03:44:02 +0200,research,CC-BY-NC,https://www.inaturalist.org/observations/279460997,https://inaturalist-open-data.s3.amazonaws.com/photos/501837439/medium.jpg,,"","",1,0,false,3,"Hike Inn Lodge Trail, Dawsonville, GA, US",34.5920860556,-84.2083851802,22,,,,22,,open,false,,,great rhododendron,Rhododendron maximum,great rhododendron,Plantae,83059
279837935,474f6783-205f-42d7-8945-333775e795b6,2025-05-09 19:53:01-04:00,2025-05-09,2025-05-10 01:53:01 +0200,Eastern Time (US & Canada),8588725,audrey59543,Audrey,2025-05-10 03:18:50 +0200,2025-10-31 16:50:47 +0100,research,,https://www.inaturalist.org/observations/279837935,https://static.inaturalist.org/photos/502547773/medium.jpg,,"",Flowering,1,0,false,3,"Cloverleaf Trail, Dahlonega, GA, US",34.6167333333,-84.0995778333,47,,,,47,,open,false,,,great rhododendron,Rhododendron maximum,great rhododendron,Plantae,83059
280144348,3392eefa-779f-44ff-98c6-15f0413582b8,2025-05-10 16:24:10,2025-05-10,2025-05-10 22:24:10 +0200,Eastern Time (US & Canada),8516497,sriranjan,ST,2025-05-11 06:30:50 +0200,2025-05-11 06:30:51 +0200,needs_id,,https://www.inaturalist.org/observations/280144348,https://static.inaturalist.org/photos/503124197/medium.jpg,,"",,0,0,false,843,"Union County, US-GA, US",34.7409793374,-83.9231395393,4,,,,4,,open,false,,,,Rhododendron maximum,great rhododendron,Plantae,83059
280330513,15c04ca6-43ad-45e7-a325-6a1a0f8404b4,2025-05-09 15:52:09,2025-05-09,2025-05-09 21:52:09 +0200,Eastern Time (US & Canada),1483,msamuel,"",2025-05-11 21:54:51 +0200,2025-10-31 16:49:18 +0100,research,,https://www.inaturalist.org/observations/280330513,https://static.inaturalist.org/photos/503468446/medium.jpg,,"",,1,0,false,843,"Dahlonega, GA, US",34.6247992945,-84.1210279113,30769,,,,30769,,open,false,,,great rhododendron,Rhododendron maximum,great rhododendron,Plantae,83059
280589836,93d03a35-4319-4b3b-be21-7c4fe44ea5f5,2025-05-12 14:29:43-04:00,2025-05-12,2025-05-12 20:29:43 +0200,Eastern Time (US & Canada),3505421,canarywood,,2025-05-12 20:30:30 +0200,2025-05-12 20:30:56 +0200,needs_id,CC-BY-NC,https://www.inaturalist.org/observations/280589836,https://inaturalist-open-data.s3.amazonaws.com/photos/503960553/medium.jpg,,"","",0,0,false,3,"Hike Inn Lodge Trail, Dawsonville, GA, US",34.592181777,-84.2081906796,819,,,,819,,open,false,,,"",Rhododendron maximum,great rhododendron,Plantae,83059
281301243,01c83549-492c-4f1a-b0cc-83ed6bd3813a,2025-05-15 10:03:05-04:00,2025-05-15,2025-05-15 16:03:05 +0200,Eastern Time (US & Canada),34564,nooga_naturalist,Jim Greenway,2025-05-15 19:51:39 +0200,2025-10-13 00:51:43 +0200,needs_id,CC-BY-NC,https://www.inaturalist.org/observations/281301243,https://inaturalist-open-data.s3.amazonaws.com/photos/505303316/medium.jpg,,"","",0,0,false,3,"Lowery Rd, Morganton, GA, US",34.9232866667,-84.2301633333,4,,,,4,,open,false,,,"",Rhododendron maximum,great rhododendron,Plantae,83059
281344128,588be925-2010-412c-bb12-498aa9f05423,2025-05-04 16:30:09,2025-05-04,2025-05-04 22:30:09 +0200,Eastern Time (US & Canada),9160553,m__renee_harper,M. Renee Harper,2025-05-15 22:59:31 +0200,2025-06-27 14:37:51 +0200,research,CC-BY-NC,https://www.inaturalist.org/observations/281344128,https://inaturalist-open-data.s3.amazonaws.com/photos/505383003/medium.jpg,,"",,1,0,false,843,"Lemon Rd, Rockmart, GA, US",33.8762819194,-85.0373322111,8,,,,8,,open,false,,,great rhododendron,Rhododendron maximum,great rhododendron,Plantae,83059
281818330,7a0aab61-dc19-4ed6-aa9a-b948de1597ec,2025-05-03T11:38,2025-05-03,2025-05-03 17:38:00 +0200,Eastern Time (US & Canada),1306745,dmitry1,Dmitry Podobreev,2025-05-17 19:16:56 +0200,2025-10-31 16:48:14 +0100,research,CC-BY,https://www.inaturalist.org/observations/281818330,https://inaturalist-open-data.s3.amazonaws.com/photos/506275304/medium.jpg,,"",,2,0,false,843,"Dockery Lake Trail, Dahlonega, GA, US",34.6797033333,-83.9792116667,4,,,,4,,open,false,,,great rhododendron,Rhododendron maximum,great rhododendron,Plantae,83059
282772192,df462198-6295-493a-8a7f-3ac2109574eb,2025-05-19 14:04:09,2025-05-19,2025-05-19 20:04:09 +0200,Eastern Time (US & Canada),6682641,jferrari444,Jim Ferrari,2025-05-21 02:30:10 +0200,2025-05-21 02:30:12 +0200,needs_id,CC-BY-NC,https://www.inaturalist.org/observations/282772192,https://inaturalist-open-data.s3.amazonaws.com/photos/508057879/medium.jpg,,"",,0,0,false,843,"Jacks Knob Trail, Blairsville, GA, US",34.86768,-83.810495,4,,,,4,,open,false,,,,Rhododendron maximum,great rhododendron,Plantae,83059
282781638,d336076c-8f5c-4f72-8831-f562b0fd3077,2025-05-20 10:03:51-04:00,2025-05-20,2025-05-20 16:03:51 +0200,Eastern Time (US & Canada),2221964,johndhess,,2025-05-21 03:24:42 +0200,2025-08-18 01:01:32 +0200,research,CC-BY-NC,https://www.inaturalist.org/observations/282781638,https://inaturalist-open-data.s3.amazonaws.com/photos/508077001/medium.jpg,,"","",1,0,false,3,"Wagon Train Trail, Hiawassee, GA, US",34.8713679803,-83.8085450937,6,,,,6,,open,false,,,great rhododendron,Rhododendron maximum,great rhododendron,Plantae,83059
282782936,e9e2a777-f74a-4923-addf-04d3d03b0818,2025-05-19 19:21:49,2025-05-19,2025-05-20 01:21:49 +0200,Eastern Time (US & Canada),6682641,jferrari444,Jim Ferrari,2025-05-21 03:32:28 +0200,2025-08-07 01:57:14 +0200,research,CC-BY-NC,https://www.inaturalist.org/observations/282782936,https://inaturalist-open-data.s3.amazonaws.com/photos/508079730/medium.jpg,,"",,1,0,false,843,"Towns County, US-GA, US",34.8710166667,-83.80925,5,,,,5,,open,false,,,great rhododendron,Rhododendron maximum,great rhododendron,Plantae,83059
282936233,97f92323-8134-4e15-89a3-280c3a998469,2017/06/24 12:48 PM,2017-06-24,2017-06-24 18:48:00 +0200,Eastern Time (US & Canada),5585344,fezzgator67,Ryan Fessenden,2025-05-21 19:39:32 +0200,2025-10-31 16:47:59 +0100,research,CC-BY-NC,https://www.inaturalist.org/observations/282936233,https://inaturalist-open-data.s3.amazonaws.com/photos/508356905/medium.jpg,,"","",2,0,false,,"Dahlonega, GA 30533, USA",34.5494853928,-83.9722339873,61,,,,61,,open,false,,,great rhododendron,Rhododendron maximum,great rhododendron,Plantae,83059
283186549,91e5de1a-c138-4eb5-8573-71cd753b3d8d,2025-04-22 12:28:31,2025-04-22,2025-04-22 18:28:31 +0200,Eastern Time (US & Canada),9166919,rkcraw,,2025-05-22 19:51:45 +0200,2025-06-27 14:33:02 +0200,research,CC-BY-NC,https://www.inaturalist.org/observations/283186549,https://inaturalist-open-data.s3.amazonaws.com/photos/508823040/medium.jpg,,"",,2,0,false,843,"Woodward Ave SE, Atlanta, GA, US",33.7456963293,-84.3665575354,2,,,,2,,open,false,,,great rhododendron,Rhododendron maximum,great rhododendron,Plantae,83059
283237704,d1dad0c3-b214-4ec8-8132-bb0e22495e09,2025-05-22 13:28:40,2025-05-22,2025-05-22 19:28:40 +0200,Eastern Time (US & Canada),5498692,tyler934,Tyler Radtke,2025-05-22 23:43:34 +0200,2026-04-10 20:41:50 +0200,needs_id,CC0,https://www.inaturalist.org/observations/283237704,https://inaturalist-open-data.s3.amazonaws.com/photos/508916798/medium.jpg,,"",,0,0,false,843,"Byron Herbert Reece Trail, Blairsville, GA, US",34.74152,-83.9226833333,14,,,,14,,open,false,,,,Rhododendron maximum,great rhododendron,Plantae,83059
283681959,a32cbe08-d971-42cb-9f10-0d4eae7088bf,2025-05-24 13:08:08,2025-05-24,2025-05-24 19:08:08 +0200,Eastern Time (US & Canada),9310788,forestedpine,Forest Pine,2025-05-24 19:09:03 +0200,2025-07-14 14:14:20 +0200,research,CC-BY-NC,https://www.inaturalist.org/observations/283681959,https://inaturalist-open-data.s3.amazonaws.com/photos/509752550/medium.jpg,,"",,1,0,false,2,"Hiawassee, GA 30546, USA",34.8060527778,-83.7426555556,,,,,,,open,false,gps,gps,great rhododendron,Rhododendron maximum,great rhododendron,Plantae,83059
283689587,a196d73b-518d-454a-bd52-df9460f3e44e,Sat May 24 2025 11:50:04 GMT -0400 (EDT),2025-05-24,2025-05-24 17:50:04 +0200,Eastern Time (US & Canada),6290171,j0brenn,,2025-05-24 19:33:53 +0200,2025-05-24 19:34:05 +0200,needs_id,CC-BY-NC,https://www.inaturalist.org/observations/283689587,https://inaturalist-open-data.s3.amazonaws.com/photos/509766208/medium.jpg,,"",,0,0,false,333,"Gilmer County, US-GA, US",34.6847190857,-84.3891983032,11,,,,11,,open,false,,,,Rhododendron maximum,great rhododendron,Plantae,83059
283802325,33b71b45-90ad-47c3-9104-14ec6791e4b9,Sat May 24 2025 20:24:47 GMT -0400 (EDT),2025-05-24,2025-05-25 02:24:47 +0200,Eastern Time (US & Canada),1187421,mellotticus,,2025-05-25 02:24:59 +0200,2025-05-26 20:33:20 +0200,needs_id,,https://www.inaturalist.org/observations/283802325,https://static.inaturalist.org/photos/510969763/medium.jpg,,"",,0,0,false,333,Clayton,34.9102668762,-83.4078292847,1291,,,,1291,,open,false,,,,Rhododendron maximum,great rhododendron,Plantae,83059
283931858,8922984c-1712-4df6-ad66-d6a8f0b06eea,2025-05-24 09:27:40,2025-05-24,2025-05-24 15:27:40 +0200,Eastern Time (US & Canada),6873011,cathope1,Cat Carter,2025-05-25 15:08:35 +0200,2025-05-25 15:08:36 +0200,needs_id,CC-BY-NC,https://www.inaturalist.org/observations/283931858,https://inaturalist-open-data.s3.amazonaws.com/photos/510224770/medium.jpg,,"",,0,0,false,843,"Sea Creek Road, Suches, GA, US",34.7705216667,-84.0943221667,27,,,,27,,open,false,,,,Rhododendron maximum,great rhododendron,Plantae,83059
284368059,f453fc55-ead0-4129-a083-b695d331fb9b,2025-05-24 09:47:21,2025-05-24,2025-05-24 15:47:21 +0200,Eastern Time (US & Canada),2831770,sblumen,,2025-05-26 22:44:44 +0200,2025-05-30 05:52:48 +0200,needs_id,CC-BY,https://www.inaturalist.org/observations/284368059,https://inaturalist-open-data.s3.amazonaws.com/photos/512714599/medium.jpg,,"",,0,0,false,843,"Wagon Train Trail, Hiawassee, GA, US",34.8712666667,-83.8085633333,102,,,,102,,open,false,,,,Rhododendron maximum,great rhododendron,Plantae,83059
285180334,d9857ab1-246f-42a7-b1cf-1b8fea74da56,2025-05-25 20:08:46,2025-05-25,2025-05-26 02:08:46 +0200,Eastern Time (US & Canada),796701,c_birds,Eric Cormier,2025-05-29 23:32:11 +0200,2025-06-27 14:27:40 +0200,research,CC-BY-NC,https://www.inaturalist.org/observations/285180334,https://inaturalist-open-data.s3.amazonaws.com/photos/512580012/medium.jpg,,"",,1,0,false,2,United States,34.8368415572,-83.5074683175,,,,,28762,obscured,open,true,gps,gps,great rhododendron,Rhododendron maximum,great rhododendron,Plantae,83059
285635777,2462b6b3-f2d6-4d4f-a4c2-d5a05af9050b,Sat May 31 2025 10:47:01 GMT -0400 (EDT),2025-05-31,2025-05-31 16:47:01 +0200,Eastern Time (US & Canada),8957940,genesislyons,,2025-05-31 16:47:12 +0200,2025-06-27 14:26:42 +0200,research,CC-BY-NC,https://www.inaturalist.org/observations/285635777,https://inaturalist-open-data.s3.amazonaws.com/photos/513637179/medium.jpg,,"",,1,0,false,333,Rising Fawn,34.8177108765,-85.4871826172,4,,,,4,,open,false,,,great rhododendron,Rhododendron maximum,great rhododendron,Plantae,83059
285730326,54301ec8-d057-41ec-b2b5-86b61ec05598,2025-05-31 15:50:54-04:00,2025-05-31,2025-05-31 21:50:54 +0200,Eastern Time (US & Canada),1057409,tncwilli,,2025-05-31 21:51:16 +0200,2025-05-31 21:51:24 +0200,needs_id,,https://www.inaturalist.org/observations/285730326,https://static.inaturalist.org/photos/513593856/medium.jpg,,"","",0,0,false,3,"Arrowood Ln, Alpharetta, GA, US",34.0702930536,-84.3149308499,14,,,,14,,open,false,,,"",Rhododendron maximum,great rhododendron,Plantae,83059
286091195,0864b0b4-a53f-493e-8540-bb79f1de29ab,2025-06-01 15:42:48,2025-06-01,2025-06-01 21:42:48 +0200,Eastern Time (US & Canada),9353474,unstablegarden,Mei,2025-06-01 23:17:36 +0200,2025-10-30 18:40:18 +0100,research,CC-BY-NC,https://www.inaturalist.org/observations/286091195,https://inaturalist-open-data.s3.amazonaws.com/photos/514276502/medium.jpg,,"",,2,0,false,843,"DeKalb County, US, GA",33.771528585,-84.2264078642,,,,,,,open,false,,,great rhododendron,Rhododendron maximum,great rhododendron,Plantae,83059
286667509,324fcbba-28e7-4ca3-bb89-f993c9f94aba,2025-06-03 10:37:00,2025-06-03,2025-06-03 16:37:00 +0200,Eastern Time (US & Canada),8933280,urayoan95,Urayoan,2025-06-04 01:18:56 +0200,2025-10-30 18:39:35 +0100,research,CC-BY-NC,https://www.inaturalist.org/observations/286667509,https://inaturalist-open-data.s3.amazonaws.com/photos/515377866/medium.jpg,,"",,2,0,false,2,"Druid Hills, GA, USA",33.7739247629,-84.3279986456,195,,,,195,,open,false,gps,gps,great rhododendron,Rhododendron maximum,great rhododendron,Plantae,83059
287081259,c65eca2b-fe34-40fa-8bbf-7c8894d9df57,2025-06-05 10:25:33,2025-06-05,2025-06-05 16:25:33 +0200,Eastern Time (US & Canada),9169272,bugfarts,Delanie,2025-06-05 18:33:24 +0200,2025-10-31 16:47:20 +0100,research,CC-BY-NC,https://www.inaturalist.org/observations/287081259,https://inaturalist-open-data.s3.amazonaws.com/photos/516163077/medium.jpg,,"",,2,0,false,2,"Georgia, US",34.55867788,-83.9854846713,64,,,,28818,obscured,open,true,gps,gps,great rhododendron,Rhododendron maximum,great rhododendron,Plantae,83059
287184141,f1274915-f2f9-411b-acdf-7715254297ec,2025-06-05 15:48:35,2025-06-05,2025-06-05 21:48:35 +0200,Eastern Time (US & Canada),796701,c_birds,Eric Cormier,2025-06-06 02:16:23 +0200,2025-06-27 14:20:12 +0200,research,CC-BY-NC,https://www.inaturalist.org/observations/287184141,https://inaturalist-open-data.s3.amazonaws.com/photos/516356166/medium.jpg,,"",,1,0,false,2,United States,34.9276784267,-83.465032763,,,,,28762,obscured,open,true,gps,gps,great rhododendron,Rhododendron maximum,great rhododendron,Plantae,83059
287306600,3d10e129-4ed5-4b5e-b72a-7bfe0ebe480a,2025-05-16 13:07:41,2025-05-16,2025-05-16 19:07:41 +0200,Eastern Time (US & Canada),906579,jacob62,Jacob A. Varney,2025-06-06 16:18:33 +0200,2025-06-06 16:18:46 +0200,needs_id,,https://www.inaturalist.org/observations/287306600,https://static.inaturalist.org/photos/516587716/medium.jpg,,"",,0,0,false,2,"Tallulah Falls, GA 30573, USA",34.7394651727,-83.3887279406,4,,,,4,,open,false,gps,gps,great rhododendron,Rhododendron maximum,great rhododendron,Plantae,83059
287337306,4d6594a0-91b4-439e-8c25-a7e403d2d7f9,2025-06-06 10:58:06-04:00,2025-06-06,2025-06-06 16:58:06 +0200,Eastern Time (US & Canada),609980,savs-search,,2025-06-06 18:22:01 +0200,2025-06-06 18:25:18 +0200,needs_id,,https://www.inaturalist.org/observations/287337306,https://static.inaturalist.org/photos/516642633/medium.jpg,,"","",0,0,false,3,"Delowe Dr, Atlanta, GA, US",33.715613944,-84.4625575663,4,,,,4,,open,false,,,"",Rhododendron maximum,great rhododendron,Plantae,83059
287625412,a410deaa-65a5-4c1c-8f35-441cd33e0ef5,2025-05-16 13:19:27,2025-05-16,2025-05-16 19:19:27 +0200,Eastern Time (US & Canada),906579,jacob62,Jacob A. Varney,2025-06-07 18:56:43 +0200,2025-06-07 18:56:50 +0200,needs_id,,https://www.inaturalist.org/observations/287625412,https://static.inaturalist.org/photos/517177152/medium.jpg,,"",,0,0,false,2,"Tallulah Falls, GA 30573, USA",34.7390480438,-83.3886404335,28,,,,28,,open,false,gps,gps,great rhododendron,Rhododendron maximum,great rhododendron,Plantae,83059
287741425,bafda592-55bf-4e2e-bc1d-91c3614eeec0,2025-06-07 15:10:21,2025-06-07,2025-06-07 21:10:21 +0200,Eastern Time (US & Canada),1917394,carol308,Carol Garrison,2025-06-08 02:29:05 +0200,2025-06-08 15:01:09 +0200,research,,https://www.inaturalist.org/observations/287741425,https://static.inaturalist.org/photos/517396837/medium.jpg,,"",,1,0,false,843,"Crafts Ln, Hiawassee, GA, US",34.966995,-83.7742133333,4,,,,4,,open,false,,,great rhododendron,Rhododendron maximum,great rhododendron,Plantae,83059
287757552,6358b88e-fbcd-46c9-9ec4-e6675a9af30d,2025/06/06 10:43 AM,2025-06-06,2025-06-06 16:43:00 +0200,Eastern Time (US & Canada),1856166,challenguate,Challen Willemsen,2025-06-08 03:52:43 +0200,2025-06-24 18:30:02 +0200,research,CC-BY-NC-ND,https://www.inaturalist.org/observations/287757552,https://static.inaturalist.org/photos/517429456/medium.jpg,,"",,1,0,false,,"Gilmer County, GA, USA",34.8232805556,-84.5623777778,43,,,,43,,open,false,,,great rhododendron,Rhododendron maximum,great rhododendron,Plantae,83059
287909055,0bbde243-438c-4225-9180-1634440b406e,2025-06-08 11:22:37,2025-06-08,2025-06-08 17:22:37 +0200,Eastern Time (US & Canada),200477,nicholus,Nicholus ledbetter,2025-06-08 17:23:26 +0200,2025-06-27 14:18:03 +0200,research,CC-BY-NC,https://www.inaturalist.org/observations/287909055,https://inaturalist-open-data.s3.amazonaws.com/photos/517708177/medium.jpg,,"",,1,0,false,2,"Tallulah Falls, GA 30573, USA",34.7401619868,-83.3919856363,5,,,,5,,open,false,,,great rhododendron,Rhododendron maximum,great rhododendron,Plantae,83059
287971370,4d73e36b-e5f3-44d6-bb91-938d8615d140,2025-06-08 11:00:19,2025-06-08,2025-06-08 17:00:19 +0200,Eastern Time (US & Canada),7859435,ariarioxenfree,Ari Holt,2025-06-08 20:48:43 +0200,2025-06-27 14:17:42 +0200,research,,https://www.inaturalist.org/observations/287971370,https://static.inaturalist.org/photos/517822031/medium.jpg,,"",,1,0,false,2,"Lakemont, GA 30552, USA",34.7555673997,-83.4722651,,,,,,,open,false,gps,gps,great rhododendron,Rhododendron maximum,great rhododendron,Plantae,83059
287994035,9c4d4814-aa70-447a-bdaf-d45c03d6237d,2025-06-08 14:01:29,2025-06-08,2025-06-08 20:01:29 +0200,Eastern Time (US & Canada),8851948,cvharris,Chase Harris,2025-06-08 22:01:43 +0200,2025-06-27 14:17:44 +0200,research,CC0,https://www.inaturalist.org/observations/287994035,https://inaturalist-open-data.s3.amazonaws.com/photos/517866664/medium.jpg,,"",,1,0,false,2,"SAUTEE, GA 30571, USA",34.6898590997,-83.7105834997,,,,,,,open,false,gps,gps,great rhododendron,Rhododendron maximum,great rhododendron,Plantae,83059
287994481,089dc1d2-3f4e-403f-a102-9c097a87b729,2025-06-08 14:32:31,2025-06-08,2025-06-08 20:32:31 +0200,Eastern Time (US & Canada),8851948,cvharris,Chase Harris,2025-06-08 22:03:34 +0200,2025-06-27 14:17:45 +0200,research,CC0,https://www.inaturalist.org/observations/287994481,https://inaturalist-open-data.s3.amazonaws.com/photos/517867096/medium.jpg,,"",,1,0,false,2,"SAUTEE, GA 30571, USA",34.6925346,-83.7122748997,,,,,,,open,false,gps,gps,great rhododendron,Rhododendron maximum,great rhododendron,Plantae,83059
288076613,271270f4-b075-47b9-b9d5-2295ee3dc4c3,2025-06-08 17:08:00,2025-06-08,2025-06-08 23:08:00 +0200,Eastern Time (US & Canada),2291721,melmel1,Mel Mel Coolj,2025-06-09 03:25:06 +0200,2025-06-27 14:17:35 +0200,research,,https://www.inaturalist.org/observations/288076613,https://static.inaturalist.org/photos/518024530/medium.jpg,,"",,1,0,false,2,"Suches, GA 30572, USA",34.7637009997,-84.0704867,,,,,,,open,false,gps,gps,great rhododendron,Rhododendron maximum,great rhododendron,Plantae,83059
288607399,ae04ccbd-4b75-4b51-83fe-3bb5b2f3d83e,2023-02-24 12:46:36,2023-02-24,2023-02-24 18:46:36 +0100,Eastern Time (US & Canada),9421207,bvoyles1981,Brian Voyles,2025-06-11 01:54:23 +0200,2025-06-11 01:54:24 +0200,needs_id,CC-BY-NC,https://www.inaturalist.org/observations/288607399,https://inaturalist-open-data.s3.amazonaws.com/photos/519034580/medium.jpg,,"",,0,0,false,843,"Hike Inn Lodge Trail, Dawsonville, GA, US",34.5895283333,-84.2111133333,12,,,,12,,open,false,,,,Rhododendron maximum,great rhododendron,Plantae,83059
288725514,f1ff8a0a-c12c-4b99-b80b-30723a728231,2025/06/10 12:49 PM,2025-06-10,2025-06-10 18:49:00 +0200,Eastern Time (US & Canada),5843295,naturengers,Engers,2025-06-11 15:36:50 +0200,2025-06-27 14:15:47 +0200,research,CC-BY,https://www.inaturalist.org/observations/288725514,https://inaturalist-open-data.s3.amazonaws.com/photos/519258760/medium.jpg,,"",,1,0,false,,"White County, GA, USA",34.7107555556,-83.7920138889,5,,,,5,,open,false,,,great rhododendron,Rhododendron maximum,great rhododendron,Plantae,83059
288892068,b2c919e9-9cfb-4428-a828-e009d71461d8,2025-06-09 13:46:58-04:00,2025-06-09,2025-06-09 19:46:58 +0200,Eastern Time (US & Canada),1263856,danielle_ksg,Danielle Gay,2025-06-12 03:15:57 +0200,2025-06-27 14:15:04 +0200,research,,https://www.inaturalist.org/observations/288892068,https://static.inaturalist.org/photos/519568196/medium.jpg,,"","",1,0,false,3,"S Main St, Helen, GA, US",34.6913833333,-83.712975,51,,,,51,,open,false,,,great rhododendron,Rhododendron maximum,great rhododendron,Plantae,83059
289371670,aa44d871-bf3a-4a3c-aaa5-470e83cdb3bd,2025-05-31 19:37:55-04:00,2025-05-31,2025-06-01 01:37:55 +0200,Eastern Time (US & Canada),430732,gatorgrei,"",2025-06-13 23:56:22 +0200,2025-06-27 14:13:34 +0200,research,CC-BY-NC,https://www.inaturalist.org/observations/289371670,https://inaturalist-open-data.s3.amazonaws.com/photos/520464431/medium.jpg,,"","",1,0,false,3,"Carlyle Dr, Marietta, GA, US",34.0041,-84.4402,3,,,,3,,open,false,,,great rhododendron,Rhododendron maximum,great rhododendron,Plantae,83059
289579937,609badb8-e816-465c-82d0-69e7d925873c,2025/06/13 1:53 PM,2025-06-13,2025-06-13 19:53:00 +0200,Eastern Time (US & Canada),9272605,gbrownlee,,2025-06-14 19:26:45 +0200,2025-06-27 14:13:14 +0200,research,CC-BY-NC,https://www.inaturalist.org/observations/289579937,https://inaturalist-open-data.s3.amazonaws.com/photos/520851837/medium.jpg,,"",,1,0,false,,"Forsyth County, GA, USA",34.140241754,-84.0885950206,61,,,,61,,open,false,,,great rhododendron,Rhododendron maximum,great rhododendron,Plantae,83059
289628497,7bee5c64-c872-427a-8c8c-f8a6cdaf3e41,2025-06-14 15:01:26-04:00,2025-06-14,2025-06-14 21:01:26 +0200,Eastern Time (US & Canada),1755963,jonasanabria,Jonathan Sanabria,2025-06-14 22:26:06 +0200,2025-06-27 14:13:11 +0200,research,,https://www.inaturalist.org/observations/289628497,https://static.inaturalist.org/photos/520944785/medium.jpg,,"","",1,0,false,3,"Cherokee Trail, Cleveland, GA, US",34.6338616667,-83.7801583333,4,,,,4,,open,false,,,great rhododendron,Rhododendron maximum,great rhododendron,Plantae,83059
289925374,f250bb1e-84d0-463e-b452-6d7fb3fc7b2d,2025-05-19 11:52:31,2025-05-19,2025-05-19 17:52:31 +0200,Eastern Time (US & Canada),8342253,cahubarlow,,2025-06-15 21:29:03 +0200,2025-07-22 18:37:14 +0200,research,CC-BY-NC,https://www.inaturalist.org/observations/289925374,https://inaturalist-open-data.s3.amazonaws.com/photos/521501982/medium.jpg,,"",,2,0,false,843,"Towns County, US-GA, Appalachian National Scenic Trail, US",34.9539759538,-83.5942550136,6,,,,6,,open,false,,,great rhododendron,Rhododendron maximum,great rhododendron,Plantae,83059
290034445,80d3422b-9011-486f-a660-06b1b5542117,2025-06-15 13:00:36,2025-06-15,2025-06-15 19:00:36 +0200,Eastern Time (US & Canada),7658894,aafrench,Asher Anderson,2025-06-16 04:46:17 +0200,2025-06-27 02:51:09 +0200,research,,https://www.inaturalist.org/observations/290034445,https://static.inaturalist.org/photos/521715052/medium.jpg,,"",,1,0,false,843,"Andersonville Ln, Clarkesville, GA, US",34.8444283333,-83.5949383333,580,,,,580,,open,false,,,great rhododendron,Rhododendron maximum,great rhododendron,Plantae,83059
290035286,90bcb3ee-d767-4a0a-acf0-5804975abc5c,2025-06-15 14:09:59,2025-06-15,2025-06-15 20:09:59 +0200,Eastern Time (US & Canada),7658894,aafrench,Asher Anderson,2025-06-16 04:50:39 +0200,2025-06-27 02:51:10 +0200,research,,https://www.inaturalist.org/observations/290035286,https://static.inaturalist.org/photos/521716407/medium.jpg,,"",,1,0,false,843,"Hemlock Falls Trail, Clarkesville, GA, US",34.8501633333,-83.6080783333,,,,,,,open,false,,,great rhododendron,Rhododendron maximum,great rhododendron,Plantae,83059
290295927,08e0e31f-7992-43dc-b080-1e709f2ae9c0,2025/06/15 4:56 PM,2025-06-15,2025-06-15 22:56:00 +0200,Eastern Time (US & Canada),64286,supertiger,Leila Dasher,2025-06-17 03:51:08 +0200,2025-06-27 14:11:53 +0200,research,CC-BY,https://www.inaturalist.org/observations/290295927,https://inaturalist-open-data.s3.amazonaws.com/photos/522191264/medium.jpg,,"",,1,0,false,,"Rabun County, GA, USA",34.8178007308,-83.3050599441,15,,,,15,,open,false,,,great rhododendron,Rhododendron maximum,great rhododendron,Plantae,83059
290297787,9847d062-7a85-4d5c-8d6d-902a12029f4d,2025-06-16 14:54:17,2025-06-16,2025-06-16 20:54:17 +0200,Eastern Time (US & Canada),5880630,pocketninja23,,2025-06-17 04:01:34 +0200,2025-06-17 04:01:35 +0200,needs_id,CC-BY-NC,https://www.inaturalist.org/observations/290297787,https://inaturalist-open-data.s3.amazonaws.com/photos/522217161/medium.jpg,,"",,0,0,false,843,"A.T. Approach Trail, Dawsonville, GA, US",34.5615319794,-84.2475060784,4,,,,4,,open,false,,,,Rhododendron maximum,great rhododendron,Plantae,83059
290418123,da258138-8ebe-4c9d-a1ce-13ffe75110e6,Mon Jun 16 2025 09:22:20 GMT -0400 (EDT),2025-06-16,2025-06-16 15:22:20 +0200,Eastern Time (US & Canada),3666975,stcookson,Stcookson,2025-06-17 17:19:53 +0200,2025-06-27 02:50:33 +0200,research,CC-BY-NC,https://www.inaturalist.org/observations/290418123,https://inaturalist-open-data.s3.amazonaws.com/photos/522443267/medium.jpg,,"",,1,0,false,333,Clayton,34.9319343567,-83.506980896,,,,,,,open,false,,,great rhododendron,Rhododendron maximum,great rhododendron,Plantae,83059
290490161,2c131c30-8b18-4e8b-a0c2-78dec6376ffe,2025/06/09 3:13 PM,2025-06-09,2025-06-09 21:13:00 +0200,Eastern Time (US & Canada),309729,david275,David Griswold,2025-06-17 22:06:18 +0200,2025-06-27 02:50:30 +0200,research,,https://www.inaturalist.org/observations/290490161,https://static.inaturalist.org/photos/522581674/medium.jpg,,"",,1,0,false,,"Rabun County, GA, USA",34.8694425379,-83.3478667848,80,,,,80,,open,false,,,great rhododendron,Rhododendron maximum,great rhododendron,Plantae,83059
290759163,2941841f-b756-4c04-b89b-5a1957d2d2de,2025/06/16 2:22 PM,2025-06-16,2025-06-16 20:22:00 +0200,Eastern Time (US & Canada),3444663,autumndrose,Autumn,2025-06-18 22:21:44 +0200,2025-06-27 02:50:24 +0200,research,CC-BY-NC,https://www.inaturalist.org/observations/290759163,https://static.inaturalist.org/photos/523078882/medium.jpg,,"",,1,0,false,,"Tallulah Falls, GA, USA",34.7378984563,-83.3921595266,64,,,,64,,open,false,,,great rhododendron,Rhododendron maximum,great rhododendron,Plantae,83059
290931151,46d40517-d1f1-4544-8053-9368a65bef5e,Thu Jun 19 2025 10:08:10 GMT -0400 (EDT),2025-06-19,2025-06-19 16:08:10 +0200,Eastern Time (US & Canada),5452469,marshdash,Marshdash,2025-06-19 16:08:16 +0200,2025-06-19 16:08:26 +0200,needs_id,CC-BY-NC,https://www.inaturalist.org/observations/290931151,https://inaturalist-open-data.s3.amazonaws.com/photos/523408692/medium.jpg,,"",,0,0,false,333,Hiawassee,34.9683227539,-83.7719421387,492,,,,492,,open,false,,,,Rhododendron maximum,great rhododendron,Plantae,83059
290951679,b1ac70ff-1e5c-4103-9e68-61951fff0b34,2025/06/18 11:40 AM,2025-06-18,2025-06-18 17:40:00 +0200,Eastern Time (US & Canada),1412302,srushing,Steve Rushing,2025-06-19 17:29:22 +0200,2025-06-27 02:49:30 +0200,research,CC-BY-NC,https://www.inaturalist.org/observations/290951679,https://inaturalist-open-data.s3.amazonaws.com/photos/523445156/medium.jpg,,"",Male Hooded Warbler skulking in background,1,0,false,,"Seed Lake, Georgia 30552, USA",34.7534181,-83.5023552,4088,,,,4088,,open,false,,,great rhododendron,Rhododendron maximum,great rhododendron,Plantae,83059
291022719,c1559582-c86c-4892-8a06-79ac9de7aee4,2025/06/10 4:19 PM,2025-06-10,2025-06-10 22:19:00 +0200,Eastern Time (US & Canada),309729,david275,David Griswold,2025-06-19 22:03:55 +0200,2025-06-27 02:49:27 +0200,research,,https://www.inaturalist.org/observations/291022719,https://static.inaturalist.org/photos/523575678/medium.jpg,,"",,1,0,false,,"Rabun County, GA, USA",34.8699769626,-83.3436620692,41,,,,41,,open,false,,,great rhododendron,Rhododendron maximum,great rhododendron,Plantae,83059
291099905,01b9f878-e8d5-4dea-897d-450c730c60c8,2025-06-19 12:44:33-04:00,2025-06-19,2025-06-19 18:44:33 +0200,Eastern Time (US & Canada),8225513,wiregrasser,,2025-06-20 04:05:30 +0200,2025-10-31 16:46:51 +0100,research,CC-BY,https://www.inaturalist.org/observations/291099905,https://inaturalist-open-data.s3.amazonaws.com/photos/523723899/medium.jpg,,"","",2,0,false,3,"Cleveland, GA, US",34.7047833342,-83.8868424038,2268,,,,2268,,open,false,,,great rhododendron,Rhododendron maximum,great rhododendron,Plantae,83059
291231570,6c90d9ff-b2ce-486f-851d-3cbe3348cc27,2025-06-20 09:46:07-04:00,2025-06-20,2025-06-20 15:46:07 +0200,Eastern Time (US & Canada),1888719,lisa_alm,EGLisaALM,2025-06-20 18:05:39 +0200,2025-06-27 02:49:02 +0200,research,CC-BY-NC,https://www.inaturalist.org/observations/291231570,https://inaturalist-open-data.s3.amazonaws.com/photos/523970934/medium.jpg,,"","",1,0,false,3,"Anna Ruby Picnic, Sautee Nacoochee, GA, US",34.7571876824,-83.709980564,20,,,,20,,open,false,,,great rhododendron,Rhododendron maximum,great rhododendron,Plantae,83059
291535790,9ba3f88b-c319-477d-adf6-ed2fa77b6f38,2025-06-20 09:43:47,2025-06-20,2025-06-20 15:43:47 +0200,Eastern Time (US & Canada),6732955,macksky,macksky,2025-06-21 19:39:57 +0200,2025-06-27 02:47:04 +0200,research,CC-BY-NC,https://www.inaturalist.org/observations/291535790,https://inaturalist-open-data.s3.amazonaws.com/photos/524541601/medium.jpg,,"",,1,0,false,843,"Jasper, GA, US",34.4713966667,-84.2675166667,3523,,,,3523,,open,false,,,great rhododendron,Rhododendron maximum,great rhododendron,Plantae,83059
291631023,fc3d821c-c7a2-4b0d-8e11-f5ee0254142a,2025-06-21 15:53:39-04:00,2025-06-21,2025-06-21 21:53:39 +0200,Eastern Time (US & Canada),1092483,joshwayne,Josh Wayne,2025-06-22 01:43:27 +0200,2025-06-22 03:26:15 +0200,research,,https://www.inaturalist.org/observations/291631023,https://static.inaturalist.org/photos/524717442/medium.jpg,,"","",1,0,false,3,"Hemlock Falls Trail, Clarkesville, GA, US",34.8481666667,-83.597205,10,,,,10,,open,false,,,great rhododendron,Rhododendron maximum,great rhododendron,Plantae,83059
291762703,bcc6249c-d47c-4003-a9d9-23e36c42e080,2025-06-08 12:37:01,2025-06-08,2025-06-08 18:37:01 +0200,Eastern Time (US & Canada),9393472,jt_hinson1,JT Hinson,2025-06-22 14:53:10 +0200,2025-06-27 02:46:35 +0200,research,CC-BY-NC,https://www.inaturalist.org/observations/291762703,https://inaturalist-open-data.s3.amazonaws.com/photos/524972805/medium.jpg,,"",,1,0,false,843,"Anna Ruby Picnic, Sautee Nacoochee, GA, US",34.7571745679,-83.7099033026,8,,,,8,,open,false,,,great rhododendron,Rhododendron maximum,great rhododendron,Plantae,83059
291806515,446cb74c-bbbf-4e69-87cd-0a40e3d8b0e9,2025-06-21 19:14:47-04:00,2025-06-21,2025-06-22 01:14:47 +0200,Eastern Time (US & Canada),1293230,danioutside,"",2025-06-22 17:26:47 +0200,2025-06-27 02:41:51 +0200,research,CC-BY-NC,https://www.inaturalist.org/observations/291806515,https://inaturalist-open-data.s3.amazonaws.com/photos/525053263/medium.jpg,,"","",1,0,false,3,United States,34.995645214,-83.3181961194,4,,,,28762,obscured,open,true,,,great rhododendron,Rhododendron maximum,great rhododendron,Plantae,83059
291896739,6067a7c6-5e7f-44d9-a4be-2a3a7a56ea54,2025/06/18 5:12 PM,2025-06-18,2025-06-18 23:12:00 +0200,Eastern Time (US & Canada),4147841,joshuadobbs99,Josh Dobbs,2025-06-22 22:26:17 +0200,2025-06-27 02:40:53 +0200,research,,https://www.inaturalist.org/observations/291896739,https://static.inaturalist.org/photos/525223814/medium.jpg,,"",,1,0,false,,"Gilmer County, GA, USA",34.6815249801,-84.258494341,19,,,,19,,open,false,,,great rhododendron,Rhododendron maximum,great rhododendron,Plantae,83059
291907459,9542b32f-e004-4117-af8e-179a00cfe385,2025-06-22 09:36:06,2025-06-22,2025-06-22 15:36:06 +0200,Eastern Time (US & Canada),6104861,sidthepunk,Sid Lowe,2025-06-22 23:03:48 +0200,2025-06-27 02:40:37 +0200,research,CC-BY-NC,https://www.inaturalist.org/observations/291907459,https://inaturalist-open-data.s3.amazonaws.com/photos/525244753/medium.jpg,,"",,1,0,false,2,"Georgia, US",34.7904167949,-84.1512166721,,,,,28790,obscured,open,true,gps,gps,great rhododendron,Rhododendron maximum,great rhododendron,Plantae,83059
291908229,f40a75ed-54d7-4c23-b340-f1109f73f493,2025-06-22 10:46:08,2025-06-22,2025-06-22 16:46:08 +0200,Eastern Time (US & Canada),6104861,sidthepunk,Sid Lowe,2025-06-22 23:06:52 +0200,2025-06-27 02:40:15 +0200,research,CC-BY-NC,https://www.inaturalist.org/observations/291908229,https://inaturalist-open-data.s3.amazonaws.com/photos/525246262/medium.jpg,,"",,1,0,false,2,"Georgia, US",34.6984395992,-84.1266675549,,,,,28790,obscured,open,true,gps,gps,great rhododendron,Rhododendron maximum,great rhododendron,Plantae,83059
291908503,71cbcfe6-e9db-4ea1-9799-36a189e9b87e,2025-06-22 12:02:24,2025-06-22,2025-06-22 18:02:24 +0200,Eastern Time (US & Canada),6104861,sidthepunk,Sid Lowe,2025-06-22 23:07:37 +0200,2025-06-27 02:40:09 +0200,research,CC-BY-NC,https://www.inaturalist.org/observations/291908503,https://inaturalist-open-data.s3.amazonaws.com/photos/525246747/medium.jpg,,"",,1,0,false,2,"Georgia, US",34.6286003334,-84.1652367305,,,,,28790,obscured,open,true,gps,gps,great rhododendron,Rhododendron maximum,great rhododendron,Plantae,83059
291932528,bb19c0c3-1142-4c2a-aed3-3ff93855740c,2025-06-22 07:33:42,2025-06-22,2025-06-22 13:33:42 +0200,Eastern Time (US & Canada),2172126,cindy408,Cindy Ardoin,2025-06-23 00:39:42 +0200,2025-10-31 16:46:22 +0100,needs_id,,https://www.inaturalist.org/observations/291932528,https://static.inaturalist.org/photos/525292688/medium.jpg,,"",,1,0,false,2,"Lumpkin County, US-GA, US",34.7081461,-83.9149589997,,,,,,,open,false,,,great rhododendron,Rhododendron maximum,great rhododendron,Plantae,83059
291978322,b8600d09-907f-4218-b5bb-9ea7cc1e5003,2025-06-22 13:21:40,2025-06-22,2025-06-22 19:21:40 +0200,Eastern Time (US & Canada),5408708,fungiofflorida,John Paul Cook,2025-06-23 04:19:03 +0200,2025-06-27 02:38:46 +0200,research,,https://www.inaturalist.org/observations/291978322,https://static.inaturalist.org/photos/525382094/medium.jpg,,"",,1,0,false,2,"Cleveland, GA 30528, USA",34.7108570997,-83.7911433997,,,,,,,open,false,gps,gps,great rhododendron,Rhododendron maximum,great rhododendron,Plantae,83059
291980208,4d4b6add-ed43-4393-b22a-459ca78df0e0,2025-06-21 13:33:43,2025-06-21,2025-06-21 19:33:43 +0200,Eastern Time (US & Canada),2827634,telliquah,Richard Harris,2025-06-23 04:28:51 +0200,2025-06-27 02:38:41 +0200,research,CC-BY-NC,https://www.inaturalist.org/observations/291980208,https://inaturalist-open-data.s3.amazonaws.com/photos/525386032/medium.jpg,,"",,1,0,false,2,"McCaysville, GA 30555, USA",34.9525034997,-84.5227267,,,,,,,open,false,gps,gps,great rhododendron,Rhododendron maximum,great rhododendron,Plantae,83059
292049103,ee96e89c-6635-463c-9194-063819703c8a,2025-06-22 16:40:48,2025-06-22,2025-06-22 22:40:48 +0200,Eastern Time (US & Canada),4381657,cdarr30,Clara,2025-06-23 12:46:41 +0200,2025-06-27 02:25:42 +0200,research,CC-BY-NC,https://www.inaturalist.org/observations/292049103,https://inaturalist-open-data.s3.amazonaws.com/photos/525558822/medium.jpg,,"",,1,0,false,2,"Tiger, GA 30576, USA",34.8402435,-83.477462,45,,,,45,,open,false,,,great rhododendron,Rhododendron maximum,great rhododendron,Plantae,83059
292089444,808604b2-582e-4e27-ba06-c4892bda577a,2025-06-23 09:21:27,2025-06-23,2025-06-23 15:21:27 +0200,Eastern Time (US & Canada),4381657,cdarr30,Clara,2025-06-23 16:13:20 +0200,2025-06-27 02:24:13 +0200,research,CC-BY-NC,https://www.inaturalist.org/observations/292089444,https://inaturalist-open-data.s3.amazonaws.com/photos/525595320/medium.jpg,,"",,1,0,false,2,"Clayton, GA 30525, USA",34.90526126,-83.41756457,6,,,,6,,open,false,,,great rhododendron,Rhododendron maximum,great rhododendron,Plantae,83059
292533474,20e9b925-99de-496a-9bb6-dcb2ea4506dd,2025/06/22 11:03 AM,2025-06-22,2025-06-22 17:03:00 +0200,Eastern Time (US & Canada),1020883,bosquenublado,Alex Reynolds,2025-06-25 05:55:51 +0200,2025-06-27 02:19:12 +0200,research,CC-BY-NC,https://www.inaturalist.org/observations/292533474,https://inaturalist-open-data.s3.amazonaws.com/photos/526435321/medium.jpg,,"",,1,0,false,,"Union County, GA, USA",34.7411,-83.9230805556,41,,,,41,,open,false,,,great rhododendron,Rhododendron maximum,great rhododendron,Plantae,83059
292709413,bd28370c-a829-4769-bb3f-188a00fc3300,2025-06-24 11:11:48,2025-06-24,2025-06-24 17:11:48 +0200,Eastern Time (US & Canada),207140,spotted_skunks,Andrew Edelman,2025-06-25 22:40:28 +0200,2025-06-26 03:32:36 +0200,research,CC-BY-NC,https://www.inaturalist.org/observations/292709413,https://inaturalist-open-data.s3.amazonaws.com/photos/526774260/medium.jpg,,"",,1,0,false,843,"Conasauga Rd, Ellijay, GA, US",34.8285823781,-84.5847104397,14,,,,14,,open,false,,,great rhododendron,Rhododendron maximum,great rhododendron,Plantae,83059
293024052,af9579f4-0380-4f2f-8b4d-89e50c797d4c,2025-06-26 09:55:59-04:00,2025-06-26,2025-06-26 15:55:59 +0200,Eastern Time (US & Canada),9289576,brianarob,,2025-06-27 03:50:29 +0200,2025-06-27 14:11:45 +0200,research,CC-BY-NC,https://www.inaturalist.org/observations/293024052,https://inaturalist-open-data.s3.amazonaws.com/photos/527375212/medium.jpg,,"","",1,0,false,3,"Tallulah Gorge State Park, Tallulah Falls, GA, US",34.7402283333,-83.3920833333,4,,,,4,,open,false,,,great rhododendron,Rhododendron maximum,great rhododendron,Plantae,83059
293122019,93102529-b16a-43a0-858c-9cae6a8b9d14,2025-06-25 09:10:04-04:00,2025-06-25,2025-06-25 15:10:04 +0200,Eastern Time (US & Canada),5876522,emilyvalentine80,,2025-06-27 15:58:07 +0200,2025-09-27 15:30:19 +0200,research,CC-BY-NC,https://www.inaturalist.org/observations/293122019,https://inaturalist-open-data.s3.amazonaws.com/photos/527556720/medium.jpg,,"","",1,0,false,3,"Smithgall Woods State Park, Helen, GA, US",34.6908716667,-83.76687,4,,,,4,,open,false,,,great rhododendron,Rhododendron maximum,great rhododendron,Plantae,83059
293204669,ca458241-2905-440c-b425-617516be01c1,2025-06-27 15:24:14,2025-06-27,2025-06-27 21:24:14 +0200,Eastern Time (US & Canada),7399183,mmmplant,,2025-06-27 21:56:04 +0200,2025-06-29 16:22:35 +0200,research,CC-BY-NC,https://www.inaturalist.org/observations/293204669,https://inaturalist-open-data.s3.amazonaws.com/photos/527711675/medium.jpg,,"",,1,0,false,843,"Tallulah River Rd, Clayton, GA, US",34.9295383333,-83.5471883333,4,,,,4,,open,false,,,great rhododendron,Rhododendron maximum,great rhododendron,Plantae,83059
293204981,0222cee0-5430-4997-b92e-2512b25bfa8b,2025-06-27 12:52:22,2025-06-27,2025-06-27 18:52:22 +0200,Eastern Time (US & Canada),7399183,mmmplant,,2025-06-27 21:57:27 +0200,2025-06-29 16:22:31 +0200,research,CC-BY-NC,https://www.inaturalist.org/observations/293204981,https://inaturalist-open-data.s3.amazonaws.com/photos/527712227/medium.jpg,,"",,1,0,false,843,"Charlies Creek Rd, Clayton, GA, US",34.950955,-83.55272,4,,,,4,,open,false,,,great rhododendron,Rhododendron maximum,great rhododendron,Plantae,83059
293419443,3d1a2654-e6f8-4687-b96c-6a70593e7458,Sat Jun 28 2025 11:50:21 GMT -0400 (EDT),2025-06-28,2025-06-28 17:50:21 +0200,Eastern Time (US & Canada),4476521,gaabirdman,Gavin Allvine,2025-06-28 17:50:36 +0200,2025-07-09 16:40:50 +0200,needs_id,CC-BY-NC,https://www.inaturalist.org/observations/293419443,https://inaturalist-open-data.s3.amazonaws.com/photos/533912243/medium.jpg,,"",,0,0,false,333,"Union County, US-GA, US",34.7398643494,-83.9243164063,4,,,,4,,open,false,,,,Rhododendron maximum,great rhododendron,Plantae,83059
293832340,2ab15377-29c8-439d-ab4b-fcfab92350b5,2025-06-28 11:55:58,2025-06-28,2025-06-28 17:55:58 +0200,Eastern Time (US & Canada),6104861,sidthepunk,Sid Lowe,2025-06-29 21:17:12 +0200,2025-06-30 09:29:28 +0200,research,CC-BY-NC,https://www.inaturalist.org/observations/293832340,https://inaturalist-open-data.s3.amazonaws.com/photos/528831303/medium.jpg,,"",,1,0,false,2,"Georgia, US",34.661994802,-84.1087199597,,,,,28790,obscured,open,true,gps,gps,great rhododendron,Rhododendron maximum,great rhododendron,Plantae,83059
293864135,840708fd-6b38-4b0c-9a42-a5fb1f4ccefb,2020-12-22 2:57:43 PM EST,2020-12-22,2020-12-22 20:57:43 +0100,Eastern Time (US & Canada),9485113,jmargy,,2025-06-29 22:59:24 +0200,2025-06-30 18:16:38 +0200,needs_id,CC-BY-NC,https://www.inaturalist.org/observations/293864135,https://inaturalist-open-data.s3.amazonaws.com/photos/528891018/medium.jpg,,"",,0,0,false,2,"Helen, GA 30545, USA",34.70255253,-83.79038044,12,,,,12,,open,false,,,,Rhododendron maximum,great rhododendron,Plantae,83059
294200034,78639ece-3d9a-451b-8861-279f051ec304,2025-06-30 13:34:41,2025-06-30,2025-06-30 19:34:41 +0200,Eastern Time (US & Canada),4430159,byrdhyve,Jana,2025-07-01 02:41:50 +0200,2025-07-01 05:04:59 +0200,research,CC-BY-NC,https://www.inaturalist.org/observations/294200034,https://inaturalist-open-data.s3.amazonaws.com/photos/529525174/medium.jpg,,"",,1,0,false,2,"Suches, GA 30572, USA",34.7352916667,-83.9726222222,,,,,,,open,false,gps,gps,great rhododendron,Rhododendron maximum,great rhododendron,Plantae,83059
294448315,cf2bebd9-a2c9-4e08-a3f5-5796c68806c8,2025-06-07 16:55:28,2025-06-07,2025-06-07 22:55:28 +0200,Eastern Time (US & Canada),9491609,gh0stberries,Amelia,2025-07-02 01:20:16 +0200,2025-07-02 18:09:57 +0200,research,CC-BY-NC,https://www.inaturalist.org/observations/294448315,https://inaturalist-open-data.s3.amazonaws.com/photos/529991449/medium.jpg,,"",,1,0,false,843,"Dukes Creeks Falls Trail, Helen, GA, US",34.7007033333,-83.7916033333,4,,,,4,,open,false,,,great rhododendron,Rhododendron maximum,great rhododendron,Plantae,83059
294503083,5c1ab63d-0fba-40ac-abbf-81f7c4b98e62,2025/06/25 12:44 PM,2025-06-25,2025-06-25 18:44:00 +0200,Eastern Time (US & Canada),1590769,jasen_liu,Jasen Liu,2025-07-02 06:25:38 +0200,2026-02-26 02:35:00 +0100,research,CC-BY-NC,https://www.inaturalist.org/observations/294503083,https://inaturalist-open-data.s3.amazonaws.com/photos/530087754/medium.jpg,,"",,1,0,false,,"Stephens County, GA, USA",34.668002,-83.3654099722,,,,,,,open,false,,,great rhododendron,Rhododendron maximum,great rhododendron,Plantae,83059
294726756,8732d59f-0f33-4fc2-9a3d-e739e28944bb,2025/06/26 11:07 AM,2025-06-26,2025-06-26 17:07:00 +0200,Eastern Time (US & Canada),7620827,primno,Collin Gross,2025-07-03 02:20:09 +0200,2025-07-15 04:16:43 +0200,research,CC-BY-NC,https://www.inaturalist.org/observations/294726756,https://inaturalist-open-data.s3.amazonaws.com/photos/530475876/medium.jpg,,"",,1,0,false,,"Habersham County, GA, USA",34.672179201,-83.371170279,8,,,,8,,open,false,,,great rhododendron,Rhododendron maximum,great rhododendron,Plantae,83059
294939247,bfde2698-c0f2-4383-be93-ae9f0e20ddc4,2025-07-03 12:30:15-04:00,2025-07-03,2025-07-03 18:30:15 +0200,Eastern Time (US & Canada),2151577,lukecarnley,,2025-07-03 22:25:04 +0200,2025-07-15 04:13:52 +0200,research,CC-BY-NC,https://www.inaturalist.org/observations/294939247,https://inaturalist-open-data.s3.amazonaws.com/photos/530914134/medium.jpg,,"","",1,0,false,3,"Gilmer County, US-GA, US",34.606340205,-84.2380523461,2587,,,,2587,,open,false,,,great rhododendron,Rhododendron maximum,great rhododendron,Plantae,83059
294986820,a99e66e2-ead1-46e0-a90c-f8829c622196,2025-07-03 17:55:18-04:00,2025-07-03,2025-07-03 23:55:18 +0200,Eastern Time (US & Canada),1900506,janesbell,,2025-07-04 02:08:57 +0200,2025-07-15 04:13:49 +0200,research,CC-BY-NC,https://www.inaturalist.org/observations/294986820,https://inaturalist-open-data.s3.amazonaws.com/photos/531004461/medium.jpg,,"","",1,0,false,3,"Amicalola Falls State Park, Dawsonville, GA, US",34.55848,-84.2501133333,4,,,,4,,open,false,,,great rhododendron,Rhododendron maximum,great rhododendron,Plantae,83059
295009039,95bb4bf7-6951-412e-a6a2-021f3fb9bd30,2025-07-01 08:09:46,2025-07-01,2025-07-01 14:09:46 +0200,Eastern Time (US & Canada),7766529,garyleavens,Gary T. Leavens,2025-07-04 04:14:49 +0200,2026-08-20 19:37:22 +0200,research,CC-BY-NC-SA,https://www.inaturalist.org/observations/295009039,https://inaturalist-open-data.s3.amazonaws.com/photos/531048657/medium.jpg,,"",,1,0,false,843,"Bartram Trail, Clayton, GA, US",34.9766939089,-83.3016004281,4,,,,4,,open,false,,,great rhododendron,Rhododendron maximum,great rhododendron,Plantae,83059
295009354,d86bacfc-6af6-457e-93bc-bf1280e85ec8,2025-07-01 09:33:44,2025-07-01,2025-07-01 15:33:44 +0200,Eastern Time (US & Canada),7766529,garyleavens,Gary T. Leavens,2025-07-04 04:16:13 +0200,2026-08-20 19:37:22 +0200,research,CC-BY-NC-SA,https://www.inaturalist.org/observations/295009354,https://inaturalist-open-data.s3.amazonaws.com/photos/531049132/medium.jpg,,"",,1,0,false,843,"Bartram Trail, Clayton, GA, US",34.9704238773,-83.3016214427,5,,,,5,,open,false,,,great rhododendron,Rhododendron maximum,great rhododendron,Plantae,83059
295009807,3e2e69ff-f283-4494-b6eb-2c86e80c8ea0,2025-07-01 11:27:13,2025-07-01,2025-07-01 17:27:13 +0200,Eastern Time (US & Canada),7766529,garyleavens,Gary T. Leavens,2025-07-04 04:18:21 +0200,2026-08-20 19:37:22 +0200,research,CC-BY-NC-SA,https://www.inaturalist.org/observations/295009807,https://inaturalist-open-data.s3.amazonaws.com/photos/531049884/medium.jpg,,"",,1,0,false,843,"Bartram Trail, Clayton, GA, US",34.9713868741,-83.3024458867,3,,,,3,,open,false,,,great rhododendron,Rhododendron maximum,great rhododendron,Plantae,83059
295188539,651dd221-5418-4071-adac-7c630606666a,2025-06-29 18:15:06,2025-06-29,2025-06-30 00:15:06 +0200,Eastern Time (US & Canada),9412558,raz1515,Tim S,2025-07-04 21:13:50 +0200,2025-10-31 16:45:54 +0100,research,CC-BY-NC,https://www.inaturalist.org/observations/295188539,https://inaturalist-open-data.s3.amazonaws.com/photos/531385638/medium.jpg,,"",,2,0,false,843,"Lumpkin County, US-GA, US",34.5982045771,-84.123084215,4,,,,4,,open,false,,,great rhododendron,Rhododendron maximum,great rhododendron,Plantae,83059
295553922,0544141c-d34e-46c4-a2a7-e17dde728f4a,2025/06/27 9:12 AM,2025-06-27,2025-06-27 15:12:00 +0200,Eastern Time (US & Canada),1590769,jasen_liu,Jasen Liu,2025-07-06 02:51:36 +0200,2026-02-26 02:35:00 +0100,research,CC-BY-NC,https://www.inaturalist.org/observations/295553922,https://inaturalist-open-data.s3.amazonaws.com/photos/532055691/medium.jpg,,"",,1,0,false,,"Union County, GA, USA",34.7636549722,-83.9282479722,,,,,,,open,false,,,great rhododendron,Rhododendron maximum,great rhododendron,Plantae,83059
295593057,c3ff567f-bb6f-4112-a407-22fcb2c1b48b,2025/06/27 4:17 PM,2025-06-27,2025-06-27 22:17:00 +0200,Eastern Time (US & Canada),1590769,jasen_liu,Jasen Liu,2025-07-06 06:07:52 +0200,2026-02-26 02:35:00 +0100,research,CC-BY-NC,https://www.inaturalist.org/observations/295593057,https://inaturalist-open-data.s3.amazonaws.com/photos/532152131/medium.jpg,,landscape,,2,0,false,,"Lumpkin County, GA, USA",34.7087459722,-83.914152,,,,,,,open,false,,,great rhododendron,Rhododendron maximum,great rhododendron,Plantae,83059
295754908,9c8644bc-ccae-4d5e-a946-ac13069dadb3,2025-07-05 13:44:33,2025-07-05,2025-07-05 19:44:33 +0200,Eastern Time (US & Canada),6433758,sethtantuico,,2025-07-06 19:42:43 +0200,2025-07-22 18:33:45 +0200,research,CC-BY-NC,https://www.inaturalist.org/observations/295754908,https://inaturalist-open-data.s3.amazonaws.com/photos/532457892/medium.jpg,,"",,2,0,false,843,"Appalachian Approach Trail, Blue Ridge, GA, US",34.6670533333,-84.1744,14,,,,14,,open,false,,,great rhododendron,Rhododendron maximum,great rhododendron,Plantae,83059
295826136,728e08c5-6572-4499-a1cb-e39396bff075,2025-07-04 12:23:35,2025-07-04,2025-07-04 18:23:35 +0200,Eastern Time (US & Canada),4738654,william964,William,2025-07-06 23:48:42 +0200,2025-07-14 15:25:41 +0200,research,,https://www.inaturalist.org/observations/295826136,https://static.inaturalist.org/photos/532595623/medium.jpg,,"",,1,0,false,843,"Black Rock Mountain Pkwy, Clayton, GA, US",34.904955,-83.411475,4,,,,4,,open,false,,,great rhododendron,Rhododendron maximum,great rhododendron,Plantae,83059
295859205,b6cddc4c-1bff-4ebd-9d77-166c352d53a4,2025-07-06 14:42:19-04:00,2025-07-06,2025-07-06 20:42:19 +0200,Eastern Time (US & Canada),3338788,novvictan,,2025-07-07 02:03:05 +0200,2025-07-14 15:23:32 +0200,research,CC-BY,https://www.inaturalist.org/observations/295859205,https://inaturalist-open-data.s3.amazonaws.com/photos/532657858/medium.jpg,,"","",1,0,false,3,United States,34.9097524963,-83.9868266439,30,,,,28762,obscured,open,true,,,great rhododendron,Rhododendron maximum,great rhododendron,Plantae,83059
295882931,e0db3e06-38cd-40db-b787-501aa5fd2743,Fri Jul 04 2025 17:50:00 GMT -0400 (EDT),2025-07-04,2025-07-04 23:50:00 +0200,Eastern Time (US & Canada),9508446,knn125,,2025-07-07 04:00:23 +0200,2025-07-15 04:09:35 +0200,research,CC-BY-NC,https://www.inaturalist.org/observations/295882931,https://inaturalist-open-data.s3.amazonaws.com/photos/532705618/medium.jpg,,"",,2,0,false,333,Hiawassee,34.8743591309,-83.8108978271,42,,,,42,,open,false,,,great rhododendron,Rhododendron maximum,great rhododendron,Plantae,83059
296399617,05f091d3-101c-48f7-8604-8670755f6421,2025-07-08 12:27:19,2025-07-08,2025-07-08 18:27:19 +0200,Eastern Time (US & Canada),7018501,jolienaturally,Jolie Friedrich,2025-07-09 03:31:09 +0200,2025-07-14 13:35:03 +0200,research,,https://www.inaturalist.org/observations/296399617,https://static.inaturalist.org/photos/533700572/medium.jpg,,"",,1,0,false,2,"V5CQ+6X, Young Harris, GA 30546, USA",34.8706555556,-83.8100055556,,,,,,,open,false,gps,gps,great rhododendron,Rhododendron maximum,great rhododendron,Plantae,83059
296772396,a1d10249-0537-46e9-bc02-0708cd0d8984,Thu Jul 10 2025 10:55:30 GMT -0400 (EDT),2025-07-10,2025-07-10 16:55:30 +0200,Eastern Time (US & Canada),3176372,sayanelson,Saya Nelson,2025-07-10 16:55:37 +0200,2025-07-10 22:00:00 +0200,needs_id,,https://www.inaturalist.org/observations/296772396,https://static.inaturalist.org/photos/534545790/medium.jpg,,"",,0,0,false,333,Lookout Mountain,34.9737739563,-85.3488006592,92,,,,92,,open,false,,,,Rhododendron maximum,great rhododendron,Plantae,83059
297604924,a465ce25-2035-4a52-9783-92657e4356a8,2025-06-15 18:20:01-04:00,2025-06-15,2025-06-16 00:20:01 +0200,Eastern Time (US & Canada),5093438,hannahs021,,2025-07-13 17:05:57 +0200,2025-07-14 15:12:11 +0200,research,CC-BY-NC,https://www.inaturalist.org/observations/297604924,https://inaturalist-open-data.s3.amazonaws.com/photos/535981505/medium.jpg,,"","",1,0,false,3,"Unicoi State Park & Lodge, Helen, GA, US",34.7254616667,-83.7236783333,14,,,,14,,open,false,,,great rhododendron,Rhododendron maximum,great rhododendron,Plantae,83059
298050208,5ccb2781-e2ce-435c-bfb5-4435adc1344a,2025-07-13 13:20:01,2025-07-13,2025-07-13 19:20:01 +0200,Eastern Time (US & Canada),2069126,jnewton728,Jan Newton,2025-07-15 03:38:32 +0200,2025-07-15 04:08:38 +0200,research,CC-BY-NC,https://www.inaturalist.org/observations/298050208,https://inaturalist-open-data.s3.amazonaws.com/photos/536829994/medium.jpg,,"",,1,0,false,2,"Cleveland, GA 30528, USA",34.71085,-83.7911083333,,,,,,,open,false,gps,gps,great rhododendron,Rhododendron maximum,great rhododendron,Plantae,83059
298051154,de8e3e5f-755a-4ffe-b22b-c154be5f96ee,2025-07-13 13:10:34,2025-07-13,2025-07-13 19:10:34 +0200,Eastern Time (US & Canada),2069126,jnewton728,Jan Newton,2025-07-15 03:44:08 +0200,2025-07-15 04:27:42 +0200,research,CC-BY-NC,https://www.inaturalist.org/observations/298051154,https://inaturalist-open-data.s3.amazonaws.com/photos/536832143/medium.jpg,,"",,1,0,false,2,"Cleveland, GA 30528, USA",34.7100666667,-83.7893694444,,,,,,,open,false,gps,gps,great rhododendron,Rhododendron maximum,great rhododendron,Plantae,83059
298505383,0243b3bc-6038-4123-a04d-9da5fa543045,2025-07-15 14:18:16-04:00,2025-07-15,2025-07-15 20:18:16 +0200,Eastern Time (US & Canada),4373498,bobby1581,,2025-07-16 22:01:29 +0200,2026-07-28 21:42:05 +0200,research,CC-BY-NC,https://www.inaturalist.org/observations/298505383,https://inaturalist-open-data.s3.amazonaws.com/photos/706808410/medium.jpg,,"","",1,0,false,3,"Black Rock Mountain, Clayton, GA, US",34.9076946452,-83.4091237187,4,,,,4,,open,false,,,"",Rhododendron maximum,great rhododendron,Plantae,83059
299011062,5a3b3448-a492-4886-8877-8d424ed52b31,2025-07-17 10:20:48,2025-07-17,2025-07-17 16:20:48 +0200,Eastern Time (US & Canada),2768296,hakie,,2025-07-18 22:19:34 +0200,2025-07-19 04:11:56 +0200,research,CC-BY-NC-SA,https://www.inaturalist.org/observations/299011062,https://inaturalist-open-data.s3.amazonaws.com/photos/538663868/medium.jpg,,"",,1,0,false,843,"Union County, US-GA, US",34.7027394689,-84.0100510518,7,,,,7,,open,false,,,great rhododendron,Rhododendron maximum,great rhododendron,Plantae,83059
299011318,0d1345af-c17f-4d46-af02-7f87a98af2f3,2025-07-17 13:15:38,2025-07-17,2025-07-17 19:15:38 +0200,Eastern Time (US & Canada),2768296,hakie,,2025-07-18 22:20:42 +0200,2025-07-19 04:11:55 +0200,research,CC-BY-NC-SA,https://www.inaturalist.org/observations/299011318,https://inaturalist-open-data.s3.amazonaws.com/photos/538664402/medium.jpg,,"",,1,0,false,843,"Slaughter Creek Trail, Suches, GA, US",34.7397533333,-83.951195,11,,,,11,,open,false,,,great rhododendron,Rhododendron maximum,great rhododendron,Plantae,83059
299077270,a1cbe76f-8c0a-425b-ac28-847aae73e33b,2025-06-14 14:41:04,2025-06-14,2025-06-14 20:41:04 +0200,Eastern Time (US & Canada),4611129,erinhadjidakis,,2025-07-19 03:49:02 +0200,2025-07-19 04:11:30 +0200,research,CC-BY-NC,https://www.inaturalist.org/observations/299077270,https://inaturalist-open-data.s3.amazonaws.com/photos/538792354/medium.jpg,,"",,1,0,false,843,"Clayton, GA, US",34.9072001037,-83.4054699541,4,,,,4,,open,false,,,great rhododendron,Rhododendron maximum,great rhododendron,Plantae,83059
299542019,602999b0-24b8-4a32-85ba-de1f75484189,2025-07-19 18:55:22,2025-07-19,2025-07-20 00:55:22 +0200,Eastern Time (US & Canada),9173558,kori34234,Kori Myers,2025-07-20 17:47:39 +0200,2025-07-23 15:13:06 +0200,research,CC-BY-NC,https://www.inaturalist.org/observations/299542019,https://inaturalist-open-data.s3.amazonaws.com/photos/539651684/medium.jpg,,"",,1,0,false,843,"Gilmer County, US-GA, US",34.6914139549,-84.5461951176,4,,,,4,,open,false,,,great rhododendron,Rhododendron maximum,great rhododendron,Plantae,83059
299747499,f1ccfbda-26e2-42c8-b46d-5d01569bade6,2025-07-20 15:15:55,2025-07-20,2025-07-20 21:15:55 +0200,Eastern Time (US & Canada),5650162,massospora,Andrew,2025-07-21 06:37:53 +0200,2026-07-11 02:23:35 +0200,research,CC0,https://www.inaturalist.org/observations/299747499,https://inaturalist-open-data.s3.amazonaws.com/photos/540038345/medium.jpg,,"",,1,0,false,2,"Blairsville, GA 30512, USA",34.7398019722,-83.92427,,,,,,,open,false,gps,gps,great rhododendron,Rhododendron maximum,great rhododendron,Plantae,83059
301020052,d3e0229b-5500-4ce3-9d54-c4d2b5f526f3,2025-05-16 15:05:23,2025-05-16,2025-05-16 21:05:23 +0200,Eastern Time (US & Canada),906579,jacob62,Jacob A. Varney,2025-07-25 21:47:43 +0200,2025-08-18 02:55:50 +0200,research,,https://www.inaturalist.org/observations/301020052,https://static.inaturalist.org/photos/542409890/medium.jpg,,"",,1,0,false,2,"Tallulah Falls, GA 30573, USA",34.7403437813,-83.3921574801,20,,,,20,,open,false,gps,gps,great rhododendron,Rhododendron maximum,great rhododendron,Plantae,83059
301257265,721f9bfb-474b-49e0-b6e6-9c4a5bbc90a2,2025-07-26 11:18:49-04:00,2025-07-26,2025-07-26 17:18:49 +0200,Eastern Time (US & Canada),764155,whatch11,Wes Hatch,2025-07-26 19:10:37 +0200,2025-07-26 19:11:18 +0200,needs_id,,https://www.inaturalist.org/observations/301257265,https://static.inaturalist.org/photos/542848091/medium.jpg,,"","",0,0,false,3,"Private Dr, Ellijay, GA, US",34.695005,-84.54338,4,,,,4,,open,false,,,"",Rhododendron maximum,great rhododendron,Plantae,83059
301315426,4eab4981-eb3b-436a-8cdd-8d724090fce9,Sat Jul 26 2025 16:38:30 GMT -0400 (EDT),2025-07-26,2025-07-26 22:38:30 +0200,Eastern Time (US & Canada),3858277,mckatyou,,2025-07-26 22:39:22 +0200,2025-07-27 21:57:14 +0200,research,CC-BY-NC,https://www.inaturalist.org/observations/301315426,https://inaturalist-open-data.s3.amazonaws.com/photos/543154723/medium.jpg,,"",,1,0,false,333,Blairsville,34.7669715881,-83.9214096069,50,,,,50,,open,false,,,great rhododendron,Rhododendron maximum,great rhododendron,Plantae,83059
301672329,7469dc45-688c-4610-b2ba-8697c0c891e0,2025-07-25 09:52:38,2025-07-25,2025-07-25 15:52:38 +0200,Eastern Time (US & Canada),2853755,rustypritchard,,2025-07-28 00:50:34 +0200,2025-07-29 15:03:19 +0200,research,CC-BY-NC,https://www.inaturalist.org/observations/301672329,https://inaturalist-open-data.s3.amazonaws.com/photos/543623843/medium.jpg,,"",,1,0,false,843,"Blairsville, GA, US",34.7615533075,-83.9256125611,4,,,,4,,open,false,,,great rhododendron,Rhododendron maximum,great rhododendron,Plantae,83059
301823443,03cdbd9d-649b-494d-a8a4-480e4c87d34b,2025-07-26 10:51:41,2025-07-26,2025-07-26 16:51:41 +0200,Eastern Time (US & Canada),9571388,eric_trigg,Eric Trigg,2025-07-28 15:57:42 +0200,2025-07-28 15:57:43 +0200,needs_id,CC-BY-NC,https://www.inaturalist.org/observations/301823443,https://inaturalist-open-data.s3.amazonaws.com/photos/543910191/medium.jpg,,"",,0,0,false,843,"Gahuti Trail, Chatsworth, GA, US",34.7594133333,-84.7108616667,10,,,,10,,open,false,,,,Rhododendron maximum,great rhododendron,Plantae,83059
302109281,af438dd1-9e59-4352-96b0-92053dc9593c,Sun Jul 27 2025 12:40:14 GMT -0400 (EDT),2025-07-27,2025-07-27 18:40:14 +0200,Eastern Time (US & Canada),3696536,cruzado42,,2025-07-29 17:22:09 +0200,2025-07-29 17:22:17 +0200,needs_id,CC-BY-NC,https://www.inaturalist.org/observations/302109281,https://inaturalist-open-data.s3.amazonaws.com/photos/544444711/medium.jpg,,"",,0,0,false,333,"Fannin County, US-GA, US",34.7368812561,-84.1667633057,37,,,,37,,open,false,,,,Rhododendron maximum,great rhododendron,Plantae,83059
302190317,7fcbbd9e-d656-40a3-aeef-01127655d7a8,2025-07-26 12:45:39,2025-07-26,2025-07-26 18:45:39 +0200,Eastern Time (US & Canada),2672021,kbalon1,,2025-07-29 23:07:20 +0200,2025-07-29 23:07:21 +0200,needs_id,CC-BY-NC,https://www.inaturalist.org/observations/302190317,https://inaturalist-open-data.s3.amazonaws.com/photos/544596598/medium.jpg,,"",,0,0,false,843,"Murray County, US-GA, US",34.8186697456,-84.6496970795,4,,,,4,,open,false,,,,Rhododendron maximum,great rhododendron,Plantae,83059
303027709,f32ad9c4-1975-4c6c-90be-41fac73a45d9,2025-07-13 15:04:58,2025-07-13,2025-07-13 21:04:58 +0200,Eastern Time (US & Canada),3282986,nico1899,,2025-08-02 05:04:06 +0200,2025-08-03 15:17:19 +0200,research,CC-BY-NC,https://www.inaturalist.org/observations/303027709,https://inaturalist-open-data.s3.amazonaws.com/photos/546153360/medium.jpg,,"",,1,0,false,843,"Slaughter Creek Trail, Suches, GA, US",34.734495,-83.9667666667,13,,,,13,,open,false,,,great rhododendron,Rhododendron maximum,great rhododendron,Plantae,83059
305069206,553d6681-adfe-4e2a-8515-00088b5a4fa7,2025-08-09 12:19:43,2025-08-09,2025-08-09 18:19:43 +0200,Eastern Time (US & Canada),6590540,waveygravey,Stephen W. Johnson,2025-08-09 23:16:26 +0200,2025-08-10 15:05:01 +0200,research,CC-BY-NC,https://www.inaturalist.org/observations/305069206,https://inaturalist-open-data.s3.amazonaws.com/photos/550014881/medium.jpg,,"",,1,0,false,843,"Towns County, US-GA, US",34.8694648886,-83.809944857,4,,,,4,,open,false,,,great rhododendron,Rhododendron maximum,great rhododendron,Plantae,83059
305141774,16bc9aa0-d610-4a48-b999-87c8dc8ae3e9,2025-08-09 13:58:32,2025-08-09,2025-08-09 19:58:32 +0200,Eastern Time (US & Canada),5114888,morethanlaurel,Starr Whitten,2025-08-10 05:38:30 +0200,2025-08-10 05:38:31 +0200,needs_id,CC-BY-NC,https://www.inaturalist.org/observations/305141774,https://inaturalist-open-data.s3.amazonaws.com/photos/550151181/medium.jpg,,"",,0,0,false,843,"Raven Cliffs Trail, Helen, GA, US",34.7109906345,-83.7943202532,719,,,,719,,open,false,,,,Rhododendron maximum,great rhododendron,Plantae,83059
305414402,fdd0ac83-3950-4c72-8d41-d94af8e9cd35,2025-07-03 20:47:38-04:00,2025-07-03,2025-07-04 02:47:38 +0200,Eastern Time (US & Canada),163877,aneidesaeneus,Asha,2025-08-11 03:29:36 +0200,2025-08-12 14:57:44 +0200,research,CC-BY-NC,https://www.inaturalist.org/observations/305414402,https://inaturalist-open-data.s3.amazonaws.com/photos/550670573/medium.jpg,,"","",1,0,false,3,"Georgia, US",34.7465971266,-84.0101110593,4,,,,28790,obscured,open,true,,,great rhododendron,Rhododendron maximum,great rhododendron,Plantae,83059
305432996,2f6dd4f6-ec63-442e-88c0-117d775f92f4,2025-07-03 20:42:51-04:00,2025-07-03,2025-07-04 02:42:51 +0200,Eastern Time (US & Canada),163877,aneidesaeneus,Asha,2025-08-11 05:13:10 +0200,2025-08-12 14:57:04 +0200,research,CC-BY-NC,https://www.inaturalist.org/observations/305432996,https://inaturalist-open-data.s3.amazonaws.com/photos/550707596/medium.jpg,,"","",1,0,false,3,"Georgia, US",34.771901171,-84.0641914809,10,,,,28790,obscured,open,true,,,great rhododendron,Rhododendron maximum,great rhododendron,Plantae,83059
305702412,c1f03538-535b-4e7c-8d95-5ad742ad6578,2025/07/16 3:31 PM,2025-07-16,2025-07-16 21:31:00 +0200,Eastern Time (US & Canada),1319887,randytoad,randytoad,2025-08-12 07:02:31 +0200,2025-08-12 14:56:30 +0200,research,,https://www.inaturalist.org/observations/305702412,https://inaturalist-open-data.s3.amazonaws.com/photos/551221063/medium.jpg,,brasstown bald,,1,0,false,,"Towns County, GA, USA",34.8705933333,-83.8099733333,,,,,,,open,false,,,great rhododendron,Rhododendron maximum,great rhododendron,Plantae,83059
305866678,b0dd5bec-a1c1-4209-951a-3403a879069c,2025-08-12 14:22:04,2025-08-12,2025-08-12 20:22:04 +0200,Eastern Time (US & Canada),7785952,tayblai,Taylor Blair,2025-08-12 23:08:19 +0200,2025-08-14 14:35:37 +0200,research,,https://www.inaturalist.org/observations/305866678,https://static.inaturalist.org/photos/551529260/medium.jpg,,"",,1,0,false,843,"Raven Cliffs Trail, Helen, GA, US",34.7224116667,-83.8188166667,5,,,,5,,open,false,,,great rhododendron,Rhododendron maximum,great rhododendron,Plantae,83059
306149949,0af70e92-32f9-40d6-a4fd-d65f545865a1,2025-08-13 14:14:39-04:00,2025-08-13,2025-08-13 20:14:39 +0200,Eastern Time (US & Canada),762836,napoleon1799,"",2025-08-14 03:35:41 +0200,2025-10-13 06:13:41 +0200,research,,https://www.inaturalist.org/observations/306149949,https://static.inaturalist.org/photos/552072826/medium.jpg,,"","",1,0,false,3,"Amicalola Falls State Park, Dawsonville, GA, US",34.5587620806,-84.250240704,41,,,,41,,open,false,,,great rhododendron,Rhododendron maximum,great rhododendron,Plantae,83059
306529025,de438e8e-8d4b-4c90-b60e-88d363e7cb3b,2025-08-15 11:31:35-04:00,2025-08-15,2025-08-15 17:31:35 +0200,Eastern Time (US & Canada),34564,nooga_naturalist,Jim Greenway,2025-08-15 19:12:19 +0200,2025-10-13 00:51:22 +0200,needs_id,CC-BY-NC,https://www.inaturalist.org/observations/306529025,https://inaturalist-open-data.s3.amazonaws.com/photos/552795240/medium.jpg,,"","",0,0,false,3,"New Hope Rd, Morganton, GA, US",34.9188416667,-84.2103583333,4,,,,4,,open,false,,,"",Rhododendron maximum,great rhododendron,Plantae,83059
306858287,823f6240-eb18-4cc1-b94a-73a9d4a53515,2025-08-16 14:34:26-04:00,2025-08-16,2025-08-16 20:34:26 +0200,Eastern Time (US & Canada),3312888,ingolfaskevold,Ingolf Askevold,2025-08-17 00:48:18 +0200,2025-08-17 14:27:39 +0200,needs_id,CC-BY-NC,https://www.inaturalist.org/observations/306858287,https://inaturalist-open-data.s3.amazonaws.com/photos/553660172/medium.jpg,,"","",0,0,false,3,"Fort Mountain State Park, Chatsworth, GA, US",34.7593083333,-84.710945,4,,,,4,,open,false,,,"",Rhododendron maximum,great rhododendron,Plantae,83059
307113913,de059e37-7685-437a-a517-262c80bc7494,2025-08-17 13:35:45,2025-08-17,2025-08-17 19:35:45 +0200,Eastern Time (US & Canada),2844506,cmeinecke,Colton Meinecke,2025-08-17 22:43:19 +0200,2025-08-18 02:39:50 +0200,needs_id,CC-BY-NC,https://www.inaturalist.org/observations/307113913,https://inaturalist-open-data.s3.amazonaws.com/photos/553903583/medium.jpg,,"",,1,0,false,2,"Lakemont, GA 30552, USA",34.7482722222,-83.4802694444,,,,,,,open,false,gps,gps,great rhododendron,Rhododendron maximum,great rhododendron,Plantae,83059
307406017,fe0ec2d4-773f-4796-971c-ae096ba52e08,2025/06/20 10:51 AM,2025-06-20,2025-06-20 16:51:00 +0200,Eastern Time (US & Canada),4348831,pecosvalleydiamond,Moses J. Michelsohn,2025-08-19 02:51:20 +0200,2025-08-19 18:07:14 +0200,research,CC-BY-NC,https://www.inaturalist.org/observations/307406017,https://inaturalist-open-data.s3.amazonaws.com/photos/554446961/medium.jpg,,"","",1,0,false,,"Georgia, US",34.7738034068,-83.9823531721,127,,,,28790,obscured,open,true,,,great rhododendron,Rhododendron maximum,great rhododendron,Plantae,83059
307406048,2519c9b4-1c77-41f3-b7ee-712eb2482aa0,2025/06/20 11:09 AM,2025-06-20,2025-06-20 17:09:00 +0200,Eastern Time (US & Canada),4348831,pecosvalleydiamond,Moses J. Michelsohn,2025-08-19 02:51:23 +0200,2025-08-19 18:07:10 +0200,research,CC-BY-NC,https://www.inaturalist.org/observations/307406048,https://inaturalist-open-data.s3.amazonaws.com/photos/554447146/medium.jpg,,"","",1,0,false,,"Georgia, US",34.6248077907,-83.8968224467,127,,,,28790,obscured,open,true,,,great rhododendron,Rhododendron maximum,great rhododendron,Plantae,83059
307406049,2072aa9f-ab75-4938-bd12-08fe74e002f1,2025/06/20 11:10 AM,2025-06-20,2025-06-20 17:10:00 +0200,Eastern Time (US & Canada),4348831,pecosvalleydiamond,Moses J. Michelsohn,2025-08-19 02:51:24 +0200,2025-08-19 18:07:05 +0200,research,CC-BY-NC,https://www.inaturalist.org/observations/307406049,https://inaturalist-open-data.s3.amazonaws.com/photos/554447200/medium.jpg,,"","",1,0,false,,"Georgia, US",34.7128129387,-83.979394969,127,,,,28790,obscured,open,true,,,great rhododendron,Rhododendron maximum,great rhododendron,Plantae,83059
307406063,d7c2eb5a-9666-4c4e-9fc9-176759affadf,2025/06/20 11:11 AM,2025-06-20,2025-06-20 17:11:00 +0200,Eastern Time (US & Canada),4348831,pecosvalleydiamond,Moses J. Michelsohn,2025-08-19 02:51:25 +0200,2025-08-19 18:07:02 +0200,research,CC-BY-NC,https://www.inaturalist.org/observations/307406063,https://inaturalist-open-data.s3.amazonaws.com/photos/554447257/medium.jpg,,"","",1,0,false,,"Georgia, US",34.6688575891,-83.8011840627,127,,,,28790,obscured,open,true,,,great rhododendron,Rhododendron maximum,great rhododendron,Plantae,83059
307406065,f02dda07-88fb-4896-bdcc-c37c8cc645bd,2025/06/20 11:12 AM,2025-06-20,2025-06-20 17:12:00 +0200,Eastern Time (US & Canada),4348831,pecosvalleydiamond,Moses J. Michelsohn,2025-08-19 02:51:25 +0200,2025-08-19 18:07:01 +0200,research,CC-BY-NC,https://www.inaturalist.org/observations/307406065,https://inaturalist-open-data.s3.amazonaws.com/photos/554447281/medium.jpg,,"","",1,0,false,,"Georgia, US",34.7990761099,-83.9153957819,127,,,,28790,obscured,open,true,,,great rhododendron,Rhododendron maximum,great rhododendron,Plantae,83059
307406073,79b01b20-1d1a-4104-a5fd-654353d82c68,2025/06/20 11:12 AM,2025-06-20,2025-06-20 17:12:00 +0200,Eastern Time (US & Canada),4348831,pecosvalleydiamond,Moses J. Michelsohn,2025-08-19 02:51:26 +0200,2025-08-19 18:07:00 +0200,research,CC-BY-NC,https://www.inaturalist.org/observations/307406073,https://inaturalist-open-data.s3.amazonaws.com/photos/554447302/medium.jpg,,"","",1,0,false,,"Georgia, US",34.7230894426,-83.9148794568,127,,,,28790,obscured,open,true,,,great rhododendron,Rhododendron maximum,great rhododendron,Plantae,83059
307406075,182568cc-af2a-4aae-964a-5d738e9944e7,2025/06/20 11:12 AM,2025-06-20,2025-06-20 17:12:00 +0200,Eastern Time (US & Canada),4348831,pecosvalleydiamond,Moses J. Michelsohn,2025-08-19 02:51:26 +0200,2025-08-19 18:06:57 +0200,research,CC-BY-NC,https://www.inaturalist.org/observations/307406075,https://inaturalist-open-data.s3.amazonaws.com/photos/554447314/medium.jpg,,"","",1,0,false,,"Georgia, US",34.6500442987,-83.8700340231,127,,,,28790,obscured,open,true,,,great rhododendron,Rhododendron maximum,great rhododendron,Plantae,83059
307406080,554f0556-e26b-4020-a211-00ba8e4769a5,2025/06/20 11:12 AM,2025-06-20,2025-06-20 17:12:00 +0200,Eastern Time (US & Canada),4348831,pecosvalleydiamond,Moses J. Michelsohn,2025-08-19 02:51:27 +0200,2025-08-19 18:06:56 +0200,research,CC-BY-NC,https://www.inaturalist.org/observations/307406080,https://inaturalist-open-data.s3.amazonaws.com/photos/554447353/medium.jpg,,"","",1,0,false,,"Georgia, US",34.6017058162,-83.8561785328,127,,,,28790,obscured,open,true,,,great rhododendron,Rhododendron maximum,great rhododendron,Plantae,83059
307406083,cb47e1b3-07e3-43f7-ada3-25447ea9cf67,2025/06/20 11:12 AM,2025-06-20,2025-06-20 17:12:00 +0200,Eastern Time (US & Canada),4348831,pecosvalleydiamond,Moses J. Michelsohn,2025-08-19 02:51:27 +0200,2025-08-19 02:51:27 +0200,needs_id,CC-BY-NC,https://www.inaturalist.org/observations/307406083,https://inaturalist-open-data.s3.amazonaws.com/photos/554447364/medium.jpg,,"","",0,0,false,,"Georgia, US",34.6685052527,-83.9284888001,127,,,,28790,obscured,open,true,,,Rhododendron maximum,Rhododendron maximum,great rhododendron,Plantae,83059
307406098,193dbd11-4df5-4ca7-9f2d-7935e5f95d01,2025/06/20 11:14 AM,2025-06-20,2025-06-20 17:14:00 +0200,Eastern Time (US & Canada),4348831,pecosvalleydiamond,Moses J. Michelsohn,2025-08-19 02:51:29 +0200,2025-08-19 02:51:29 +0200,needs_id,CC-BY-NC,https://www.inaturalist.org/observations/307406098,https://inaturalist-open-data.s3.amazonaws.com/photos/554447510/medium.jpg,,"","",0,0,false,,"Georgia, US",34.6440675182,-83.8715466133,127,,,,28790,obscured,open,true,,,Rhododendron maximum,Rhododendron maximum,great rhododendron,Plantae,83059
307406109,4736ad04-1234-407a-80ba-d8c427a148d7,2025/06/20 11:17 AM,2025-06-20,2025-06-20 17:17:00 +0200,Eastern Time (US & Canada),4348831,pecosvalleydiamond,Moses J. Michelsohn,2025-08-19 02:51:30 +0200,2025-08-19 18:06:43 +0200,research,CC-BY-NC,https://www.inaturalist.org/observations/307406109,https://inaturalist-open-data.s3.amazonaws.com/photos/554447614/medium.jpg,,"","",1,0,false,,"Georgia, US",34.6230833047,-83.9100668763,127,,,,28790,obscured,open,true,,,great rhododendron,Rhododendron maximum,great rhododendron,Plantae,83059
307412643,58ed0a28-74ee-4193-8f5b-7d89cedf5f8c,2025/06/20 11:39 AM,2025-06-20,2025-06-20 17:39:00 +0200,Eastern Time (US & Canada),4348831,pecosvalleydiamond,Moses J. Michelsohn,2025-08-19 03:29:57 +0200,2025-08-19 18:06:34 +0200,research,CC-BY-NC,https://www.inaturalist.org/observations/307412643,https://inaturalist-open-data.s3.amazonaws.com/photos/554475848/medium.jpg,,"","",1,0,false,,"Georgia, US",34.6341290401,-83.8124644486,109,,,,28790,obscured,open,true,,,great rhododendron,Rhododendron maximum,great rhododendron,Plantae,83059
307412698,68c1bbc4-77ac-4593-9e81-7c39127d3da7,2025/06/20 2:03 PM,2025-06-20,2025-06-20 20:03:00 +0200,Eastern Time (US & Canada),4348831,pecosvalleydiamond,Moses J. Michelsohn,2025-08-19 03:30:04 +0200,2025-08-19 03:30:04 +0200,needs_id,CC-BY-NC,https://www.inaturalist.org/observations/307412698,https://inaturalist-open-data.s3.amazonaws.com/photos/554480256/medium.jpg,,"","",0,0,false,,"Georgia, US",34.7258218346,-83.2757299763,215,,,,28790,obscured,open,true,,,Rhododendron maximum,Rhododendron maximum,great rhododendron,Plantae,83059
307412699,19c54c54-6930-4677-88c0-4371982edc4b,2025/06/20 2:03 PM,2025-06-20,2025-06-20 20:03:00 +0200,Eastern Time (US & Canada),4348831,pecosvalleydiamond,Moses J. Michelsohn,2025-08-19 03:30:04 +0200,2025-08-19 18:06:26 +0200,research,CC-BY-NC,https://www.inaturalist.org/observations/307412699,https://inaturalist-open-data.s3.amazonaws.com/photos/554480282/medium.jpg,,"","",1,0,false,,"Georgia, US",34.7689210709,-83.3878477497,215,,,,28790,obscured,open,true,,,great rhododendron,Rhododendron maximum,great rhododendron,Plantae,83059
307412704,c131ef44-e111-44d4-af69-0458fb11d8a7,2025/06/20 2:04 PM,2025-06-20,2025-06-20 20:04:00 +0200,Eastern Time (US & Canada),4348831,pecosvalleydiamond,Moses J. Michelsohn,2025-08-19 03:30:04 +0200,2025-08-19 18:06:21 +0200,research,CC-BY-NC,https://www.inaturalist.org/observations/307412704,https://inaturalist-open-data.s3.amazonaws.com/photos/554480288/medium.jpg,,"","",1,0,false,,"Georgia, US",34.6354938103,-83.2838057468,215,,,,28790,obscured,open,true,,,great rhododendron,Rhododendron maximum,great rhododendron,Plantae,83059
307412717,8ef5d961-9cef-4f62-9233-70c803aa6654,2025/06/20 2:10 PM,2025-06-20,2025-06-20 20:10:00 +0200,Eastern Time (US & Canada),4348831,pecosvalleydiamond,Moses J. Michelsohn,2025-08-19 03:30:06 +0200,2025-08-19 18:06:17 +0200,research,CC-BY-NC,https://www.inaturalist.org/observations/307412717,https://inaturalist-open-data.s3.amazonaws.com/photos/554480351/medium.jpg,,"","",1,0,false,,"Georgia, US",34.7995911884,-83.3277548952,215,,,,28790,obscured,open,true,,,great rhododendron,Rhododendron maximum,great rhododendron,Plantae,83059
307412721,ae58c5ca-f9ae-4d01-9953-71fe0843f53d,2025/06/20 2:11 PM,2025-06-20,2025-06-20 20:11:00 +0200,Eastern Time (US & Canada),4348831,pecosvalleydiamond,Moses J. Michelsohn,2025-08-19 03:30:06 +0200,2025-08-19 18:06:11 +0200,research,CC-BY-NC,https://www.inaturalist.org/observations/307412721,https://inaturalist-open-data.s3.amazonaws.com/photos/554480421/medium.jpg,,"","",1,0,false,,"Georgia, US",34.6440519432,-83.3298864946,215,,,,28790,obscured,open,true,,,great rhododendron,Rhododendron maximum,great rhododendron,Plantae,83059
307412723,35caf5e4-5117-46ce-a568-65b8a1ab8758,2025/06/20 2:12 PM,2025-06-20,2025-06-20 20:12:00 +0200,Eastern Time (US & Canada),4348831,pecosvalleydiamond,Moses J. Michelsohn,2025-08-19 03:30:07 +0200,2025-08-19 18:06:07 +0200,research,CC-BY-NC,https://www.inaturalist.org/observations/307412723,https://inaturalist-open-data.s3.amazonaws.com/photos/554480419/medium.jpg,,"","",1,0,false,,"Georgia, US",34.6450706146,-83.3603342118,215,,,,28790,obscured,open,true,,,great rhododendron,Rhododendron maximum,great rhododendron,Plantae,83059
307412724,37672c0b-da84-4686-b98d-8531346238b9,2025/06/20 2:12 PM,2025-06-20,2025-06-20 20:12:00 +0200,Eastern Time (US & Canada),4348831,pecosvalleydiamond,Moses J. Michelsohn,2025-08-19 03:30:07 +0200,2025-08-19 18:06:03 +0200,research,CC-BY-NC,https://www.inaturalist.org/observations/307412724,https://inaturalist-open-data.s3.amazonaws.com/photos/554480488/medium.jpg,,"","",1,0,false,,"Georgia, US",34.793821252,-83.2192967851,215,,,,28790,obscured,open,true,,,great rhododendron,Rhododendron maximum,great rhododendron,Plantae,83059
307412728,2cdfe068-b008-4b49-ae4a-47d6fa5548f4,2025/06/20 2:15 PM,2025-06-20,2025-06-20 20:15:00 +0200,Eastern Time (US & Canada),4348831,pecosvalleydiamond,Moses J. Michelsohn,2025-08-19 03:30:08 +0200,2025-08-19 18:06:00 +0200,research,CC-BY-NC,https://www.inaturalist.org/observations/307412728,https://inaturalist-open-data.s3.amazonaws.com/photos/554480481/medium.jpg,,"","",1,0,false,,"Georgia, US",34.6441838351,-83.3957316771,215,,,,28790,obscured,open,true,,,great rhododendron,Rhododendron maximum,great rhododendron,Plantae,83059
307522241,333af7d2-491f-4069-81b3-6edabba5de19,Sat Aug 16 2025 16:44:11 GMT -0400 (EDT),2025-08-16,2025-08-16 22:44:11 +0200,Eastern Time (US & Canada),5102637,stoob87,stoob,2025-08-19 16:57:26 +0200,2025-10-31 16:45:16 +0100,research,CC-BY-NC,https://www.inaturalist.org/observations/307522241,https://inaturalist-open-data.s3.amazonaws.com/photos/554697302/medium.jpg,,"",,2,0,false,333,"Lumpkin County, US-GA, US",34.6764755249,-83.9421234131,4,,,,4,,open,false,,,great rhododendron,Rhododendron maximum,great rhododendron,Plantae,83059
307783653,5caaa1c0-2ba1-4573-b5c5-4f3090499157,2025-08-09 12:20:21,2025-08-09,2025-08-09 18:20:21 +0200,Eastern Time (US & Canada),7900510,bonnielake,,2025-08-20 19:22:24 +0200,2025-08-21 05:44:27 +0200,research,CC-BY-NC,https://www.inaturalist.org/observations/307783653,https://inaturalist-open-data.s3.amazonaws.com/photos/555201100/medium.jpg,,"",,1,0,false,843,"Towns County, US-GA, US",34.8693428447,-83.8100159204,6,,,,6,,open,false,,,great rhododendron,Rhododendron maximum,great rhododendron,Plantae,83059
310477488,b8d5e7e3-5572-4463-a32f-b4a05e2b9d33,2025-08-31 09:57:36,2025-08-31,2025-08-31 15:57:36 +0200,Eastern Time (US & Canada),7602996,yesidolikeplants,Zian Nash Rosales,2025-08-31 15:58:09 +0200,2025-08-31 15:58:10 +0200,needs_id,,https://www.inaturalist.org/observations/310477488,https://static.inaturalist.org/photos/560358390/medium.jpg,,"",,0,0,false,843,"Mindy Mountain Rd, Tiger, GA, US",34.8134152668,-83.535018534,41,,,,41,,open,false,,,,Rhododendron maximum,great rhododendron,Plantae,83059
310487524,907b13cf-3af3-4c31-9c2a-281fe5ad663a,2025-08-31 09:16:27,2025-08-31,2025-08-31 15:16:27 +0200,Eastern Time (US & Canada),9652829,margaretwheatley,Margaret Wheatley,2025-08-31 16:38:35 +0200,2025-08-31 16:52:00 +0200,needs_id,CC-BY-NC,https://www.inaturalist.org/observations/310487524,https://inaturalist-open-data.s3.amazonaws.com/photos/560378269/medium.jpg,,"","",0,0,false,843,"Fulton County, US-GA, US",34.065083,-84.402679,246,,,,246,,open,false,,manual,"",Rhododendron maximum,great rhododendron,Plantae,83059
310551048,0f485daa-eaa6-4927-a796-267501b011b5,2025-08-31 08:53:40,2025-08-31,2025-08-31 14:53:40 +0200,Eastern Time (US & Canada),34564,nooga_naturalist,Jim Greenway,2025-08-31 20:26:11 +0200,2025-10-13 00:51:43 +0200,needs_id,CC-BY-NC,https://www.inaturalist.org/observations/310551048,https://inaturalist-open-data.s3.amazonaws.com/photos/560495966/medium.jpg,,"",,0,0,false,843,"Dial Rd, Blue Ridge, GA, US",34.7580133333,-84.2025533333,4,,,,4,,open,false,,,,Rhododendron maximum,great rhododendron,Plantae,83059
310592534,2eb8b88f-61a6-451d-af1f-e00ac267dc52,2025/06/24 2:33 PM,2025-06-24,2025-06-24 20:33:00 +0200,Eastern Time (US & Canada),4348831,pecosvalleydiamond,Moses J. Michelsohn,2025-08-31 22:54:27 +0200,2025-08-31 22:54:27 +0200,needs_id,CC-BY-NC,https://www.inaturalist.org/observations/310592534,https://inaturalist-open-data.s3.amazonaws.com/photos/560515867/medium.jpg,,"","",0,0,false,,United States,34.9964116816,-83.8533173803,185,,,,28762,obscured,open,true,,,Rhododendron maximum,Rhododendron maximum,great rhododendron,Plantae,83059
310594819,9c3b3a67-91d8-4181-81c7-213edddaaf25,2025/06/24 2:41 PM,2025-06-24,2025-06-24 20:41:00 +0200,Eastern Time (US & Canada),4348831,pecosvalleydiamond,Moses J. Michelsohn,2025-08-31 23:02:59 +0200,2025-08-31 23:02:59 +0200,needs_id,CC-BY-NC,https://www.inaturalist.org/observations/310594819,https://inaturalist-open-data.s3.amazonaws.com/photos/560577315/medium.jpg,,"","",0,0,false,,United States,34.8594826612,-83.9645575833,142,,,,28762,obscured,open,true,,,Rhododendron maximum,Rhododendron maximum,great rhododendron,Plantae,83059
310594852,673f4e1d-f8ea-4bc5-bf9d-040fd594b88c,2025/06/24 2:48 PM,2025-06-24,2025-06-24 20:48:00 +0200,Eastern Time (US & Canada),4348831,pecosvalleydiamond,Moses J. Michelsohn,2025-08-31 23:03:04 +0200,2025-08-31 23:03:04 +0200,needs_id,CC-BY-NC,https://www.inaturalist.org/observations/310594852,https://inaturalist-open-data.s3.amazonaws.com/photos/560577767/medium.jpg,,"","",0,0,false,,United States,34.8388125545,-83.8618280055,142,,,,28762,obscured,open,true,,,Rhododendron maximum,Rhododendron maximum,great rhododendron,Plantae,83059
310594859,3dde651a-60e4-4457-bf1a-fcc4f219ca42,2025/06/24 2:49 PM,2025-06-24,2025-06-24 20:49:00 +0200,Eastern Time (US & Canada),4348831,pecosvalleydiamond,Moses J. Michelsohn,2025-08-31 23:03:05 +0200,2025-08-31 23:03:05 +0200,needs_id,CC-BY-NC,https://www.inaturalist.org/observations/310594859,https://inaturalist-open-data.s3.amazonaws.com/photos/560577867/medium.jpg,,"","",0,0,false,,United States,34.9494231001,-83.9933199937,142,,,,28762,obscured,open,true,,,Rhododendron maximum,Rhododendron maximum,great rhododendron,Plantae,83059
310594875,c12b7a91-e76a-4896-87b1-44dd3c10bcf9,2025/06/24 2:51 PM,2025-06-24,2025-06-24 20:51:00 +0200,Eastern Time (US & Canada),4348831,pecosvalleydiamond,Moses J. Michelsohn,2025-08-31 23:03:07 +0200,2025-08-31 23:03:07 +0200,needs_id,CC-BY-NC,https://www.inaturalist.org/observations/310594875,https://inaturalist-open-data.s3.amazonaws.com/photos/560578079/medium.jpg,,"","",0,0,false,,United States,34.996674674,-83.9374482147,142,,,,28762,obscured,open,true,,,Rhododendron maximum,Rhododendron maximum,great rhododendron,Plantae,83059
310653726,7c102304-56c5-456a-9ddb-19c1fb28b877,2025-08-31 15:19:48-04:00,2025-08-31,2025-08-31 21:19:48 +0200,Eastern Time (US & Canada),8852567,mckinleyh,McKinley Hales,2025-09-01 03:23:17 +0200,2025-09-01 03:23:23 +0200,needs_id,,https://www.inaturalist.org/observations/310653726,https://static.inaturalist.org/photos/560694127/medium.jpg,,"","",0,0,false,3,"Lakemont, GA, US",34.7469133333,-83.4802716667,,,,,,,open,false,,,"",Rhododendron maximum,great rhododendron,Plantae,83059
310659084,fdb961ea-f172-4ec4-9d29-d4b53a3f6a1b,2025-08-30 10:10:48,2025-08-30,2025-08-30 16:10:48 +0200,Eastern Time (US & Canada),9670975,georgiabirder,Georgia Birder - @georgiabirder,2025-09-01 03:48:05 +0200,2025-09-01 03:48:06 +0200,needs_id,,https://www.inaturalist.org/observations/310659084,https://static.inaturalist.org/photos/560704534/medium.jpg,,"",,0,0,false,843,"Vogel State Park Rd, Blairsville, GA, US",34.7667,-83.9211883333,11,,,,11,,open,false,,,,Rhododendron maximum,great rhododendron,Plantae,83059
310883433,e2debc0a-f46d-4825-b1c1-63f6303d9539,2025-09-01 09:30:39,2025-09-01,2025-09-01 15:30:39 +0200,Eastern Time (US & Canada),5812473,wildlife_lore,Hayes Valentine,2025-09-02 00:08:51 +0200,2025-09-02 00:08:52 +0200,needs_id,CC-BY,https://www.inaturalist.org/observations/310883433,https://inaturalist-open-data.s3.amazonaws.com/photos/561133417/medium.jpg,,"",,0,0,false,843,"Jane Hurt Yarn Dr, Tallulah Falls, GA, US",34.7398395865,-83.391841885,15,,,,15,,open,false,,,,Rhododendron maximum,great rhododendron,Plantae,83059
310948251,6e4dfd33-e564-42a8-af8a-cbada1e94cf2,2025-09-01 15:27:25,2025-09-01,2025-09-01 21:27:25 +0200,Eastern Time (US & Canada),9650945,aka_the_jochman,,2025-09-02 05:29:26 +0200,2025-09-02 05:29:27 +0200,needs_id,CC-BY-NC,https://www.inaturalist.org/observations/310948251,https://inaturalist-open-data.s3.amazonaws.com/photos/561260711/medium.jpg,,"",,0,0,false,843,"Clayton, GA, US",34.906114557,-83.4185593855,85,,,,85,,open,false,,,,Rhododendron maximum,great rhododendron,Plantae,83059
310948942,59dbd210-aad4-4ef1-8720-9593062b828e,2025-09-01 16:33:00,2025-09-01,2025-09-01 22:33:00 +0200,Eastern Time (US & Canada),9650945,aka_the_jochman,,2025-09-02 05:33:01 +0200,2025-09-02 05:33:02 +0200,needs_id,CC-BY-NC,https://www.inaturalist.org/observations/310948942,https://inaturalist-open-data.s3.amazonaws.com/photos/561261950/medium.jpg,,"",,0,0,false,843,"Black Rock Mountain Pkwy, Clayton, GA, US",34.9042255758,-83.4187890497,5,,,,5,,open,false,,,,Rhododendron maximum,great rhododendron,Plantae,83059
312059808,e372ec8d-ed1a-4bbb-a4fa-790a10e0e60e,2025/09/06 10:29 AM,2025-09-06,2025-09-06 16:29:00 +0200,Eastern Time (US & Canada),5114888,morethanlaurel,Starr Whitten,2025-09-07 01:25:22 +0200,2025-09-07 01:25:22 +0200,needs_id,CC-BY-NC,https://www.inaturalist.org/observations/312059808,https://inaturalist-open-data.s3.amazonaws.com/photos/563373868/medium.jpg,,"",,0,0,false,,"White County, GA, USA",34.710611411,-83.7921111614,8,,,,8,,open,false,,,Rhododendron maximum,Rhododendron maximum,great rhododendron,Plantae,83059
312322707,0345b042-cbf7-40ba-8ecd-02539f6f36bd,2025-06-20 18:06:51-04:00,2025-06-20,2025-06-21 00:06:51 +0200,Eastern Time (US & Canada),3904053,nickmartinez140,,2025-09-08 00:43:59 +0200,2025-09-08 04:56:49 +0200,research,CC-BY-NC,https://www.inaturalist.org/observations/312322707,https://inaturalist-open-data.s3.amazonaws.com/photos/563877001/medium.jpg,,"","",1,0,false,3,"Tray Mountain Rd, Helen, GA, US",34.7704217202,-83.7247745048,876,,,,876,,open,false,,,great rhododendron,Rhododendron maximum,great rhododendron,Plantae,83059
312656252,b940330d-5252-49c7-bb33-744bd069bc74,2025-09-05 11:56:41-04:00,2025-09-05,2025-09-05 17:56:41 +0200,Eastern Time (US & Canada),430732,gatorgrei,"",2025-09-09 13:35:02 +0200,2025-09-10 15:14:10 +0200,research,CC-BY-NC,https://www.inaturalist.org/observations/312656252,https://inaturalist-open-data.s3.amazonaws.com/photos/564530625/medium.jpg,,"","",2,0,false,3,"Vogel State Park, Blairsville, GA, US",34.7700116667,-83.9165416667,4,,,,4,,open,false,,,great rhododendron,Rhododendron maximum,great rhododendron,Plantae,83059
312809059,1901f0c1-1171-495e-890e-8aa62ff60cd3,2025/05/31 9:51 AM,2025-05-31,2025-05-31 15:51:00 +0200,Eastern Time (US & Canada),5233894,pinustaeda,"",2025-09-10 02:57:52 +0200,2025-09-10 15:19:49 +0200,research,CC-BY-NC,https://www.inaturalist.org/observations/312809059,https://inaturalist-open-data.s3.amazonaws.com/photos/564814465/medium.jpg,,"",,1,0,false,,"Rabun County, GA, USA",34.9519694444,-83.4337777778,5,,,,5,,open,false,,,great rhododendron,Rhododendron maximum,great rhododendron,Plantae,83059
313873818,c6495ab0-ca77-4dfa-a4c1-631d698a7580,Sat Sep 13 2025 16:48:05 GMT -0400 (EDT),2025-09-13,2025-09-13 22:48:05 +0200,Eastern Time (US & Canada),3550515,cotterpin,,2025-09-14 18:18:32 +0200,2025-09-15 13:57:51 +0200,research,,https://www.inaturalist.org/observations/313873818,https://static.inaturalist.org/photos/566855221/medium.jpg,,"",,1,0,false,333,"White County, US-GA, US",34.7056007385,-83.7879638672,4,,,,4,,open,false,,,great rhododendron,Rhododendron maximum,great rhododendron,Plantae,83059
315674835,ab56efb1-50a5-4371-b722-37e40b939c50,2025-09-20 11:17:38,2025-09-20,2025-09-20 17:17:38 +0200,Eastern Time (US & Canada),8808615,quercusvirginiana,,2025-09-22 01:53:40 +0200,2025-09-22 01:53:41 +0200,needs_id,CC-BY-NC,https://www.inaturalist.org/observations/315674835,https://inaturalist-open-data.s3.amazonaws.com/photos/570283268/medium.jpg,,"",,0,0,false,843,"Panther Creek Trail, Clarkesville, GA, US",34.6947833333,-83.4116583333,4,,,,4,,open,false,,,,Rhododendron maximum,great rhododendron,Plantae,83059
318210632,b39b95d9-b283-445a-80ab-33fbcfd748fb,2025-07-19 12:44:43,2025-07-19,2025-07-19 18:44:43 +0200,Eastern Time (US & Canada),5739010,edoggg,,2025-10-02 17:21:07 +0200,2025-10-03 05:54:59 +0200,research,,https://www.inaturalist.org/observations/318210632,https://static.inaturalist.org/photos/575086162/medium.jpg,,"",,1,0,false,843,"Towns County, US-GA, US",34.8703690355,-83.8108044563,4,,,,4,,open,false,,,great rhododendron,Rhododendron maximum,great rhododendron,Plantae,83059
319011361,92ef156f-1430-471b-9ddf-23aa245763a0,2025-10-05 09:36:58,2025-10-05,2025-10-05 15:36:58 +0200,Eastern Time (US & Canada),5896105,bainoutdoors,Bainoutdoors,2025-10-06 01:02:25 +0200,2025-10-06 01:02:54 +0200,needs_id,CC-BY-NC,https://www.inaturalist.org/observations/319011361,https://inaturalist-open-data.s3.amazonaws.com/photos/576614722/medium.jpg,,"",,0,0,false,2,"Towns County, US-GA, US",34.87173326,-83.81008474,7,,,,7,,open,false,,,great rhododendron,Rhododendron maximum,great rhododendron,Plantae,83059
320403254,2a049289-948d-4c69-aad9-7f5dd48aae26,2025-10-11 17:21:11-04:00,2025-10-11,2025-10-11 23:21:11 +0200,Eastern Time (US & Canada),5783548,jdonahue,Justin Donahue,2025-10-12 16:01:34 +0200,2025-10-13 01:02:12 +0200,research,CC-BY,https://www.inaturalist.org/observations/320403254,https://inaturalist-open-data.s3.amazonaws.com/photos/579295115/medium.jpg,,"","",1,0,false,3,"Amicalola Falls State Park & Lodge, Dawsonville, GA, US",34.5711569907,-84.2415697408,5,,,,5,,open,false,,,great rhododendron,Rhododendron maximum,great rhododendron,Plantae,83059
320683545,db8b57fc-a5e7-4745-ae5e-1ca77603e970,2025-10-12 14:36:46,2025-10-12,2025-10-12 20:36:46 +0200,Eastern Time (US & Canada),9870664,shane80686,shane Mohr,2025-10-13 19:40:40 +0200,2025-12-07 03:20:39 +0100,research,CC-BY-NC,https://www.inaturalist.org/observations/320683545,https://static.inaturalist.org/photos/579844872/medium.jpg,,"",,1,0,false,2,"Clayton, GA 30525, USA",34.90862384,-83.41544305,8,,,,8,,open,false,,,great rhododendron,Rhododendron maximum,great rhododendron,Plantae,83059
320914114,bf300f1f-71a6-46d6-b819-d28f861996d6,2025-10-14 16:09:54-04:00,2025-10-14,2025-10-14 22:09:54 +0200,Eastern Time (US & Canada),5535938,brboyd21,,2025-10-14 22:10:01 +0200,2025-12-21 15:03:17 +0100,research,CC-BY-NC,https://www.inaturalist.org/observations/320914114,https://inaturalist-open-data.s3.amazonaws.com/photos/580299785/medium.jpg,,"","",2,0,false,3,"Amicalola Falls State Park & Lodge, Dawsonville, GA, US",34.5628902132,-84.2470915547,2,,,,2,,open,false,,,great rhododendron,Rhododendron maximum,great rhododendron,Plantae,83059
321684900,047468da-ab74-4497-960c-b2b3fe3daaa3,Sat Oct 18 2025 14:38:53 GMT -0400 (EDT),2025-10-18,2025-10-18 20:38:53 +0200,Eastern Time (US & Canada),7903820,zw_di9,Zach,2025-10-18 22:05:09 +0200,2025-10-18 22:05:22 +0200,needs_id,CC-BY-NC,https://www.inaturalist.org/observations/321684900,https://inaturalist-open-data.s3.amazonaws.com/photos/581797293/medium.jpg,,"",,0,0,false,333,Blue Ridge,34.8133354187,-84.3677139282,410,,,,410,,open,false,,,,Rhododendron maximum,great rhododendron,Plantae,83059
321886695,746fcb5e-819f-4ace-8d95-39dd98b80ca2,2025-10-19 14:11:51-04:00,2025-10-19,2025-10-19 20:11:51 +0200,Eastern Time (US & Canada),7960227,alex_shaw1,Alex Shaw,2025-10-19 20:12:22 +0200,2025-10-19 20:14:50 +0200,needs_id,,https://www.inaturalist.org/observations/321886695,https://static.inaturalist.org/photos/582196405/medium.jpg,,"","",0,0,false,3,"Mountaintown Creek, Ellijay, GA, US",34.7049931296,-84.5395236664,16,,,,16,,open,false,,,"",Rhododendron maximum,great rhododendron,Plantae,83059
322077135,43511a91-aa86-49d8-912c-0072bc64b052,2025-05-26 14:50:38,2025-05-26,2025-05-26 20:50:38 +0200,Eastern Time (US & Canada),703773,lincolndurey,Lincoln Durey,2025-10-20 19:12:18 +0200,2025-10-21 00:07:56 +0200,needs_id,CC-BY,https://www.inaturalist.org/observations/322077135,https://static.inaturalist.org/photos/582577557/medium.jpg,,"",,0,0,false,2,"Cumberland, Atlanta, GA, USA",33.8838076318,-84.4438811392,11,,,,11,,open,false,gps,gps,great rhododendron,Rhododendron maximum,great rhododendron,Plantae,83059
322167772,d5adcf8e-366f-40ff-ab25-e3b6f0df9a0d,2025-10-20 16:20:36-04:00,2025-10-20,2025-10-20 22:20:36 +0200,Eastern Time (US & Canada),9005422,jaxiln6962,,2025-10-21 05:01:05 +0200,2025-10-21 05:01:18 +0200,needs_id,CC-BY-NC,https://www.inaturalist.org/observations/322167772,https://inaturalist-open-data.s3.amazonaws.com/photos/582758284/medium.jpg,,"","",0,0,false,3,"Byron Herbert Reece Trail, Blairsville, GA, US",34.74142,-83.9227533333,4,,,,4,,open,false,,,"",Rhododendron maximum,great rhododendron,Plantae,83059
322261465,6bf8e0b6-7988-49f6-9c7c-2bef10590ad2,2025/10/19 4:49 PM,2025-10-19,2025-10-19 22:49:00 +0200,Eastern Time (US & Canada),764155,whatch11,Wes Hatch,2025-10-21 19:15:58 +0200,2025-10-21 19:15:58 +0200,needs_id,,https://www.inaturalist.org/observations/322261465,https://static.inaturalist.org/photos/582942954/medium.jpg,,"",,0,0,false,,"Sandy Springs, GA, USA",33.9616250833,-84.3846248866,4,,,,4,,open,false,,,Great Rhododendron,Rhododendron maximum,great rhododendron,Plantae,83059
322261466,6d53af91-6c8c-4674-a763-4759ad7546b3,2025/10/19 4:49 PM,2025-10-19,2025-10-19 22:49:00 +0200,Eastern Time (US & Canada),764155,whatch11,Wes Hatch,2025-10-21 19:15:58 +0200,2025-10-21 19:15:58 +0200,needs_id,,https://www.inaturalist.org/observations/322261466,https://static.inaturalist.org/photos/582942953/medium.jpg,,"",,0,0,false,,"Sandy Springs, GA, USA",33.9615421131,-84.3847283421,4,,,,4,,open,false,,,Great Rhododendron,Rhododendron maximum,great rhododendron,Plantae,83059
323222789,ede08978-a78c-4ccf-abd9-37e47d0a44c8,2025-10-26 11:32:20-04:00,2025-10-26,2025-10-26 16:32:20 +0100,Eastern Time (US & Canada),7333976,ivybean4,,2025-10-26 16:32:41 +0100,2025-10-30 15:36:54 +0100,research,CC-BY-NC,https://www.inaturalist.org/observations/323222789,https://inaturalist-open-data.s3.amazonaws.com/photos/584846987/medium.jpg,,"","",2,0,false,3,"Glendale Ave, Decatur, GA, US",33.7795029543,-84.2893140616,47,,,,47,,open,false,,,great rhododendron,Rhododendron maximum,great rhododendron,Plantae,83059
324574495,5726b789-feca-4e91-9992-353019b5d312,2025-11-02 14:57:25,2025-11-02,2025-11-02 20:57:25 +0100,Eastern Time (US & Canada),207140,spotted_skunks,Andrew Edelman,2025-11-02 20:57:44 +0100,2026-08-23 01:24:38 +0200,research,CC-BY-NC,https://www.inaturalist.org/observations/324574495,https://inaturalist-open-data.s3.amazonaws.com/photos/587494397/medium.jpg,,"",,1,0,false,843,"SR-16, Carrollton, GA, US",33.557304328,-85.0389609821,5,,,,5,,open,false,,,great rhododendron,Rhododendron maximum,great rhododendron,Plantae,83059
324930464,2cd81866-9108-43b8-994e-bc4b1806f56c,2025-11-03 10:03:36-05:00,2025-11-03,2025-11-03 16:03:36 +0100,Eastern Time (US & Canada),6893799,larvalfishguy,,2025-11-04 22:09:33 +0100,2025-11-04 22:10:01 +0100,needs_id,CC-BY-NC,https://www.inaturalist.org/observations/324930464,https://inaturalist-open-data.s3.amazonaws.com/photos/588215812/medium.jpg,,"","",0,0,false,3,"Black Rock Mountain, Clayton, GA, US",34.9050033333,-83.4133533333,4,,,,4,,open,false,,,"",Rhododendron maximum,great rhododendron,Plantae,83059
325528596,13c06ab5-4c1a-4197-8cee-f4a75826b129,Sat Nov 08 2025 12:58:30 GMT -0500 (EST),2025-11-08,2025-11-08 18:58:30 +0100,Eastern Time (US & Canada),2173670,raineing,,2025-11-08 18:58:50 +0100,2025-11-08 18:59:16 +0100,needs_id,,https://www.inaturalist.org/observations/325528596,https://inaturalist-open-data.s3.amazonaws.com/photos/589406561/medium.jpg,,"",,0,0,false,333,"Habersham County, US-GA, US",34.7295913696,-83.3831710815,3,,,,3,,open,false,,,,Rhododendron maximum,great rhododendron,Plantae,83059
325577996,634bc774-b364-4e4c-96f0-f3c3ff237626,2025-11-08 11:56:54-05:00,2025-11-08,2025-11-08 17:56:54 +0100,Eastern Time (US & Canada),5246323,tiffanyrucks,,2025-11-08 23:48:55 +0100,2025-11-08 23:49:10 +0100,needs_id,CC-BY-NC,https://www.inaturalist.org/observations/325577996,https://inaturalist-open-data.s3.amazonaws.com/photos/589501379/medium.jpg,,"","",0,0,false,3,"Benton Mackaye Trail, Blue Ridge, GA, US",34.6380416667,-84.1862033333,4,,,,4,,open,false,,,"",Rhododendron maximum,great rhododendron,Plantae,83059
326128814,7d3bcc14-9cdd-451d-9c93-b21a0e2ef6c1,Tue Nov 11 2025 14:43:50 GMT -0500 (EST),2025-11-11,2025-11-11 20:43:50 +0100,Eastern Time (US & Canada),4013240,rachelgawatergirl,,2025-11-12 04:01:52 +0100,2025-11-12 04:01:57 +0100,needs_id,CC-BY-NC,https://www.inaturalist.org/observations/326128814,https://inaturalist-open-data.s3.amazonaws.com/photos/590604032/medium.jpg,,"",,0,0,false,333,Helen,34.692653656,-83.7120666504,,,,,,,open,false,,,,Rhododendron maximum,great rhododendron,Plantae,83059
326238179,0cc24919-affc-4076-afac-d356cf8c48f6,2025-11-12 16:13:29-05:00,2025-11-12,2025-11-12 22:13:29 +0100,Eastern Time (US & Canada),9676330,herbanlu2ke,,2025-11-12 22:18:44 +0100,2025-11-14 03:09:47 +0100,needs_id,CC-BY-NC,https://www.inaturalist.org/observations/326238179,https://inaturalist-open-data.s3.amazonaws.com/photos/590819106/medium.jpg,,"","",1,0,false,3,"Providence Place Dr, Alpharetta, GA, US",34.0985054721,-84.3118731873,24,,,,24,,open,false,,,great rhododendron,Rhododendron maximum,great rhododendron,Plantae,83059
326490651,d68fea88-d78a-46f3-8185-e8ff4a26e4ba,2025-11-14 12:13:19-05:00,2025-11-14,2025-11-14 18:13:19 +0100,Eastern Time (US & Canada),2692148,ryanschiller,Rschiller,2025-11-14 18:13:26 +0100,2025-11-14 18:15:02 +0100,needs_id,,https://www.inaturalist.org/observations/326490651,https://static.inaturalist.org/photos/591321827/medium.jpg,,"","",0,0,false,3,"Kelsey Mountain Rd, Dillard, GA, US",34.9788185414,-83.3030485298,4,,,,4,,open,false,,,"",Rhododendron maximum,great rhododendron,Plantae,83059
326493547,c82d20b6-7a76-4468-accb-732d44d8740e,2025-11-14 12:34:14-05:00,2025-11-14,2025-11-14 18:34:14 +0100,Eastern Time (US & Canada),2692148,ryanschiller,Rschiller,2025-11-14 18:34:22 +0100,2025-11-19 02:33:21 +0100,research,,https://www.inaturalist.org/observations/326493547,https://static.inaturalist.org/photos/591327648/medium.jpg,,"","",1,0,false,3,"Bartram Trail, Clayton, GA, US",34.9775798549,-83.301043653,4,,,,4,,open,false,,,great rhododendron,Rhododendron maximum,great rhododendron,Plantae,83059
326514903,13851763-acf7-4e9f-ba4d-7dddf3f94fa3,2025-11-14 15:28:18-05:00,2025-11-14,2025-11-14 21:28:18 +0100,Eastern Time (US & Canada),2692148,ryanschiller,Rschiller,2025-11-14 21:29:03 +0100,2025-11-19 02:32:28 +0100,research,,https://www.inaturalist.org/observations/326514903,https://static.inaturalist.org/photos/591397010/medium.jpg,,"","",1,0,false,3,"Tahoe Ln, Sky Valley, GA, US",34.9836060036,-83.3334650662,4,,,,4,,open,false,,,great rhododendron,Rhododendron maximum,great rhododendron,Plantae,83059
326528576,7a706086-1e8e-4c0a-89be-4d3220a2846f,2025-11-14 15:57:11-05:00,2025-11-14,2025-11-14 21:57:11 +0100,Eastern Time (US & Canada),2692148,ryanschiller,Rschiller,2025-11-14 23:10:51 +0100,2025-12-07 02:15:01 +0100,research,,https://www.inaturalist.org/observations/326528576,https://static.inaturalist.org/photos/591396271/medium.jpg,,"","",1,0,false,3,"Rabun County, US-GA, US",34.9917112519,-83.3460336787,4,,,,4,,open,false,,,great rhododendron,Rhododendron maximum,great rhododendron,Plantae,83059
326851483,4b16dfac-fd8b-42fc-acd3-6c2c536697ba,2025-11-02 10:35:56,2025-11-02,2025-11-02 16:35:56 +0100,Eastern Time (US & Canada),3767001,tlip89,Tyler Lipham,2025-11-16 21:51:24 +0100,2025-12-06 04:48:34 +0100,research,CC-BY-NC,https://www.inaturalist.org/observations/326851483,https://inaturalist-open-data.s3.amazonaws.com/photos/592042225/medium.jpg,,"",,1,0,false,843,"Rabun County, US-GA, US",34.8862118978,-83.3435746458,4,,,,4,,open,false,,,great rhododendron,Rhododendron maximum,great rhododendron,Plantae,83059
326903314,ff0de572-ee80-4758-b37c-1e97cfe4b85c,2025-11-16 13:39:57,2025-11-16,2025-11-16 19:39:57 +0100,Eastern Time (US & Canada),9845797,kamille_gregory_warnock,Kamille Gregory-Warnock,2025-11-17 04:10:27 +0100,2025-12-06 04:48:04 +0100,research,CC-BY-NC,https://www.inaturalist.org/observations/326903314,https://inaturalist-open-data.s3.amazonaws.com/photos/592146730/medium.jpg,,"",,1,0,false,843,"Amy Creek Rd, Ellijay, GA, US",34.7948916667,-84.4571083333,21,,,,21,,open,false,,,great rhododendron,Rhododendron maximum,great rhododendron,Plantae,83059
326956519,8439b579-0699-497e-bb9c-401a29226010,2025-11-16 11:13:47,2025-11-16,2025-11-16 17:13:47 +0100,Eastern Time (US & Canada),290717,arenn3,Abbey R,2025-11-17 14:12:53 +0100,2025-11-17 14:37:27 +0100,research,,https://www.inaturalist.org/observations/326956519,https://static.inaturalist.org/photos/592252924/medium.jpg,,"",,1,0,false,843,"Clifton Rd NE, Atlanta, GA, US",33.7740254682,-84.3272531592,4,,,,4,,open,false,,,great rhododendron,Rhododendron maximum,great rhododendron,Plantae,83059
327502954,c41ff638-54b9-44d2-9102-f131985e6eff,2025-11-16 15:05:28,2025-11-16,2025-11-16 21:05:28 +0100,Eastern Time (US & Canada),584829,mary179,Mary McGuire Smith,2025-11-21 13:57:40 +0100,2025-11-23 01:01:37 +0100,research,,https://www.inaturalist.org/observations/327502954,https://static.inaturalist.org/photos/593343328/medium.jpg,,"",,1,0,false,2,"Blue Ridge, GA 30513, USA",34.6555055556,-84.1955166667,,,,,,,open,false,gps,gps,great rhododendron,Rhododendron maximum,great rhododendron,Plantae,83059
327681983,9cae81ed-8a79-47ad-84b5-828689d24492,2025-11-22 11:34:24-05:00,2025-11-22,2025-11-22 17:34:24 +0100,Eastern Time (US & Canada),9005804,danibethb,,2025-11-22 17:37:13 +0100,2025-12-06 04:47:47 +0100,research,CC-BY-NC,https://www.inaturalist.org/observations/327681983,https://inaturalist-open-data.s3.amazonaws.com/photos/593689646/medium.jpg,,"","",1,0,false,3,"Fish Trap Rd, Mineral Bluff, GA, US",34.95333,-84.343895,,,,,,,open,false,,,great rhododendron,Rhododendron maximum,great rhododendron,Plantae,83059
327718799,86fb4c46-61ae-4ab9-832f-c724ddfb2f2a,2025-11-22 12:49:53-05:00,2025-11-22,2025-11-22 18:49:53 +0100,Eastern Time (US & Canada),2663890,kingjenna,,2025-11-22 21:25:31 +0100,2025-12-06 04:47:03 +0100,research,CC-BY-NC,https://www.inaturalist.org/observations/327718799,https://inaturalist-open-data.s3.amazonaws.com/photos/593758154/medium.jpg,,"","",1,0,false,3,"Ellijay, GA, US",34.623525,-84.4390033333,2,,,,2,,open,false,,,great rhododendron,Rhododendron maximum,great rhododendron,Plantae,83059
327836585,e4d1d16a-5d72-4b86-9919-c61ea51497b6,2025-11-22 11:55:47,2025-11-22,2025-11-22 17:55:47 +0100,Eastern Time (US & Canada),5738705,smithdrake34,,2025-11-23 13:11:16 +0100,2025-11-26 03:19:17 +0100,research,CC-BY-NC,https://www.inaturalist.org/observations/327836585,https://inaturalist-open-data.s3.amazonaws.com/photos/593985014/medium.jpg,,"",,1,0,false,843,"Top of the Falls Rd, Dawsonville, GA, US",34.5588788856,-84.2497847603,5,,,,5,,open,false,,,great rhododendron,Rhododendron maximum,great rhododendron,Plantae,83059
328208429,bb53a5b5-8193-42a0-a6a9-51267e524b13,2025-11-24 12:44:49-05:00,2025-11-24,2025-11-24 18:44:49 +0100,Eastern Time (US & Canada),8157609,lauren_mckee,Lauren McKee,2025-11-25 16:39:19 +0100,2025-11-25 22:35:49 +0100,needs_id,,https://www.inaturalist.org/observations/328208429,https://static.inaturalist.org/photos/594690717/medium.jpg,,"","",1,0,false,3,"US-76 W, Cherry Log, GA, US",34.8020383333,-84.3759133333,60,,,,60,,open,false,,,great rhododendron,Rhododendron maximum,great rhododendron,Plantae,83059
328661005,fe65f269-518b-4f3d-b7d3-a7ce7b7f8283,2025-11-28 15:37:49,2025-11-28,2025-11-28 21:37:49 +0100,Eastern Time (US & Canada),9837922,sarahhlambb,,2025-11-28 21:38:33 +0100,2025-12-06 04:44:28 +0100,research,CC-BY-NC,https://www.inaturalist.org/observations/328661005,https://inaturalist-open-data.s3.amazonaws.com/photos/595604325/medium.jpg,,"",,1,0,false,843,"Black Rock Mountain Pkwy, Clayton, GA, US",34.9072682177,-83.4096046044,7,,,,7,,open,false,,,great rhododendron,Rhododendron maximum,great rhododendron,Plantae,83059
328708147,a983f62f-7dba-45f8-b201-472d50306d71,2025-11-28 12:16:32,2025-11-28,2025-11-28 18:16:32 +0100,Eastern Time (US & Canada),2114524,nomadiclobo,Henry Wagner,2025-11-29 04:13:40 +0100,2025-12-06 04:43:45 +0100,research,,https://www.inaturalist.org/observations/328708147,https://static.inaturalist.org/photos/595702601/medium.jpg,,"",,1,0,false,843,"Cherokee Rd, Clarkesville, GA, US",34.8002431779,-83.5621113458,8,,,,8,,open,false,,,great rhododendron,Rhododendron maximum,great rhododendron,Plantae,83059
328803961,4089152e-fdb6-473a-8acc-9b20b5bbe3a7,2025-11-29 13:51:18-05:00,2025-11-29,2025-11-29 19:51:18 +0100,Eastern Time (US & Canada),7799983,august_a,August Alvarez,2025-11-29 21:13:04 +0100,2026-03-21 13:22:53 +0100,research,,https://www.inaturalist.org/observations/328803961,https://static.inaturalist.org/photos/596486485/medium.jpg,,"","",2,0,false,3,"Tallulah Gorge State Park, Tallulah Falls, GA, US",34.7379108472,-83.3916035202,8,,,,8,,open,false,,,great rhododendron,Rhododendron maximum,great rhododendron,Plantae,83059
328864840,77176cb3-e5b1-4441-aca2-200d4d6db2a7,2025-11-29 14:45:28,2025-11-29,2025-11-29 20:45:28 +0100,Eastern Time (US & Canada),3386617,tree_girl_dendro,Audrey Lux,2025-11-30 04:57:04 +0100,2025-11-30 18:54:45 +0100,research,CC-BY-NC,https://www.inaturalist.org/observations/328864840,https://inaturalist-open-data.s3.amazonaws.com/photos/596016815/medium.jpg,,"",Along stream bank,3,0,false,2,"Smoke Rise, GA 30087, USA",33.7947950151,-84.0757891908,193,,,,193,,open,false,gps,gps,great rhododendron,Rhododendron maximum,great rhododendron,Plantae,83059
329379233,5ad8d50a-5a2a-47d9-b398-145c960eaa59,2025-12-03 16:02:39,2025-12-03,2025-12-03 22:02:39 +0100,Eastern Time (US & Canada),3124641,johnlugthart,John Lugthart,2025-12-03 23:06:57 +0100,2025-12-03 23:07:03 +0100,needs_id,,https://www.inaturalist.org/observations/329379233,https://static.inaturalist.org/photos/597047175/medium.jpg,,"",,0,0,false,2,"Dalton, GA, USA",34.7742874268,-85.0067026354,8,,,,8,,open,false,,,great rhododendron,Rhododendron maximum,great rhododendron,Plantae,83059
329712813,940cfea4-df34-4b76-aa76-4663638a7fb2,2025-12-06 10:41:56,2025-12-06,2025-12-06 16:41:56 +0100,Eastern Time (US & Canada),9639568,jmuni,Jordon Munizzi,2025-12-06 17:53:38 +0100,2025-12-06 17:55:10 +0100,needs_id,CC-BY-NC,https://www.inaturalist.org/observations/329712813,https://inaturalist-open-data.s3.amazonaws.com/photos/597719292/medium.jpg,,"",,0,0,false,2,"Cherry Log, GA 30522, USA",34.7847546481,-84.3056152761,276,,,,276,,open,false,gps,gps,great rhododendron,Rhododendron maximum,great rhododendron,Plantae,83059
330428510,8f4bc5a7-4bea-4e97-915a-8e7d6bb9b2a2,2025/10/16 12:47 PM,2025-10-16,2025-10-16 18:47:00 +0200,Eastern Time (US & Canada),9771981,trashpnda8,Ash,2025-12-12 06:28:03 +0100,2025-12-12 15:38:07 +0100,research,CC-BY-NC,https://www.inaturalist.org/observations/330428510,https://inaturalist-open-data.s3.amazonaws.com/photos/599174862/medium.jpg,,"",,1,0,false,,"Vogel State Park, 405 Vogel State Park Rd, Blairsville, GA 30512, USA",34.7649337,-83.925463,797,,,,797,,open,false,,,great rhododendron,Rhododendron maximum,great rhododendron,Plantae,83059
330644428,3ecf36f1-4fad-4ebb-8a82-47b470061057,2025/11/22 4:35 AM,2025-11-22,2025-11-22 10:35:00 +0100,Eastern Time (US & Canada),9456170,buck_manglitz_01,Buck_M,2025-12-14 00:42:12 +0100,2026-01-16 07:08:13 +0100,needs_id,CC-BY-NC,https://www.inaturalist.org/observations/330644428,https://inaturalist-open-data.s3.amazonaws.com/photos/599621924/medium.jpg,,"",Growing on a rock outcropping.,0,0,false,,"Habersham County, GA, USA",34.5875448536,-83.5834619627,15,,,,15,,open,false,,,Great Rhododendron,Rhododendron maximum,great rhododendron,Plantae,83059
331013474,c7f751d6-72e7-4af8-8029-773bf4e28807,Tue Dec 16 2025 16:53:32 GMT -0500 (EST),2025-12-16,2025-12-16 22:53:32 +0100,Eastern Time (US & Canada),9036565,derklizard,,2025-12-16 22:53:41 +0100,2025-12-16 22:53:57 +0100,needs_id,CC-BY-NC,https://www.inaturalist.org/observations/331013474,https://inaturalist-open-data.s3.amazonaws.com/photos/600388455/medium.jpg,,"",,0,0,false,333,Chatsworth,34.6914520264,-84.6674728394,26,,,,26,,open,false,,,,Rhododendron maximum,great rhododendron,Plantae,83059
331338509,e5643df6-a268-40e5-a043-d6e1c8a007da,2025-12-19 07:52:37-05:00,2025-12-19,2025-12-19 13:52:37 +0100,Eastern Time (US & Canada),764155,whatch11,Wes Hatch,2025-12-19 21:06:24 +0100,2025-12-19 21:06:34 +0100,needs_id,,https://www.inaturalist.org/observations/331338509,https://static.inaturalist.org/photos/601058160/medium.jpg,,"","",0,0,false,3,"Hale Ridge Rd, Dillard, GA, US",34.9955966667,-83.2819216667,4,,,,4,,open,false,,,"",Rhododendron maximum,great rhododendron,Plantae,83059
331489466,46504d32-41da-4537-b600-71095137c2fe,2025-12-20 11:24:14,2025-12-20,2025-12-20 17:24:14 +0100,Eastern Time (US & Canada),34564,nooga_naturalist,Jim Greenway,2025-12-21 02:41:46 +0100,2025-12-21 02:41:47 +0100,needs_id,CC-BY-NC,https://www.inaturalist.org/observations/331489466,https://inaturalist-open-data.s3.amazonaws.com/photos/601369847/medium.jpg,,"",,0,0,false,843,"Rock Creek Rd, Cherry Log, GA, US",34.7806166667,-84.3285883333,4,,,,4,,open,false,,,,Rhododendron maximum,great rhododendron,Plantae,83059
331501891,4b15dde4-ffa3-4ce3-a8c0-6231125450a0,2025-12-20 12:13:32,2025-12-20,2025-12-20 18:13:32 +0100,Eastern Time (US & Canada),3000460,joshuaw207,Joshua Wood,2025-12-21 04:50:10 +0100,2025-12-21 04:50:11 +0100,needs_id,,https://www.inaturalist.org/observations/331501891,https://static.inaturalist.org/photos/601395411/medium.jpg,,"",,0,0,false,843,"Coosa Backcountry Trail, Suches, GA, US",34.7520533333,-83.9397966667,3,,,,3,,open,false,,,,Rhododendron maximum,great rhododendron,Plantae,83059
331502003,f66423a5-1cb1-4443-a854-ba6705663275,2025-12-20 11:01:41,2025-12-20,2025-12-20 17:01:41 +0100,Eastern Time (US & Canada),3000460,joshuaw207,Joshua Wood,2025-12-21 04:51:18 +0100,2025-12-21 04:51:19 +0100,needs_id,,https://www.inaturalist.org/observations/331502003,https://static.inaturalist.org/photos/601395692/medium.jpg,,"",,0,0,false,843,"Coosa Backcountry Trail, Suches, GA, US",34.7637333333,-83.934655,272,,,,272,,open,false,,,,Rhododendron maximum,great rhododendron,Plantae,83059
331570982,3cd2ee90-9642-4494-8ba4-b80ae6041a46,2025-12-19 12:17:13,2025-12-19,2025-12-19 18:17:13 +0100,Eastern Time (US & Canada),9412423,merrr07,,2025-12-21 19:14:37 +0100,2025-12-21 19:14:38 +0100,needs_id,CC-BY-NC,https://www.inaturalist.org/observations/331570982,https://inaturalist-open-data.s3.amazonaws.com/photos/601531087/medium.jpg,,"",,0,0,false,843,"Tallulah Falls, GA, US",34.737586039,-83.391651019,33,,,,33,,open,false,,,,Rhododendron maximum,great rhododendron,Plantae,83059
331794117,0e8976d7-2c98-4942-836f-1e15f7023988,2025-12-20 08:19:32,2025-12-20,2025-12-20 14:19:32 +0100,Eastern Time (US & Canada),1099067,i_amanita,anita,2025-12-23 13:23:13 +0100,2025-12-23 13:25:01 +0100,needs_id,,https://www.inaturalist.org/observations/331794117,https://static.inaturalist.org/photos/601985728/medium.jpg,,"",,0,0,false,2,"Cleveland, GA 30528, USA",34.6884916667,-83.9108944444,,,,,,,open,false,gps,gps,great rhododendron,Rhododendron maximum,great rhododendron,Plantae,83059
331795198,6d983779-56d6-48a3-93d1-0496d6ba3b65,2025-12-20 08:40:39,2025-12-20,2025-12-20 14:40:39 +0100,Eastern Time (US & Canada),1099067,i_amanita,anita,2025-12-23 13:40:29 +0100,2025-12-23 13:40:43 +0100,needs_id,,https://www.inaturalist.org/observations/331795198,https://static.inaturalist.org/photos/601987818/medium.jpg,,"",,0,0,false,2,"Cleveland, GA 30528, USA",34.73255,-83.9108944444,,,,,,,open,false,gps,gps,great rhododendron,Rhododendron maximum,great rhododendron,Plantae,83059
331870676,5d4de4a5-5155-4abc-ad86-6d59ba50ca63,2025-12-23 14:37:19,2025-12-23,2025-12-23 20:37:19 +0100,Eastern Time (US & Canada),9711030,smholland,Steven Holland,2025-12-24 02:52:21 +0100,2025-12-24 02:52:22 +0100,needs_id,CC-BY-NC,https://www.inaturalist.org/observations/331870676,https://inaturalist-open-data.s3.amazonaws.com/photos/602145414/medium.jpg,,"",,0,0,false,843,"Habersham County, US-GA, US",34.6786712312,-83.3959406362,21,,,,21,,open,false,,,,Rhododendron maximum,great rhododendron,Plantae,83059
332179427,b15def2c-426e-4080-8e70-bf1f9af9f54a,2025-11-06 10:59:17,2025-11-06,2025-11-06 16:59:17 +0100,Eastern Time (US & Canada),735985,dyleo,Dylan Beck,2025-12-26 20:02:26 +0100,2025-12-26 20:02:27 +0100,needs_id,,https://www.inaturalist.org/observations/332179427,https://static.inaturalist.org/photos/602781917/medium.jpg,,"",,0,0,false,843,United States,34.9055794498,-83.8335150712,4,,,,28762,obscured,open,true,,,,Rhododendron maximum,great rhododendron,Plantae,83059
332381672,9f0bdda0-837b-4c3e-af00-901b8c84f1f7,2025/12/27 1:38 PM,2025-12-27,2025-12-27 19:38:00 +0100,Eastern Time (US & Canada),4249652,picklejar,Alex Yu,2025-12-28 04:14:09 +0100,2025-12-28 04:14:09 +0100,needs_id,CC-BY-NC,https://www.inaturalist.org/observations/332381672,https://inaturalist-open-data.s3.amazonaws.com/photos/603188095/medium.jpg,,"",,0,0,false,,"White County, GA, USA",34.7098388889,-83.7892444444,5,,,,5,,open,false,,,Rhododendron maximum,Rhododendron maximum,great rhododendron,Plantae,83059
332381674,20de3758-27ea-4156-8419-640b16118ca1,2025/12/27 1:39 PM,2025-12-27,2025-12-27 19:39:00 +0100,Eastern Time (US & Canada),4249652,picklejar,Alex Yu,2025-12-28 04:14:09 +0100,2025-12-28 04:14:09 +0100,needs_id,CC-BY-NC,https://www.inaturalist.org/observations/332381674,https://inaturalist-open-data.s3.amazonaws.com/photos/603188151/medium.jpg,,"",,0,0,false,,"White County, GA, USA",34.7099194444,-83.7894222222,5,,,,5,,open,false,,,Rhododendron maximum,Rhododendron maximum,great rhododendron,Plantae,83059
332381678,3dc99906-c196-4f1a-b412-d7f0231c6bb4,2025/12/27 1:39 PM,2025-12-27,2025-12-27 19:39:00 +0100,Eastern Time (US & Canada),4249652,picklejar,Alex Yu,2025-12-28 04:14:10 +0100,2025-12-28 04:14:10 +0100,needs_id,CC-BY-NC,https://www.inaturalist.org/observations/332381678,https://inaturalist-open-data.s3.amazonaws.com/photos/603188167/medium.jpg,,"",,0,0,false,,"White County, GA, USA",34.7099111111,-83.789475,5,,,,5,,open,false,,,Rhododendron maximum,Rhododendron maximum,great rhododendron,Plantae,83059
332381682,48c00fe4-c556-4830-8aa6-8b0702f1bdd4,2025/12/27 1:40 PM,2025-12-27,2025-12-27 19:40:00 +0100,Eastern Time (US & Canada),4249652,picklejar,Alex Yu,2025-12-28 04:14:11 +0100,2025-12-28 04:14:11 +0100,needs_id,CC-BY-NC,https://www.inaturalist.org/observations/332381682,https://inaturalist-open-data.s3.amazonaws.com/photos/603188214/medium.jpg,,"",,0,0,false,,"White County, GA, USA",34.7100972222,-83.7900472222,5,,,,5,,open,false,,,Rhododendron maximum,Rhododendron maximum,great rhododendron,Plantae,83059
332381712,d1f01b6b-2d5f-4691-89e8-9fa9137ac9b3,2025/12/27 1:45 PM,2025-12-27,2025-12-27 19:45:00 +0100,Eastern Time (US & Canada),4249652,picklejar,Alex Yu,2025-12-28 04:14:19 +0100,2025-12-28 04:14:19 +0100,needs_id,CC-BY-NC,https://www.inaturalist.org/observations/332381712,https://inaturalist-open-data.s3.amazonaws.com/photos/603188609/medium.jpg,,"",,0,0,false,,"White County, GA, USA",34.7108888889,-83.7906888889,5,,,,5,,open,false,,,Rhododendron maximum,Rhododendron maximum,great rhododendron,Plantae,83059
332381789,298e347c-569d-4ec1-a801-df4fac277a87,2025/12/27 1:59 PM,2025-12-27,2025-12-27 19:59:00 +0100,Eastern Time (US & Canada),4249652,picklejar,Alex Yu,2025-12-28 04:14:31 +0100,2025-12-28 04:14:31 +0100,needs_id,CC-BY-NC,https://www.inaturalist.org/observations/332381789,https://inaturalist-open-data.s3.amazonaws.com/photos/603189405/medium.jpg,,"",,0,0,false,,"White, Georgia, United States",34.7110027778,-83.7933444444,5,,,,5,,open,false,,,Rhododendron maximum,Rhododendron maximum,great rhododendron,Plantae,83059
332381882,9fc6855c-d384-490c-9bcb-c64b7e2e3709,2025/12/27 2:09 PM,2025-12-27,2025-12-27 20:09:00 +0100,Eastern Time (US & Canada),4249652,picklejar,Alex Yu,2025-12-28 04:15:18 +0100,2025-12-28 04:15:18 +0100,needs_id,CC-BY-NC,https://www.inaturalist.org/observations/332381882,https://inaturalist-open-data.s3.amazonaws.com/photos/603189911/medium.jpg,,"",,0,0,false,,"White County, GA, USA",34.7122777778,-83.7954027778,90,,,,90,,open,false,,,Rhododendron maximum,Rhododendron maximum,great rhododendron,Plantae,83059
332510532,c61a7f46-8427-4ee4-9eea-5126f78e8f6f,2025/12/28 2:54 PM,2025-12-28,2025-12-28 20:54:00 +0100,Eastern Time (US & Canada),4249652,picklejar,Alex Yu,2025-12-29 00:30:09 +0100,2025-12-29 01:05:39 +0100,research,CC-BY-NC,https://www.inaturalist.org/observations/332510532,https://inaturalist-open-data.s3.amazonaws.com/photos/603455068/medium.jpg,,"",,1,0,false,,"Atlanta, GA, USA",33.7952083333,-84.317825,33,,,,33,,open,false,,,great rhododendron,Rhododendron maximum,great rhododendron,Plantae,83059
332605882,4ea1b223-54ce-49d3-9ac9-c59352839737,2025-12-29 11:27:11-05:00,2025-12-29,2025-12-29 17:27:11 +0100,Eastern Time (US & Canada),5154168,noah424,Noah Hart,2025-12-29 17:29:23 +0100,2025-12-29 17:29:51 +0100,needs_id,,https://www.inaturalist.org/observations/332605882,https://static.inaturalist.org/photos/603657154/medium.jpg,,"","",0,0,false,3,"Wolf Creek Mountain Rd, Mineral Bluff, GA, US",34.9737383333,-84.3454133333,11,,,,11,,open,false,,,"",Rhododendron maximum,great rhododendron,Plantae,83059
332773686,37be6812-9916-487c-ab92-d8b32e587012,2025-12-30 12:26:09,2025-12-30,2025-12-30 18:26:09 +0100,Eastern Time (US & Canada),7145321,kgrieshop,,2025-12-30 21:15:01 +0100,2025-12-30 23:46:17 +0100,needs_id,CC-BY-NC,https://www.inaturalist.org/observations/332773686,https://inaturalist-open-data.s3.amazonaws.com/photos/603997591/medium.jpg,,"",,0,0,false,843,"Stanley Gap Trail, Cherry Log, GA, US",34.7823366667,-84.3148416667,14,,,,14,,open,false,,,,Rhododendron maximum,great rhododendron,Plantae,83059
332773744,20d2c692-ddfe-4cc1-953f-bfafbf5a1509,Tue Dec 30 2025 15:14:32 GMT -0500 (EST),2025-12-30,2025-12-30 21:14:32 +0100,Eastern Time (US & Canada),10039599,claudiapartain,,2025-12-30 21:15:23 +0100,2026-01-05 19:06:38 +0100,research,CC-BY-NC,https://www.inaturalist.org/observations/332773744,https://inaturalist-open-data.s3.amazonaws.com/photos/603997828/medium.jpg,,"",,1,0,false,333,Dawsonville,34.5618858337,-84.2473831177,5,,,,5,,open,false,,,great rhododendron,Rhododendron maximum,great rhododendron,Plantae,83059
332774089,e43e73ae-1bac-4e76-b258-9fac9c9cfdb2,2025-12-30 13:12:34,2025-12-30,2025-12-30 19:12:34 +0100,Eastern Time (US & Canada),7145321,kgrieshop,,2025-12-30 21:17:41 +0100,2025-12-30 21:17:45 +0100,needs_id,CC-BY-NC,https://www.inaturalist.org/observations/332774089,https://inaturalist-open-data.s3.amazonaws.com/photos/603998339/medium.jpg,,"",,0,0,false,843,"Benton Mackaye Trail, Cherry Log, GA, US",34.7861716667,-84.3061366667,14,,,,14,,open,false,,,,Rhododendron maximum,great rhododendron,Plantae,83059
332810694,c30a42c9-70e8-49c1-9f42-7ea46dc3a2a9,2025/12/30 5:17 PM,2025-12-30,2025-12-30 23:17:00 +0100,Eastern Time (US & Canada),4249652,picklejar,Alex Yu,2025-12-31 02:24:00 +0100,2025-12-31 02:24:00 +0100,needs_id,CC-BY-NC,https://www.inaturalist.org/observations/332810694,https://inaturalist-open-data.s3.amazonaws.com/photos/604070187/medium.jpg,,"",,0,0,false,,"Lookout Mountain, GA 30750, USA",34.9728472222,-85.3496777778,113,,,,113,,open,false,,,Rhododendron maximum,Rhododendron maximum,great rhododendron,Plantae,83059
332810696,e23df004-0ea5-4198-9382-18e0f80fcb77,2025/12/30 5:20 PM,2025-12-30,2025-12-30 23:20:00 +0100,Eastern Time (US & Canada),4249652,picklejar,Alex Yu,2025-12-31 02:24:01 +0100,2025-12-31 02:24:01 +0100,needs_id,CC-BY-NC,https://www.inaturalist.org/observations/332810696,https://inaturalist-open-data.s3.amazonaws.com/photos/604070221/medium.jpg,,"",,0,0,false,,"Walker, Georgia, United States",34.9729,-85.3493805556,35,,,,35,,open,false,,,Rhododendron maximum,Rhododendron maximum,great rhododendron,Plantae,83059
332819124,1c96bacd-aefb-49b3-a9f0-02049b1545a7,2025-12-30 15:20:09,2025-12-30,2025-12-30 21:20:09 +0100,Eastern Time (US & Canada),6378383,ethantouchinggrass,Ethan,2025-12-31 03:42:07 +0100,2025-12-31 03:42:11 +0100,needs_id,CC-BY-NC,https://www.inaturalist.org/observations/332819124,https://inaturalist-open-data.s3.amazonaws.com/photos/604092028/medium.jpg,,"",,0,0,false,843,"Cloudland Canyon Park Rd, Rising Fawn, GA, US",34.8341133333,-85.4834116667,,,,,,,open,false,,,,Rhododendron maximum,great rhododendron,Plantae,83059
333062221,d286579c-5c91-4ced-b3e8-989ed00dbd1d,2025-12-27 13:12:55,2025-12-27,2025-12-27 19:12:55 +0100,Eastern Time (US & Canada),9504965,amlm2025,,2026-01-01 23:15:24 +0100,2026-01-01 23:18:32 +0100,research,CC-BY-NC,https://www.inaturalist.org/observations/333062221,https://inaturalist-open-data.s3.amazonaws.com/photos/604591944/medium.jpg,,"",,1,0,false,843,"Brasstown Bald Trail, Hiawassee, GA, US",34.8732342703,-83.8108746323,88,,,,88,,open,false,,,great rhododendron,Rhododendron maximum,great rhododendron,Plantae,83059
333180611,16371b5f-ce60-46ba-b4b2-be8bfc0ac11e,2026-01-02 13:41:41-05:00,2026-01-02,2026-01-02 19:41:41 +0100,Eastern Time (US & Canada),247295,kenwills,Ken Wills,2026-01-02 19:41:52 +0100,2026-01-02 19:41:59 +0100,needs_id,CC-BY-NC,https://www.inaturalist.org/observations/333180611,https://inaturalist-open-data.s3.amazonaws.com/photos/604831339/medium.jpg,,"","",0,0,false,3,"Tallulah Gorge State Park, Tallulah Falls, GA, US",34.7394112498,-83.3885965963,5,,,,5,,open,false,,,"",Rhododendron maximum,great rhododendron,Plantae,83059
333341333,c4a7bfb4-a251-4d45-ad1c-b945bcd9032b,2026-01-02 13:13:41-05:00,2026-01-02,2026-01-02 19:13:41 +0100,Eastern Time (US & Canada),2723790,daniel_petersen,Daniel Petersen och Peter Sullivan,2026-01-03 22:03:54 +0100,2026-01-03 22:08:23 +0100,needs_id,CC-BY-NC,https://www.inaturalist.org/observations/333341333,https://inaturalist-open-data.s3.amazonaws.com/photos/605158552/medium.jpg,,"","",0,0,false,3,"White County, US-GA, US",34.7041427169,-83.7884347401,372,,,,372,,open,false,,,"",Rhododendron maximum,great rhododendron,Plantae,83059
333341407,c1dc2ba2-7fa3-4ad2-86c5-65046ee19623,2026-01-02 13:21:49-05:00,2026-01-02,2026-01-02 19:21:49 +0100,Eastern Time (US & Canada),2723790,daniel_petersen,Daniel Petersen och Peter Sullivan,2026-01-03 22:04:12 +0100,2026-01-03 22:08:39 +0100,needs_id,CC-BY-NC,https://www.inaturalist.org/observations/333341407,https://inaturalist-open-data.s3.amazonaws.com/photos/605158642/medium.jpg,,"","",0,0,false,3,"White County, US-GA, US",34.703531406,-83.7892452194,372,,,,372,,open,false,,,"",Rhododendron maximum,great rhododendron,Plantae,83059
333341582,730ae0af-9c71-4665-9e58-0002853a057f,2026-01-02 13:42:56-05:00,2026-01-02,2026-01-02 19:42:56 +0100,Eastern Time (US & Canada),2723790,daniel_petersen,Daniel Petersen och Peter Sullivan,2026-01-03 22:05:18 +0100,2026-01-04 05:13:35 +0100,research,CC-BY-NC,https://www.inaturalist.org/observations/333341582,https://inaturalist-open-data.s3.amazonaws.com/photos/605158920/medium.jpg,,"","",1,0,false,3,"Dukes Creeks Falls Trail, Helen, GA, US",34.7013823766,-83.7919112055,372,,,,372,,open,false,,,sommarrododendron,Rhododendron maximum,great rhododendron,Plantae,83059
333393169,f49f2277-09f8-4ae2-90f0-94ff4f003799,2025-07-11 15:05:06,2025-07-11,2025-07-11 21:05:06 +0200,Eastern Time (US & Canada),10045501,archibald33,Archie,2026-01-04 05:27:01 +0100,2026-04-19 18:07:11 +0200,research,CC-BY-NC,https://www.inaturalist.org/observations/333393169,https://inaturalist-open-data.s3.amazonaws.com/photos/605264547/medium.jpg,,"",,1,0,false,843,"Appalachian Approach Trail, Blue Ridge, GA, US",34.6661716667,-84.18087,13,,,,13,,open,false,,,great rhododendron,Rhododendron maximum,great rhododendron,Plantae,83059
333498087,22c14f98-0cff-40ef-88db-c2a1a7e24cb0,2026-01-04 15:24:18-05:00,2026-01-04,2026-01-04 21:24:18 +0100,Eastern Time (US & Canada),6698171,bexbotanica,Rebecca Ramsey,2026-01-04 23:19:48 +0100,2026-03-21 13:22:40 +0100,research,,https://www.inaturalist.org/observations/333498087,https://static.inaturalist.org/photos/605475957/medium.jpg,,"","",1,0,false,3,"Tallulah Gorge State Park, Tallulah Falls, GA, US",34.7376633333,-83.3917833333,4,,,,4,,open,false,,,great rhododendron,Rhododendron maximum,great rhododendron,Plantae,83059
333777402,84f961e7-f272-4b42-9b9a-7ed29caae20e,2026-01-06 17:02:57-05:00,2026-01-06,2026-01-06 23:02:57 +0100,Eastern Time (US & Canada),4055866,deadpoet,,2026-01-06 23:03:33 +0100,2026-01-13 00:07:46 +0100,research,CC-BY-NC,https://www.inaturalist.org/observations/333777402,https://inaturalist-open-data.s3.amazonaws.com/photos/605990664/medium.jpg,,"","",1,0,false,3,"Hawks Bluff Ln, Sautee Nacoochee, GA, US",34.735825,-83.6955333333,38,,,,38,,open,false,,,great rhododendron,Rhododendron maximum,great rhododendron,Plantae,83059
335151211,3a40fdfb-a072-40e7-9626-2c3534e8a56f,2026-01-17 11:24:20,2026-01-17,2026-01-17 17:24:20 +0100,Eastern Time (US & Canada),1668849,ncanino_1932,Nicholas Canino,2026-01-18 03:03:16 +0100,2026-01-18 03:03:19 +0100,needs_id,CC-BY-NC,https://www.inaturalist.org/observations/335151211,https://inaturalist-open-data.s3.amazonaws.com/photos/608795788/medium.jpg,,"",,0,0,false,843,"Long Branch Loop, Blue Ridge, GA, US",34.8089837895,-84.2776724771,4,,,,4,,open,false,,,,Rhododendron maximum,great rhododendron,Plantae,83059
335428008,a3e06964-c1ab-4912-861f-c73021139c91,2026/01/19 3:29 PM,2026-01-19,2026-01-19 21:29:00 +0100,Eastern Time (US & Canada),4699723,thoscole,Thomas Cole,2026-01-20 02:34:15 +0100,2026-01-20 02:34:15 +0100,needs_id,CC-BY-NC,https://www.inaturalist.org/observations/335428008,https://inaturalist-open-data.s3.amazonaws.com/photos/609344078/medium.jpg,,"",On the hike to High Shoals Falls.,0,0,false,,"Towns County, GA, USA",34.8191051274,-83.7232412906,289,,,,289,,open,false,,,Great Rhododendron,Rhododendron maximum,great rhododendron,Plantae,83059
335822468,d5fa763f-d436-4260-bc20-a784113c3d0a,2026-01-23 07:56:46-05:00,2026-01-23,2026-01-23 13:56:46 +0100,Eastern Time (US & Canada),10063084,dn93902,DN Nguyen,2026-01-23 13:56:58 +0100,2026-01-23 17:23:11 +0100,needs_id,CC-BY-NC,https://www.inaturalist.org/observations/335822468,https://inaturalist-open-data.s3.amazonaws.com/photos/610148882/medium.jpg,,"","",0,0,false,3,"Peacock Blvd, Morrow, GA, US",33.5734870192,-84.324772036,4,,,,4,,open,false,,,rhododendrons and azaleas,Rhododendron maximum,great rhododendron,Plantae,83059
336289613,85c8b4d3-acdd-438f-bd8f-b65ddfec0a1f,2026-01-26 16:58:13,2026-01-26,2026-01-26 22:58:13 +0100,Eastern Time (US & Canada),9105017,reefersean,Sean Tanksley,2026-01-27 00:18:15 +0100,2026-01-27 00:18:22 +0100,needs_id,CC-BY-NC,https://www.inaturalist.org/observations/336289613,https://inaturalist-open-data.s3.amazonaws.com/photos/611077787/medium.jpg,,"",,0,0,false,2,"Roswell, GA 30075, USA",34.0669021389,-84.4060211111,,,,,,,open,false,gps,gps,great rhododendron,Rhododendron maximum,great rhododendron,Plantae,83059
336499748,bee736c2-bc98-436c-9cdb-f2d36fc15d68,2023-11-22 14:16:55,2023-11-22,2023-11-22 20:16:55 +0100,Eastern Time (US & Canada),9010478,chloe_allen_love,Chloé_A_Love,2026-01-28 21:07:49 +0100,2026-02-05 20:57:53 +0100,research,CC-BY-NC,https://www.inaturalist.org/observations/336499748,https://inaturalist-open-data.s3.amazonaws.com/photos/611501382/medium.jpg,,"",,1,0,false,843,"Bear Hair Gap Trail, Blairsville, GA, US",34.762975,-83.932525,4244,,,,4244,,open,false,,,great rhododendron,Rhododendron maximum,great rhododendron,Plantae,83059
336587399,10e5171e-1e9b-4d6d-87ac-e65719809cc8,2026-01-01 14:44:25-05:00,2026-01-01,2026-01-01 20:44:25 +0100,Eastern Time (US & Canada),5791507,carlybluebird,Carly Landa,2026-01-29 17:01:50 +0100,2026-04-19 18:06:22 +0200,needs_id,,https://www.inaturalist.org/observations/336587399,https://static.inaturalist.org/photos/611682655/medium.jpg,,"","",1,0,false,3,"Appalachian Approach Trail, Blue Ridge, GA, US",34.64407,-84.1912,4,,,,4,,open,false,,,great rhododendron,Rhododendron maximum,great rhododendron,Plantae,83059
337218692,6870dd87-5cf9-4a7d-8f5c-6e6114396bdf,2025-12-30 14:55:14,2025-12-30,2025-12-30 20:55:14 +0100,Eastern Time (US & Canada),832124,callenminman,Callen Inman,2026-02-03 17:01:29 +0100,2026-02-03 17:28:44 +0100,research,,https://www.inaturalist.org/observations/337218692,https://static.inaturalist.org/photos/612969969/medium.jpg,,"",,1,0,false,843,"Decatur, GA, US",33.7793827097,-84.2905459185,9,,,,9,,open,false,,,great rhododendron,Rhododendron maximum,great rhododendron,Plantae,83059
337246865,5eb60133-9c9f-48f3-8d7e-397174f92b26,2026-02-02 13:32:12,2026-02-02,2026-02-02 19:32:12 +0100,Eastern Time (US & Canada),9475245,tj_rickey,TJ Rickey,2026-02-03 21:55:35 +0100,2026-02-03 21:55:36 +0100,needs_id,CC-BY-NC,https://www.inaturalist.org/observations/337246865,https://inaturalist-open-data.s3.amazonaws.com/photos/613025557/medium.jpg,,"",,0,0,false,843,"Gilmer County, US-GA, US",34.6504119297,-84.6096713651,4,,,,4,,open,false,,,,Rhododendron maximum,great rhododendron,Plantae,83059
337571542,77f611b6-230c-4d3e-aa98-8a5e63c4fa6e,Fri Feb 06 2026 14:09:22 GMT -0500 (EST),2026-02-06,2026-02-06 20:09:22 +0100,Eastern Time (US & Canada),2289620,jmflenniken,,2026-02-06 20:12:12 +0100,2026-02-08 04:09:14 +0100,research,,https://www.inaturalist.org/observations/337571542,https://inaturalist-open-data.s3.amazonaws.com/photos/613693580/medium.jpg,,"",,1,0,false,333,Blue Ridge,34.815410614,-84.2848510742,6,,,,6,,open,false,,,great rhododendron,Rhododendron maximum,great rhododendron,Plantae,83059
337892703,81458893-1cff-418f-8958-adbc506acd37,2026/02/08 7:38 AM,2026-02-08,2026-02-08 13:38:00 +0100,Eastern Time (US & Canada),10118233,ksullivan3,,2026-02-09 03:05:25 +0100,2026-02-09 03:27:50 +0100,needs_id,CC-BY-NC,https://www.inaturalist.org/observations/337892703,https://inaturalist-open-data.s3.amazonaws.com/photos/614344303/medium.jpg,,"","",0,0,false,,"Fannin County, US-GA, US",34.7670512484,-84.266464638,31,,,,31,,open,false,,,Great Rhododendron,Rhododendron maximum,great rhododendron,Plantae,83059
338074403,906fc752-ae47-430d-b8ce-8d100fcc7a76,2026-02-10 09:05:46,2026-02-10,2026-02-10 15:05:46 +0100,Eastern Time (US & Canada),9552496,molly21670,Molly Brager,2026-02-10 15:06:07 +0100,2026-02-10 15:10:43 +0100,needs_id,CC-BY-NC,https://www.inaturalist.org/observations/338074403,https://inaturalist-open-data.s3.amazonaws.com/photos/614725855/medium.jpg,,"",,0,0,false,2,"Druid Hills, GA, USA",33.7769086,-84.3263033,128,,,,128,,open,false,,,,Rhododendron maximum,great rhododendron,Plantae,83059
338103423,4bca4a4b-1d74-4b39-8949-ec2613e74c79,2026-02-10 09:06:24,2026-02-10,2026-02-10 15:06:24 +0100,Eastern Time (US & Canada),9552496,molly21670,Molly Brager,2026-02-10 19:53:34 +0100,2026-03-16 03:53:21 +0100,research,CC-BY-NC,https://www.inaturalist.org/observations/338103423,https://inaturalist-open-data.s3.amazonaws.com/photos/614785179/medium.jpg,,"",,3,0,false,2,"Druid Hills, GA, USA",33.7769283333,-84.3241666667,5,,,,5,,open,false,,,great rhododendron,Rhododendron maximum,great rhododendron,Plantae,83059
338320319,153be9ef-65b5-4ecf-b002-fc3e055b6699,2025/07/01 11:28 AM,2025-07-01,2025-07-01 17:28:00 +0200,Eastern Time (US & Canada),7766529,garyleavens,Gary T. Leavens,2026-02-12 15:58:26 +0100,2026-08-20 19:37:24 +0200,needs_id,CC-BY-NC-SA,https://www.inaturalist.org/observations/338320319,https://inaturalist-open-data.s3.amazonaws.com/photos/615228594/medium.jpg,,"",Great Rhododendron ?,0,0,false,,"Rabun, Georgia, United States",34.9713866667,-83.302445,,,,,,,open,false,,,Great Rhododendron,Rhododendron maximum,great rhododendron,Plantae,83059
339958532,26f19df3-82b7-427a-b921-dcba7d9c8be5,2026-02-21 15:33:54-05:00,2026-02-21,2026-02-21 21:33:54 +0100,Eastern Time (US & Canada),9864044,ksummey,,2026-02-24 00:28:39 +0100,2026-02-24 00:28:57 +0100,needs_id,CC-BY-NC,https://www.inaturalist.org/observations/339958532,https://inaturalist-open-data.s3.amazonaws.com/photos/618544541/medium.jpg,,"","A tall plants with large smooth leaves. Although there are no flowers, the shape and pattern of the leaves leads me to this identification.",0,0,false,3,"Blue Ridge, GA, US",34.6574466667,-84.1634528333,4,,,,4,,open,false,,,"",Rhododendron maximum,great rhododendron,Plantae,83059
340033465,b238a414-f982-4cea-ad86-9cae5947034c,2026-02-21 12:36:50,2026-02-21,2026-02-21 18:36:50 +0100,Eastern Time (US & Canada),9490556,antonio90788,Antonio Negron-Diaz,2026-02-24 15:52:23 +0100,2026-02-24 15:52:24 +0100,needs_id,CC-BY-NC,https://www.inaturalist.org/observations/340033465,https://inaturalist-open-data.s3.amazonaws.com/photos/618698366/medium.jpg,,"",,0,0,false,843,"Appalachian Approach Trail, Dawsonville, GA, US",34.5704082741,-84.2417976656,9,,,,9,,open,false,,,,Rhododendron maximum,great rhododendron,Plantae,83059
340708042,9bdea27c-0c63-4093-9302-3816f3a85f8c,2026-02-28 14:28:00,2026-02-28,2026-02-28 20:28:00 +0100,Eastern Time (US & Canada),3000460,joshuaw207,Joshua Wood,2026-03-01 04:03:03 +0100,2026-03-01 04:03:04 +0100,needs_id,,https://www.inaturalist.org/observations/340708042,https://static.inaturalist.org/photos/620069757/medium.jpg,,"",,0,0,false,843,"Ridgeway Rd, Ellijay, GA, US",34.6503866667,-84.6091916667,4,,,,4,,open,false,,,,Rhododendron maximum,great rhododendron,Plantae,83059
340824335,a840e3fb-0a42-4688-8679-88d840e10996,2026-03-01 13:29:59,2026-03-01,2026-03-01 19:29:59 +0100,Eastern Time (US & Canada),1917394,carol308,Carol Garrison,2026-03-01 20:51:36 +0100,2026-03-01 20:51:38 +0100,needs_id,,https://www.inaturalist.org/observations/340824335,https://static.inaturalist.org/photos/620305600/medium.jpg,,"",,0,0,false,843,"Mountain Laurel Ln, Ellijay, GA, US",34.680305,-84.3369133333,3,,,,3,,open,false,,,,Rhododendron maximum,great rhododendron,Plantae,83059
340859710,5ed8b85c-7e04-44eb-9a18-9a8091105537,2026-02-07 16:06:40,2026-02-07,2026-02-07 22:06:40 +0100,Eastern Time (US & Canada),6614380,jennifer3922,Ranger Jen,2026-03-02 00:25:28 +0100,2026-03-16 03:52:59 +0100,research,,https://www.inaturalist.org/observations/340859710,https://static.inaturalist.org/photos/620377233/medium.jpg,,"",,2,0,false,843,"Clifton Rd NE, Atlanta, GA, US",33.7740044636,-84.3273823425,10,,,,10,,open,false,,,great rhododendron,Rhododendron maximum,great rhododendron,Plantae,83059
341784356,b4400d1f-dbd7-4794-8c81-e8a7b75cae99,2026-03-07 12:35:58,2026-03-07,2026-03-07 18:35:58 +0100,Eastern Time (US & Canada),5812473,wildlife_lore,Hayes Valentine,2026-03-08 01:26:47 +0100,2026-03-13 01:35:50 +0100,research,CC-BY,https://www.inaturalist.org/observations/341784356,https://inaturalist-open-data.s3.amazonaws.com/photos/622274430/medium.jpg,,"",,1,0,false,843,"Bartram Trail, Clayton, GA, US",34.8937750569,-83.3511697986,56,,,,56,,open,false,,,great rhododendron,Rhododendron maximum,great rhododendron,Plantae,83059
342258851,21f65885-f604-4960-90cf-c6c3e5723ed3,2026-03-07 11:45:47,2026-03-07,2026-03-07 17:45:47 +0100,Eastern Time (US & Canada),2768296,hakie,,2026-03-10 16:03:15 +0100,2026-03-10 16:03:17 +0100,needs_id,CC-BY-NC-SA,https://www.inaturalist.org/observations/342258851,https://inaturalist-open-data.s3.amazonaws.com/photos/623232327/medium.jpg,,"",,0,0,false,843,"Ball Ground, GA, US",34.313310383,-84.2358975514,27,,,,27,,open,false,,,,Rhododendron maximum,great rhododendron,Plantae,83059
342316205,716ddc3c-5960-42d4-b5d9-e4bd89b227f8,2026/03/03 12:39 PM,2026-03-03,2026-03-03 18:39:00 +0100,Eastern Time (US & Canada),4268721,kamur37,K.A. Murphy,2026-03-10 22:23:49 +0100,2026-03-16 20:00:18 +0100,needs_id,CC-BY-NC,https://www.inaturalist.org/observations/342316205,https://inaturalist-open-data.s3.amazonaws.com/photos/623330294/medium.jpg,,"",,1,0,false,,"Sugar Hill, GA, USA",34.14265,-84.0790888889,,,,,,,open,false,,,great rhododendron,Rhododendron maximum,great rhododendron,Plantae,83059
342330193,e44db11e-deca-497d-a974-05e6ee3eed16,2026-03-10 16:15:05,2026-03-10,2026-03-10 21:15:05 +0100,Eastern Time (US & Canada),10063287,zqlgarcia,Ezequiel Garcia,2026-03-10 23:58:41 +0100,2026-03-10 23:58:42 +0100,needs_id,CC-BY-NC,https://www.inaturalist.org/observations/342330193,https://inaturalist-open-data.s3.amazonaws.com/photos/623376098/medium.jpg,,"",,0,0,false,843,"Union County, US-GA, US",34.752736018,-83.8956330354,4,,,,4,,open,false,,,,Rhododendron maximum,great rhododendron,Plantae,83059
342366565,83bd5101-0b1b-4dbf-be5e-96db54e35b7e,2026-03-07 15:36:54,2026-03-07,2026-03-07 21:36:54 +0100,Eastern Time (US & Canada),10168683,jack_arant,Jack Arant,2026-03-11 04:17:59 +0100,2026-03-13 00:37:15 +0100,research,CC-BY-NC,https://www.inaturalist.org/observations/342366565,https://inaturalist-open-data.s3.amazonaws.com/photos/623453395/medium.jpg,,"",,1,0,false,843,"Rabun County, US-GA, US",34.9449722954,-83.2718139911,6,,,,6,,open,false,,,great rhododendron,Rhododendron maximum,great rhododendron,Plantae,83059
342624008,69ec0e49-2a22-446e-9571-ede4ca1a23b0,2026-03-11 17:24:29,2026-03-11,2026-03-11 22:24:29 +0100,Eastern Time (US & Canada),10107447,finlay_craig,,2026-03-12 20:42:27 +0100,2026-03-16 16:34:44 +0100,research,CC-BY-NC,https://www.inaturalist.org/observations/342624008,https://inaturalist-open-data.s3.amazonaws.com/photos/623973220/medium.jpg,,"",,2,0,false,843,"Flying Ranch Dr, Clayton, GA, US",34.8326477199,-83.4092070809,38,,,,38,,open,false,,,great rhododendron,Rhododendron maximum,great rhododendron,Plantae,83059
342781243,472e380f-ba9b-4a25-bb47-382aa87d8a53,2025-07-05 12:40:41-04:00,2025-07-05,2025-07-05 18:40:41 +0200,Eastern Time (US & Canada),10195281,langolin,,2026-03-13 20:13:42 +0100,2026-03-13 20:13:48 +0100,needs_id,CC-BY-NC,https://www.inaturalist.org/observations/342781243,https://inaturalist-open-data.s3.amazonaws.com/photos/624274717/medium.jpg,,"","",0,0,false,3,"Georgia, US",34.6009929663,-84.005437106,6,,,,28790,obscured,open,true,,,"",Rhododendron maximum,great rhododendron,Plantae,83059
342886325,649010e2-9752-4fff-bf68-4697dbe93f98,2026-03-11 10:01:45,2026-03-11,2026-03-11 15:01:45 +0100,Eastern Time (US & Canada),6257222,hlacomis96,Hunter Lacomis,2026-03-14 11:59:01 +0100,2026-04-19 18:05:57 +0200,research,CC-BY-NC,https://www.inaturalist.org/observations/342886325,https://inaturalist-open-data.s3.amazonaws.com/photos/624488133/medium.jpg,,"",,2,0,false,843,"Appalachian National Scenic Trail, Hiawassee, GA, US",34.9431150194,-83.5929395862,97,,,,97,,open,false,,,great rhododendron,Rhododendron maximum,great rhododendron,Plantae,83059
342970522,8d53b39f-d6ec-4d78-aee3-24b822274106,2026-03-14 11:46:34,2026-03-14,2026-03-14 16:46:34 +0100,Eastern Time (US & Canada),7849211,motblu77,S.Bennett,2026-03-14 21:01:55 +0100,2026-03-14 21:01:59 +0100,needs_id,CC-BY-NC,https://www.inaturalist.org/observations/342970522,https://inaturalist-open-data.s3.amazonaws.com/photos/624654170/medium.jpg,,"",,0,0,false,843,"Brasstown Bald Trail, Hiawassee, GA, US",34.870705,-83.8099833333,8,,,,8,,open,false,,,,Rhododendron maximum,great rhododendron,Plantae,83059
343346350,63a3d4b0-26e5-4d82-acd1-29bd5ee4d19c,2026-03-10 16:00:08,2026-03-10,2026-03-10 21:00:08 +0100,Eastern Time (US & Canada),1099542,bwhitaker,"",2026-03-16 19:07:06 +0100,2026-04-05 18:26:12 +0200,research,CC-BY-NC,https://www.inaturalist.org/observations/343346350,https://inaturalist-open-data.s3.amazonaws.com/photos/625417358/medium.jpg,,"",,1,0,false,2,"Habersham County, US-GA, US",34.7301227,-83.3921258,500,,,,500,,open,false,,,Rhododendron maximum,Rhododendron maximum,great rhododendron,Plantae,83059
343541485,33e7d4cc-1217-467b-8b6c-bf54def577c4,2025-08-31 11:32:06,2025-08-31,2025-08-31 17:32:06 +0200,Eastern Time (US & Canada),6388361,matthew2271,Matthew Powell,2026-03-17 22:49:45 +0100,2026-03-17 22:49:46 +0100,needs_id,,https://www.inaturalist.org/observations/343541485,https://static.inaturalist.org/photos/625815039/medium.jpg,,"",,0,0,false,843,"Panther Creek Trail, Clarkesville, GA, US",34.67618,-83.3906033333,10,,,,10,,open,false,,,,Rhododendron maximum,great rhododendron,Plantae,83059
343541585,db1a9b2b-501c-487b-86d1-e3348ac52503,2025-09-20 10:47:25,2025-09-20,2025-09-20 16:47:25 +0200,Eastern Time (US & Canada),6388361,matthew2271,Matthew Powell,2026-03-17 22:50:16 +0100,2026-03-17 22:50:17 +0100,needs_id,,https://www.inaturalist.org/observations/343541585,https://static.inaturalist.org/photos/625815201/medium.jpg,,"",,0,0,false,843,"Appalachian Approach Trail, Suches, GA, US",34.6601783333,-84.0621195,4,,,,4,,open,false,,,,Rhododendron maximum,great rhododendron,Plantae,83059
343655702,4d9bc8b5-2253-424f-91e7-17b4c69035b1,2026-03-17 18:27:02,2026-03-17,2026-03-17 23:27:02 +0100,Eastern Time (US & Canada),5923218,a1dan_see,Aidan Craner,2026-03-18 17:31:32 +0100,2026-03-18 21:19:11 +0100,research,CC0,https://www.inaturalist.org/observations/343655702,https://static.inaturalist.org/photos/626049200/medium.jpg,,"",,1,0,false,2,"Georgia, US",34.6034288394,-83.3704692001,,,,,28790,obscured,open,true,gps,gps,great rhododendron,Rhododendron maximum,great rhododendron,Plantae,83059
343678192,a1694bd9-7b80-44b3-8eb2-2117cf426554,2026-03-18 15:10:01,2026-03-18,2026-03-18 20:10:01 +0100,Eastern Time (US & Canada),8192366,glenautomatic,Glen Malec,2026-03-18 20:10:13 +0100,2026-03-18 20:10:14 +0100,needs_id,,https://www.inaturalist.org/observations/343678192,https://static.inaturalist.org/photos/626094789/medium.jpg,,"",,0,0,false,843,"Jane Hurt Yarn Dr, Tallulah Falls, GA, US",34.7395646805,-83.3886572813,5,,,,5,,open,false,,,,Rhododendron maximum,great rhododendron,Plantae,83059
343737585,94933eb1-9d95-49f3-ab6d-b58704b64dd3,2026-03-18 13:05:31-04:00,2026-03-18,2026-03-18 18:05:31 +0100,Eastern Time (US & Canada),6063898,underthewhitepines,Leo F.,2026-03-19 03:01:19 +0100,2026-04-19 18:04:16 +0200,research,CC-BY-NC,https://www.inaturalist.org/observations/343737585,https://inaturalist-open-data.s3.amazonaws.com/photos/626215237/medium.jpg,,"","",1,0,false,3,"Appalachian Approach Trail, Blue Ridge, GA, US",34.6447333333,-84.1909333333,4,,,,4,,open,false,,,great rhododendron,Rhododendron maximum,great rhododendron,Plantae,83059
343873007,e1878813-63bf-4584-a861-a1b7b31c9971,2026-03-19 12:05:02,2026-03-19,2026-03-19 17:05:02 +0100,Eastern Time (US & Canada),9293535,angel59444,Angel Grohman,2026-03-19 22:29:11 +0100,2026-03-19 22:29:12 +0100,needs_id,CC-BY-NC,https://www.inaturalist.org/observations/343873007,https://inaturalist-open-data.s3.amazonaws.com/photos/626478543/medium.jpg,,"",,0,0,false,843,"Dawsonville, GA, US",34.49432,-84.279495,14,,,,14,,open,false,,,,Rhododendron maximum,great rhododendron,Plantae,83059
343873097,f15a9303-94fb-4245-be54-37295b914232,2026-03-19 14:35:57,2026-03-19,2026-03-19 19:35:57 +0100,Eastern Time (US & Canada),9293535,angel59444,Angel Grohman,2026-03-19 22:29:36 +0100,2026-03-19 22:32:26 +0100,needs_id,CC-BY-NC,https://www.inaturalist.org/observations/343873097,https://inaturalist-open-data.s3.amazonaws.com/photos/626478662/medium.jpg,,"",,1,0,false,843,"Dawsonville, GA, US",34.4992438801,-84.2772242028,548,,,,548,,open,false,,,great rhododendron,Rhododendron maximum,great rhododendron,Plantae,83059
343921937,c7ad52f9-652c-4a91-a30d-a18d139a8fc3,2025/06/10 12:40 PM,2025-06-10,2025-06-10 18:40:00 +0200,Eastern Time (US & Canada),4694607,stanshebs,Stan Shebs,2026-03-20 04:29:58 +0100,2026-03-21 13:21:26 +0100,research,CC-BY-SA,https://www.inaturalist.org/observations/343921937,https://inaturalist-open-data.s3.amazonaws.com/photos/626577662/medium.jpg,,"","",2,0,false,,"Tallulah Falls, GA, USA",34.7403603465,-83.3922513147,12,,,,12,,open,false,,,great rhododendron,Rhododendron maximum,great rhododendron,Plantae,83059
343921941,f84d184a-0cb4-49c4-a8c1-63cfdfa38cdb,2025/06/10 12:41 PM,2025-06-10,2025-06-10 18:41:00 +0200,Eastern Time (US & Canada),4694607,stanshebs,Stan Shebs,2026-03-20 04:29:59 +0100,2026-03-20 11:21:02 +0100,research,CC-BY-SA,https://www.inaturalist.org/observations/343921941,https://inaturalist-open-data.s3.amazonaws.com/photos/626577678/medium.jpg,,"","",1,0,false,,"Tallulah Falls, GA, USA",34.7403979839,-83.3922687438,6,,,,6,,open,false,,,great rhododendron,Rhododendron maximum,great rhododendron,Plantae,83059
344541068,c4799ff3-73ef-4ba9-94ec-8326d54ddf98,2026-03-22 15:08:01-04:00,2026-03-22,2026-03-22 20:08:01 +0100,Eastern Time (US & Canada),2692148,ryanschiller,Rschiller,2026-03-22 23:01:59 +0100,2026-03-22 23:02:05 +0100,needs_id,,https://www.inaturalist.org/observations/344541068,https://static.inaturalist.org/photos/627785684/medium.jpg,,"","",0,0,false,3,"Terrora Cir, Tallulah Falls, GA, US",34.7491,-83.40268,4,,,,4,,open,false,,,"",Rhododendron maximum,great rhododendron,Plantae,83059
344545168,6ff4c3c5-5534-46e1-a999-2c7f3ab315d0,2026-03-22 13:40:56-04:00,2026-03-22,2026-03-22 18:40:56 +0100,Eastern Time (US & Canada),2692148,ryanschiller,Rschiller,2026-03-22 23:19:50 +0100,2026-03-22 23:19:57 +0100,needs_id,,https://www.inaturalist.org/observations/344545168,https://static.inaturalist.org/photos/627793267/medium.jpg,,"","",0,0,false,3,"Tallulah River, Tallulah Falls, GA, US",34.738605,-83.3913716667,14,,,,14,,open,false,,,"",Rhododendron maximum,great rhododendron,Plantae,83059
344709505,ad0d493f-5d61-4b4c-9450-e17f7965b6ed,2026-02-07 14:35:15,2026-02-07,2026-02-07 20:35:15 +0100,Eastern Time (US & Canada),10062107,cadence53193,Cadence Curnalia,2026-03-23 17:39:16 +0100,2026-03-23 17:53:28 +0100,needs_id,CC-BY-NC,https://www.inaturalist.org/observations/344709505,https://inaturalist-open-data.s3.amazonaws.com/photos/628113697/medium.jpg,,"",I was able to identify this as Great Rhododendron by its thick long green leaves and flower bud in the center.,0,0,false,843,"Unicoi Campground Rd, Helen, GA, US",34.7330594436,-83.7240496651,7,,,,7,,open,false,,,,Rhododendron maximum,great rhododendron,Plantae,83059
344879572,70ce5f4a-cb79-452c-83b7-c8001cf87c7f,2026-03-22 11:57:10-04:00,2026-03-22,2026-03-22 16:57:10 +0100,Eastern Time (US & Canada),2692148,ryanschiller,Rschiller,2026-03-24 13:19:57 +0100,2026-03-24 13:20:09 +0100,needs_id,,https://www.inaturalist.org/observations/344879572,https://static.inaturalist.org/photos/628435198/medium.jpg,,"","",0,0,false,3,"Georgia, US",34.721996834,-83.3247225585,4,,,,28790,obscured,open,true,,,"",Rhododendron maximum,great rhododendron,Plantae,83059
345142307,0ad6fa65-a9f9-40d7-9050-a691a4974171,2026-03-25 15:16:40,2026-03-25,2026-03-25 20:16:40 +0100,Eastern Time (US & Canada),10294069,designsbymelodyann,,2026-03-25 20:18:15 +0100,2026-03-25 20:18:15 +0100,needs_id,CC-BY-NC,https://www.inaturalist.org/observations/345142307,https://inaturalist-open-data.s3.amazonaws.com/photos/628946579/medium.jpg,,"",,0,0,false,843,"Heartland Dr, Cleveland, GA, US",34.663622668,-83.7881897484,5,,,,5,,open,false,,,,Rhododendron maximum,great rhododendron,Plantae,83059
345735521,f33bbbf0-9f79-4574-bc13-616fc9a80e10,2026-03-20T13:00,2026-03-20,2026-03-20 18:00:00 +0100,Eastern Time (US & Canada),10062049,athensmcglon,,2026-03-28 20:31:26 +0100,2026-05-05 05:24:20 +0200,research,,https://www.inaturalist.org/observations/345735521,https://static.inaturalist.org/photos/630118056/medium.jpg,,"","I believe this is a Great Rhododendron. I identified this plant by its large, broad green leaves and its clusters of light-colored flowers. The plant grows as a shrub and is commonly found in wooded or shaded areas which this one was.",1,0,false,843,"Mechanicsville Rd SE, Dahlonega, GA, US",34.5285959947,-83.9640490073,25,,,,25,,open,false,,,great rhododendron,Rhododendron maximum,great rhododendron,Plantae,83059
346696494,8772d512-3ed8-4c73-a5e4-37fb7ad4aa2b,2026-03-31 13:21:57-04:00,2026-03-31,2026-03-31 19:21:57 +0200,Eastern Time (US & Canada),2129306,scottwahlstrom,Scott Wahlstrom,2026-04-02 03:04:31 +0200,2026-04-02 23:52:50 +0200,research,CC-BY-NC,https://www.inaturalist.org/observations/346696494,https://inaturalist-open-data.s3.amazonaws.com/photos/632015467/medium.jpg,,"","",2,0,false,3,"Benton Mackaye Trail, Blue Ridge, GA, US",34.6373333333,-84.17872,4,,,,4,,open,false,,,great rhododendron,Rhododendron maximum,great rhododendron,Plantae,83059
347048062,e00b99a1-f6a5-45c5-a437-b190d6597d1a,2026-03-15 18:41:53,2026-03-15,2026-03-15 23:41:53 +0100,Eastern Time (US & Canada),939854,nhalstead,Neal Halstead,2026-04-03 20:01:57 +0200,2026-04-03 20:01:58 +0200,needs_id,,https://www.inaturalist.org/observations/347048062,https://static.inaturalist.org/photos/632714216/medium.jpg,,"",,0,0,false,843,"Long Branch Loop, Blue Ridge, GA, US",34.8154343234,-84.2848140556,4,,,,4,,open,false,,,,Rhododendron maximum,great rhododendron,Plantae,83059
347684689,74cae95d-457e-4764-addc-7479fc871d58,2026/03/16 9:22 AM,2026-03-16,2026-03-16 14:22:00 +0100,Eastern Time (US & Canada),779051,ddubois2,David DuBois,2026-04-06 02:12:43 +0200,2026-04-06 02:12:43 +0200,needs_id,CC-BY-NC,https://www.inaturalist.org/observations/347684689,https://inaturalist-open-data.s3.amazonaws.com/photos/633957932/medium.jpg,,"",,0,0,false,,"Tallulah Falls, GA, USA",34.73935,-83.3886444444,,,,,,,open,false,,,Rhododendron maximum,Rhododendron maximum,great rhododendron,Plantae,83059
348353815,bb87f837-5a4b-4f91-8d59-4d7b96350c0a,2026-04-08 15:57:00,2026-04-08,2026-04-08 21:57:00 +0200,Eastern Time (US & Canada),9755254,swahn,,2026-04-08 21:57:26 +0200,2026-04-08 21:57:26 +0200,needs_id,CC-BY-NC,https://www.inaturalist.org/observations/348353815,https://inaturalist-open-data.s3.amazonaws.com/photos/635305923/medium.jpg,,"",,0,0,false,843,"Wildcat Ln, Dawsonville, GA, US",34.4701123491,-84.2617603365,13,,,,13,,open,false,,,,Rhododendron maximum,great rhododendron,Plantae,83059
348354402,1c0c4ed3-f126-4710-956f-2b3f60604e83,2026-04-08 15:58:51,2026-04-08,2026-04-08 21:58:51 +0200,Eastern Time (US & Canada),9755254,swahn,,2026-04-08 22:00:06 +0200,2026-04-08 22:00:07 +0200,needs_id,CC-BY-NC,https://www.inaturalist.org/observations/348354402,https://inaturalist-open-data.s3.amazonaws.com/photos/635306939/medium.jpg,,"",,0,0,false,843,"Wildcat Ln, Dawsonville, GA, US",34.4701789378,-84.261891356,8,,,,8,,open,false,,,,Rhododendron maximum,great rhododendron,Plantae,83059
348462742,1803773d-3aa1-4d89-ba11-e3ba50f1b0ec,2026-04-08 10:18:12,2026-04-08,2026-04-08 16:18:12 +0200,Eastern Time (US & Canada),9858638,quinn93259,Quinn,2026-04-09 14:51:02 +0200,2026-04-09 14:51:03 +0200,needs_id,CC-BY-NC,https://www.inaturalist.org/observations/348462742,https://inaturalist-open-data.s3.amazonaws.com/photos/635524129/medium.jpg,,"",,0,0,false,843,"Fannin County, US-GA, US",34.9733799595,-84.5879172944,5,,,,5,,open,false,,,,Rhododendron maximum,great rhododendron,Plantae,83059
348772380,5979d984-374a-42bf-b8a5-4b67ffebcfad,2026-01-02 13:11:59,2026-01-02,2026-01-02 19:11:59 +0100,Eastern Time (US & Canada),9069100,meatball_sandwich,Daniel Finlayson,2026-04-10 20:33:54 +0200,2026-04-10 20:33:55 +0200,needs_id,CC-BY-NC,https://www.inaturalist.org/observations/348772380,https://inaturalist-open-data.s3.amazonaws.com/photos/636135706/medium.jpg,,"",,0,0,false,843,"SR-197, Clarkesville, GA, US",34.7127583333,-83.5739533333,16,,,,16,,open,false,,,,Rhododendron maximum,great rhododendron,Plantae,83059
349158143,fa476b6b-38e6-43a5-9490-6533e0ff4425,2022-07-03 10:25:52-04:00,2022-07-03,2022-07-03 16:25:52 +0200,Eastern Time (US & Canada),8929295,aevarts,,2026-04-12 06:16:42 +0200,2026-04-12 06:16:46 +0200,needs_id,CC-BY-NC,https://www.inaturalist.org/observations/349158143,https://inaturalist-open-data.s3.amazonaws.com/photos/636894947/medium.jpg,,"","",0,0,false,3,"Brasstown Bald Trail, Hiawassee, GA, US",34.8707116667,-83.809845,3,,,,3,,open,false,,,"",Rhododendron maximum,great rhododendron,Plantae,83059
349158200,241c43f5-66bc-460c-aa71-db691c8b6f11,2022-07-03 10:47:22-04:00,2022-07-03,2022-07-03 16:47:22 +0200,Eastern Time (US & Canada),8929295,aevarts,,2026-04-12 06:17:06 +0200,2026-04-12 06:17:10 +0200,needs_id,CC-BY-NC,https://www.inaturalist.org/observations/349158200,https://inaturalist-open-data.s3.amazonaws.com/photos/636895120/medium.jpg,,"","",0,0,false,3,"Brasstown Bald Trail, Hiawassee, GA, US",34.8734383333,-83.81063,13,,,,13,,open,false,,,"",Rhododendron maximum,great rhododendron,Plantae,83059
349382141,f05ae05c-b9d4-426f-85ce-e0d680e50f65,Fri Apr 10 2026 19:06:13 GMT -0400 (EDT),2026-04-10,2026-04-11 01:06:13 +0200,Eastern Time (US & Canada),9223953,kathl33npatt3rson,,2026-04-13 00:45:09 +0200,2026-04-13 00:45:15 +0200,needs_id,CC-BY-NC,https://www.inaturalist.org/observations/349382141,https://inaturalist-open-data.s3.amazonaws.com/photos/637329697/medium.jpg,,"",,0,0,false,333,Blairsville,34.7549209595,-83.9313964844,,,,,,,open,false,,,,Rhododendron maximum,great rhododendron,Plantae,83059
349397341,f1cd66ba-bcfa-492d-8fc9-30d01cf572de,2026-04-12 12:31:05-04:00,2026-04-12,2026-04-12 18:31:05 +0200,Eastern Time (US & Canada),7523358,kmp20soccer,,2026-04-13 01:55:08 +0200,2026-04-13 01:55:16 +0200,needs_id,CC-BY-NC,https://www.inaturalist.org/observations/349397341,https://inaturalist-open-data.s3.amazonaws.com/photos/637359980/medium.jpg,,"","",0,0,false,3,"Lakeshore Trail, Dahlonega, GA, US",34.6761033333,-83.97487,6,,,,6,,open,false,,,"",Rhododendron maximum,great rhododendron,Plantae,83059
349442634,1fd27ed2-ce69-4543-9e21-8ac28e9bb5ea,2026-04-10 11:35:29,2026-04-10,2026-04-10 17:35:29 +0200,Eastern Time (US & Canada),8528876,rlykrkbutplant,,2026-04-13 05:46:43 +0200,2026-04-13 05:46:44 +0200,needs_id,CC-BY-NC,https://www.inaturalist.org/observations/349442634,https://inaturalist-open-data.s3.amazonaws.com/photos/637454993/medium.jpg,,"",,0,0,false,843,"Lowery Rd, Morganton, GA, US",34.9235466667,-84.2315833333,49,,,,49,,open,false,,,,Rhododendron maximum,great rhododendron,Plantae,83059
349535362,b7113444-998b-4bd7-aa9f-0f630f4c2e29,2026-04-12 17:57:45,2026-04-12,2026-04-12 23:57:45 +0200,Eastern Time (US & Canada),878135,joanna48,JoAnna Jackson Garnto,2026-04-13 17:11:42 +0200,2026-04-13 17:11:43 +0200,needs_id,,https://www.inaturalist.org/observations/349535362,https://static.inaturalist.org/photos/637636865/medium.jpg,,"",,0,0,false,843,"Blairsville, GA, US",34.7596146718,-83.9281923774,11,,,,11,,open,false,,,,Rhododendron maximum,great rhododendron,Plantae,83059
349649204,06e4e172-f50a-4bfe-8c7e-a97cf631051c,Mon Apr 13 2026 16:56:09 GMT -0400 (EDT),2026-04-13,2026-04-13 22:56:09 +0200,Eastern Time (US & Canada),6482654,butterflygirl904,🦋,2026-04-14 01:42:41 +0200,2026-04-14 01:42:51 +0200,needs_id,CC-BY-NC,https://www.inaturalist.org/observations/349649204,https://inaturalist-open-data.s3.amazonaws.com/photos/637859294/medium.jpg,,"",,0,0,false,333,"Murray County, US-GA, US",34.8131523132,-84.6544570923,4,,,,4,,open,false,,,,Rhododendron maximum,great rhododendron,Plantae,83059
350990488,955f4164-8348-4248-88c4-6b1e827afa82,2026-04-18 16:23:08,2026-04-18,2026-04-18 22:23:08 +0200,Eastern Time (US & Canada),3373339,zach218,Zach,2026-04-19 02:22:36 +0200,2026-04-19 02:22:47 +0200,needs_id,,https://www.inaturalist.org/observations/350990488,https://static.inaturalist.org/photos/640458727/medium.jpg,,"",,0,0,false,2,"Blairsville, GA 30512, USA",34.7557633997,-83.9328777,,,,,,,open,false,gps,gps,great rhododendron,Rhododendron maximum,great rhododendron,Plantae,83059
351222972,ed14a034-3cfe-4451-bafd-7a1891acb765,2026-04-19 11:29:08,2026-04-19,2026-04-19 17:29:08 +0200,Eastern Time (US & Canada),5582728,j_coop,Jaide,2026-04-19 20:38:28 +0200,2026-04-19 20:38:31 +0200,needs_id,CC-BY-NC,https://www.inaturalist.org/observations/351222972,https://inaturalist-open-data.s3.amazonaws.com/photos/640903350/medium.jpg,,"",,0,0,false,843,"Georgia, US",34.6809665254,-84.0144315615,11,,,,28790,obscured,open,true,,,,Rhododendron maximum,great rhododendron,Plantae,83059
351329073,d7e842d3-e035-4925-94f5-0e73eb56b600,2026-04-19 14:25:24,2026-04-19,2026-04-19 20:25:24 +0200,Eastern Time (US & Canada),10252515,gracie39700,Gracie Gilbert,2026-04-20 02:48:58 +0200,2026-08-13 01:49:31 +0200,research,CC-BY-NC,https://www.inaturalist.org/observations/351329073,https://inaturalist-open-data.s3.amazonaws.com/photos/641113086/medium.jpg,,"",,1,0,false,843,"A.T. Approach Trail, Dawsonville, GA, US",34.5629020878,-84.2472548027,4,,,,4,,open,false,,,great rhododendron,Rhododendron maximum,great rhododendron,Plantae,83059
352034566,47870f8e-30b1-4cb7-b7bd-fb98a468f160,2026-04-22 10:50:33,2026-04-22,2026-04-22 16:50:33 +0200,Eastern Time (US & Canada),10060780,tadams725,,2026-04-22 19:26:12 +0200,2026-04-22 20:55:47 +0200,research,CC-BY-NC,https://www.inaturalist.org/observations/352034566,https://inaturalist-open-data.s3.amazonaws.com/photos/642491996/medium.jpg,,"","",1,0,false,843,"Georgia, US",33.4372467439,-84.2425740833,2888,,,,28957,obscured,open,true,,,Great Rhododendron,Rhododendron maximum,great rhododendron,Plantae,83059
352335913,4eaf0816-8bb8-4595-9d37-0aaad7c879d1,2026-04-23 15:03:06,2026-04-23,2026-04-23 21:03:06 +0200,Eastern Time (US & Canada),10159133,brinley61086,Brinley Clark,2026-04-23 21:04:55 +0200,2026-05-05 20:16:01 +0200,needs_id,CC-BY-NC,https://www.inaturalist.org/observations/352335913,https://inaturalist-open-data.s3.amazonaws.com/photos/643071004/medium.jpg,,"",,0,0,false,843,"Lula Lake Rd, Flintstone, GA, US",34.9314562557,-85.3728905682,4,,,,4,,open,false,,,rhododendrons and azaleas,Rhododendron maximum,great rhododendron,Plantae,83059
352345371,e2f5434d-56f4-4f2a-90d1-431cacf07c71,2026-04-23 15:39:24,2026-04-23,2026-04-23 21:39:24 +0200,Eastern Time (US & Canada),8953312,kim99118,kim morgan,2026-04-23 21:40:39 +0200,2026-04-23 21:40:44 +0200,needs_id,,https://www.inaturalist.org/observations/352345371,https://static.inaturalist.org/photos/643089325/medium.jpg,,"",,0,0,false,2,"Blairsville, GA 30512, USA",34.8615266667,-84.056815,9,,,,9,,open,false,,,great rhododendron,Rhododendron maximum,great rhododendron,Plantae,83059
352732569,b9649e06-0caa-45ad-9d7a-db8a20403d21,2026-04-24 09:40:35,2026-04-24,2026-04-24 15:40:35 +0200,Eastern Time (US & Canada),3089152,nancysbr,,2026-04-24 15:40:56 +0200,2026-04-24 15:40:57 +0200,needs_id,CC-BY-NC,https://www.inaturalist.org/observations/352732569,https://inaturalist-open-data.s3.amazonaws.com/photos/643715472/medium.jpg,,"",,0,0,false,843,United States,34.9102089573,-84.25436584,15,,,,28762,obscured,open,true,,,,Rhododendron maximum,great rhododendron,Plantae,83059
352881785,d62ccf28-6107-4bf3-97c1-cf8eff1fa847,2026/04/24 11:26 AM,2026-04-24,2026-04-24 17:26:00 +0200,Eastern Time (US & Canada),6557089,fernbanktreegirl,,2026-04-24 19:06:47 +0200,2026-04-24 19:13:37 +0200,research,CC-BY-NC,https://www.inaturalist.org/observations/352881785,https://inaturalist-open-data.s3.amazonaws.com/photos/643946307/medium.jpg,,"",,1,0,false,,"DeKalb, Georgia, United States",33.7762726997,-84.3219287,,,,,,,open,false,,,great rhododendron,Rhododendron maximum,great rhododendron,Plantae,83059
353720685,2106cae0-4076-45fd-b858-e6456c8195a1,2026-04-24 15:46:39-04:00,2026-04-24,2026-04-24 21:46:39 +0200,Eastern Time (US & Canada),396801,herpgrrl79,,2026-04-25 19:40:37 +0200,2026-04-28 18:22:19 +0200,research,,https://www.inaturalist.org/observations/353720685,https://static.inaturalist.org/photos/645347146/medium.jpg,,"","",1,0,false,3,"Clifton Rd NE, Atlanta, GA, US",33.775545,-84.324555,4,,,,4,,open,false,,,great rhododendron,Rhododendron maximum,great rhododendron,Plantae,83059
354542180,f64eb7bf-40a0-4a76-a61d-10a406128567,2026-04-26 13:04:22-04:00,2026-04-26,2026-04-26 19:04:22 +0200,Eastern Time (US & Canada),1253654,rbohastings,,2026-04-26 19:04:39 +0200,2026-04-26 19:04:46 +0200,needs_id,,https://www.inaturalist.org/observations/354542180,https://static.inaturalist.org/photos/646752158/medium.jpg,,"","",0,0,false,3,"Cirrus Ct, Peachtree City, GA, US",33.427024986,-84.5914613821,6,,,,6,,open,false,,,"",Rhododendron maximum,great rhododendron,Plantae,83059
355553557,d80a6dbe-2945-40da-857f-b6b67d2c08c9,2026-04-27 12:35:11,2026-04-27,2026-04-27 18:35:11 +0200,Eastern Time (US & Canada),1632550,fmnhmarketingjaquan,JaQuan,2026-04-27 20:23:54 +0200,2026-09-17 00:52:08 +0200,research,CC-BY-NC,https://www.inaturalist.org/observations/355553557,https://inaturalist-open-data.s3.amazonaws.com/photos/648415708/medium.jpg,,"",,2,0,false,2,"Ponce De Leon Ave @ S Ponce De Leon Ave, Druid Hills, GA 30307, USA",33.7739247629,-84.3279986456,195,,,,195,,open,false,gps,gps,great rhododendron,Rhododendron maximum,great rhododendron,Plantae,83059
355890666,10b43a45-3796-448d-ae57-8b964af3c7e1,2026-04-25 09:10:06,2026-04-25,2026-04-25 15:10:06 +0200,Eastern Time (US & Canada),3996026,keb96181,Katie Burdick,2026-04-28 04:55:31 +0200,2026-04-28 04:55:32 +0200,needs_id,CC-BY-NC,https://www.inaturalist.org/observations/355890666,https://inaturalist-open-data.s3.amazonaws.com/photos/649010280/medium.jpg,,"",,0,0,false,843,"Lumpkin County, US-GA, US",34.7086982877,-83.9139881907,3,,,,3,,open,false,,,,Rhododendron maximum,great rhododendron,Plantae,83059
356716194,c90ab454-17ca-4f5b-ac36-91885d15e82e,2026-04-27 10:48:38,2026-04-27,2026-04-27 16:48:38 +0200,Eastern Time (US & Canada),10149727,fernbank_ash_long,,2026-04-30 04:13:19 +0200,2026-04-30 18:42:27 +0200,research,CC-BY-NC,https://www.inaturalist.org/observations/356716194,https://inaturalist-open-data.s3.amazonaws.com/photos/650539503/medium.jpg,,"",,1,0,false,843,"Atlanta, GA, US",33.7779494115,-84.3244267459,36,,,,36,,open,false,,,great rhododendron,Rhododendron maximum,great rhododendron,Plantae,83059
356734298,4f870efc-6a57-49db-abd3-e1ca9e9d4380,2026-04-29 14:58:10-04:00,2026-04-29,2026-04-29 20:58:10 +0200,Eastern Time (US & Canada),7917124,lh_123,,2026-04-30 05:33:35 +0200,2026-08-12 00:49:03 +0200,needs_id,CC-BY-NC,https://www.inaturalist.org/observations/356734298,https://inaturalist-open-data.s3.amazonaws.com/photos/650575533/medium.jpg,,"","",1,0,false,3,"Old Kerns Rd, Dawsonville, GA, US",34.4420798665,-84.0262065933,2452,,,,2452,,open,false,,,great rhododendron,Rhododendron maximum,great rhododendron,Plantae,83059
357333355,3a9ddfed-e001-46fa-880e-61bcf434343c,2026-05-01 12:32:35,2026-05-01,2026-05-01 18:32:35 +0200,Eastern Time (US & Canada),25635,runcator,"",2026-05-02 00:43:44 +0200,2026-05-02 00:43:54 +0200,needs_id,CC-BY-NC,https://www.inaturalist.org/observations/357333355,https://inaturalist-open-data.s3.amazonaws.com/photos/651729166/medium.jpg,,"",,0,0,false,2,"Clayton, GA 30525, USA",34.8822911867,-83.3502315357,38,,,,38,,open,false,gps,gps,great rhododendron,Rhododendron maximum,great rhododendron,Plantae,83059
357340739,190abd44-610c-48cf-b1b2-29f48854cdb6,2026-05-01 14:00:43,2026-05-01,2026-05-01 20:00:43 +0200,Eastern Time (US & Canada),25635,runcator,"",2026-05-02 01:13:57 +0200,2026-05-02 01:14:05 +0200,needs_id,CC-BY-NC,https://www.inaturalist.org/observations/357340739,https://inaturalist-open-data.s3.amazonaws.com/photos/651744506/medium.jpg,,"",,0,0,false,2,"Clayton, GA 30525, USA",34.8812622683,-83.355596289,308,,,,308,,open,false,gps,gps,great rhododendron,Rhododendron maximum,great rhododendron,Plantae,83059
357359495,f56de6a5-becf-4c9f-8109-ec4ac9abbd48,Fri May 01 2026 20:33:47 GMT -0400 (EDT),2026-05-01,2026-05-02 02:33:47 +0200,Eastern Time (US & Canada),7887248,hannahalanning,Hannah Lanning,2026-05-02 02:34:10 +0200,2026-05-02 02:34:23 +0200,needs_id,,https://www.inaturalist.org/observations/357359495,https://static.inaturalist.org/photos/651783369/medium.jpg,,"",,0,0,false,333,Mineral Bluff,34.9502868652,-84.3243408203,3,,,,3,,open,false,,,,Rhododendron maximum,great rhododendron,Plantae,83059
357685322,147f7560-4b46-4f9a-908f-84961bcf1fcd,2026-05-02 10:18:55,2026-05-02,2026-05-02 16:18:55 +0200,Eastern Time (US & Canada),25635,runcator,"",2026-05-02 23:52:59 +0200,2026-05-02 23:53:05 +0200,needs_id,CC-BY-NC,https://www.inaturalist.org/observations/357685322,https://inaturalist-open-data.s3.amazonaws.com/photos/652411104/medium.jpg,,"",,0,0,false,2,"Clarkesville, GA 30523, USA",34.8500885442,-83.6082436144,26,,,,26,,open,false,gps,gps,great rhododendron,Rhododendron maximum,great rhododendron,Plantae,83059
358070965,2ad59ce3-ef73-465d-a08e-e3768a5ca3d3,2026-05-03 17:37:11,2026-05-03,2026-05-03 23:37:11 +0200,Eastern Time (US & Canada),4376647,fikechin,,2026-05-03 23:37:31 +0200,2026-05-03 23:37:32 +0200,needs_id,CC-BY-NC,https://www.inaturalist.org/observations/358070965,https://inaturalist-open-data.s3.amazonaws.com/photos/653153898/medium.jpg,,"",,0,0,false,843,"Dakota Ln, Clarkesville, GA, US",34.8299157839,-83.5577728214,11,,,,11,,open,false,,,,Rhododendron maximum,great rhododendron,Plantae,83059
358125367,b33ee992-e362-4336-8ce0-cb76cebe1ba2,2026-05-03 08:52:53,2026-05-03,2026-05-03 14:52:53 +0200,Eastern Time (US & Canada),25635,runcator,"",2026-05-04 02:35:10 +0200,2026-05-04 02:35:15 +0200,needs_id,CC-BY-NC,https://www.inaturalist.org/observations/358125367,https://inaturalist-open-data.s3.amazonaws.com/photos/653264193/medium.jpg,,"",,0,0,false,2,"Dillard, GA 30537, USA",34.9784555556,-83.3034138889,,,,,,,open,false,gps,gps,great rhododendron,Rhododendron maximum,great rhododendron,Plantae,83059
358453810,807414a6-ecba-475b-ad84-99f595dd9f37,Mon May 04 2026 19:34:50 GMT -0400 (EDT),2026-05-04,2026-05-05 01:34:50 +0200,Eastern Time (US & Canada),4112202,kyleryan311,Bama llama ding dong,2026-05-05 01:35:08 +0200,2026-06-12 13:00:59 +0200,research,CC-BY-NC,https://www.inaturalist.org/observations/358453810,https://inaturalist-open-data.s3.amazonaws.com/photos/653909799/medium.jpg,,"",,1,0,false,333,Dawsonville,34.5923042297,-84.2082672119,13,,,,13,,open,false,,,great rhododendron,Rhododendron maximum,great rhododendron,Plantae,83059
359272043,49817d42-f55f-4990-8fe5-8535d71ec068,2026-04-23 15:16:17,2026-04-23,2026-04-23 21:16:17 +0200,Eastern Time (US & Canada),10380778,santiago25006,Santiago Mateus,2026-05-07 19:41:28 +0200,2026-05-07 22:40:09 +0200,needs_id,CC-BY-NC,https://www.inaturalist.org/observations/359272043,https://inaturalist-open-data.s3.amazonaws.com/photos/655477359/medium.jpg,,"",,0,0,false,843,"Tumbling Cir, Gainesville, GA, US",34.2426045909,-83.8624833412,48,,,,48,,open,false,,,,Rhododendron maximum,great rhododendron,Plantae,83059
359621056,8c295dd3-e6e7-4c33-b948-5479bc58cf31,Fri May 08 2026 16:14:25 GMT -0400 (EDT),2026-05-08,2026-05-08 22:14:25 +0200,Eastern Time (US & Canada),787627,tkk78,,2026-05-08 22:14:38 +0200,2026-08-12 00:48:43 +0200,research,CC-BY-NC,https://www.inaturalist.org/observations/359621056,https://inaturalist-open-data.s3.amazonaws.com/photos/656153405/medium.jpg,,"",,1,0,false,333,Dahlonega,34.5574493408,-84.0075836182,16,,,,16,,open,false,,,great rhododendron,Rhododendron maximum,great rhododendron,Plantae,83059
359632018,7b3f8165-4047-49bc-a7c4-76a78e5b6cc1,Fri May 08 2026 16:53:16 GMT -0400 (EDT),2026-05-08,2026-05-08 22:53:16 +0200,Eastern Time (US & Canada),10518400,ticket0396,,2026-05-08 22:53:24 +0200,2026-05-09 00:14:40 +0200,needs_id,CC-BY-NC,https://www.inaturalist.org/observations/359632018,https://inaturalist-open-data.s3.amazonaws.com/photos/656213802/medium.jpg,,"",,0,0,false,333,Hiawassee,34.8325576782,-83.6794891357,75,,,,75,,open,false,,,,Rhododendron maximum,great rhododendron,Plantae,83059
359654713,0de8969a-0bf2-4aca-a171-0c8c9fdad29e,Fri May 08 2026 18:23:58 GMT -0400 (EDT),2026-05-08,2026-05-09 00:23:58 +0200,Eastern Time (US & Canada),10518400,ticket0396,,2026-05-09 00:24:06 +0200,2026-05-09 00:24:11 +0200,needs_id,CC-BY-NC,https://www.inaturalist.org/observations/359654713,https://inaturalist-open-data.s3.amazonaws.com/photos/656218690/medium.jpg,,"",,0,0,false,333,"Union County, US-GA, US",34.7618217468,-83.9278564453,13,,,,13,,open,false,,,,Rhododendron maximum,great rhododendron,Plantae,83059
359853546,8365f9ea-406d-4818-9cda-69ae125a45db,2026-05-09 09:59:31,2026-05-09,2026-05-09 15:59:31 +0200,Eastern Time (US & Canada),2114524,nomadiclobo,Henry Wagner,2026-05-09 16:48:33 +0200,2026-05-09 16:48:38 +0200,needs_id,,https://www.inaturalist.org/observations/359853546,https://static.inaturalist.org/photos/656597043/medium.jpg,,"",,0,0,false,843,"Appalachian Approach Trail, Hiawassee, GA, US",34.8023237055,-83.7390212787,8,,,,8,,open,false,,,,Rhododendron maximum,great rhododendron,Plantae,83059
359874119,b826c6da-94d4-46b6-9d82-ecf632b32842,Sat May 09 2026 11:51:42 GMT -0400 (EDT),2026-05-09,2026-05-09 17:51:42 +0200,Eastern Time (US & Canada),10519618,spaceyjaycee,,2026-05-09 17:51:46 +0200,2026-05-09 17:51:51 +0200,needs_id,CC-BY-NC,https://www.inaturalist.org/observations/359874119,https://inaturalist-open-data.s3.amazonaws.com/photos/656634476/medium.jpg,,"",,0,0,false,333,Maysville,34.3103675842,-83.5818634033,3,,,,3,,open,false,,,,Rhododendron maximum,great rhododendron,Plantae,83059
360427110,4ce7b424-413f-467b-9c35-72c93a977d1a,2026-05-10 15:16:25,2026-05-10,2026-05-10 21:16:25 +0200,Eastern Time (US & Canada),9339538,jackiem27,,2026-05-11 01:47:47 +0200,2026-05-11 01:47:48 +0200,needs_id,CC-BY-NC,https://www.inaturalist.org/observations/360427110,https://inaturalist-open-data.s3.amazonaws.com/photos/657677453/medium.jpg,,"",,0,0,false,843,"Black Rock Mountain Pkwy, Clayton, GA, US",34.905,-83.4183366667,24,,,,24,,open,false,,,,Rhododendron maximum,great rhododendron,Plantae,83059
360777871,d5ac97d9-c95e-433c-85c5-e844be7de678,2026-05-10 11:33:49,2026-05-10,2026-05-10 17:33:49 +0200,Eastern Time (US & Canada),2069126,jnewton728,Jan Newton,2026-05-12 04:50:14 +0200,2026-08-12 00:48:07 +0200,research,CC-BY-NC,https://www.inaturalist.org/observations/360777871,https://inaturalist-open-data.s3.amazonaws.com/photos/658358188/medium.jpg,,"",,1,0,false,2,"Georgia, US",34.7276597424,-83.9325867062,,,,,28790,obscured,open,true,gps,gps,great rhododendron,Rhododendron maximum,great rhododendron,Plantae,83059
361566015,4186ea58-3739-46c7-8972-876c080dae3c,2026-05-14 19:46:03,2026-05-14,2026-05-15 01:46:03 +0200,Eastern Time (US & Canada),9922038,martytanis,Marty T,2026-05-15 01:59:50 +0200,2026-05-15 01:59:51 +0200,needs_id,CC-BY-NC,https://www.inaturalist.org/observations/361566015,https://inaturalist-open-data.s3.amazonaws.com/photos/659868430/medium.jpg,,"",,0,0,false,843,"Indian Grave Gap Rd, Hiawassee, GA, US",34.8042842108,-83.7208594463,5,,,,5,,open,false,,,,Rhododendron maximum,great rhododendron,Plantae,83059
361810561,e69cbca1-8482-486e-b4e6-4a8ea6f3043e,2026-05-11 11:51:52,2026-05-11,2026-05-11 17:51:52 +0200,Eastern Time (US & Canada),10537724,ofletcher,Owen!!,2026-05-15 23:24:37 +0200,2026-05-15 23:24:38 +0200,needs_id,CC-BY-NC,https://www.inaturalist.org/observations/361810561,https://inaturalist-open-data.s3.amazonaws.com/photos/660329585/medium.jpg,,"",,0,0,false,843,"Fannin County, US-GA, US",34.8167019452,-84.3011313642,41,,,,41,,open,false,,,,Rhododendron maximum,great rhododendron,Plantae,83059
362370183,e8411967-2a45-41f0-b5dc-98ca328f8e14,2026-05-02 10:31:47,2026-05-02,2026-05-02 16:31:47 +0200,Eastern Time (US & Canada),747588,mhindes,,2026-05-17 16:12:42 +0200,2026-05-17 16:12:42 +0200,needs_id,,https://www.inaturalist.org/observations/362370183,https://static.inaturalist.org/photos/661384099/medium.jpg,,"",,0,0,false,843,"Rabun County, US-GA, US",34.8502242342,-83.6079760387,7,,,,7,,open,false,,,,Rhododendron maximum,great rhododendron,Plantae,83059
362588796,27a73081-c7ca-41e3-902f-a86ec81aa130,2026-05-08 12:49:28,2026-05-08,2026-05-08 18:49:28 +0200,Eastern Time (US & Canada),5673552,middlematt7,,2026-05-18 02:25:01 +0200,2026-05-18 02:25:02 +0200,needs_id,CC-BY-NC,https://www.inaturalist.org/observations/362588796,https://inaturalist-open-data.s3.amazonaws.com/photos/661796887/medium.jpg,,"",,0,0,false,843,"Cave Spring, GA, US",34.1047201776,-85.3346095505,4,,,,4,,open,false,,,,Rhododendron maximum,great rhododendron,Plantae,83059
362906290,c79923f6-6c03-4e3b-9849-e05d23289884,2026-05-18 14:28:54,2026-05-18,2026-05-18 20:28:54 +0200,Eastern Time (US & Canada),7788768,juliahunt5,,2026-05-19 01:59:28 +0200,2026-05-19 01:59:28 +0200,needs_id,CC-BY-NC,https://www.inaturalist.org/observations/362906290,https://inaturalist-open-data.s3.amazonaws.com/photos/662404535/medium.jpg,,"",,0,0,false,843,"Fannin County, US-GA, US",34.8666935094,-84.3983653254,107,,,,107,,open,false,,,,Rhododendron maximum,great rhododendron,Plantae,83059
363210639,e7a9bfb2-e9b9-4177-88b0-befaffe17ac1,2021-08-28 12:16:56,2021-08-28,2021-08-28 18:16:56 +0200,Eastern Time (US & Canada),288987,diannefrost,Dianne Frost,2026-05-20 02:12:16 +0200,2026-05-20 02:12:25 +0200,needs_id,CC-BY-ND,https://www.inaturalist.org/observations/363210639,https://inaturalist-open-data.s3.amazonaws.com/photos/662983426/medium.jpg,,"",,0,0,false,2,"Unknown, Cisco, GA 30708, USA",34.8536081154,-84.6149299666,191,,,,191,,open,false,gps,gps,great rhododendron,Rhododendron maximum,great rhododendron,Plantae,83059
363382647,4e21b210-8eee-45fb-ad9f-d144b98df700,2026-05-20 12:04:32-04:00,2026-05-20,2026-05-20 18:04:32 +0200,Eastern Time (US & Canada),1222692,debnance,Deb Nance,2026-05-20 18:04:35 +0200,2026-05-20 18:05:59 +0200,needs_id,CC-BY-NC,https://www.inaturalist.org/observations/363382647,https://inaturalist-open-data.s3.amazonaws.com/photos/663312453/medium.jpg,,"","",0,0,false,3,"Long Branch Loop, Blue Ridge, GA, US",34.8154147016,-84.2847789545,4,,,,4,,open,false,,,"",Rhododendron maximum,great rhododendron,Plantae,83059
364522309,b65706de-6a66-4043-b066-203f49e9d7fa,2026-05-23 17:03:42-04:00,2026-05-23,2026-05-23 23:03:42 +0200,Eastern Time (US & Canada),764155,whatch11,Wes Hatch,2026-05-24 04:07:44 +0200,2026-05-24 04:07:49 +0200,needs_id,,https://www.inaturalist.org/observations/364522309,https://static.inaturalist.org/photos/665462463/medium.jpg,,"","",0,0,false,3,"Arkaquah Trail, Young Harris, GA, US",34.86995,-83.8117833333,3,,,,3,,open,false,,,"",Rhododendron maximum,great rhododendron,Plantae,83059
364526865,bbf5702d-09ac-4e2d-97a9-f9b636495bd7,2026-05-23 16:52:32-04:00,2026-05-23,2026-05-23 22:52:32 +0200,Eastern Time (US & Canada),764155,whatch11,Wes Hatch,2026-05-24 04:29:15 +0200,2026-05-24 04:29:21 +0200,needs_id,,https://www.inaturalist.org/observations/364526865,https://static.inaturalist.org/photos/665471062/medium.jpg,,"","",0,0,false,3,"Arkaquah Trail, Hiawassee, GA, US",34.87027,-83.81098,16,,,,16,,open,false,,,"",Rhododendron maximum,great rhododendron,Plantae,83059
364526980,642f0215-87c1-4e86-9d04-8f23d2580700,2026-05-23 16:51:13-04:00,2026-05-23,2026-05-23 22:51:13 +0200,Eastern Time (US & Canada),764155,whatch11,Wes Hatch,2026-05-24 04:29:53 +0200,2026-05-24 04:29:59 +0200,needs_id,,https://www.inaturalist.org/observations/364526980,https://static.inaturalist.org/photos/665471315/medium.jpg,,"","",0,0,false,3,"Arkaquah Trail, Hiawassee, GA, US",34.870445,-83.8106533333,3,,,,3,,open,false,,,"",Rhododendron maximum,great rhododendron,Plantae,83059
364755702,8d8daae8-35e3-40f2-801f-dfc715b6ffb1,2026-05-24 14:04:26,2026-05-24,2026-05-24 20:04:26 +0200,Eastern Time (US & Canada),6134792,snake742,,2026-05-24 20:04:46 +0200,2026-05-26 17:12:34 +0200,research,CC-BY-NC,https://www.inaturalist.org/observations/364755702,https://inaturalist-open-data.s3.amazonaws.com/photos/665896254/medium.jpg,,"",,1,0,false,843,"Jess Hunt Rd, Cleveland, GA, US",34.60243561,-83.7776781622,76,,,,76,,open,false,,,great rhododendron,Rhododendron maximum,great rhododendron,Plantae,83059
365049209,15e78075-cc01-4ba0-83ab-513e818f55be,2026-05-08 11:12:28,2026-05-08,2026-05-08 17:12:28 +0200,Eastern Time (US & Canada),2046834,bonforage,Zachary Hunter,2026-05-25 16:21:41 +0200,2026-05-25 16:21:41 +0200,needs_id,,https://www.inaturalist.org/observations/365049209,https://static.inaturalist.org/photos/666463890/medium.jpg,,"",,0,0,false,843,"Fannin County, US-GA, Appalachian National Scenic Trail, US",34.663405718,-84.184085469,5,,,,5,,open,false,,,,Rhododendron maximum,great rhododendron,Plantae,83059
365394342,31f337ed-1658-488d-b4d3-3adf1443f407,2026-05-15 13:20:21,2026-05-15,2026-05-15 19:20:21 +0200,Eastern Time (US & Canada),10289292,dino1414,,2026-05-26 15:01:57 +0200,2026-05-27 13:58:23 +0200,needs_id,CC-BY-NC,https://www.inaturalist.org/observations/365394342,https://inaturalist-open-data.s3.amazonaws.com/photos/667123464/medium.jpg,,"",,1,0,false,843,"Bear Hair Gap Trail, Suches, GA, US",34.7544490645,-83.9372188562,9,,,,9,,open,false,,,great rhododendron,Rhododendron maximum,great rhododendron,Plantae,83059
365394369,dd6ad3ed-7333-42f8-8fbb-36ba29271e00,2026-05-15 13:30:02,2026-05-15,2026-05-15 19:30:02 +0200,Eastern Time (US & Canada),10289292,dino1414,,2026-05-26 15:02:04 +0200,2026-05-26 15:02:05 +0200,needs_id,CC-BY-NC,https://www.inaturalist.org/observations/365394369,https://inaturalist-open-data.s3.amazonaws.com/photos/667123506/medium.jpg,,"",,0,0,false,843,"Union County, US-GA, US",34.7520740692,-83.9397958672,7,,,,7,,open,false,,,,Rhododendron maximum,great rhododendron,Plantae,83059
366160766,e5ba273e-5166-4ae8-be93-6a236f535910,2026-05-28 17:36:14,2026-05-28,2026-05-28 23:36:14 +0200,Eastern Time (US & Canada),3066321,kathleenholt,Kathleen Holt,2026-05-28 23:36:57 +0200,2026-05-28 23:50:13 +0200,needs_id,,https://www.inaturalist.org/observations/366160766,https://static.inaturalist.org/photos/668576533/medium.jpg,,"",,1,0,false,2,"Blue Ridge, GA 30513, USA",34.91529031,-84.36306018,6,,,,6,,open,false,,,great rhododendron,Rhododendron maximum,great rhododendron,Plantae,83059
366666839,5bcbf343-2ab5-4f51-9453-f20903093cbe,2010/06/28 12:13 PM,2010-06-28,2010-06-28 18:13:00 +0200,Eastern Time (US & Canada),288987,diannefrost,Dianne Frost,2026-05-30 16:31:47 +0200,2026-05-30 16:31:47 +0200,needs_id,CC-BY-ND,https://www.inaturalist.org/observations/366666839,https://inaturalist-open-data.s3.amazonaws.com/photos/669537079/medium.jpg,,"",,0,0,false,,"Arkaquah Trail, Georgia, USA",34.8764667,-83.8445922,3211,,,,3211,,open,false,,,Rhododendron maximum,Rhododendron maximum,great rhododendron,Plantae,83059
366865319,b2dd04cd-2210-42a1-aed5-ff9f113e1f41,2025-09-30 10:13:01,2025-09-30,2025-09-30 16:13:01 +0200,Eastern Time (US & Canada),8170515,lisa64141,Lisa Collins,2026-05-31 02:27:45 +0200,2026-06-02 23:12:48 +0200,needs_id,,https://www.inaturalist.org/observations/366865319,https://static.inaturalist.org/photos/669914725/medium.jpg,,"",,0,0,false,2,"Rabun County, US-GA, US",34.85041201,-83.60216842,4,,,,4,,open,false,,,,Rhododendron maximum,great rhododendron,Plantae,83059
366871273,f2d8592b-e01f-43ab-95cd-9dd74509af8a,2026-05-30 14:43:24,2026-05-30,2026-05-30 20:43:24 +0200,Eastern Time (US & Canada),3000460,joshuaw207,Joshua Wood,2026-05-31 02:50:30 +0200,2026-05-31 02:50:31 +0200,needs_id,,https://www.inaturalist.org/observations/366871273,https://static.inaturalist.org/photos/669926253/medium.jpg,,"",,0,0,false,843,"Unicoi Campground Rd, Helen, GA, US",34.7270383333,-83.7205966667,51,,,,51,,open,false,,,,Rhododendron maximum,great rhododendron,Plantae,83059
366871961,fd9873a1-c312-4d45-a5fb-d9f5f4bce272,2026-05-30 13:47:15,2026-05-30,2026-05-30 19:47:15 +0200,Eastern Time (US & Canada),3000460,joshuaw207,Joshua Wood,2026-05-31 02:52:57 +0200,2026-05-31 02:53:01 +0200,needs_id,,https://www.inaturalist.org/observations/366871961,https://static.inaturalist.org/photos/669927471/medium.jpg,,"",,0,0,false,843,"Helen, GA, US",34.72812,-83.7235033333,29,,,,29,,open,false,,,,Rhododendron maximum,great rhododendron,Plantae,83059
366875670,1058f224-8a7d-4521-b466-434536a3d7a7,2026-05-30 12:51:35,2026-05-30,2026-05-30 18:51:35 +0200,Eastern Time (US & Canada),3000460,joshuaw207,Joshua Wood,2026-05-31 03:07:21 +0200,2026-05-31 03:07:22 +0200,needs_id,,https://www.inaturalist.org/observations/366875670,https://static.inaturalist.org/photos/669934382/medium.jpg,,"",,0,0,false,843,"Anna Ruby Falls Trail, Sautee Nacoochee, GA, US",34.7577578141,-83.709808137,8,,,,8,,open,false,,,,Rhododendron maximum,great rhododendron,Plantae,83059
366924186,a0a9bb9a-fea8-46de-8af7-313496885439,2023-10-29 16:53:43,2023-10-29,2023-10-29 21:53:43 +0100,Eastern Time (US & Canada),437880,thomasnsheehan,Tom Sheehan,2026-05-31 06:47:39 +0200,2026-05-31 06:47:40 +0200,needs_id,CC-BY-NC,https://www.inaturalist.org/observations/366924186,https://inaturalist-open-data.s3.amazonaws.com/photos/670034622/medium.jpg,,"",,0,0,false,843,"Vandiver Ridge Ln, Lakemont, GA, US",34.7446866667,-83.3744366667,6778,,,,6778,,open,false,,,,Rhododendron maximum,great rhododendron,Plantae,83059
367010405,7cb7b5ea-10fa-44e5-aed6-b2a498fcf191,2026-05-26 11:44:27,2026-05-26,2026-05-26 17:44:27 +0200,Eastern Time (US & Canada),1533096,ianmassey,Ian Massey,2026-05-31 14:30:16 +0200,2026-05-31 14:30:17 +0200,needs_id,,https://www.inaturalist.org/observations/367010405,https://static.inaturalist.org/photos/670203846/medium.jpg,,"",,0,0,false,843,"Jasper, GA, US",34.4664383333,-84.31018,9,,,,9,,open,false,,,,Rhododendron maximum,great rhododendron,Plantae,83059
367023293,a48a09ba-dd58-4ce5-bb40-692c5e00b0c2,2026-05-30 15:42:38,2026-05-30,2026-05-30 21:42:38 +0200,Eastern Time (US & Canada),7094618,grant__conner,Conner Grant,2026-05-31 15:17:40 +0200,2026-05-31 15:17:45 +0200,needs_id,CC-BY-NC,https://www.inaturalist.org/observations/367023293,https://inaturalist-open-data.s3.amazonaws.com/photos/670227487/medium.jpg,,"",,0,0,false,2,"Chatsworth, GA 30705, USA",34.820275,-84.6443972222,,,,,,,open,false,gps,gps,great rhododendron,Rhododendron maximum,great rhododendron,Plantae,83059
367112647,a271a6ed-76f3-42e8-ba1a-6eb541bb34fb,2026-05-30 18:31:23,2026-05-30,2026-05-31 00:31:23 +0200,Eastern Time (US & Canada),9105017,reefersean,Sean Tanksley,2026-05-31 19:22:27 +0200,2026-05-31 19:23:53 +0200,needs_id,CC-BY-NC,https://www.inaturalist.org/observations/367112647,https://inaturalist-open-data.s3.amazonaws.com/photos/670392948/medium.jpg,,"",,0,0,false,2,"Roswell, GA 30075, USA",34.0664596389,-84.4048614444,,,,,,,open,false,,,great rhododendron,Rhododendron maximum,great rhododendron,Plantae,83059
367744627,bc99db7b-f6c3-40c6-8891-09c9ce8c7d42,2024-06-30 08:24:11,2024-06-30,2024-06-30 14:24:11 +0200,Eastern Time (US & Canada),10604452,hurricane_hill,Hurricane Hill,2026-06-02 16:52:41 +0200,2026-06-02 16:52:42 +0200,needs_id,CC-BY-NC,https://www.inaturalist.org/observations/367744627,https://inaturalist-open-data.s3.amazonaws.com/photos/671604984/medium.jpg,,"",,0,0,false,843,"Dukes Creeks Falls Trail, Helen, GA, US",34.70173,-83.7894633333,1,,,,1,,open,false,,,,Rhododendron maximum,great rhododendron,Plantae,83059
367749641,208afc7c-1da4-4bf4-96d7-a8f37da70f77,2026-06-02 11:07:43,2026-06-02,2026-06-02 17:07:43 +0200,Eastern Time (US & Canada),2822682,dakodust2,,2026-06-02 17:09:45 +0200,2026-06-02 17:09:46 +0200,needs_id,CC-BY-NC,https://www.inaturalist.org/observations/367749641,https://inaturalist-open-data.s3.amazonaws.com/photos/671613972/medium.jpg,,"",,0,0,false,843,"Unicoi Tpke, Sautee Nacoochee, GA, US",34.6897902542,-83.7106939478,4,,,,4,,open,false,,,,Rhododendron maximum,great rhododendron,Plantae,83059
367879911,04ac89f2-3f2f-4296-875d-c455cad24fad,2025-01-26 14:54:30,2025-01-26,2025-01-26 20:54:30 +0100,Eastern Time (US & Canada),437880,thomasnsheehan,Tom Sheehan,2026-06-03 00:50:51 +0200,2026-06-11 14:09:55 +0200,research,CC-BY-NC,https://www.inaturalist.org/observations/367879911,https://inaturalist-open-data.s3.amazonaws.com/photos/671861227/medium.jpg,,"",,1,0,false,843,"A.T. Approach Trail, Dawsonville, GA, US",34.561905,-84.2473866667,81,,,,81,,open,false,,,great rhododendron,Rhododendron maximum,great rhododendron,Plantae,83059
368011402,e467a097-b491-4389-ba5e-fac756867993,2026-06-02 13:51:21-04:00,2026-06-02,2026-06-02 19:51:21 +0200,Eastern Time (US & Canada),10019989,weaselbones,,2026-06-03 14:10:02 +0200,2026-06-03 15:44:19 +0200,research,CC-BY-NC,https://www.inaturalist.org/observations/368011402,https://inaturalist-open-data.s3.amazonaws.com/photos/672120037/medium.jpg,,"","",1,0,false,3,"Chattahoochee River National Recreation Area Palisades West, Atlanta, GA, US",33.884245788,-84.4439251605,28,,,,28,,open,false,,,great rhododendron,Rhododendron maximum,great rhododendron,Plantae,83059
368486817,e9c3822a-c2bd-4165-b032-be7db9f908eb,Thu Jun 04 2026 19:19:58 GMT -0400 (EDT),2026-06-04,2026-06-05 01:19:58 +0200,Eastern Time (US & Canada),2060317,eduardot75,Eduardo Turcios,2026-06-05 01:20:11 +0200,2026-06-05 17:21:49 +0200,needs_id,,https://www.inaturalist.org/observations/368486817,https://static.inaturalist.org/photos/673350290/medium.jpg,,"",,0,0,false,333,"Towns County, US-GA, US",34.87241745,-83.8115005493,3,,,,3,,open,false,,,,Rhododendron maximum,great rhododendron,Plantae,83059
368495448,6eecfcef-3d5b-482a-9591-ed2e03762b5f,2026-06-04 11:59:56,2026-06-04,2026-06-04 17:59:56 +0200,Eastern Time (US & Canada),947744,daniel_e,Daniel Estabrooks,2026-06-05 02:00:38 +0200,2026-06-05 02:01:02 +0200,needs_id,CC0,https://www.inaturalist.org/observations/368495448,https://inaturalist-open-data.s3.amazonaws.com/photos/673045608/medium.jpg,,"",,0,0,false,2,"Tallulah Falls, GA, USA",34.7279869722,-83.3907899722,,,,,,,open,false,gps,gps,great rhododendron,Rhododendron maximum,great rhododendron,Plantae,83059
368503428,3afda503-cfb9-4a27-af6e-7ad0597b022f,2026-06-04 19:46:11-04:00,2026-06-04,2026-06-05 01:46:11 +0200,Eastern Time (US & Canada),12036,zaccota,Zac Cota,2026-06-05 02:38:08 +0200,2026-06-05 02:38:15 +0200,needs_id,CC-BY-NC,https://www.inaturalist.org/observations/368503428,https://inaturalist-open-data.s3.amazonaws.com/photos/673061630/medium.jpg,,"","",0,0,false,3,"Young Harris, GA, US",34.8737466667,-83.8130633333,42,,,,42,,open,false,,,"",Rhododendron maximum,great rhododendron,Plantae,83059
368613607,85e88dc1-92ec-48b9-bb7f-bf65127759bb,2026-06-04 15:45:49,2026-06-04,2026-06-04 21:45:49 +0200,Eastern Time (US & Canada),1197831,krugan,Krusgan,2026-06-05 14:36:10 +0200,2026-06-05 14:36:15 +0200,needs_id,CC-BY-NC,https://www.inaturalist.org/observations/368613607,https://inaturalist-open-data.s3.amazonaws.com/photos/673273449/medium.jpg,,"",,0,0,false,2,"Lakemont, GA 30552, USA",34.7674013978,-83.4705172107,68,,,,68,,open,false,gps,gps,great rhododendron,Rhododendron maximum,great rhododendron,Plantae,83059
368771403,3a241fcc-dab3-4c27-9a84-4c260e5ca26a,2026-06-05 15:56:24-04:00,2026-06-05,2026-06-05 21:56:24 +0200,Eastern Time (US & Canada),12036,zaccota,Zac Cota,2026-06-06 00:07:42 +0200,2026-06-06 00:07:50 +0200,needs_id,CC-BY-NC,https://www.inaturalist.org/observations/368771403,https://inaturalist-open-data.s3.amazonaws.com/photos/673569949/medium.jpg,,"","",0,0,false,3,"Byron Herbert Reece Trail, Blairsville, GA, US",34.7403,-83.9239883333,4,,,,4,,open,false,,,"",Rhododendron maximum,great rhododendron,Plantae,83059
368846319,c050f353-105e-4e62-9131-d4f19ec2fe63,2026-06-05 18:38:04-04:00,2026-06-05,2026-06-06 00:38:04 +0200,Eastern Time (US & Canada),764155,whatch11,Wes Hatch,2026-06-06 05:52:38 +0200,2026-06-06 05:52:44 +0200,needs_id,,https://www.inaturalist.org/observations/368846319,https://static.inaturalist.org/photos/673713475/medium.jpg,,"","",0,0,false,3,"Tate City Rd, Clayton, GA, US",34.9597133333,-83.5562883333,4,,,,4,,open,false,,,"",Rhododendron maximum,great rhododendron,Plantae,83059
368847331,1553ce99-fade-4a23-b465-2e849494c829,2026-06-05 17:31:15-04:00,2026-06-05,2026-06-05 23:31:15 +0200,Eastern Time (US & Canada),764155,whatch11,Wes Hatch,2026-06-06 05:59:09 +0200,2026-06-06 05:59:14 +0200,needs_id,,https://www.inaturalist.org/observations/368847331,https://static.inaturalist.org/photos/673715563/medium.jpg,,"","",0,0,false,3,"Tallulah River Rd, Clayton, GA, US",34.9385283333,-83.547845,6,,,,6,,open,false,,,"",Rhododendron maximum,great rhododendron,Plantae,83059
368847943,800185d7-39d8-4196-b92c-adeed1885b24,2026-06-05 16:42:41-04:00,2026-06-05,2026-06-05 22:42:41 +0200,Eastern Time (US & Canada),764155,whatch11,Wes Hatch,2026-06-06 06:02:49 +0200,2026-06-06 06:02:54 +0200,needs_id,,https://www.inaturalist.org/observations/368847943,https://static.inaturalist.org/photos/673716857/medium.jpg,,"","",0,0,false,3,"Tallulah River, Clayton, GA, US",34.9304583333,-83.5493216667,151,,,,151,,open,false,,,"",Rhododendron maximum,great rhododendron,Plantae,83059
369092963,969ada19-a933-449e-8368-050d0b7a63ec,2026-06-06 12:56:52,2026-06-06,2026-06-06 18:56:52 +0200,Eastern Time (US & Canada),10571985,adamjsboudreau,Adam Boudreau,2026-06-06 22:37:53 +0200,2026-06-06 22:37:53 +0200,needs_id,CC-BY-NC,https://www.inaturalist.org/observations/369092963,https://inaturalist-open-data.s3.amazonaws.com/photos/674173704/medium.jpg,,"",,0,0,false,843,"White County, US-GA, US",34.711106223,-83.7943893187,5,,,,5,,open,false,,,,Rhododendron maximum,great rhododendron,Plantae,83059
369093009,a758c17c-747c-4d07-875b-103c5098dd0d,2026-06-06 12:58:49,2026-06-06,2026-06-06 18:58:49 +0200,Eastern Time (US & Canada),10571985,adamjsboudreau,Adam Boudreau,2026-06-06 22:37:58 +0200,2026-06-06 22:38:00 +0200,needs_id,CC-BY-NC,https://www.inaturalist.org/observations/369093009,https://inaturalist-open-data.s3.amazonaws.com/photos/674173783/medium.jpg,,"",,0,0,false,843,"White County, US-GA, US",34.7106958328,-83.7928557247,6,,,,6,,open,false,,,,Rhododendron maximum,great rhododendron,Plantae,83059
369318476,c78f30a1-6d9d-4486-94f0-4c87b352e774,2026-06-06 07:51:57,2026-06-06,2026-06-06 13:51:57 +0200,Eastern Time (US & Canada),10508270,andrew_boree,Andrew Boree,2026-06-07 15:44:07 +0200,2026-06-07 15:44:08 +0200,needs_id,CC-BY-NC,https://www.inaturalist.org/observations/369318476,https://inaturalist-open-data.s3.amazonaws.com/photos/674603258/medium.jpg,,"",,0,0,false,843,"Rabun Gap, GA, US",34.9303188129,-83.4014534572,4,,,,4,,open,false,,,,Rhododendron maximum,great rhododendron,Plantae,83059
369387298,f3d514e0-8c36-4020-97f2-d3b41454a4af,2026-06-06 14:56:18-04:00,2026-06-06,2026-06-06 20:56:18 +0200,Eastern Time (US & Canada),12036,zaccota,Zac Cota,2026-06-07 18:52:44 +0200,2026-06-07 18:52:51 +0200,needs_id,CC-BY-NC,https://www.inaturalist.org/observations/369387298,https://inaturalist-open-data.s3.amazonaws.com/photos/674731979/medium.jpg,,"","",0,0,false,3,"Toccoa River, Blue Ridge, GA, US",34.7747533333,-84.2443033333,4,,,,4,,open,false,,,"",Rhododendron maximum,great rhododendron,Plantae,83059
369389039,e99e9fb7-3430-44b9-ac1a-a974c1984db3,2026-06-06 15:59:23-04:00,2026-06-06,2026-06-06 21:59:23 +0200,Eastern Time (US & Canada),12036,zaccota,Zac Cota,2026-06-07 18:57:22 +0200,2026-06-07 18:57:27 +0200,needs_id,CC-BY-NC,https://www.inaturalist.org/observations/369389039,https://inaturalist-open-data.s3.amazonaws.com/photos/674735081/medium.jpg,,"","",0,0,false,3,"Toccoa River, Blue Ridge, GA, US",34.791405,-84.2476633333,4,,,,4,,open,false,,,"",Rhododendron maximum,great rhododendron,Plantae,83059
369435206,ac879a3e-5265-4260-8cbc-de80187bae36,Sun Jun 07 2026 14:56:22 GMT -0400 (EDT),2026-06-07,2026-06-07 20:56:22 +0200,Eastern Time (US & Canada),3858830,here_for_humanity,Amber Madsen,2026-06-07 20:56:51 +0200,2026-06-07 22:10:29 +0200,needs_id,CC-BY-NC,https://www.inaturalist.org/observations/369435206,https://inaturalist-open-data.s3.amazonaws.com/photos/674874066/medium.jpg,,"",,0,0,false,333,Blue Ridge,34.8167304993,-84.3004837036,8,,,,8,,open,false,,,,Rhododendron maximum,great rhododendron,Plantae,83059
369586144,3ba58437-11d0-485d-8964-53009cdbaccf,2026-06-07 08:56:05,2026-06-07,2026-06-07 14:56:05 +0200,Eastern Time (US & Canada),1917394,carol308,Carol Garrison,2026-06-08 05:31:31 +0200,2026-06-08 05:31:32 +0200,needs_id,,https://www.inaturalist.org/observations/369586144,https://static.inaturalist.org/photos/675113307/medium.jpg,,"",,0,0,false,843,"Kennedy Mountain Rd, Clarkesville, GA, US",34.7820533333,-83.61812,4,,,,4,,open,false,,,,Rhododendron maximum,great rhododendron,Plantae,83059
369669643,248f6e23-ab0a-4191-a44e-0eeff796ebf7,2026-06-07 12:26:05,2026-06-07,2026-06-07 18:26:05 +0200,Eastern Time (US & Canada),1917394,carol308,Carol Garrison,2026-06-08 13:51:21 +0200,2026-06-08 13:51:22 +0200,needs_id,,https://www.inaturalist.org/observations/369669643,https://static.inaturalist.org/photos/675273504/medium.jpg,,"",,0,0,false,843,"Unicoi Campground Rd, Helen, GA, US",34.7301216667,-83.7171033333,4,,,,4,,open,false,,,,Rhododendron maximum,great rhododendron,Plantae,83059
369669808,ff0a95bb-d445-435a-a595-8087499fef61,2026-06-07 12:27:09,2026-06-07,2026-06-07 18:27:09 +0200,Eastern Time (US & Canada),1917394,carol308,Carol Garrison,2026-06-08 13:51:43 +0200,2026-06-08 13:51:43 +0200,needs_id,,https://www.inaturalist.org/observations/369669808,https://static.inaturalist.org/photos/675273671/medium.jpg,,"",,0,0,false,843,"Unicoi Campground Rd, Helen, GA, US",34.73013,-83.7170783333,10,,,,10,,open,false,,,,Rhododendron maximum,great rhododendron,Plantae,83059
369731860,b7712885-e05f-4b28-ad81-3b7f9d0424af,2026-06-06 12:47:17-04:00,2026-06-06,2026-06-06 18:47:17 +0200,Eastern Time (US & Canada),12036,zaccota,Zac Cota,2026-06-08 17:48:01 +0200,2026-06-08 17:48:11 +0200,needs_id,CC-BY-NC,https://www.inaturalist.org/observations/369731860,https://inaturalist-open-data.s3.amazonaws.com/photos/675388407/medium.jpg,,"","",0,0,false,3,"Appalachian Approach Trail, Blue Ridge, GA, US",34.6667133333,-84.171745,64,,,,64,,open,false,,,"",Rhododendron maximum,great rhododendron,Plantae,83059
369765636,f7870c45-d3f2-4e91-b872-7560ef7a1859,2026/06/08 11:16 AM,2026-06-08,2026-06-08 17:16:00 +0200,Eastern Time (US & Canada),3312888,ingolfaskevold,Ingolf Askevold,2026-06-08 19:35:43 +0200,2026-06-09 03:40:09 +0200,research,CC-BY-NC,https://www.inaturalist.org/observations/369765636,https://inaturalist-open-data.s3.amazonaws.com/photos/675449317/medium.jpg,,"",,2,0,false,,"Tallulah Falls, GA, USA",34.7375972222,-83.3916777778,5,,,,5,,open,false,,,great rhododendron,Rhododendron maximum,great rhododendron,Plantae,83059
370292459,a8e5a7dd-afdc-4bac-8f0f-4a6b557679cd,2026-06-09 18:09:40-04:00,2026-06-09,2026-06-10 00:09:40 +0200,Eastern Time (US & Canada),430732,gatorgrei,"",2026-06-10 13:29:00 +0200,2026-06-10 17:31:05 +0200,research,CC-BY-NC,https://www.inaturalist.org/observations/370292459,https://inaturalist-open-data.s3.amazonaws.com/photos/676464883/medium.jpg,,"","",2,0,false,3,"Carlyle Dr, Marietta, GA, US",34.0041666667,-84.4402616667,3,,,,3,,open,false,,,great rhododendron,Rhododendron maximum,great rhododendron,Plantae,83059
370426690,66f4aa4c-60da-4ec0-b576-ed024b932093,2026-06-06 14:12:09-04:00,2026-06-06,2026-06-06 20:12:09 +0200,Eastern Time (US & Canada),163877,aneidesaeneus,Asha,2026-06-10 21:35:47 +0200,2026-08-13 01:45:15 +0200,research,CC-BY-NC,https://www.inaturalist.org/observations/370426690,https://inaturalist-open-data.s3.amazonaws.com/photos/676699282/medium.jpg,,"","",1,0,false,3,"Georgia, US",34.4424592264,-84.3590812058,13,,,,28818,obscured,open,true,,,great rhododendron,Rhododendron maximum,great rhododendron,Plantae,83059
370481138,e9d345ae-d562-4ab1-8ee2-53c89842bb6e,2026-06-10 14:11:17,2026-06-10,2026-06-10 20:11:17 +0200,Eastern Time (US & Canada),4183735,joe889,Joe Parish,2026-06-11 01:15:15 +0200,2026-06-11 02:13:55 +0200,research,,https://www.inaturalist.org/observations/370481138,https://static.inaturalist.org/photos/676805120/medium.jpg,,"",,2,0,false,2,"Sautee Nacoochee, GA 30571, USA",34.7614931401,-83.7120320275,481,,,,481,,open,false,gps,gps,great rhododendron,Rhododendron maximum,great rhododendron,Plantae,83059
370589274,f917fb21-96bb-49ef-bb52-19faf504e9fe,2011/05/01 11:32 AM,2011-05-01,2011-05-01 17:32:00 +0200,Eastern Time (US & Canada),288987,diannefrost,Dianne Frost,2026-06-11 12:53:27 +0200,2026-06-11 12:53:27 +0200,needs_id,CC-BY-ND,https://www.inaturalist.org/observations/370589274,https://inaturalist-open-data.s3.amazonaws.com/photos/677024138/medium.jpg,,"",,0,0,false,,"Vogel State Park, 405 Vogel State Park Rd, Blairsville, GA 30512, USA",34.7649337,-83.925463,797,,,,797,,open,false,,,Rhododendron maximum,Rhododendron maximum,great rhododendron,Plantae,83059
370732585,773cafaa-9218-4a73-b18f-c4e4030edc5b,2026-06-11 10:09:00,2026-06-11,2026-06-11 16:09:00 +0200,Eastern Time (US & Canada),149787,adamarendell,Adam Arendell,2026-06-11 22:56:48 +0200,2026-06-11 22:56:49 +0200,needs_id,CC-BY-NC,https://www.inaturalist.org/observations/370732585,https://inaturalist-open-data.s3.amazonaws.com/photos/677301367/medium.jpg,,"",,0,0,false,843,"Anna Ruby Falls Trail, Sautee Nacoochee, GA, US",34.7576716667,-83.7098916667,15,,,,15,,open,false,,,,Rhododendron maximum,great rhododendron,Plantae,83059
370735998,84a93ec6-e735-46a4-a9b8-2e6f489bcd74,2026-06-11 12:14:57,2026-06-11,2026-06-11 18:14:57 +0200,Eastern Time (US & Canada),6194505,heavyhams,,2026-06-11 23:10:02 +0200,2026-06-21 12:38:57 +0200,research,CC-BY-NC,https://www.inaturalist.org/observations/370735998,https://inaturalist-open-data.s3.amazonaws.com/photos/677307969/medium.jpg,,"",,1,0,false,843,"Top of the Falls Rd, Dawsonville, GA, US",34.5589581898,-84.2490882865,61,,,,61,,open,false,,,great rhododendron,Rhododendron maximum,great rhododendron,Plantae,83059
370793462,53af4d96-0967-4209-8df1-f3358c5b1b79,2026/05/09 2:43 PM,2026-05-09,2026-05-09 20:43:00 +0200,Eastern Time (US & Canada),1279849,laalv1,"",2026-06-12 03:49:34 +0200,2026-08-13 01:44:11 +0200,research,CC-BY,https://www.inaturalist.org/observations/370793462,https://inaturalist-open-data.s3.amazonaws.com/photos/677420900/medium.jpg,,"",,1,0,false,,"Dawson County, GA, USA",34.5654609722,-84.24239,,,,,,,open,false,,,great rhododendron,Rhododendron maximum,great rhododendron,Plantae,83059
370938116,5074431b-73fb-4d7d-889d-2c4b46648681,2026-06-11 17:20:35,2026-06-11,2026-06-11 23:20:35 +0200,Eastern Time (US & Canada),10183074,ethan36750,Ethan Rabon,2026-06-12 18:00:20 +0200,2026-06-13 16:14:06 +0200,needs_id,CC-BY-NC,https://www.inaturalist.org/observations/370938116,https://inaturalist-open-data.s3.amazonaws.com/photos/677699479/medium.jpg,,"",,0,0,false,2,"Georgia, US",34.8744099096,-84.5705484599,15240,,,,15240,,open,false,,,great rhododendron,Rhododendron maximum,great rhododendron,Plantae,83059
371034885,dc2eeff4-eb81-4055-b78f-a43af2300532,2026-06-12 14:00:23,2026-06-12,2026-06-12 20:00:23 +0200,Eastern Time (US & Canada),149787,adamarendell,Adam Arendell,2026-06-13 00:12:52 +0200,2026-06-13 00:12:53 +0200,needs_id,CC-BY-NC,https://www.inaturalist.org/observations/371034885,https://inaturalist-open-data.s3.amazonaws.com/photos/677885190/medium.jpg,,"",,0,0,false,843,"SR-75 Alt, Helen, GA, US",34.712395,-83.7459333333,10,,,,10,,open,false,,,,Rhododendron maximum,great rhododendron,Plantae,83059
371056872,b3b3b126-4b9d-41d3-8b4e-3159aa342849,2026-06-12 11:43:00,2026-06-12,2026-06-12 17:43:00 +0200,Eastern Time (US & Canada),149787,adamarendell,Adam Arendell,2026-06-13 01:52:10 +0200,2026-06-13 01:52:11 +0200,needs_id,CC-BY-NC,https://www.inaturalist.org/observations/371056872,https://inaturalist-open-data.s3.amazonaws.com/photos/677927201/medium.jpg,,"",,0,0,false,843,"Helen, GA, US",34.71333,-83.721955,113,,,,113,,open,false,,,,Rhododendron maximum,great rhododendron,Plantae,83059
371061679,53097377-8412-478a-ae46-ad102f68cac3,2026-06-12 11:19:33,2026-06-12,2026-06-12 17:19:33 +0200,Eastern Time (US & Canada),149787,adamarendell,Adam Arendell,2026-06-13 02:15:54 +0200,2026-06-13 02:15:55 +0200,needs_id,CC-BY-NC,https://www.inaturalist.org/observations/371061679,https://inaturalist-open-data.s3.amazonaws.com/photos/677935866/medium.jpg,,"",,0,0,false,843,"Helen, GA, US",34.71742,-83.7221916667,4,,,,4,,open,false,,,,Rhododendron maximum,great rhododendron,Plantae,83059
371224795,a68b2a28-4df3-429a-9347-585103164f78,2026-06-13 09:48:38,2026-06-13,2026-06-13 15:48:38 +0200,Eastern Time (US & Canada),10281795,motleyleppard,,2026-06-13 16:02:51 +0200,2026-07-01 03:34:19 +0200,research,CC-BY-NC,https://www.inaturalist.org/observations/371224795,https://inaturalist-open-data.s3.amazonaws.com/photos/678241826/medium.jpg,,"",,1,0,false,843,"Dawson County, US-GA, US",34.4960177943,-84.2824085036,4,,,,4,,open,false,,,great rhododendron,Rhododendron maximum,great rhododendron,Plantae,83059
371686430,91ca8875-73a1-492c-abbe-5cd6e4afca00,2026/06/14 9:01 AM,2026-06-14,2026-06-14 15:01:00 +0200,Eastern Time (US & Canada),912605,kodiakgarden,Dan Vickers,2026-06-14 20:04:09 +0200,2026-06-14 20:56:01 +0200,research,CC0,https://www.inaturalist.org/observations/371686430,https://inaturalist-open-data.s3.amazonaws.com/photos/679112980/medium.jpg,,"","",2,0,false,,"Lullwater Preserve, 1463 Clifton Rd NE, Decatur, GA 30033, USA",33.798292,-84.314595,55,,,,55,,open,false,,,great rhododendron,Rhododendron maximum,great rhododendron,Plantae,83059
371801495,21b7aab3-cbcf-41aa-a6e2-2a2f049c3c17,2026-06-14 17:16:19,2026-06-14,2026-06-14 23:16:19 +0200,Eastern Time (US & Canada),4049789,notesafield,Loy Xingwen,2026-06-15 01:52:00 +0200,2026-06-15 01:52:01 +0200,needs_id,CC-BY-NC,https://www.inaturalist.org/observations/371801495,https://inaturalist-open-data.s3.amazonaws.com/photos/679337042/medium.jpg,,"",,0,0,false,843,"Panther Creek Trail, Clarkesville, GA, US",34.6815661936,-83.402006101,219,,,,219,,open,false,,,,Rhododendron maximum,great rhododendron,Plantae,83059
372051110,7c6f8cbc-ed9f-48ea-a634-4ea8a6c93c26,2026-06-15 14:40:22,2026-06-15,2026-06-15 20:40:22 +0200,Eastern Time (US & Canada),1563,uganaturegirl,Linda May,2026-06-15 21:11:26 +0200,2026-06-15 21:11:27 +0200,needs_id,CC-BY-NC,https://www.inaturalist.org/observations/372051110,https://inaturalist-open-data.s3.amazonaws.com/photos/679820093/medium.jpg,,"",,0,0,false,843,"Helen, GA, US",34.6845725789,-83.7476529854,4,,,,4,,open,false,,,,Rhododendron maximum,great rhododendron,Plantae,83059
372459464,afbfe124-a457-4d21-9d06-9b89fd89c325,2026-06-16 11:01:11,2026-06-16,2026-06-16 17:01:11 +0200,Eastern Time (US & Canada),5334443,daniel3617,Daniel Burken,2026-06-17 01:59:47 +0200,2026-06-17 01:59:53 +0200,needs_id,,https://www.inaturalist.org/observations/372459464,https://static.inaturalist.org/photos/680604914/medium.jpg,,"",,0,0,false,2,"Sautee Nacoochee, GA 30571, USA",34.7649322156,-83.7123049423,372,,,,372,,open,false,gps,gps,great rhododendron,Rhododendron maximum,great rhododendron,Plantae,83059
372466622,5884c76e-edc6-4e34-a92c-b61738a6fc6c,2026-06-16 14:28:47,2026-06-16,2026-06-16 20:28:47 +0200,Eastern Time (US & Canada),130062,jherime,Jherime L. Kellermann,2026-06-17 02:30:51 +0200,2026-06-17 02:31:01 +0200,needs_id,,https://www.inaturalist.org/observations/372466622,https://static.inaturalist.org/photos/680618919/medium.jpg,,"",,0,0,false,2,"Cherry Log, GA 30522, USA",34.784275,-84.3038833333,,,,,,,open,false,gps,gps,great rhododendron,Rhododendron maximum,great rhododendron,Plantae,83059
372730221,718cd2e9-7b5e-421d-84f4-6ebaa23a7ffc,2026-06-16 10:14:28-04:00,2026-06-16,2026-06-16 16:14:28 +0200,Eastern Time (US & Canada),764155,whatch11,Wes Hatch,2026-06-17 22:47:50 +0200,2026-08-12 00:46:22 +0200,research,,https://www.inaturalist.org/observations/372730221,https://static.inaturalist.org/photos/681124128/medium.jpg,,"","",1,0,false,3,"Cloverleaf Trail, Dahlonega, GA, US",34.6163716667,-84.098625,10,,,,10,,open,false,,,great rhododendron,Rhododendron maximum,great rhododendron,Plantae,83059
372770573,620cbfd8-cbbf-4ca6-a215-d99a66cccb0d,2026-06-16 11:08:53,2026-06-16,2026-06-16 17:08:53 +0200,Eastern Time (US & Canada),1799478,kalina_sq,Kalina Eskew,2026-06-18 01:18:03 +0200,2026-06-18 01:18:18 +0200,needs_id,CC-BY-NC,https://www.inaturalist.org/observations/372770573,https://static.inaturalist.org/photos/681199935/medium.jpg,,"",,0,0,false,2,"Cleveland, GA 30528, USA",34.7118333333,-83.7948666667,,,,,,,open,false,gps,gps,great rhododendron,Rhododendron maximum,great rhododendron,Plantae,83059
372913640,d906628f-2794-4557-a549-9bb19522f626,2026-06-17 19:13:01-04:00,2026-06-17,2026-06-18 01:13:01 +0200,Eastern Time (US & Canada),764155,whatch11,Wes Hatch,2026-06-18 14:45:10 +0200,2026-08-12 00:45:53 +0200,research,,https://www.inaturalist.org/observations/372913640,https://static.inaturalist.org/photos/681472054/medium.jpg,,"","",1,0,false,3,"Dahlonega, GA, US",34.6186533333,-84.1056278333,14,,,,14,,open,false,,,great rhododendron,Rhododendron maximum,great rhododendron,Plantae,83059
372913711,860cab6b-b38a-4eaf-b90d-53559f19c62d,2026-06-17 19:03:28-04:00,2026-06-17,2026-06-18 01:03:28 +0200,Eastern Time (US & Canada),764155,whatch11,Wes Hatch,2026-06-18 14:45:28 +0200,2026-08-12 00:45:19 +0200,research,,https://www.inaturalist.org/observations/372913711,https://static.inaturalist.org/photos/681472205/medium.jpg,,"","",1,0,false,3,"Dahlonega, GA, US",34.61993,-84.1050861667,39,,,,39,,open,false,,,great rhododendron,Rhododendron maximum,great rhododendron,Plantae,83059
373083274,1a4b9fa3-4d59-4b84-8ef0-040adc3e201e,2011/06/24 10:41 PM,2011-06-24,2011-06-25 04:41:00 +0200,Eastern Time (US & Canada),288987,diannefrost,Dianne Frost,2026-06-19 01:15:51 +0200,2026-06-19 01:15:51 +0200,needs_id,CC-BY-ND,https://www.inaturalist.org/observations/373083274,https://inaturalist-open-data.s3.amazonaws.com/photos/681792256/medium.jpg,,"",,0,0,false,,"Black Rock Mountain State Park, 3085 Black Rock Mountain Pkwy, Mountain City, GA 30562, USA",34.9045824,-83.4125349,198,,,,198,,open,false,,,Rhododendron maximum,Rhododendron maximum,great rhododendron,Plantae,83059
373262444,8004dd3b-672b-4f55-873c-fdf9c4fc3e48,2026-06-19 09:20:42,2026-06-19,2026-06-19 15:20:42 +0200,Eastern Time (US & Canada),10685899,rahawkins,rahawkins,2026-06-19 17:43:42 +0200,2026-06-19 17:43:42 +0200,needs_id,CC-BY-NC,https://www.inaturalist.org/observations/373262444,https://inaturalist-open-data.s3.amazonaws.com/photos/682138689/medium.jpg,,"",,0,0,false,843,"Vogel State Park Rd, Blairsville, GA, US",34.7660861285,-83.9227004387,9,,,,9,,open,false,,,,Rhododendron maximum,great rhododendron,Plantae,83059
373409827,1d8874de-5d66-42f3-8225-af7b81535aae,2026-06-16 14:37:08-04:00,2026-06-16,2026-06-16 20:37:08 +0200,Eastern Time (US & Canada),764155,whatch11,Wes Hatch,2026-06-20 02:46:46 +0200,2026-08-12 00:41:07 +0200,research,,https://www.inaturalist.org/observations/373409827,https://static.inaturalist.org/photos/682419318/medium.jpg,,"","",1,0,false,3,"Dahlonega, GA, US",34.6222033333,-84.0994861667,5,,,,5,,open,false,,,great rhododendron,Rhododendron maximum,great rhododendron,Plantae,83059
373510130,e093bdab-eccf-4757-bc8d-c38cd4375a78,2026-06-19 12:03:00,2026-06-19,2026-06-19 18:03:00 +0200,Eastern Time (US & Canada),7091460,donna61820,Donna H,2026-06-20 12:19:02 +0200,2026-06-20 12:21:28 +0200,needs_id,"",https://www.inaturalist.org/observations/373510130,https://static.inaturalist.org/photos/682616861/medium.jpg,,"","Black Rock Mountain, Tennessee Rock Trail ",0,0,false,2,"Tiger, GA 30576, USA",34.8439140278,-83.4308395278,,,,,,,open,false,,,great rhododendron,Rhododendron maximum,great rhododendron,Plantae,83059
373701382,33c5718e-ba43-487d-b712-3f20cd538c41,2026-06-20 16:53:05-04:00,2026-06-20,2026-06-20 22:53:05 +0200,Eastern Time (US & Canada),5164008,derrick89,Derrick Railey,2026-06-20 22:53:48 +0200,2026-07-13 16:03:54 +0200,research,,https://www.inaturalist.org/observations/373701382,https://static.inaturalist.org/photos/697163531/medium.jpg,,"","",1,0,false,3,"Amicalola Falls State Park, Dawsonville, GA, US",34.5673833333,-84.244745,17,,,,17,,open,false,,,great rhododendron,Rhododendron maximum,great rhododendron,Plantae,83059
373747043,8d895d4a-12c9-41c5-a268-f06ca179ccf8,2026/06/20 2:07 PM,2026-06-20,2026-06-20 20:07:00 +0200,Eastern Time (US & Canada),4699723,thoscole,Thomas Cole,2026-06-21 01:31:39 +0200,2026-06-21 01:31:39 +0200,needs_id,CC-BY-NC,https://www.inaturalist.org/observations/373747043,https://inaturalist-open-data.s3.amazonaws.com/photos/683055962/medium.jpg,,"",Trailside along the AT.,0,0,false,,"Rabun County, GA, USA",34.9016152079,-83.6273470204,320,,,,320,,open,false,,,Great Rhododendron,Rhododendron maximum,great rhododendron,Plantae,83059
373912992,4ec73477-0851-402d-b3fa-eda3ef6b63a0,2026-06-20 09:10:56-04:00,2026-06-20,2026-06-20 15:10:56 +0200,Eastern Time (US & Canada),392349,mhodges1957,Malcolm Hodges,2026-06-21 15:05:09 +0200,2026-08-01 14:09:10 +0200,research,CC-BY-NC,https://www.inaturalist.org/observations/373912992,https://inaturalist-open-data.s3.amazonaws.com/photos/683387715/medium.jpg,,"","",1,0,false,3,"Union County, US-GA, US",34.7670883333,-83.9205083333,4,,,,4,,open,false,,,great rhododendron,Rhododendron maximum,great rhododendron,Plantae,83059
373976973,8a7fa06a-b71c-4dfa-88fc-ac73f7b90eb6,2026-06-20 16:01:51,2026-06-20,2026-06-20 22:01:51 +0200,Eastern Time (US & Canada),8101501,blmoss,Blake Moss,2026-06-21 18:25:01 +0200,2026-08-13 14:10:20 +0200,research,,https://www.inaturalist.org/observations/373976973,https://static.inaturalist.org/photos/683507836/medium.jpg,,"",,1,0,false,2,"Georgia, US",34.5918134275,-84.3352100993,4,,,,28818,obscured,open,true,,,great rhododendron,Rhododendron maximum,great rhododendron,Plantae,83059
374011010,494978ab-3af4-4864-82d0-5f840b3e419a,2026-05-28 08:44:05,2026-05-28,2026-05-28 14:44:05 +0200,Eastern Time (US & Canada),10509764,jackson_chaney,Jackson Chaney,2026-06-21 19:58:15 +0200,2026-06-21 19:58:16 +0200,needs_id,CC-BY-NC,https://www.inaturalist.org/observations/374011010,https://inaturalist-open-data.s3.amazonaws.com/photos/683571121/medium.jpg,,"",,0,0,false,843,"Black Rock Mountain Pkwy, Clayton, GA, US",34.8987283424,-83.423321034,4,,,,4,,open,false,,,,Rhododendron maximum,great rhododendron,Plantae,83059
374098592,7deae8e4-bd8b-478b-a154-74962ea980e4,2026-06-21 18:02:14,2026-06-21,2026-06-22 00:02:14 +0200,Eastern Time (US & Canada),4409891,jessicalynn263,,2026-06-22 00:06:56 +0200,2026-06-22 00:06:57 +0200,needs_id,CC-BY-NC,https://www.inaturalist.org/observations/374098592,https://inaturalist-open-data.s3.amazonaws.com/photos/683738072/medium.jpg,,"",,0,0,false,843,"Mineral Bluff, GA, US",34.9037133333,-84.259225,4,,,,4,,open,false,,,,Rhododendron maximum,great rhododendron,Plantae,83059
374258474,c6f8cff8-0fc0-47a7-8935-06389bc9c249,2026-06-20 08:15:39-04:00,2026-06-20,2026-06-20 14:15:39 +0200,Eastern Time (US & Canada),97928,mmkimberly,Mary Kimberly,2026-06-22 13:25:38 +0200,2026-06-22 13:25:43 +0200,needs_id,CC-BY-NC,https://www.inaturalist.org/observations/374258474,https://inaturalist-open-data.s3.amazonaws.com/photos/684053027/medium.jpg,,"","",0,0,false,3,"Warwoman Dell Nature Trail, Clayton, GA, US",34.8813583333,-83.3525166667,5,,,,5,,open,false,,,"",Rhododendron maximum,great rhododendron,Plantae,83059
374341307,db230897-a3a7-437b-a62e-41fde10f6f8c,2026-06-22 09:19:40,2026-06-22,2026-06-22 15:19:40 +0200,Eastern Time (US & Canada),5230193,birdfishgirl,"",2026-06-22 18:47:01 +0200,2026-06-29 03:22:47 +0200,research,,https://www.inaturalist.org/observations/374341307,https://static.inaturalist.org/photos/684211604/medium.jpg,,"",,1,0,false,843,"Georgia, US",34.6906922445,-83.6415156667,173,,,,28790,obscured,open,true,,,great rhododendron,Rhododendron maximum,great rhododendron,Plantae,83059
374343536,e1920030-556a-48f3-9c6f-87b986bd41d8,2026-06-22 09:21:50,2026-06-22,2026-06-22 15:21:50 +0200,Eastern Time (US & Canada),5230193,birdfishgirl,"",2026-06-22 18:54:10 +0200,2026-06-26 13:59:53 +0200,research,,https://www.inaturalist.org/observations/374343536,https://static.inaturalist.org/photos/684215702/medium.jpg,,"",,2,0,false,843,"Georgia, US",34.6891805928,-83.7506557382,14,,,,28790,obscured,open,true,,,great rhododendron,Rhododendron maximum,great rhododendron,Plantae,83059
374406680,fa3762dd-8504-4316-970d-6eb7e70cdff9,2026-06-20 21:50:56-04:00,2026-06-20,2026-06-21 03:50:56 +0200,Eastern Time (US & Canada),163877,aneidesaeneus,Asha,2026-06-22 22:34:13 +0200,2026-06-22 22:34:21 +0200,needs_id,CC-BY-NC,https://www.inaturalist.org/observations/374406680,https://inaturalist-open-data.s3.amazonaws.com/photos/684338164/medium.jpg,,"","",0,0,false,3,United States,34.9083874618,-83.5959135421,9,,,,28762,obscured,open,true,,,"",Rhododendron maximum,great rhododendron,Plantae,83059
374498352,6a779c34-8787-4def-89c8-52b2e7b10994,2026-06-13 10:23:18,2026-06-13,2026-06-13 16:23:18 +0200,Eastern Time (US & Canada),10395132,jnafe44,,2026-06-23 05:22:17 +0200,2026-06-23 05:22:18 +0200,needs_id,CC-BY-NC,https://www.inaturalist.org/observations/374498352,https://inaturalist-open-data.s3.amazonaws.com/photos/684521467/medium.jpg,,"",,0,0,false,843,"Stanley Gap Trail, Blue Ridge, GA, US",34.8167779459,-84.3008535082,6,,,,6,,open,false,,,,Rhododendron maximum,great rhododendron,Plantae,83059
374519368,303e26c8-3611-4cda-876f-5478f75dd652,2026/06/21 4:58 PM,2026-06-21,2026-06-21 22:58:00 +0200,Eastern Time (US & Canada),2565520,terrll,terrll,2026-06-23 07:41:18 +0200,2026-06-23 07:41:18 +0200,needs_id,,https://www.inaturalist.org/observations/374519368,https://static.inaturalist.org/photos/684562223/medium.jpg,,"",,0,0,false,,"Tallulah Gorge State Park, 338 Jane Hurt Yarn Rd, Tallulah Falls, GA 30573, USA",34.7427244,-83.3964755,198,,,,198,,open,false,,,Great Rhododendron,Rhododendron maximum,great rhododendron,Plantae,83059
374572190,1a294056-3d42-425d-947d-2b1dc2e84002,2026-06-20 08:15:12,2026-06-20,2026-06-20 14:15:12 +0200,Eastern Time (US & Canada),10592542,carl88782,Carl G,2026-06-23 13:51:21 +0200,2026-06-28 18:40:10 +0200,research,CC-BY-NC,https://www.inaturalist.org/observations/374572190,https://inaturalist-open-data.s3.amazonaws.com/photos/684664738/medium.jpg,,"",,1,0,false,843,"Dawson County, US-GA, US",34.5710469364,-84.2417103053,4,,,,4,,open,false,,,great rhododendron,Rhododendron maximum,great rhododendron,Plantae,83059
374600970,bb40455d-6f5a-44be-bba6-0749f1ebf488,Tue Jun 23 2026 09:42:22 GMT -0400 (EDT),2026-06-23,2026-06-23 15:42:22 +0200,Eastern Time (US & Canada),8771109,olivia23357,Olivia M,2026-06-23 15:59:00 +0200,2026-06-23 21:22:04 +0200,needs_id,,https://www.inaturalist.org/observations/374600970,https://static.inaturalist.org/photos/684892516/medium.jpg,,"",,0,0,false,333,"Rabun County, US-GA, US",34.8683738708,-83.3407363892,7,,,,7,,open,false,,,,Rhododendron maximum,great rhododendron,Plantae,83059
374665906,2ebb4d50-bd2c-449a-9e52-c08ba0308a7d,2026-06-20 15:59:45-04:00,2026-06-20,2026-06-20 21:59:45 +0200,Eastern Time (US & Canada),97928,mmkimberly,Mary Kimberly,2026-06-23 19:43:23 +0200,2026-06-23 19:43:27 +0200,needs_id,CC-BY-NC,https://www.inaturalist.org/observations/374665906,https://inaturalist-open-data.s3.amazonaws.com/photos/684837591/medium.jpg,,"","",0,0,false,3,"Black Rock Mountain, Clayton, GA, US",34.905225,-83.4102866667,3,,,,3,,open,false,,,"",Rhododendron maximum,great rhododendron,Plantae,83059
374938936,40677417-c8cb-4e22-840c-2387da8f62ec,2026-06-19 16:03:07-04:00,2026-06-19,2026-06-19 22:03:07 +0200,Eastern Time (US & Canada),163877,aneidesaeneus,Asha,2026-06-24 17:39:14 +0200,2026-06-24 17:39:19 +0200,needs_id,CC-BY-NC,https://www.inaturalist.org/observations/374938936,https://inaturalist-open-data.s3.amazonaws.com/photos/685367737/medium.jpg,,"","",0,0,false,3,"Georgia, US",34.6882098522,-84.361798961,7,,,,28790,obscured,open,true,,,"",Rhododendron maximum,great rhododendron,Plantae,83059
374944865,7134c10b-8f97-4364-8246-15fc6c957125,2026-06-24 10:42:20-04:00,2026-06-24,2026-06-24 16:42:20 +0200,Eastern Time (US & Canada),4238706,heather120,Heather Stancel,2026-06-24 18:00:51 +0200,2026-06-24 18:01:11 +0200,needs_id,,https://www.inaturalist.org/observations/374944865,https://static.inaturalist.org/photos/685379239/medium.jpg,,"","",0,0,false,3,"Clayton, GA, US",34.8669616667,-83.3392866667,10,,,,10,,open,false,,,"",Rhododendron maximum,great rhododendron,Plantae,83059
374961441,7e57d415-f077-4940-83a4-4869af6d4da8,Wed Jun 24 2026 12:56:29 GMT -0400 (EDT),2026-06-24,2026-06-24 18:56:29 +0200,Eastern Time (US & Canada),6959383,zachthweatt8,,2026-06-24 18:56:47 +0200,2026-06-28 18:39:58 +0200,research,CC-BY-NC,https://www.inaturalist.org/observations/374961441,https://inaturalist-open-data.s3.amazonaws.com/photos/685466798/medium.jpg,,"",,1,0,false,333,Dawsonville,34.5615692139,-84.2475280762,4,,,,4,,open,false,,,great rhododendron,Rhododendron maximum,great rhododendron,Plantae,83059
375295008,f339279f-90eb-4ac7-84bb-66e217d5f93b,2026-06-25 11:00:13,2026-06-25,2026-06-25 17:00:13 +0200,Eastern Time (US & Canada),2725628,phigginb,PamHigg,2026-06-25 20:18:44 +0200,2026-06-25 20:18:45 +0200,needs_id,CC-BY-NC,https://www.inaturalist.org/observations/375295008,https://inaturalist-open-data.s3.amazonaws.com/photos/686059590/medium.jpg,,"",,0,0,false,843,"Union County, US-GA, US",34.7364493813,-83.9731410678,30,,,,30,,open,false,,,,Rhododendron maximum,great rhododendron,Plantae,83059
375721036,d4b05ce2-a1b4-4b73-9a13-4510e1f4cc71,2026/06/21 12:22 PM,2026-06-21,2026-06-21 18:22:00 +0200,Eastern Time (US & Canada),10664046,june_m,June Millena,2026-06-27 05:50:03 +0200,2026-07-01 23:06:19 +0200,needs_id,CC-BY-NC,https://www.inaturalist.org/observations/375721036,https://inaturalist-open-data.s3.amazonaws.com/photos/686886247/medium.jpg,,"",,0,0,false,,"Tallulah Falls, GA, USA",34.7380782987,-83.3792263034,8,,,,8,,open,false,,,,Rhododendron maximum,great rhododendron,Plantae,83059
375721093,e01fdd65-3699-4308-a363-2a9ca8d33898,2026/06/21 3:56 PM,2026-06-21,2026-06-21 21:56:00 +0200,Eastern Time (US & Canada),10664046,june_m,June Millena,2026-06-27 05:50:13 +0200,2026-07-07 14:59:38 +0200,needs_id,CC-BY-NC,https://www.inaturalist.org/observations/375721093,https://inaturalist-open-data.s3.amazonaws.com/photos/686886782/medium.jpg,,"",,1,0,false,,"Tallulah Falls, GA, USA",34.7379418094,-83.3896746087,2,,,,2,,open,false,,,great rhododendron,Rhododendron maximum,great rhododendron,Plantae,83059
375963004,fa9d807a-780c-47f2-bdc3-fd3ef8226ae9,2026/06/27 1:22 PM,2026-06-27,2026-06-27 19:22:00 +0200,Eastern Time (US & Canada),5114888,morethanlaurel,Starr Whitten,2026-06-27 22:48:02 +0200,2026-08-01 17:27:26 +0200,research,CC-BY-NC,https://www.inaturalist.org/observations/375963004,https://inaturalist-open-data.s3.amazonaws.com/photos/687351218/medium.jpg,,"",,1,0,false,,"Rabun, Georgia, United States",34.8832799833,-83.403075,,,,,,,open,false,,,great rhododendron,Rhododendron maximum,great rhododendron,Plantae,83059
376330477,080d93b2-a5cb-4e5f-ba25-b1b059349400,2026-06-20 18:33:43,2026-06-20,2026-06-21 00:33:43 +0200,Eastern Time (US & Canada),6530711,rebeccalynncurran,,2026-06-28 22:55:58 +0200,2026-06-28 22:55:59 +0200,needs_id,CC-BY-NC,https://www.inaturalist.org/observations/376330477,https://inaturalist-open-data.s3.amazonaws.com/photos/688062746/medium.jpg,,"",,0,0,false,843,"Fannin County, US-GA, US",34.8085904913,-84.2764825468,4,,,,4,,open,false,,,,Rhododendron maximum,great rhododendron,Plantae,83059
376378428,d885c612-16fd-4c25-82c8-3a1f35c4b8b1,2026-06-28 17:40:10-04:00,2026-06-28,2026-06-28 23:40:10 +0200,Eastern Time (US & Canada),6071102,jonas_meyer,Jonas Meyer,2026-06-29 01:36:38 +0200,2026-06-29 01:36:46 +0200,needs_id,,https://www.inaturalist.org/observations/376378428,https://static.inaturalist.org/photos/688156544/medium.jpg,,"","",0,0,false,3,United States,34.8289059428,-83.3920036708,14,,,,28762,obscured,open,true,,,"",Rhododendron maximum,great rhododendron,Plantae,83059
376378506,79fbd22d-1110-4785-8cc6-4e506144f368,2026-06-28 16:18:08-04:00,2026-06-28,2026-06-28 22:18:08 +0200,Eastern Time (US & Canada),764155,whatch11,Wes Hatch,2026-06-29 01:36:45 +0200,2026-06-29 01:36:52 +0200,needs_id,,https://www.inaturalist.org/observations/376378506,https://static.inaturalist.org/photos/688156593/medium.jpg,,"","",0,0,false,3,"Appalachian Approach Trail, Helen, GA, US",34.7277616667,-83.8381583333,6,,,,6,,open,false,,,"",Rhododendron maximum,great rhododendron,Plantae,83059
376426498,a07e3b9d-d6fd-47d1-8307-dff023160978,2026/06/28 3:23 PM,2026-06-28,2026-06-28 21:23:00 +0200,Eastern Time (US & Canada),5114888,morethanlaurel,Starr Whitten,2026-06-29 04:48:55 +0200,2026-06-29 15:34:30 +0200,research,CC-BY-NC,https://www.inaturalist.org/observations/376426498,https://inaturalist-open-data.s3.amazonaws.com/photos/688247830/medium.jpg,,"",,1,0,false,,"Rabun County, GA, USA",34.8912716667,-83.3459316667,,,,,,,open,false,,,great rhododendron,Rhododendron maximum,great rhododendron,Plantae,83059
376426499,f7cd66ff-82e2-4d5d-b6ba-6b141921e69f,2026/06/28 3:26 PM,2026-06-28,2026-06-28 21:26:00 +0200,Eastern Time (US & Canada),5114888,morethanlaurel,Starr Whitten,2026-06-29 04:48:55 +0200,2026-06-29 15:34:26 +0200,research,CC-BY-NC,https://www.inaturalist.org/observations/376426499,https://inaturalist-open-data.s3.amazonaws.com/photos/688247888/medium.jpg,,"",,1,0,false,,"Rabun County, GA, USA",34.89133,-83.34624,,,,,,,open,false,,,great rhododendron,Rhododendron maximum,great rhododendron,Plantae,83059
376426513,b2cbb0b8-71b7-4224-942c-0701fc065f6b,2026/06/28 3:32 PM,2026-06-28,2026-06-28 21:32:00 +0200,Eastern Time (US & Canada),5114888,morethanlaurel,Starr Whitten,2026-06-29 04:48:57 +0200,2026-06-29 15:34:01 +0200,research,CC-BY-NC,https://www.inaturalist.org/observations/376426513,https://inaturalist-open-data.s3.amazonaws.com/photos/688247977/medium.jpg,,"",,1,0,false,,"Rabun County, GA, USA",34.891475,-83.3455333333,,,,,,,open,false,,,great rhododendron,Rhododendron maximum,great rhododendron,Plantae,83059
376428296,abc47f89-0b5a-4f36-a778-2a769a17d9f6,2026/06/28 3:56 PM,2026-06-28,2026-06-28 21:56:00 +0200,Eastern Time (US & Canada),5114888,morethanlaurel,Starr Whitten,2026-06-29 04:57:24 +0200,2026-06-29 15:32:09 +0200,research,CC-BY-NC,https://www.inaturalist.org/observations/376428296,https://inaturalist-open-data.s3.amazonaws.com/photos/688252573/medium.jpg,,"",,1,0,false,,"Rabun County, GA, USA",34.89048,-83.3437216667,,,,,,,open,false,,,great rhododendron,Rhododendron maximum,great rhododendron,Plantae,83059
376433429,2330bb34-2b15-4e39-808c-2380cfd4e6f6,2026-06-28 07:48:53-04:00,2026-06-28,2026-06-28 13:48:53 +0200,Eastern Time (US & Canada),764155,whatch11,Wes Hatch,2026-06-29 05:24:40 +0200,2026-06-29 15:17:51 +0200,research,,https://www.inaturalist.org/observations/376433429,https://static.inaturalist.org/photos/688265934/medium.jpg,,"","",1,0,false,3,"Raven Cliffs Trail, Helen, GA, US",34.7109616667,-83.791105,4,,,,4,,open,false,,,great rhododendron,Rhododendron maximum,great rhododendron,Plantae,83059
376434277,b11a8193-6fcd-479d-9655-bf86aa6d0770,2026-06-28 07:25:10-04:00,2026-06-28,2026-06-28 13:25:10 +0200,Eastern Time (US & Canada),764155,whatch11,Wes Hatch,2026-06-29 05:28:01 +0200,2026-06-29 15:16:24 +0200,research,,https://www.inaturalist.org/observations/376434277,https://static.inaturalist.org/photos/688267400/medium.jpg,,"","",1,0,false,3,"Raven Cliffs Trail, Helen, GA, US",34.7099416667,-83.7894533333,4,,,,4,,open,false,,,great rhododendron,Rhododendron maximum,great rhododendron,Plantae,83059
376563883,c2501d1c-7281-40c8-83cb-48286b64a72e,2026-06-28 07:44:17,2026-06-28,2026-06-28 13:44:17 +0200,Eastern Time (US & Canada),5230193,birdfishgirl,"",2026-06-29 17:27:03 +0200,2026-06-30 11:12:41 +0200,research,,https://www.inaturalist.org/observations/376563883,https://static.inaturalist.org/photos/688517371/medium.jpg,,"",,1,0,false,843,"Raven Cliffs Trail, Helen, GA, US",34.7109633333,-83.7913583333,55,,,,55,,open,false,,,great rhododendron,Rhododendron maximum,great rhododendron,Plantae,83059
376878646,5cf3a9d2-8f51-4a37-bd6c-23a673578665,2026-06-30 08:37:20,2026-06-30,2026-06-30 14:37:20 +0200,Eastern Time (US & Canada),7772195,ronan33130,Ronan,2026-06-30 18:10:46 +0200,2026-06-30 20:09:29 +0200,needs_id,,https://www.inaturalist.org/observations/376878646,https://static.inaturalist.org/photos/689125438/medium.jpg,,"",,0,0,false,2,"Towns County, US-GA, US",34.87102174,-83.80926749,3,,,,3,,open,false,,,great rhododendron,Rhododendron maximum,great rhododendron,Plantae,83059
376904115,5933f400-1a8d-4233-8253-172303321134,2026-06-30 13:02:15,2026-06-30,2026-06-30 19:02:15 +0200,Eastern Time (US & Canada),2350984,papaslug,,2026-06-30 19:41:39 +0200,2026-06-30 19:41:46 +0200,needs_id,,https://www.inaturalist.org/observations/376904115,https://inaturalist-open-data.s3.amazonaws.com/photos/689174601/medium.jpg,,"",,0,0,false,2,"Blue Ridge, GA 30513, USA",34.8902544997,-84.4096576,,,,,,,open,false,gps,gps,great rhododendron,Rhododendron maximum,great rhododendron,Plantae,83059
376970699,31008638-5bd5-411b-8dd9-af833ead8531,2026-06-29 09:36:04,2026-06-29,2026-06-29 15:36:04 +0200,Eastern Time (US & Canada),6862535,savannahlw,Savannah Wise,2026-06-30 23:52:14 +0200,2026-07-25 20:06:15 +0200,needs_id,CC-BY-NC,https://www.inaturalist.org/observations/376970699,https://inaturalist-open-data.s3.amazonaws.com/photos/689301674/medium.jpg,,"",,0,0,false,843,"Georgia, US",34.7953220436,-83.6128142884,26,,,,28790,obscured,open,true,,,,Rhododendron maximum,great rhododendron,Plantae,83059
377004227,5c44d68a-0804-4aa5-889e-95735fdfab42,2026-06-29 17:47:08,2026-06-29,2026-06-29 23:47:08 +0200,Eastern Time (US & Canada),6862535,savannahlw,Savannah Wise,2026-07-01 02:15:58 +0200,2026-07-25 20:05:31 +0200,needs_id,CC-BY-NC,https://www.inaturalist.org/observations/377004227,https://inaturalist-open-data.s3.amazonaws.com/photos/689368905/medium.jpg,,"",,0,0,false,843,"Georgia, US",34.6839152981,-83.7064560257,47,,,,28790,obscured,open,true,,,,Rhododendron maximum,great rhododendron,Plantae,83059
377199431,7b3e3beb-9c98-4232-bb46-2944119a0428,2026-07-01 13:19:50,2026-07-01,2026-07-01 19:19:50 +0200,Eastern Time (US & Canada),10726664,william_snyder,William Snyder,2026-07-01 19:27:55 +0200,2026-07-01 19:27:56 +0200,needs_id,CC-BY-NC,https://www.inaturalist.org/observations/377199431,https://inaturalist-open-data.s3.amazonaws.com/photos/689742691/medium.jpg,,"",,0,0,false,843,"Clayton, GA, US",34.9269706467,-83.4985211211,9,,,,9,,open,false,,,,Rhododendron maximum,great rhododendron,Plantae,83059
377557375,f9cf4d63-f268-4cb1-aaa1-0048cf619181,2026-07-02 15:36:49,2026-07-02,2026-07-02 21:36:49 +0200,Eastern Time (US & Canada),205549,alecchristensen,Alec Christensen,2026-07-02 23:43:52 +0200,2026-08-12 00:38:49 +0200,research,,https://www.inaturalist.org/observations/377557375,https://static.inaturalist.org/photos/690441862/medium.jpg,,"",,2,0,false,2,"Dawsonville, GA 30534, USA",34.4489045997,-84.0510625997,,,,,,,open,false,gps,gps,great rhododendron,Rhododendron maximum,great rhododendron,Plantae,83059
377583146,a4d09830-506c-4585-b49b-65e349c2910e,2026-07-02 17:34:58,2026-07-02,2026-07-02 23:34:58 +0200,Eastern Time (US & Canada),7989265,ryankevin,Kevin Ryan,2026-07-03 01:39:50 +0200,2026-07-03 02:07:34 +0200,research,,https://www.inaturalist.org/observations/377583146,https://static.inaturalist.org/photos/690492866/medium.jpg,,"",,1,0,false,843,"Burrells Ford Rd, Clayton, GA, US",34.9728666667,-83.1162416667,3,,,,3,,open,false,,,great rhododendron,Rhododendron maximum,great rhododendron,Plantae,83059
377783169,547bae59-e038-4772-acf0-502d1680a7d8,2026/07/02 12:51 PM,2026-07-02,2026-07-02 18:51:00 +0200,Eastern Time (US & Canada),5114888,morethanlaurel,Starr Whitten,2026-07-03 19:01:35 +0200,2026-07-03 19:01:35 +0200,needs_id,CC-BY-NC,https://www.inaturalist.org/observations/377783169,https://inaturalist-open-data.s3.amazonaws.com/photos/690871870/medium.jpg,,"",,0,0,false,,"Rabun County, GA, USA",34.817615,-83.3047316667,,,,,,,open,false,,,Rhododendron maximum,Rhododendron maximum,great rhododendron,Plantae,83059
377819911,937da24a-9bd5-4202-8172-afc191a8c8cc,2026-07-02 10:21:53,2026-07-02,2026-07-02 16:21:53 +0200,Eastern Time (US & Canada),10733068,gadude,,2026-07-03 21:13:40 +0200,2026-07-03 21:13:46 +0200,needs_id,CC-BY-NC,https://www.inaturalist.org/observations/377819911,https://inaturalist-open-data.s3.amazonaws.com/photos/690947962/medium.jpg,,"",,0,0,false,2,"Blairsville, GA 30512, USA",34.7649333173,-83.9254631102,799,,,,799,,open,false,gps,gps,great rhododendron,Rhododendron maximum,great rhododendron,Plantae,83059
377876432,6b4aaf6b-19ec-4ebb-8712-49807d73a428,2026-07-03 11:13:48,2026-07-03,2026-07-03 17:13:48 +0200,Eastern Time (US & Canada),8610745,sydneystitt,,2026-07-04 00:45:16 +0200,2026-07-04 00:45:17 +0200,needs_id,CC-BY-NC,https://www.inaturalist.org/observations/377876432,https://inaturalist-open-data.s3.amazonaws.com/photos/691057121/medium.jpg,,"",,0,0,false,843,"High Shoals Trail, Hiawassee, GA, US",34.8226583333,-83.7212,4,,,,4,,open,false,,,,Rhododendron maximum,great rhododendron,Plantae,83059
377942109,045a45a1-8362-476d-89f1-5c018ab25225,2026/07/03 1:59 PM,2026-07-03,2026-07-03 19:59:00 +0200,Eastern Time (US & Canada),5114888,morethanlaurel,Starr Whitten,2026-07-04 06:12:24 +0200,2026-07-04 06:12:24 +0200,needs_id,CC-BY-NC,https://www.inaturalist.org/observations/377942109,https://inaturalist-open-data.s3.amazonaws.com/photos/691176328/medium.jpg,,"",,0,0,false,,"Rabun County, GA, USA",34.8818127651,-83.3513360564,4,,,,4,,open,false,,,Rhododendron maximum,Rhododendron maximum,great rhododendron,Plantae,83059
377942161,48e69be1-4f9b-4c6b-af72-e085034d2db0,2026/07/03 2:29 PM,2026-07-03,2026-07-03 20:29:00 +0200,Eastern Time (US & Canada),5114888,morethanlaurel,Starr Whitten,2026-07-04 06:12:31 +0200,2026-07-04 06:12:31 +0200,needs_id,CC-BY-NC,https://www.inaturalist.org/observations/377942161,https://inaturalist-open-data.s3.amazonaws.com/photos/691177206/medium.jpg,,"",,0,0,false,,"Rabun County, GA, USA",34.8847493909,-83.3535130007,31,,,,31,,open,false,,,Rhododendron maximum,Rhododendron maximum,great rhododendron,Plantae,83059
377945702,9bcf2270-4762-4e8e-aa2b-937b1b3e7591,2026/07/03 4:44 PM,2026-07-03,2026-07-03 22:44:00 +0200,Eastern Time (US & Canada),5114888,morethanlaurel,Starr Whitten,2026-07-04 06:31:24 +0200,2026-07-04 06:31:24 +0200,needs_id,CC-BY-NC,https://www.inaturalist.org/observations/377945702,https://inaturalist-open-data.s3.amazonaws.com/photos/691193100/medium.jpg,,"",,0,0,false,,"Rabun County, GA, USA",34.8840566667,-83.35253,,,,,,,open,false,,,Rhododendron maximum,Rhododendron maximum,great rhododendron,Plantae,83059
378761128,b1745382-847b-41c5-99ee-252e6c666838,Mon Jul 06 2026 10:14:56 GMT -0400 (EDT),2026-07-06,2026-07-06 16:14:56 +0200,Eastern Time (US & Canada),9223953,kathl33npatt3rson,,2026-07-06 16:15:02 +0200,2026-07-06 16:15:35 +0200,needs_id,CC-BY-NC,https://www.inaturalist.org/observations/378761128,https://inaturalist-open-data.s3.amazonaws.com/photos/692757656/medium.jpg,,"",,0,0,false,333,Clayton,34.8564758301,-83.5238647461,9,,,,9,,open,false,,,,Rhododendron maximum,great rhododendron,Plantae,83059
379360977,69022130-f312-4217-8a50-a405a4b94e85,2026-04-11 12:11:49,2026-04-11,2026-04-11 18:11:49 +0200,Eastern Time (US & Canada),10742380,robbieplants,,2026-07-08 15:01:57 +0200,2026-07-08 15:01:58 +0200,needs_id,CC-BY-NC,https://www.inaturalist.org/observations/379360977,https://inaturalist-open-data.s3.amazonaws.com/photos/693923945/medium.jpg,,"",,0,0,false,843,"White County, US-GA, US",34.704682725,-83.7883570205,4,,,,4,,open,false,,,,Rhododendron maximum,great rhododendron,Plantae,83059
379459779,a583e090-95d1-41ec-8581-909c0efe3f25,2020-06-25 17:35:13,2020-06-25,2020-06-25 23:35:13 +0200,Eastern Time (US & Canada),475241,jdbarnettgums,Joseph Barnett,2026-07-08 21:00:04 +0200,2026-08-04 03:34:13 +0200,research,CC-BY-NC,https://www.inaturalist.org/observations/379459779,https://inaturalist-open-data.s3.amazonaws.com/photos/694109672/medium.jpg,,"",,1,0,false,2,"Blairsville, GA 30512, USA",34.7250468321,-83.8410546631,194,,,,194,,open,false,gps,gps,great rhododendron,Rhododendron maximum,great rhododendron,Plantae,83059
379505816,5a751050-75b3-4aff-8497-473b12f7762f,2026-07-08 08:22:46,2026-07-08,2026-07-08 14:22:46 +0200,Eastern Time (US & Canada),8133548,andy_1205,Andy Caylor,2026-07-08 23:40:04 +0200,2026-07-08 23:40:05 +0200,needs_id,CC-BY-NC,https://www.inaturalist.org/observations/379505816,https://inaturalist-open-data.s3.amazonaws.com/photos/694198146/medium.jpg,,"",,0,0,false,843,"Goldmine Creek Trail, Chatsworth, GA, US",34.756775,-84.7009533333,,,,,,,open,false,,,,Rhododendron maximum,great rhododendron,Plantae,83059
379552438,c10f58d1-8b45-4856-8214-a53dc6c323de,2020-06-28 15:06:52,2020-06-28,2020-06-28 21:06:52 +0200,Eastern Time (US & Canada),475241,jdbarnettgums,Joseph Barnett,2026-07-09 02:54:30 +0200,2026-07-09 02:54:34 +0200,needs_id,CC-BY-NC,https://www.inaturalist.org/observations/379552438,https://inaturalist-open-data.s3.amazonaws.com/photos/694288515/medium.jpg,,"",,0,0,false,2,"Suches, GA 30572, USA",34.6557139967,-84.0510327369,610,,,,610,,open,false,gps,gps,great rhododendron,Rhododendron maximum,great rhododendron,Plantae,83059
379683616,316cd52a-068d-41df-811d-d62d9f19c752,2026-06-25 14:17:39,2026-06-25,2026-06-25 20:17:39 +0200,Eastern Time (US & Canada),3171143,wdm124,"",2026-07-09 15:46:53 +0200,2026-07-09 15:47:07 +0200,needs_id,,https://www.inaturalist.org/observations/379683616,https://static.inaturalist.org/photos/694546483/medium.jpg,,"",,0,0,false,2,"Towns County, US-GA, US",34.8700611111,-83.8107888889,,,,,,,open,false,gps,gps,great rhododendron,Rhododendron maximum,great rhododendron,Plantae,83059
380391495,e5cd46d3-2d37-4259-b582-45f62b7cf8ce,2026-06-26 14:00:15-04:00,2026-06-26,2026-06-26 20:00:15 +0200,Eastern Time (US & Canada),2323254,maryjocapra,"",2026-07-11 19:53:18 +0200,2026-07-11 19:53:24 +0200,needs_id,CC-BY-NC,https://www.inaturalist.org/observations/380391495,https://inaturalist-open-data.s3.amazonaws.com/photos/695913931/medium.jpg,,"","",0,0,false,3,"Anna Ruby Falls Trail, Sautee Nacoochee, GA, US",34.7577583333,-83.7098616667,20,,,,20,,open,false,,,"",Rhododendron maximum,great rhododendron,Plantae,83059
380847141,09cded6e-f33c-47ee-94f7-73692626e659,2026-07-11 13:22:25,2026-07-11,2026-07-11 19:22:25 +0200,Eastern Time (US & Canada),9049865,julia65288,Julia Marsh,2026-07-13 00:30:18 +0200,2026-07-13 00:30:23 +0200,needs_id,CC-BY-NC,https://www.inaturalist.org/observations/380847141,https://inaturalist-open-data.s3.amazonaws.com/photos/696792906/medium.jpg,,"",,0,0,false,2,"Tallulah Falls, GA 30573, USA",34.7401962222,-83.3922729444,,,,,,,open,false,gps,gps,great rhododendron,Rhododendron maximum,great rhododendron,Plantae,83059
381033286,7a647b90-d802-45a6-a79f-e1f25c9376f6,2026-07-12 12:53:52,2026-07-12,2026-07-12 18:53:52 +0200,Eastern Time (US & Canada),10100992,mireille078,,2026-07-13 15:58:00 +0200,2026-07-13 15:58:07 +0200,needs_id,CC-BY-NC,https://www.inaturalist.org/observations/381033286,https://inaturalist-open-data.s3.amazonaws.com/photos/697160409/medium.jpg,,"",,0,0,false,2,"Blairsville, GA 30512, USA",34.7641510959,-83.9253075421,61,,,,61,,open,false,gps,gps,great rhododendron,Rhododendron maximum,great rhododendron,Plantae,83059
381097159,d7ac9f0a-91ff-4bb2-8207-9dc23a9e685c,2026-07-12 14:14:51,2026-07-12,2026-07-12 20:14:51 +0200,Eastern Time (US & Canada),10673483,abbie_acree,Abbie Acree,2026-07-13 19:17:45 +0200,2026-07-13 19:20:25 +0200,research,CC-BY-NC,https://www.inaturalist.org/observations/381097159,https://inaturalist-open-data.s3.amazonaws.com/photos/697279339/medium.jpg,,"",,1,0,false,843,"Suches, GA, US",34.737655,-84.16735,4,,,,4,,open,false,,,great rhododendron,Rhododendron maximum,great rhododendron,Plantae,83059
381491845,7c15b1b8-dd55-4afa-9502-92164ccaa281,2026-07-14 12:35:20,2026-07-14,2026-07-14 18:35:20 +0200,Eastern Time (US & Canada),7145321,kgrieshop,,2026-07-14 23:17:23 +0200,2026-07-14 23:17:24 +0200,needs_id,CC-BY-NC,https://www.inaturalist.org/observations/381491845,https://inaturalist-open-data.s3.amazonaws.com/photos/698043310/medium.jpg,,"",,0,0,false,843,"Kelsey Mountain Rd, Dillard, GA, US",34.9791916667,-83.302995,13,,,,13,,open,false,,,,Rhododendron maximum,great rhododendron,Plantae,83059
381528880,05c81b13-1d93-410a-9378-22384f80f57e,2025-06-19 11:52:26,2025-06-19,2025-06-19 17:52:26 +0200,Eastern Time (US & Canada),6096732,monkeyorchid,Karen,2026-07-15 01:54:04 +0200,2026-08-13 01:41:38 +0200,research,CC-BY-NC,https://www.inaturalist.org/observations/381528880,https://inaturalist-open-data.s3.amazonaws.com/photos/698115962/medium.jpg,,"",,1,0,false,2,Amicalola Falls State Park,34.5760339808,-84.2367133498,1374,,,,1374,,open,false,gps,gps,great rhododendron,Rhododendron maximum,great rhododendron,Plantae,83059
381812171,1911af10-dbde-424e-8a5f-f86fbc3f6bb0,2026-07-14 13:03:16-04:00,2026-07-14,2026-07-14 19:03:16 +0200,Eastern Time (US & Canada),637943,andrew_tbc_taylor,Andrew Taylor,2026-07-16 00:19:46 +0200,2026-07-16 00:19:51 +0200,needs_id,,https://www.inaturalist.org/observations/381812171,https://static.inaturalist.org/photos/698668739/medium.jpg,,"","",0,0,false,3,"Ed Jenkins National Recreation Area, Blue Ridge, GA, US",34.7365716667,-84.1670216667,4,,,,4,,open,false,,,"",Rhododendron maximum,great rhododendron,Plantae,83059
381813176,4a55aa9a-719d-48e5-943c-82bba9931615,2026-07-14 16:35:28-04:00,2026-07-14,2026-07-14 22:35:28 +0200,Eastern Time (US & Canada),637943,andrew_tbc_taylor,Andrew Taylor,2026-07-16 00:23:03 +0200,2026-07-16 00:23:08 +0200,needs_id,,https://www.inaturalist.org/observations/381813176,https://static.inaturalist.org/photos/698670256/medium.jpg,,"","",0,0,false,3,"Georgia, US",34.7606308853,-84.3851757642,8,,,,28790,obscured,open,true,,,"",Rhododendron maximum,great rhododendron,Plantae,83059
383464190,304f2587-685f-4a7c-8fb3-81e312b442c1,2026-07-18 13:25:33,2026-07-18,2026-07-18 19:25:33 +0200,Eastern Time (US & Canada),809811,julweed,Julia Szilvas,2026-07-21 02:01:24 +0200,2026-07-21 02:01:25 +0200,needs_id,CC-BY,https://www.inaturalist.org/observations/383464190,https://inaturalist-open-data.s3.amazonaws.com/photos/701848384/medium.jpg,,"",,0,0,false,843,"Jane Hurt Yarn Dr, Tallulah Falls, GA, US",34.7402133333,-83.3920366667,4,,,,4,,open,false,,,,Rhododendron maximum,great rhododendron,Plantae,83059
383818388,ee057c6c-a9b7-4c1f-84af-f5a2d3dc2335,2026-07-21 18:18:51-04:00,2026-07-21,2026-07-22 00:18:51 +0200,Eastern Time (US & Canada),2192706,katiebeec,,2026-07-22 04:26:10 +0200,2026-07-22 21:02:46 +0200,research,CC-BY-NC,https://www.inaturalist.org/observations/383818388,https://inaturalist-open-data.s3.amazonaws.com/photos/702527016/medium.jpg,,"","",1,0,false,3,"Wolf Pen Gap Rd, Blairsville, GA, US",34.7660640061,-83.9288937251,1298,,,,1298,,open,false,,,great rhododendron,Rhododendron maximum,great rhododendron,Plantae,83059
384425163,44946052-e73d-4582-a99c-85968f4597ea,2026-06-17 10:58:17,2026-06-17,2026-06-17 16:58:17 +0200,Eastern Time (US & Canada),9408948,landonlm,,2026-07-24 03:22:22 +0200,2026-09-17 00:27:22 +0200,research,CC-BY-NC,https://www.inaturalist.org/observations/384425163,https://inaturalist-open-data.s3.amazonaws.com/photos/703699021/medium.jpg,,"",,2,0,false,843,"Clifton Rd NE, Atlanta, GA, US",33.7755283333,-84.3246916667,4,,,,4,,open,false,,,great rhododendron,Rhododendron maximum,great rhododendron,Plantae,83059
385121175,7e2fb011-26cd-4c6d-8e9e-75a0af0e2f04,2026-06-20 15:53:21,2026-06-20,2026-06-20 21:53:21 +0200,Eastern Time (US & Canada),6096732,monkeyorchid,Karen,2026-07-26 04:39:56 +0200,2026-07-26 04:40:08 +0200,needs_id,CC-BY-NC,https://www.inaturalist.org/observations/385121175,https://inaturalist-open-data.s3.amazonaws.com/photos/705039968/medium.jpg,,"",,0,0,false,2,"Clayton, GA 30525, USA",34.904582356,-83.4125348926,199,,,,199,,open,false,gps,gps,great rhododendron,Rhododendron maximum,great rhododendron,Plantae,83059
385543550,34d603d2-633a-4440-a976-56f5a3ed7f84,2026-07-25 11:24:23,2026-07-25,2026-07-25 17:24:23 +0200,Eastern Time (US & Canada),7094618,grant__conner,Conner Grant,2026-07-27 07:02:49 +0200,2026-07-27 07:03:00 +0200,needs_id,CC-BY-NC,https://www.inaturalist.org/observations/385543550,https://inaturalist-open-data.s3.amazonaws.com/photos/705834376/medium.jpg,,"",,0,0,false,2,"Clayton, GA 30525, USA",34.8863444444,-83.2325472222,,,,,,,open,false,gps,gps,great rhododendron,Rhododendron maximum,great rhododendron,Plantae,83059
385623649,6ca219ff-e429-40c7-83d4-958e7a6afbf6,2026-07-04 10:45:48,2026-07-04,2026-07-04 16:45:48 +0200,Eastern Time (US & Canada),8652358,mthaler22,mthaler,2026-07-27 15:04:35 +0200,2026-07-27 15:04:36 +0200,needs_id,CC-BY-NC,https://www.inaturalist.org/observations/385623649,https://inaturalist-open-data.s3.amazonaws.com/photos/705986700/medium.jpg,,"",,0,0,false,843,"Rabun County, US-GA, US",34.8504166073,-83.602811806,6,,,,6,,open,false,,,,Rhododendron maximum,great rhododendron,Plantae,83059
386416748,14513f1c-dd04-4ef9-9956-c19030af74fc,2026-07-29 11:43:11,2026-07-29,2026-07-29 17:43:11 +0200,Eastern Time (US & Canada),4176214,benchannah,Ben Hannah,2026-07-30 01:34:00 +0200,2026-07-30 01:34:01 +0200,needs_id,CC-BY-NC,https://www.inaturalist.org/observations/386416748,https://inaturalist-open-data.s3.amazonaws.com/photos/707506354/medium.jpg,,"",,0,0,false,843,"Towns County, US-GA, US",34.8706053576,-83.8098914118,4,,,,4,,open,false,,,,Rhododendron maximum,great rhododendron,Plantae,83059
386531469,4e2905f9-7850-4907-814c-2f84e3edd5f6,2026-07-29 16:28:09,2026-07-29,2026-07-29 22:28:09 +0200,Eastern Time (US & Canada),10772166,blosom_with_a_cherry_on_top,,2026-07-30 13:18:08 +0200,2026-07-30 13:18:09 +0200,needs_id,CC-BY-NC,https://www.inaturalist.org/observations/386531469,https://inaturalist-open-data.s3.amazonaws.com/photos/707729031/medium.jpg,,"",,0,0,false,843,"Chatsworth, GA, US",34.7811146678,-84.7074296014,4,,,,4,,open,false,,,,Rhododendron maximum,great rhododendron,Plantae,83059
387040178,cd8e9879-1d85-49ba-aecb-a27e9e18d74d,2026-07-31 16:58:18,2026-07-31,2026-07-31 22:58:18 +0200,Eastern Time (US & Canada),6970565,joseph1627,Joseph Hobin,2026-08-01 02:23:33 +0200,2026-08-13 01:37:43 +0200,research,,https://www.inaturalist.org/observations/387040178,https://static.inaturalist.org/photos/708690937/medium.jpg,,"",,1,0,false,843,"Dawsonville, GA, US",34.4254275096,-84.2133737028,5,,,,5,,open,false,,,great rhododendron,Rhododendron maximum,great rhododendron,Plantae,83059
387542531,37f0299d-c23c-4c08-89f0-a610efa87adb,2026-04-26 10:26:46,2026-04-26,2026-04-26 16:26:46 +0200,Eastern Time (US & Canada),895149,mitch1butler,,2026-08-02 16:37:36 +0200,2026-08-02 16:37:36 +0200,needs_id,,https://www.inaturalist.org/observations/387542531,https://static.inaturalist.org/photos/709664290/medium.jpg,,"",,0,0,false,843,"Fannin County, US-GA, US",34.6722546089,-84.2171735955,5,,,,5,,open,false,,,,Rhododendron maximum,great rhododendron,Plantae,83059
388926245,8b31c3bd-fc40-4250-bd38-fe615247a3b3,2020-06-28 15:06:52,2020-06-28,2020-06-28 21:06:52 +0200,Eastern Time (US & Canada),475241,jdbarnettgums,Joseph Barnett,2026-08-07 04:28:36 +0200,2026-08-07 04:28:41 +0200,needs_id,CC-BY-NC,https://www.inaturalist.org/observations/388926245,https://inaturalist-open-data.s3.amazonaws.com/photos/712376544/medium.jpg,,"",,0,0,false,2,"Suches, GA 30572, USA",34.6556957944,-84.0499712527,291,,,,291,,open,false,gps,gps,great rhododendron,Rhododendron maximum,great rhododendron,Plantae,83059
388931479,6733a830-e42d-4fb8-aaf0-31c6109a0545,2020-06-29 08:52:15,2020-06-29,2020-06-29 14:52:15 +0200,Eastern Time (US & Canada),475241,jdbarnettgums,Joseph Barnett,2026-08-07 04:56:09 +0200,2026-08-07 15:45:15 +0200,research,CC-BY-NC,https://www.inaturalist.org/observations/388931479,https://inaturalist-open-data.s3.amazonaws.com/photos/712470501/medium.jpg,,"",,1,0,false,2,"Blue Ridge, GA 30513, USA",34.6640736796,-84.1830128431,420,,,,420,,open,false,gps,gps,great rhododendron,Rhododendron maximum,great rhododendron,Plantae,83059
391009122,6530d8bc-ba7d-4914-bee7-08f5a76566d6,2025-08-09 10:47:05,2025-08-09,2025-08-09 16:47:05 +0200,Eastern Time (US & Canada),1681572,andreabrannen,,2026-08-14 03:35:57 +0200,2026-08-14 03:35:58 +0200,needs_id,CC-BY-NC,https://www.inaturalist.org/observations/391009122,https://inaturalist-open-data.s3.amazonaws.com/photos/716413881/medium.jpg,,"",,0,0,false,843,"Union County, US-GA, US",34.7386270792,-83.9725773547,4,,,,4,,open,false,,,,Rhododendron maximum,great rhododendron,Plantae,83059
391808507,cb454723-b2a2-460c-aeb8-8749b216f97e,2025-11-15 12:54:42,2025-11-15,2025-11-15 18:54:42 +0100,Eastern Time (US & Canada),10895150,cruz16683,Cruz Southerland,2026-08-16 19:18:41 +0200,2026-08-16 19:18:42 +0200,needs_id,CC-BY-NC,https://www.inaturalist.org/observations/391808507,https://inaturalist-open-data.s3.amazonaws.com/photos/717965351/medium.jpg,,"",,0,0,false,843,"White County, US-GA, US",34.71074556,-83.7930614781,6,,,,6,,open,false,,,,Rhododendron maximum,great rhododendron,Plantae,83059
391810156,2a47f9e8-2473-447a-819a-ddf69c6d3556,2025-11-16 14:20:50,2025-11-16,2025-11-16 20:20:50 +0100,Eastern Time (US & Canada),10895150,cruz16683,Cruz Southerland,2026-08-16 19:23:20 +0200,2026-08-16 19:23:21 +0200,needs_id,CC-BY-NC,https://www.inaturalist.org/observations/391810156,https://inaturalist-open-data.s3.amazonaws.com/photos/717968002/medium.jpg,,"",,0,0,false,843,"Bear Hair Gap Trail, Suches, GA, US",34.7627628658,-83.9365983716,5,,,,5,,open,false,,,,Rhododendron maximum,great rhododendron,Plantae,83059
392461919,2e1244b7-c4b3-4f47-977c-fad39f115bc6,2026/08/17 3:07 PM,2026-08-17,2026-08-17 21:07:00 +0200,Eastern Time (US & Canada),7423517,levi_malinoff,Levi Malinoff,2026-08-18 21:42:40 +0200,2026-08-19 00:50:18 +0200,research,CC-BY-NC,https://www.inaturalist.org/observations/392461919,https://inaturalist-open-data.s3.amazonaws.com/photos/719240163/medium.jpg,,"",,1,0,false,,"Rabun County, GA, USA",34.9763785079,-83.3005170034,15,,,,15,,open,false,,,great rhododendron,Rhododendron maximum,great rhododendron,Plantae,83059
392638609,b51ed6cc-4e62-434b-bf93-c09b2c6aa7e6,2026-08-15 17:25:06,2026-08-15,2026-08-15 23:25:06 +0200,Eastern Time (US & Canada),1092483,joshwayne,Josh Wayne,2026-08-19 14:44:47 +0200,2026-08-19 14:44:47 +0200,needs_id,,https://www.inaturalist.org/observations/392638609,https://static.inaturalist.org/photos/719587584/medium.jpg,,"",,0,0,false,843,"Towns County, US-GA, US",34.8706408712,-83.8099138988,30,,,,30,,open,false,,,,Rhododendron maximum,great rhododendron,Plantae,83059
392716203,25f0933c-db54-4a6b-a094-b66ac2c74b78,2026/08/17 2:12 PM,2026-08-17,2026-08-17 20:12:00 +0200,Eastern Time (US & Canada),7423517,levi_malinoff,Levi Malinoff,2026-08-19 20:13:29 +0200,2026-08-19 20:13:29 +0200,needs_id,CC-BY-NC,https://www.inaturalist.org/observations/392716203,https://inaturalist-open-data.s3.amazonaws.com/photos/719733491/medium.jpg,,"",very dense heath bald here,0,0,false,,"Rabun County, GA, USA",34.9704705584,-83.3021013145,31,,,,31,,open,false,,,Great Rhododendron,Rhododendron maximum,great rhododendron,Plantae,83059
392748036,826a2d76-9172-44cd-af7d-5083087bd4a4,2026/08/17 4:17 PM,2026-08-17,2026-08-17 22:17:00 +0200,Eastern Time (US & Canada),7423517,levi_malinoff,Levi Malinoff,2026-08-19 22:19:35 +0200,2026-08-19 22:20:58 +0200,needs_id,CC-BY-NC,https://www.inaturalist.org/observations/392748036,https://inaturalist-open-data.s3.amazonaws.com/photos/719795077/medium.jpg,,"",,0,0,false,,"Rabun County, GA, USA",34.969434434,-83.3003446376,31,,,,31,,open,false,,,great rhododendron,Rhododendron maximum,great rhododendron,Plantae,83059
393863634,2cee4e73-346d-418d-8a0c-f99a260eb1a5,2026-08-23 13:44:12,2026-08-23,2026-08-23 19:44:12 +0200,Eastern Time (US & Canada),10114801,tori-moeun,,2026-08-23 19:45:02 +0200,2026-08-23 19:45:03 +0200,needs_id,CC-BY-NC,https://www.inaturalist.org/observations/393863634,https://inaturalist-open-data.s3.amazonaws.com/photos/721977749/medium.jpg,,"",,0,0,false,843,"N Lake Dr, Carrollton, GA, US",33.6006262888,-85.0515393312,30,,,,30,,open,false,,,,Rhododendron maximum,great rhododendron,Plantae,83059
394289126,8f97f3d9-5f84-4c3e-8aa0-48bfbb1f6256,2026-08-16 18:05:47,2026-08-16,2026-08-17 00:05:47 +0200,Eastern Time (US & Canada),4351305,aclouatre,,2026-08-25 03:12:30 +0200,2026-08-25 03:12:31 +0200,needs_id,CC-BY-NC,https://www.inaturalist.org/observations/394289126,https://inaturalist-open-data.s3.amazonaws.com/photos/722818856/medium.jpg,,"",,0,0,false,843,"Desoto Falls Trail, Dahlonega, GA, US",34.7077866667,-83.915375,202,,,,202,,open,false,,,,Rhododendron maximum,great rhododendron,Plantae,83059
394757633,79e8a3f7-759d-4e8c-9700-e46e223afebc,2026-08-26 15:29:54-04:00,2026-08-26,2026-08-26 21:29:54 +0200,Eastern Time (US & Canada),4773913,alex_with_g,,2026-08-26 21:31:23 +0200,2026-08-26 21:33:51 +0200,research,CC-BY-NC,https://www.inaturalist.org/observations/394757633,https://inaturalist-open-data.s3.amazonaws.com/photos/723735473/medium.jpg,,"","",1,0,false,3,"Emory University, Atlanta, GA, US",33.7963633333,-84.3181133333,4,,,,4,,open,false,,,great rhododendron,Rhododendron maximum,great rhododendron,Plantae,83059
395206004,5cf41e93-4080-44c5-a851-d9d462b1f4b1,2026-07-15 13:33:44,2026-07-15,2026-07-15 19:33:44 +0200,Eastern Time (US & Canada),10349563,jeannine_mcewin,Jeannine McEwin,2026-08-28 15:51:48 +0200,2026-08-28 17:35:39 +0200,research,CC-BY-NC,https://www.inaturalist.org/observations/395206004,https://inaturalist-open-data.s3.amazonaws.com/photos/724624423/medium.jpg,,"",,1,0,false,843,"Clifton Rd NE, Atlanta, GA, US",33.7741783333,-84.3273466667,4,,,,4,,open,false,,,great rhododendron,Rhododendron maximum,great rhododendron,Plantae,83059
395857930,992456eb-d35e-4fb6-9841-e3329bd7ebd8,2026-06-27 13:52:04,2026-06-27,2026-06-27 19:52:04 +0200,Eastern Time (US & Canada),10965436,chuckbridges,,2026-08-30 19:11:40 +0200,2026-09-04 16:19:20 +0200,research,CC-BY-NC,https://www.inaturalist.org/observations/395857930,https://inaturalist-open-data.s3.amazonaws.com/photos/725885472/medium.jpg,,"",,1,0,false,843,"Indian Grave Gap Rd, Hiawassee, GA, US",34.8201216667,-83.733305,4,,,,4,,open,false,,,great rhododendron,Rhododendron maximum,great rhododendron,Plantae,83059
396667370,1995951b-8ee9-4b4d-a100-3d72b019c0b3,2026-09-01 12:05:52,2026-09-01,2026-09-01 18:05:52 +0200,Eastern Time (US & Canada),6862535,savannahlw,Savannah Wise,2026-09-02 16:53:30 +0200,2026-09-08 03:15:26 +0200,needs_id,CC-BY-NC,https://www.inaturalist.org/observations/396667370,https://inaturalist-open-data.s3.amazonaws.com/photos/727440568/medium.jpg,,"","",0,0,false,843,United States,34.823871238,-84.5124948992,4,,,,28762,obscured,open,true,,,Great Rhododendron,Rhododendron maximum,great rhododendron,Plantae,83059
397903698,a58029b2-ce82-4e69-9a67-035cc39f20a5,Sun Sep 06 2026 11:32:27 GMT -0400 (EDT),2026-09-06,2026-09-06 17:32:27 +0200,Eastern Time (US & Canada),7138799,zrmeyers91,Z. R - Meyers,2026-09-06 23:05:15 +0200,2026-09-06 23:05:24 +0200,needs_id,CC-BY-NC,https://www.inaturalist.org/observations/397903698,https://inaturalist-open-data.s3.amazonaws.com/photos/729852780/medium.jpg,,"",,0,0,false,333,Clarkesville,34.8485717773,-83.5977249146,,,,,,,open,false,,,,Rhododendron maximum,great rhododendron,Plantae,83059
397939180,a850b15d-58e7-42fd-bf8e-c26aa49bc559,2026-09-06 13:49:14-04:00,2026-09-06,2026-09-06 19:49:14 +0200,Eastern Time (US & Canada),1458561,jamiecv,Jamie Vidich,2026-09-07 01:10:46 +0200,2026-09-07 01:10:51 +0200,needs_id,CC-BY-NC,https://www.inaturalist.org/observations/397939180,https://inaturalist-open-data.s3.amazonaws.com/photos/729925737/medium.jpg,,"","",0,0,false,3,"Raven Cliffs Trail, Helen, GA, US",34.7182883333,-83.8062133333,74,,,,74,,open,false,,,"",Rhododendron maximum,great rhododendron,Plantae,83059
398269354,56171561-5c08-43cf-98ee-6d0b8bc90d9b,2026-09-07 10:18:20,2026-09-07,2026-09-07 16:18:20 +0200,Eastern Time (US & Canada),9105017,reefersean,Sean Tanksley,2026-09-08 00:51:30 +0200,2026-09-13 23:43:08 +0200,needs_id,CC-BY-NC,https://www.inaturalist.org/observations/398269354,https://inaturalist-open-data.s3.amazonaws.com/photos/730576294/medium.jpg,,"",,0,0,false,2,"Suches, GA 30572, USA",34.7336444444,-83.9745916667,,,,,,,open,false,gps,gps,great rhododendron,Rhododendron maximum,great rhododendron,Plantae,83059
398269620,decdfa0f-1e04-4900-bd1b-a385dafdff79,2026-09-07 10:21:09,2026-09-07,2026-09-07 16:21:09 +0200,Eastern Time (US & Canada),9105017,reefersean,Sean Tanksley,2026-09-08 00:52:27 +0200,2026-09-08 00:52:57 +0200,needs_id,CC-BY-NC,https://www.inaturalist.org/observations/398269620,https://inaturalist-open-data.s3.amazonaws.com/photos/730575426/medium.jpg,,"",,0,0,false,2,"Suches, GA 30572, USA",34.7336861111,-83.9745611111,,,,,,,open,false,gps,gps,great rhododendron,Rhododendron maximum,great rhododendron,Plantae,83059
398332348,e5488fc9-0c59-4727-97c5-e843c015397e,2026/09/07 2:18 PM,2026-09-07,2026-09-07 20:18:00 +0200,Eastern Time (US & Canada),6862535,savannahlw,Savannah Wise,2026-09-08 05:12:00 +0200,2026-09-08 05:12:00 +0200,needs_id,CC-BY-NC,https://www.inaturalist.org/observations/398332348,https://inaturalist-open-data.s3.amazonaws.com/photos/730700902/medium.jpg,,"",,0,0,false,,"Tallulah Falls, GA, USA",34.7394875875,-83.3894158725,4,,,,4,,open,false,,,Great Rhododendron,Rhododendron maximum,great rhododendron,Plantae,83059
398569443,91dfdb1f-26b1-4b9d-9447-7ffb3e6a3e7a,2026-09-07 16:46:09,2026-09-07,2026-09-07 22:46:09 +0200,Eastern Time (US & Canada),10801039,digitaldistortion,,2026-09-09 01:03:49 +0200,2026-09-09 01:03:50 +0200,needs_id,CC-BY-NC,https://www.inaturalist.org/observations/398569443,https://inaturalist-open-data.s3.amazonaws.com/photos/731156869/medium.jpg,,"",,0,0,false,843,"Tahoe Ln, Sky Valley, GA, US",34.9835155904,-83.3336504485,37,,,,37,,open,false,,,,Rhododendron maximum,great rhododendron,Plantae,83059
398799961,d01b6957-b2c8-4bc2-a677-7415f1158623,2026-09-09 13:13:55,2026-09-09,2026-09-09 19:13:55 +0200,Eastern Time (US & Canada),11008653,scardell99,,2026-09-09 21:49:58 +0200,2026-09-09 21:50:00 +0200,needs_id,CC-BY-NC,https://www.inaturalist.org/observations/398799961,https://inaturalist-open-data.s3.amazonaws.com/photos/731608175/medium.jpg,,"",,0,0,false,843,"Anna Ruby Falls Rd, Helen, GA, US",34.7305556143,-83.7258254191,70,,,,70,,open,false,,,,Rhododendron maximum,great rhododendron,Plantae,83059
399701891,fbff45e5-238f-4a92-a958-373a0e0c9a4a,2026-09-12 18:37:24-04:00,2026-09-12,2026-09-13 00:37:24 +0200,Eastern Time (US & Canada),5329147,blutz1,,2026-09-13 00:37:49 +0200,2026-09-13 00:37:55 +0200,needs_id,CC-BY-NC,https://www.inaturalist.org/observations/399701891,https://inaturalist-open-data.s3.amazonaws.com/photos/733354984/medium.jpg,,"","",0,0,false,3,"Kensington Alley, Gainesville, GA, US",34.3100874341,-83.8708353459,8,,,,8,,open,false,,,"",Rhododendron maximum,great rhododendron,Plantae,83059
399723928,2e19818e-3e36-4ba1-9b91-c82d5748db97,2026-09-12 15:04:20,2026-09-12,2026-09-12 21:04:20 +0200,Eastern Time (US & Canada),10216905,mantaraycactus,,2026-09-13 02:03:12 +0200,2026-09-14 02:45:15 +0200,research,CC-BY-NC,https://www.inaturalist.org/observations/399723928,https://inaturalist-open-data.s3.amazonaws.com/photos/733398352/medium.jpg,,"",,1,0,false,843,"Black Rock Mountain Pkwy, Clayton, GA, US",34.9046427947,-83.4179882297,211,,,,211,,open,false,,,great rhododendron,Rhododendron maximum,great rhododendron,Plantae,83059
