id,uuid,observed_on_string,observed_on,time_observed_at,time_zone,user_id,user_login,user_name,created_at,updated_at,quality_grade,license,url,image_url,sound_url,tag_list,description,num_identification_agreements,num_identification_disagreements,captive_cultivated,oauth_application_id,place_guess,latitude,longitude,positional_accuracy,private_place_guess,private_latitude,private_longitude,public_positional_accuracy,geoprivacy,taxon_geoprivacy,coordinates_obscured,positioning_method,positioning_device,species_guess,scientific_name,common_name,iconic_taxon_name,taxon_id
3902911,f911a687-3add-4fbb-88d8-43a829b7276c,Tue Aug 16 2016 18:20:15 GMT-0400 (EDT),2016-08-16,2016-08-17 00:20:15 +0200,Eastern Time (US & Canada),43255,juddpatterson,Judd Patterson,2016-08-17 05:35:11 +0200,2016-10-02 18:19:07 +0200,research,CC-BY-NC,http://www.inaturalist.org/observations/3902911,https://static.inaturalist.org/photos/4586856/medium.jpg,,,,1,0,false,3,"306 Glendale Ave, Decatur, GA, US",33.7790582393,-84.2896573796,116,,,,116,,,false,,,Pecan,Carya illinoinensis,pecan,Plantae,67593
4474958,b2426c76-23cc-46b5-a6af-2edd9c67853c,2016-11-01 10:11:35 AM EDT,2016-11-01,2016-11-01 15:11:35 +0100,Eastern Time (US & Canada),361180,summer15,Summer Duffy,2016-11-01 15:13:07 +0100,2025-05-06 21:47:55 +0200,research,,http://www.inaturalist.org/observations/4474958,https://static.inaturalist.org/photos/5400882/medium.jpeg,,"",,1,0,false,2,"201 South Liberty Street Milledgeville, GA 31061",33.07888403,-83.23037383,10,,,,10,,,false,,,pecan,Carya illinoinensis,pecan,Plantae,67593
4605199,22f62cc5-db2d-4bba-a5de-a7972bb70141,Sun Nov 20 2016 11:51:06 GMT-0500 (EST),2016-11-20,2016-11-20 17:51:06 +0100,Eastern Time (US & Canada),349156,gmartin0809,,2016-11-20 17:57:33 +0100,2025-01-31 03:00:08 +0100,research,CC-BY-NC,http://www.inaturalist.org/observations/4605199,https://inaturalist-open-data.s3.amazonaws.com/photos/5568688/medium.jpg,,"",,1,0,false,3,"4691 GA Highway 219, Fortson, GA, US",32.6670006661,-85.0594867147,111,,,,111,,open,false,,,pecan,Carya illinoinensis,pecan,Plantae,67593
6150642,0ff2bf35-64c6-4c55-8325-239f734943c4,2017/04/29 2:03 PM EDT,2017-04-29,2017-04-29 20:03:00 +0200,Eastern Time (US & Canada),267190,smuller,Sue Muller,2017-05-09 17:48:13 +0200,2018-04-27 04:38:25 +0200,research,CC-BY-NC,https://www.inaturalist.org/observations/6150642,https://inaturalist-open-data.s3.amazonaws.com/photos/7709680/medium.jpeg,,"","",1,0,false,,"300 N Bond St, Plains, GA 31780, USA",32.0365107,-84.3925979,180,,,,180,,,false,,,pecan,Carya illinoinensis,pecan,Plantae,67593
7730788,e2f5a40b-a224-4c06-9e50-6a32a1a195f7,Thu Aug 31 2017 18:37:56 GMT-0400 (EDT),2017-08-31,2017-09-01 00:37:56 +0200,Eastern Time (US & Canada),566319,jackabel,,2017-09-01 00:47:01 +0200,2023-05-30 07:24:14 +0200,research,,https://www.inaturalist.org/observations/7730788,https://static.inaturalist.org/photos/10143779/medium.jpg,,"",,1,0,false,3,"Loring Heights Park, Atlanta, GA, US",33.798705,-84.3986966667,,,,,,,open,false,,,pecan,Carya illinoinensis,pecan,Plantae,67593
8163380,52be0d9e-88b4-4172-9926-783b0f0b2386,2017/09/27 12:36 PM EDT,2017-09-27,2017-09-27 18:36:00 +0200,Eastern Time (US & Canada),121021,cliygh-and-mia,Xavier,2017-09-29 04:22:41 +0200,2025-02-18 13:20:17 +0100,needs_id,CC0,https://www.inaturalist.org/observations/8163380,https://static.inaturalist.org/photos/10810181/medium.jpg,,"Fayette, County, GA, Fayette county ga, Pecan, Eastern, Gray, Squirrel, Eastern gray squirrel",Obviously being eaten by an Eastern gray squirrel ,0,0,false,,"Fayetteville, GA, USA",33.4487257,-84.4549262,5979,,,,5979,,,false,,,Pecan,Carya illinoinensis,pecan,Plantae,67593
8464633,98b38cf1-f45d-4f5e-9567-82ec6e80d7f1,2017/10/17 4:12 PM EDT,2017-10-17,2017-10-17 22:12:00 +0200,Eastern Time (US & Canada),121021,cliygh-and-mia,Xavier,2017-10-19 14:48:55 +0200,2025-02-18 13:20:17 +0100,research,CC0,https://www.inaturalist.org/observations/8464633,https://static.inaturalist.org/photos/11283569/medium.jpg,,"Fayette, County, GA, Fayette county ga, Pecan, Eastern, Gray, Squirrel, Eastern gray squirrel",Being eaten by an Eastern gray squirrel ,1,0,false,,"Fayetteville, GA, USA",33.4487257,-84.4549262,5979,,,,5979,,open,false,,,pecan,Carya illinoinensis,pecan,Plantae,67593
8514286,c81ef6f3-04d6-43d3-a9f0-c4569c4d2259,2017/10/21 11:02 AM EDT,2017-10-21,2017-10-21 17:02:00 +0200,Eastern Time (US & Canada),121021,cliygh-and-mia,Xavier,2017-10-23 03:53:01 +0200,2025-02-18 13:20:17 +0100,research,CC0,https://www.inaturalist.org/observations/8514286,https://static.inaturalist.org/photos/11364404/medium.jpg,,"Fayette, County, GA, Fayette county ga, Pecan, American, Crow, American crow",Eaten by an American crow,1,0,false,,"Fayetteville, GA, USA",33.4487257,-84.4549262,5979,,,,5979,,open,false,,,pecan,Carya illinoinensis,pecan,Plantae,67593
8602516,406faa88-4c49-486d-a74f-995b368f85d9,2017-10-29 2:13:54 PM EDT,2017-10-29,2017-10-29 19:13:54 +0100,Eastern Time (US & Canada),687120,brightonfinley,Brighton Finley,2017-10-29 19:14:40 +0100,2017-10-29 22:09:56 +0100,research,,https://www.inaturalist.org/observations/8602516,https://static.inaturalist.org/photos/11502641/medium.jpeg,,"",,1,0,false,2,"DeKalb County, US-GA, US",33.7230957,-84.2775145,21,,,,21,,,false,gps,gps,pecan,Carya illinoinensis,pecan,Plantae,67593
9441562,6748ce85-3ec8-43cf-a7fc-feccc9eca265,Thu Jan 11 2018 15:50:54 GMT-0500 (EST),2018-01-11,2018-01-11 21:50:54 +0100,Eastern Time (US & Canada),746435,dcn,,2018-01-11 21:52:39 +0100,2020-06-24 17:08:54 +0200,needs_id,,https://www.inaturalist.org/observations/9441562,https://static.inaturalist.org/photos/12837089/medium.jpg,,"",,1,0,false,3,"2230 Hog Mountain Rd, Watkinsville, GA, US",33.8720887523,-83.4444732958,48,,,,48,,,false,,,pecan,Carya illinoinensis,pecan,Plantae,67593
10815913,574760a2-737f-40de-8cff-99c6f6692e0f,Thu Apr 12 2018 12:31:31 GMT-0400 (EDT),2018-04-12,2018-04-12 18:31:31 +0200,Eastern Time (US & Canada),303855,potatosamurai,,2018-04-12 18:34:42 +0200,2020-03-17 18:59:04 +0100,needs_id,CC-BY-NC,https://www.inaturalist.org/observations/10815913,https://inaturalist-open-data.s3.amazonaws.com/photos/15149191/medium.jpg,,"",,0,1,false,3,"Georgia, US",33.4818881774,-84.7229998507,5,,,,28957,obscured,,true,,,walnut family,Carya illinoinensis,pecan,Plantae,67593
11268227,737e4849-9787-4be8-82f3-25b1ea53d6df,Sat Apr 21 2018 11:14:26 GMT-0400 (EDT),2018-04-21,2018-04-21 17:14:26 +0200,Eastern Time (US & Canada),831303,allisonburt,Allison Burt,2018-04-21 17:15:10 +0200,2023-12-02 06:51:21 +0100,needs_id,,https://www.inaturalist.org/observations/11268227,https://static.inaturalist.org/photos/16016543/medium.jpg,,"",,0,0,false,3,"129–799 John Proctor Rd, Statesboro, GA, US",32.4019886367,-81.7859871034,5,,,,5,,open,false,,,,Carya illinoinensis,pecan,Plantae,67593
11754033,6d138437-b1e9-4e7c-9850-a3b93bdf643d,Sun Apr 29 2018 12:02:19 GMT-0400 (EDT),2018-04-29,2018-04-29 18:02:19 +0200,Eastern Time (US & Canada),866168,blabbytax2,,2018-04-29 18:05:05 +0200,2022-11-03 18:45:58 +0100,research,,https://www.inaturalist.org/observations/11754033,https://static.inaturalist.org/photos/16809467/medium.jpg,,"",,1,0,false,3,"146 Smith Ave, Garden City, GA, US",32.1186098573,-81.1625119167,24,,,,24,,,false,,,pecan,Carya illinoinensis,pecan,Plantae,67593
11758420,e0f900a7-9ef1-4be3-9a35-f6bbab4b6f5b,Sun Apr 29 2018 12:39:46 GMT-0400 (EDT),2018-04-29,2018-04-29 18:39:46 +0200,Eastern Time (US & Canada),861411,andreaapplepie,"",2018-04-29 18:40:13 +0200,2018-04-29 18:40:22 +0200,needs_id,,https://www.inaturalist.org/observations/11758420,https://static.inaturalist.org/photos/16815809/medium.jpg,,"",,0,0,false,3,"11 Nora Lee Dr, Brooklet, GA, US",32.4017957272,-81.6710735579,5,,,,5,,,false,,,,Carya illinoinensis,pecan,Plantae,67593
11773996,924861cd-bcdb-4456-8a81-db3d0aaa91d9,Sun Apr 29 2018 14:41:23 GMT-0400 (EDT),2018-04-29,2018-04-29 20:41:23 +0200,Eastern Time (US & Canada),923226,aprilmat,,2018-04-29 20:41:34 +0200,2018-04-29 20:41:44 +0200,needs_id,,https://www.inaturalist.org/observations/11773996,https://static.inaturalist.org/photos/16839017/medium.jpg,,"",,0,0,false,3,"6605 Wrightsboro Rd, Harlem, GA, US",33.4892460751,-82.3492488173,10,,,,10,,,false,,,,Carya illinoinensis,pecan,Plantae,67593
12273206,a606cb8f-6abc-418d-b281-ee994e6a1897,Tue May 08 2018 15:42:22 GMT-0400 (EDT),2018-05-08,2018-05-08 21:42:22 +0200,Eastern Time (US & Canada),941396,emily351,Emily Dunn,2018-05-08 21:43:04 +0200,2018-05-08 22:26:19 +0200,research,,https://www.inaturalist.org/observations/12273206,https://static.inaturalist.org/photos/17650163/medium.jpg,,"",,1,0,false,3,"410 Fairview Dr, Harlem, GA, US",33.4208902717,-82.3207012285,5,,,,5,,,false,,,pecan,Carya illinoinensis,pecan,Plantae,67593
12362042,be7d2bb1-5622-4626-9542-90f379904e9a,Fri May 11 2018 17:15:23 GMT-0400 (EDT),2018-05-11,2018-05-11 23:15:23 +0200,Eastern Time (US & Canada),931823,lindaslade,Linda Slade,2018-05-11 23:16:09 +0200,2018-05-12 19:38:32 +0200,research,,https://www.inaturalist.org/observations/12362042,https://static.inaturalist.org/photos/17806816/medium.jpg,,"",,1,0,false,3,"71 Upper Ty Ty Rd, Tifton, GA, US",31.4795133451,-83.5650028523,65,,,,65,,,false,,,pecan,Carya illinoinensis,pecan,Plantae,67593
13585277,fd2c2d6d-e8f6-437d-9b14-4edaf2ab5f87,Tue Jun 19 2018 13:27:08 GMT-0400 (EDT),2018-06-19,2018-06-19 19:27:08 +0200,Eastern Time (US & Canada),1034498,mikey14,Mikey Morris,2018-06-19 19:28:54 +0200,2018-06-20 00:35:49 +0200,needs_id,,https://www.inaturalist.org/observations/13585277,https://static.inaturalist.org/photos/19995830/medium.jpg,,"",,0,0,false,3,"4 Crestwood Rd, Cartersville, GA, US",34.1813839926,-84.7838911136,5,,,,5,,,false,,,,Carya illinoinensis,pecan,Plantae,67593
15115848,65d30b45-f042-47b3-a205-109ee97336fc,Sat Aug 04 2018 16:38:08 GMT-0400 (EDT),2018-08-04,2018-08-04 22:38:08 +0200,Eastern Time (US & Canada),1024524,toad-underhill,Cat Ordway,2018-08-04 23:54:12 +0200,2019-04-17 06:15:15 +0200,research,CC-BY-NC,https://www.inaturalist.org/observations/15115848,https://inaturalist-open-data.s3.amazonaws.com/photos/22584337/medium.jpg,,"",,3,0,false,3,"2158 N Decatur Rd, Decatur, GA, US",33.7905,-84.30417,10,,,,10,,,false,,,pecan,Carya illinoinensis,pecan,Plantae,67593
15843969,97ce39c2-5658-4950-9538-c1d1f6ffc306,Fri Aug 24 2018 11:00:25 GMT-0400 (EDT),2018-08-24,2018-08-24 17:00:25 +0200,Eastern Time (US & Canada),1149421,jarenmendel,,2018-08-24 17:02:20 +0200,2025-06-25 16:53:04 +0200,needs_id,,https://www.inaturalist.org/observations/15843969,https://static.inaturalist.org/photos/23688820/medium.jpg,,"",Nuts grow in clusters from base of leaf stem growth. Seems like natural tendency is clusters of four but observed 1-4. Soft when green and fragrant with four protective flaps. Center is two main pockets. Tastes pasty and gross lol. ,1,0,false,3,"University of Georgia, Athens, GA, US",33.9535474778,-83.3765936271,5,,,,5,,open,false,,,pecan,Carya illinoinensis,pecan,Plantae,67593
16185342,57dac554-723f-48e5-9621-0e98d588a76e,Sat Sep 01 2018 15:08:59 GMT-0400 (EDT),2018-09-01,2018-09-01 21:08:59 +0200,Eastern Time (US & Canada),834505,mschowe,,2018-09-04 00:51:46 +0200,2018-09-04 00:52:05 +0200,needs_id,,https://www.inaturalist.org/observations/16185342,https://static.inaturalist.org/photos/24274429/medium.jpg,,"",,0,0,false,3,"Altamaha River, Brunswick, GA, US",31.3753033333,-81.5483033333,12029,,,,12029,,,false,,,,Carya illinoinensis,pecan,Plantae,67593
17775213,3a937380-8d6a-4bc5-a8c0-74f5d9d82450,Sun Oct 21 2018 17:58:50 GMT-0400 (EDT),2018-10-21,2018-10-21 23:58:50 +0200,Eastern Time (US & Canada),1137432,teresa144,Sweettea,2018-10-23 20:28:07 +0200,2018-10-25 21:15:43 +0200,needs_id,,https://www.inaturalist.org/observations/17775213,https://static.inaturalist.org/photos/27217140/medium.jpg,,"",,0,0,false,3,"6413 Fairmount Hwy SE, Calhoun, GA, US",34.4499141863,-84.8616351095,10,,,,10,,,false,,,,Carya illinoinensis,pecan,Plantae,67593
17789323,f41672a7-e3b9-415d-acba-d1eca5603b47,2018-09-23 12:54:53 PM EDT,2018-09-23,2018-09-23 18:54:53 +0200,Eastern Time (US & Canada),703773,lincolndurey,Lincoln Durey,2018-10-24 06:21:36 +0200,2023-02-23 16:10:23 +0100,research,CC-BY,https://www.inaturalist.org/observations/17789323,https://static.inaturalist.org/photos/27141160/medium.jpeg,,"","Mockingbird Trail Park: <a href=""https://www.inaturalist.org/observations?place_id=129577"">Map</a> or <a href=""https://www.inaturalist.org/places/129577"">Images (click Observations)</a>

9,11,13-lobed",1,0,false,2,"4070 Hill House Rd SW, Smyrna, GA 30082, USA",33.8549167395,-84.5721648261,33,,,,33,,,false,gps,gps,pecan,Carya illinoinensis,pecan,Plantae,67593
17877640,221bb7ac-6fd0-43ec-9528-fcfb33240edb,2018/10/25 ,2018-10-25,,Eastern Time (US & Canada),1281136,ljal2,"",2018-10-27 17:43:15 +0200,2019-02-24 05:27:01 +0100,research,,https://www.inaturalist.org/observations/17877640,https://static.inaturalist.org/photos/27297198/medium.jpg,,"",,1,0,false,,"Georgia, US",34.2109468962,-83.969836315,193,,,,28846,obscured,,true,,,pecan,Carya illinoinensis,pecan,Plantae,67593
18634330,87c540a9-6561-4472-adac-41e567b92dda,Sun Nov 25 2018 17:13:04 GMT-0500 (EST),2018-11-25,2018-11-25 23:13:04 +0100,Eastern Time (US & Canada),792370,leslieinman,,2018-11-25 23:13:57 +0100,2018-11-25 23:14:06 +0100,needs_id,,https://www.inaturalist.org/observations/18634330,https://static.inaturalist.org/photos/28522594/medium.jpg,,"",,0,0,false,3,"2897 Lookout Pl NE, Atlanta, GA, US",33.8337306027,-84.3733836339,10,,,,10,,,false,,,,Carya illinoinensis,pecan,Plantae,67593
18651575,56c5734c-82e5-481d-aa76-9064166df005,2018-11-26 10:33:16 AM EST,2018-11-26,2018-11-26 16:33:16 +0100,Eastern Time (US & Canada),1354826,melissa455,Melissa Gray,2018-11-26 16:34:14 +0100,2020-01-10 23:15:03 +0100,research,,https://www.inaturalist.org/observations/18651575,https://static.inaturalist.org/photos/28551544/medium.jpeg,,"",,1,0,false,2,"Lowndes County, US-GA, US",30.88287611,-83.28525798,12,,,,12,,,false,gps,gps,pecan,Carya illinoinensis,pecan,Plantae,67593
19827543,e84d1141-9ebe-43f4-92b3-25ce56e400dc,2019-01-23 2:58:12 PM EST,2019-01-23,2019-01-23 20:58:12 +0100,Eastern Time (US & Canada),1439874,as17251,,2019-01-23 20:59:58 +0100,2024-01-28 06:57:40 +0100,needs_id,CC-BY-NC,https://www.inaturalist.org/observations/19827543,https://inaturalist-open-data.s3.amazonaws.com/photos/30563963/medium.jpeg,,"",Pecan tree,1,0,false,2,"75 Georgia Ave, Statesboro, GA 30458, USA",32.42549985,-81.78053902,6,,,,6,,open,false,,,pecan,Carya illinoinensis,pecan,Plantae,67593
23371577,91faf9ad-b9e1-49e9-92d1-5cecc151bb84,Sat Apr 27 2019 10:33:35 GMT-0400 (EDT),2019-04-27,2019-04-27 16:33:35 +0200,Eastern Time (US & Canada),1682692,rhhanson1,Science7,2019-04-27 16:34:56 +0200,2019-04-29 01:37:58 +0200,research,CC-BY-NC,https://www.inaturalist.org/observations/23371577,https://inaturalist-open-data.s3.amazonaws.com/photos/36202493/medium.jpg,,"",,1,0,false,3,"3985 Summit Cir NW, Acworth, GA, US",34.0546030917,-84.6664030314,20,,,,20,,,false,,,pecan,Carya illinoinensis,pecan,Plantae,67593
23640503,d1d4aa8b-1459-47e9-a02e-c22f9cfd4e7a,Sun Apr 28 2019 10:58:56 GMT-0400 (EDT),2019-04-28,2019-04-28 16:58:56 +0200,Eastern Time (US & Canada),1572820,frederic-1,Frederic Bien,2019-04-28 16:59:40 +0200,2019-04-28 17:00:04 +0200,needs_id,,https://www.inaturalist.org/observations/23640503,https://static.inaturalist.org/photos/36595309/medium.jpg,,"",,0,0,false,3,"Daniel Johnson Nature Preserve, Atlanta, GA, US",33.799122869,-84.3402617291,16,,,,16,,,false,,,,Carya illinoinensis,pecan,Plantae,67593
23656448,e7c7b50e-4b79-4593-b62d-2d8257867f01,2019-04-28 11:59:34 AM EDT,2019-04-28,2019-04-28 17:59:34 +0200,Eastern Time (US & Canada),1604024,barrycroom,Barry Croom,2019-04-28 18:01:17 +0200,2019-04-28 18:01:58 +0200,needs_id,CC-BY,https://www.inaturalist.org/observations/23656448,https://inaturalist-open-data.s3.amazonaws.com/photos/36617203/medium.jpeg,,"",,0,0,false,2,"2057 Old Doerun Rd, Moultrie, GA 31768, USA",31.20868112,-83.81223429,7,,,,7,,,false,,,pecan,Carya illinoinensis,pecan,Plantae,67593
24060280,fbbc70d2-cdcb-4688-8716-db529b0a1ce8,Mon Apr 29 2019 19:19:28 GMT-0400 (EDT),2019-04-29,2019-04-30 01:19:28 +0200,Eastern Time (US & Canada),1681845,robbyastrove,,2019-04-30 01:19:42 +0200,2019-04-30 01:19:53 +0200,needs_id,CC-BY-NC,https://www.inaturalist.org/observations/24060280,https://inaturalist-open-data.s3.amazonaws.com/photos/37209458/medium.jpg,,"",,0,0,false,3,"1477 McPherson Ave SE, Atlanta, GA, US",33.7439475954,-84.3392913324,5,,,,5,,,false,,,,Carya illinoinensis,pecan,Plantae,67593
24590819,f3ebe53f-6a14-4a44-8912-87cdf3f69d94,2019-05-05 11:00:22 AM EDT,2019-05-05,2019-05-05 17:00:22 +0200,Eastern Time (US & Canada),1597124,jenny260,Jenny Lee,2019-05-05 17:00:54 +0200,2019-08-20 05:04:33 +0200,research,,https://www.inaturalist.org/observations/24590819,https://static.inaturalist.org/photos/38025317/medium.jpeg,,"",,1,0,false,2,"1113 Tremont Rd, Cordele, GA 31015, USA",32.00829787,-83.71371413,7,,,,7,,,false,,,pecan,Carya illinoinensis,pecan,Plantae,67593
24722818,7079af14-a96d-412a-80f5-d79f45974ade,Tue May 07 2019 08:07:30 GMT-0400 (EDT),2019-05-07,2019-05-07 14:07:30 +0200,Eastern Time (US & Canada),594746,nhodgson,,2019-05-07 14:08:14 +0200,2019-08-25 21:07:02 +0200,research,,https://www.inaturalist.org/observations/24722818,https://static.inaturalist.org/photos/38233698/medium.jpg,,"",,1,0,false,3,"622–724 W James St, Claxton, GA, US",32.1626907539,-81.9162563651,16,,,,16,,,false,,,pecan,Carya illinoinensis,pecan,Plantae,67593
25270336,7f11aee1-0e7b-4e9a-8c08-ba0119120133,2019-05-17 1:36:59 PM EDT,2019-05-17,2019-05-17 19:36:59 +0200,Eastern Time (US & Canada),967908,rossphillips,Ross Phillips,2019-05-17 19:38:23 +0200,2019-05-17 19:39:00 +0200,needs_id,,https://www.inaturalist.org/observations/25270336,https://static.inaturalist.org/photos/39123138/medium.jpeg,,"",,0,0,false,2,"DeKalb County, US-GA, US",33.80466192,-84.17462792,8,,,,8,,,false,,,pecan,Carya illinoinensis,pecan,Plantae,67593
25404092,fc2c749b-1450-4a5e-b80e-7c74da3aeda8,Sun May 19 2019 16:46:14 GMT-0400 (EDT),2019-05-19,2019-05-19 22:46:14 +0200,Eastern Time (US & Canada),1677821,byron31,Byron Au-Yeung,2019-05-19 22:46:40 +0200,2019-05-19 22:46:56 +0200,needs_id,,https://www.inaturalist.org/observations/25404092,https://static.inaturalist.org/photos/39339607/medium.jpg,,"",,0,0,false,3,"212 Huron St, Decatur, GA, US",33.7853364274,-84.2982174923,30,,,,30,,,false,,,,Carya illinoinensis,pecan,Plantae,67593
25412822,ad5e00f5-fee5-4b62-bf0c-84e35f6e4487,Sun May 19 2019 19:14:12 GMT-0400 (EDT),2019-05-19,2019-05-20 01:14:12 +0200,Eastern Time (US & Canada),1712665,gillian33,Gillian Bauer,2019-05-20 01:15:03 +0200,2019-06-21 05:10:59 +0200,needs_id,,https://www.inaturalist.org/observations/25412822,https://static.inaturalist.org/photos/39354422/medium.jpg,,"",,0,0,false,3,"Georgia, US",33.215810931,-84.5308225918,30,,,,28984,obscured,,true,,,,Carya illinoinensis,pecan,Plantae,67593
25471939,af5938cb-ab38-4898-bf05-72988f61d2a0,Mon May 20 2019 19:15:30 GMT-0400 (EDT),2019-05-20,2019-05-21 01:15:30 +0200,Eastern Time (US & Canada),1654624,tbunting,,2019-05-21 01:15:51 +0200,2025-10-09 16:15:13 +0200,research,CC-BY-NC,https://www.inaturalist.org/observations/25471939,https://inaturalist-open-data.s3.amazonaws.com/photos/39456236/medium.jpg,,"",,1,0,false,3,"Henry Memorial Park, Marietta, GA, US",33.9477768665,-84.5553769174,16,,,,16,,open,false,,,pecan,Carya illinoinensis,pecan,Plantae,67593
25586599,9804b1cb-b9a0-45cb-903f-630881b0ee3c,Wed May 22 2019 15:35:12 GMT-0400 (EDT),2019-05-22,2019-05-22 21:35:12 +0200,Eastern Time (US & Canada),1527917,cphill1947,,2019-05-23 00:35:14 +0200,2023-04-27 18:17:44 +0200,research,CC-BY-NC,https://www.inaturalist.org/observations/25586599,https://inaturalist-open-data.s3.amazonaws.com/photos/39647149/medium.jpg,,"",,1,0,false,3,"1196 Walton Rd, Newnan, GA, US",33.3207850764,-84.7263475043,10,,,,10,,open,false,,,pecan,Carya illinoinensis,pecan,Plantae,67593
25711096,b9676c1c-dd98-4256-944d-061d9bc2473c,2019-05-24 7:55:26 PM EDT,2019-05-24,2019-05-25 01:55:26 +0200,Eastern Time (US & Canada),1110667,botanylicious,Sarah Kelsey,2019-05-25 04:36:29 +0200,2019-05-25 04:37:14 +0200,needs_id,CC-BY-NC-SA,https://www.inaturalist.org/observations/25711096,https://inaturalist-open-data.s3.amazonaws.com/photos/39853541/medium.jpeg,,"",,0,0,false,2,"1803 Vesta Ave, East Point, GA 30344, USA",33.6680221558,-84.4474487305,,,,,,,,false,gps,gps,pecan,Carya illinoinensis,pecan,Plantae,67593
25815235,1f75a483-703c-40e5-9e1d-517ef2c05c8f,Fri May 03 2019 15:13:06 GMT-0400 (EDT),2019-05-03,2019-05-03 21:13:06 +0200,Eastern Time (US & Canada),1780086,laurelpond,Amy Hurt,2019-05-26 18:48:11 +0200,2019-05-26 18:48:21 +0200,needs_id,,https://www.inaturalist.org/observations/25815235,https://static.inaturalist.org/photos/40024941/medium.jpg,,"",,0,0,false,3,"215 Laurel St, Griffin, GA, US",33.218995,-84.27723,5,,,,5,,,false,,,,Carya illinoinensis,pecan,Plantae,67593
25913939,b216b426-3769-4de1-8357-11383a3e733a,Mon May 27 2019 20:25:37 GMT-0400 (EDT),2019-05-27,2019-05-28 02:25:37 +0200,Eastern Time (US & Canada),1568622,t_bird,,2019-05-28 02:26:15 +0200,2019-05-28 02:30:42 +0200,needs_id,CC-BY-NC,https://www.inaturalist.org/observations/25913939,https://inaturalist-open-data.s3.amazonaws.com/photos/40192090/medium.jpg,,"",,0,0,false,3,"Norcross High School, Norcross, GA, US",33.9406377124,-84.2008776125,5,,,,5,,,false,,,,Carya illinoinensis,pecan,Plantae,67593
26556943,570884e0-d293-4014-af46-8ea838134944,2019/06/06 11:57 AM -0400,2019-06-06,2019-06-06 16:57:00 +0200,Atlantic Time (Canada),1563634,cmvaldes18,Christina M Valdes,2019-06-07 18:25:29 +0200,2019-06-08 01:11:41 +0200,research,CC-BY-NC,https://www.inaturalist.org/observations/26556943,https://inaturalist-open-data.s3.amazonaws.com/photos/41243999/medium.jpeg,,"",,1,0,false,,"1207 Emery Hwy, Macon, GA 31217, USA",32.84254,-83.6038269,199,,,,199,,,false,,,pecan,Carya illinoinensis,pecan,Plantae,67593
26579416,560df3b7-943a-4eba-bea5-d283a8adfe11,2019-06-07 8:02:18 PM EDT,2019-06-07,2019-06-08 02:02:18 +0200,Eastern Time (US & Canada),427588,priya4,Priya Jakhmola,2019-06-08 02:03:43 +0200,2019-06-08 02:03:55 +0200,needs_id,,https://www.inaturalist.org/observations/26579416,https://static.inaturalist.org/photos/41281778/medium.jpeg,,"",,0,0,false,2,"2777 Five Forks Trickum Rd SW, Lawrenceville, GA 30044, USA",33.89487266,-84.05756388,10,,,,10,,,false,,,pecan,Carya illinoinensis,pecan,Plantae,67593
27064798,d2400ab6-33a3-4139-bb82-fd90a0324451,Sat Jun 15 2019 09:26:51 GMT-0400 (EDT),2019-06-15,2019-06-15 15:26:51 +0200,Eastern Time (US & Canada),1084846,kcross7,,2019-06-16 04:34:31 +0200,2019-07-11 03:20:05 +0200,research,,https://www.inaturalist.org/observations/27064798,https://static.inaturalist.org/photos/42070973/medium.jpg,,"",,1,0,false,3,"McIntosh County, US-GA, US",31.5011926694,-81.2545816508,5,,,,5,,,false,,,pecan,Carya illinoinensis,pecan,Plantae,67593
27324329,4cedc5d0-6d2e-4669-82fa-255639b1fd87,Thu Jun 20 2019 10:33:49 GMT-0400 (EDT),2019-06-20,2019-06-20 16:33:49 +0200,Eastern Time (US & Canada),1816454,cdgweldon,,2019-06-20 16:35:18 +0200,2019-07-19 09:38:52 +0200,research,CC-BY-NC,https://www.inaturalist.org/observations/27324329,https://inaturalist-open-data.s3.amazonaws.com/photos/42502163/medium.jpg,,"",,1,0,false,3,"1101 Colquitt Ave NE, Atlanta, GA, US",33.7650356006,-84.351446701,65,,,,65,,,false,,,pecan,Carya illinoinensis,pecan,Plantae,67593
27696334,b010a64d-65d8-4582-8d1d-88b7c921cfde,Wed Jun 26 2019 11:03:07 GMT-0400 (EDT),2019-06-26,2019-06-26 17:03:07 +0200,Eastern Time (US & Canada),1572820,frederic-1,Frederic Bien,2019-06-26 17:03:25 +0200,2021-01-03 04:45:05 +0100,needs_id,,https://www.inaturalist.org/observations/27696334,https://static.inaturalist.org/photos/43121301/medium.jpg,,"",,1,0,false,3,"492 Lawton St SW, Atlanta, GA, US",33.7416424151,-84.4228604389,32,,,,32,,,false,,,pecan,Carya illinoinensis,pecan,Plantae,67593
27959780,a4c98475-b50e-4c9c-bc58-0661a3b268fe,Sun Jun 30 2019 17:47:08 GMT-0400 (EDT),2019-06-30,2019-06-30 23:47:08 +0200,Eastern Time (US & Canada),1924697,bw29,,2019-06-30 23:51:45 +0200,2019-07-01 00:05:20 +0200,needs_id,CC-BY-NC,https://www.inaturalist.org/observations/27959780,https://inaturalist-open-data.s3.amazonaws.com/photos/43550875/medium.jpg,,"",,0,0,false,3,"Georgia, US",33.9349420926,-84.7798953761,5,,,,28902,obscured,,true,,,,Carya illinoinensis,pecan,Plantae,67593
28960154,64227428-a075-4549-bc2f-e1191bdc666d,2019/06/17 12:54 AM EDT,2019-06-17,2019-06-17 06:54:00 +0200,Eastern Time (US & Canada),1563634,cmvaldes18,Christina M Valdes,2019-07-16 23:04:10 +0200,2019-07-18 00:53:57 +0200,needs_id,CC-BY-NC,https://www.inaturalist.org/observations/28960154,https://inaturalist-open-data.s3.amazonaws.com/photos/45170642/medium.jpeg,,"",,0,0,false,,"Bibb County, GA, USA",32.8334366981,-83.6076679142,15,,,,15,,,false,,,,Carya illinoinensis,pecan,Plantae,67593
28993893,da876387-47b8-4370-ab5b-b57f79a5ccb7,Wed Jul 17 2019 09:04:01 GMT-0400 (EDT),2019-07-17,2019-07-17 15:04:01 +0200,Eastern Time (US & Canada),1998885,daniel1448,Daniel Gill,2019-07-17 15:05:12 +0200,2019-07-17 22:19:42 +0200,research,,https://www.inaturalist.org/observations/28993893,https://static.inaturalist.org/photos/45227966/medium.jpg,,"",,1,0,false,3,"173–299 E Howard Ave, Decatur, GA, US",33.7708783736,-84.2938799413,8,,,,8,,,false,,,pecan,Carya illinoinensis,pecan,Plantae,67593
29705331,154ec849-2052-457a-acdb-6a08e47a8157,2019-07-28 9:42:34 AM EDT,2019-07-28,2019-07-28 15:42:34 +0200,Eastern Time (US & Canada),1461738,carlos571,Carlos Antonio Rodríguez,2019-07-28 15:43:29 +0200,2019-07-28 15:52:26 +0200,needs_id,,https://www.inaturalist.org/observations/29705331,https://static.inaturalist.org/photos/46373535/medium.jpeg,,"",,0,0,false,2,"N Decatur Rd @ Clairmont Cir, North Decatur, GA 30033, USA",33.79100373,-84.30253408,7,,,,7,,,false,gps,gps,pecan,Carya illinoinensis,pecan,Plantae,67593
29715055,79f81a18-7398-41b1-b347-bc20fcf97791,Sun Jul 28 2019 11:56:48 GMT-0400 (EDT),2019-07-28,2019-07-28 17:56:48 +0200,Eastern Time (US & Canada),292055,jenniferhicks,Jennifer Ponder Hicks,2019-07-28 17:59:50 +0200,2019-07-28 18:01:51 +0200,needs_id,,https://www.inaturalist.org/observations/29715055,https://static.inaturalist.org/photos/46389004/medium.jpg,,"",,0,0,false,3,"432 Sells Ln, Trenton, GA, US",34.8530467515,-85.5118565693,6,,,,6,,,false,,,,Carya illinoinensis,pecan,Plantae,67593
30048493,398dad02-303c-44e3-8546-b526df7b7243,Fri Aug 02 2019 12:35:08 GMT-0400 (EDT),2019-08-02,2019-08-02 18:35:08 +0200,Eastern Time (US & Canada),2082322,alibrarianbyday,,2019-08-02 18:37:25 +0200,2019-08-02 18:37:43 +0200,needs_id,CC-BY-NC,https://www.inaturalist.org/observations/30048493,https://inaturalist-open-data.s3.amazonaws.com/photos/46924688/medium.jpg,,"",,0,0,false,3,"65 College St, McDonough, GA, US",33.4427023492,-84.1451345212,10,,,,10,,,false,,,,Carya illinoinensis,pecan,Plantae,67593
30319828,47cef23d-fe76-4f20-8008-26c5061370cb,Tue Aug 06 2019 13:57:00 GMT-0400 (EDT),2019-08-06,2019-08-06 19:57:00 +0200,Eastern Time (US & Canada),1506922,jimlong,,2019-08-06 19:57:43 +0200,2022-08-11 02:51:17 +0200,research,CC-BY-NC,https://www.inaturalist.org/observations/30319828,https://inaturalist-open-data.s3.amazonaws.com/photos/47360600/medium.jpg,,"",,1,0,false,3,"681 Park Dr NE, Atlanta, GA, US",33.7846725062,-84.3643392998,32,,,,32,,open,false,,,pecan,Carya illinoinensis,pecan,Plantae,67593
30368476,8c8319e1-2eb0-4e9b-a073-aaea73501191,Wed Aug 07 2019 11:42:39 GMT-0400 (EDT),2019-08-07,2019-08-07 17:42:39 +0200,Eastern Time (US & Canada),2097815,soapyparrot,Garrett Smith,2019-08-07 17:43:03 +0200,2022-08-11 02:49:57 +0200,research,,https://www.inaturalist.org/observations/30368476,https://static.inaturalist.org/photos/47443399/medium.jpg,,"",,1,0,false,3,"330 Water Works Rd, Sparta, GA, US",33.2700164337,-83.0104949792,5,,,,5,,,false,,,pecan,Carya illinoinensis,pecan,Plantae,67593
30804766,db0fe910-37a5-458b-9dc8-ad7b2da969bf,2019-08-14 8:06:13 AM EDT,2019-08-14,2019-08-14 14:06:13 +0200,Eastern Time (US & Canada),818823,bryophilo,Steve,2019-08-14 14:07:50 +0200,2022-08-11 02:48:33 +0200,research,CC-BY-NC,https://www.inaturalist.org/observations/30804766,https://inaturalist-open-data.s3.amazonaws.com/photos/48149249/medium.jpeg,,"",,1,0,false,2,"Clairemont Ave@Maediris Dr, Decatur, GA 30030, USA",33.7870483398,-84.3056259155,,,,,,,,false,gps,gps,pecan,Carya illinoinensis,pecan,Plantae,67593
32050871,a7b918cf-269d-4b20-84d9-b175f3b2de06,2019-09-03 8:03:11 AM EDT,2019-09-03,2019-09-03 14:03:11 +0200,Eastern Time (US & Canada),1110667,botanylicious,Sarah Kelsey,2019-09-03 16:02:32 +0200,2019-09-03 16:02:50 +0200,needs_id,CC-BY-NC-SA,https://www.inaturalist.org/observations/32050871,https://inaturalist-open-data.s3.amazonaws.com/photos/50230445/medium.jpeg,,"","I'm trying to add observations every day, and when there isn't anything (other than the usual spiders) on the back porch, I'm going to start adding the overlooked stuff in the yard.
I'll include a separate observation for the webworms.",0,0,false,2,"East Point, GA 30344, USA",33.6707420349,-84.4480667114,,,,,,,,false,gps,gps,pecan,Carya illinoinensis,pecan,Plantae,67593
32105177,9f1ca899-e735-45af-aaf6-68629492d768,2019-09-04 10:18:04 AM EDT,2019-09-04,2019-09-04 16:18:04 +0200,Eastern Time (US & Canada),1881509,phenomenoem,"",2019-09-04 16:20:36 +0200,2020-05-19 05:18:49 +0200,research,CC-BY-NC,https://www.inaturalist.org/observations/32105177,https://inaturalist-open-data.s3.amazonaws.com/photos/50323297/medium.jpeg,,"",,1,0,false,2,"Stonecrest, GA 30038, USA",33.68416478,-84.1180206,9,,,,9,,,false,,,pecan,Carya illinoinensis,pecan,Plantae,67593
32499907,ce9101d0-bcb3-4ae9-b930-8f5f9cfe3864,2019-09-10 7:40:39 PM EDT,2019-09-10,2019-09-11 01:40:39 +0200,Eastern Time (US & Canada),1144715,bethany56,Bethany Wells,2019-09-11 01:40:31 +0200,2019-09-11 01:42:30 +0200,needs_id,,https://www.inaturalist.org/observations/32499907,https://static.inaturalist.org/photos/50979468/medium.jpeg,,"",,0,0,false,2,"Tybee Island, GA 31328, USA",31.9963989258,-80.851600647,,,,,,,,false,gps,gps,pecan,Carya illinoinensis,pecan,Plantae,67593
32513987,bb6a50f7-1853-424a-b97f-79382cc36e83,Wed Sep 11 2019 01:52:10 GMT-0400 (EDT),2019-09-11,2019-09-11 07:52:10 +0200,Eastern Time (US & Canada),2101842,ransomranch,John Ransom,2019-09-11 07:52:23 +0200,2019-09-11 07:52:33 +0200,needs_id,,https://www.inaturalist.org/observations/32513987,https://static.inaturalist.org/photos/51003897/medium.jpg,,"",,0,0,false,3,"Piedmont Park Conservancy, Atlanta, GA, US",33.7862358056,-84.374441011,5,,,,5,,,false,,,,Carya illinoinensis,pecan,Plantae,67593
32576712,96d0527f-f20b-4e86-825e-0242e0b95801,2019-09-11 5:24:12 PM EDT,2019-09-11,2019-09-11 23:24:12 +0200,Eastern Time (US & Canada),2239372,michellediazlaboy,Michelle Diaz-Laboy,2019-09-12 11:55:36 +0200,2019-09-12 11:55:46 +0200,needs_id,,https://www.inaturalist.org/observations/32576712,https://static.inaturalist.org/photos/51107904/medium.jpeg,,"",,0,0,false,2,"Atlanta, GA 30308, USA",33.7397232056,-84.3730545044,,,,,,,,false,gps,gps,pecan,Carya illinoinensis,pecan,Plantae,67593
32605152,db21335f-84be-48f8-8757-6be40c648a50,2019-09-12 4:04:02 PM EDT,2019-09-12,2019-09-12 22:04:02 +0200,Eastern Time (US & Canada),1650234,stephanieniu,Stephanie Niu,2019-09-12 22:04:44 +0200,2019-09-12 22:04:50 +0200,needs_id,,https://www.inaturalist.org/observations/32605152,https://static.inaturalist.org/photos/51153105/medium.jpeg,,"",,0,0,false,2,"Moreland Ave SE@Portland Ave SE, Atlanta, GA 30316, USA",33.73956839,-84.34937625,6,,,,6,,,false,,,pecan,Carya illinoinensis,pecan,Plantae,67593
33490752,1196697e-7416-45fd-96c6-e7c23f498339,Fri Sep 27 2019 12:49:01 GMT-0400 (EDT),2019-09-27,2019-09-27 18:49:01 +0200,Eastern Time (US & Canada),1527917,cphill1947,,2019-09-27 20:14:33 +0200,2025-10-05 14:55:41 +0200,research,CC-BY-NC,https://www.inaturalist.org/observations/33490752,https://inaturalist-open-data.s3.amazonaws.com/photos/52604571/medium.jpg,,"",,4,1,false,3,"Happy Valley Cir, Newnan, GA, US",33.4519466667,-84.7846133333,5,,,,5,,open,false,,,pecan,Carya illinoinensis,pecan,Plantae,67593
33496876,5b841a72-4452-459b-ad87-726bac0b7e8d,2019-09-27 4:19:41 PM EDT,2019-09-27,2019-09-27 22:19:41 +0200,Eastern Time (US & Canada),2311285,tyra7,Tyra M Jones,2019-09-27 22:20:39 +0200,2019-09-28 02:40:39 +0200,research,,https://www.inaturalist.org/observations/33496876,https://static.inaturalist.org/photos/52613775/medium.jpeg,,"",,1,0,false,2,"Fairview, GA, USA",34.94459661,-85.28204049,5,,,,5,,,false,,,pecan,Carya illinoinensis,pecan,Plantae,67593
33727062,2aca218a-b597-4ae7-a4dd-998ad8d2632a,Tue Oct 01 2019 18:58:23 GMT-0400 (EDT),2019-10-01,2019-10-02 00:58:23 +0200,Eastern Time (US & Canada),1504077,phaedra1,Phaedra,2019-10-02 00:59:13 +0200,2020-03-17 21:32:26 +0100,research,CC-BY-NC,https://www.inaturalist.org/observations/33727062,https://inaturalist-open-data.s3.amazonaws.com/photos/53000651/medium.jpg,,"",,1,0,false,3,"Chattahoochee-Oconee National Forests, Trion, GA, US",34.5937334768,-85.2488942833,26,,,,26,,,false,,,pecan,Carya illinoinensis,pecan,Plantae,67593
33776218,c74cdbd3-58e0-4411-ac3c-7c95883b4042,Wed Oct 02 2019 19:41:31 GMT-0400 (EDT),2019-10-02,2019-10-03 01:41:31 +0200,Eastern Time (US & Canada),2328651,bradenrock,,2019-10-03 01:41:43 +0200,2024-07-01 23:39:50 +0200,needs_id,CC-BY-NC,https://www.inaturalist.org/observations/33776218,https://inaturalist-open-data.s3.amazonaws.com/photos/53083960/medium.jpg,,"",,1,0,false,3,"Tybee Island, Tybee Island, GA, US",32.0189692742,-80.8465954669,32,,,,32,,open,false,,,pecan,Carya illinoinensis,pecan,Plantae,67593
33917356,76cecc01-8d95-47bd-b9a8-485af2959177,Sat Oct 05 2019 18:01:14 GMT-0400 (EDT),2019-10-05,2019-10-06 00:01:14 +0200,Eastern Time (US & Canada),2249761,mikedean2,Mike Dean Warren,2019-10-06 00:01:49 +0200,2020-03-17 21:32:14 +0100,research,,https://www.inaturalist.org/observations/33917356,https://static.inaturalist.org/photos/53322155/medium.jpg,,"",,1,0,false,3,"Chestnut Ridge Dr, Dunwoody, GA, US",33.9437640479,-84.3284221467,23,,,,23,,,false,,,pecan,Carya illinoinensis,pecan,Plantae,67593
34137424,7e5bb416-042f-405f-947f-de6b6f4ccc9e,2019-09-12 4:04:32 PM EDT,2019-09-12,2019-09-12 22:04:32 +0200,Eastern Time (US & Canada),2350914,samrapoport3,,2019-10-10 00:27:38 +0200,2019-10-10 00:27:45 +0200,needs_id,CC-BY-NC,https://www.inaturalist.org/observations/34137424,https://inaturalist-open-data.s3.amazonaws.com/photos/53686853/medium.jpeg,,"",,0,0,false,2,"Moreland Ave SE@Glenwood Ave SE, Atlanta, GA 30316, USA",33.7396081,-84.3492427,24,,,,24,,,false,,,pecan,Carya illinoinensis,pecan,Plantae,67593
34392393,4c1ab080-e43c-4aae-9be0-00f9703e3b13,Mon Oct 14 2019 08:45:19 GMT-0400 (EDT),2019-10-14,2019-10-14 14:45:19 +0200,Eastern Time (US & Canada),764155,whatch11,Wes Hatch,2019-10-15 04:37:39 +0200,2021-01-21 19:51:44 +0100,needs_id,,https://www.inaturalist.org/observations/34392393,https://static.inaturalist.org/photos/54123201/medium.jpg,,"",,0,0,false,3,"Mud Creek Rd, Albany, GA, US",31.5649260208,-84.3687750121,10,,,,10,,,false,,,,Carya illinoinensis,pecan,Plantae,67593
34393821,c5b8672e-931c-433c-9d4b-3029781a75c9,2019/10/14 12:06 PM EDT,2019-10-14,2019-10-14 18:06:00 +0200,Eastern Time (US & Canada),907409,mfeaver,"",2019-10-15 05:13:06 +0200,2023-06-17 19:49:30 +0200,needs_id,CC-BY,https://www.inaturalist.org/observations/34393821,https://inaturalist-open-data.s3.amazonaws.com/photos/54125508/medium.jpeg,,"",,0,0,false,,"Decatur County, GA, USA",30.8054916667,-84.6595016667,,,,,,,,false,,,Pecan,Carya illinoinensis,pecan,Plantae,67593
34568365,25271edc-812f-4b9b-8159-fa117e9fded1,2019/10/18 2:26 PM UTC,2019-10-18,,UTC,1319887,randytoad,randytoad,2019-10-19 06:33:21 +0200,2023-07-07 17:53:00 +0200,research,,https://www.inaturalist.org/observations/34568365,https://inaturalist-open-data.s3.amazonaws.com/photos/54418253/medium.jpeg,,"",,1,0,false,,"Mableton, GA, USA",33.8470460267,-84.5863174683,,,,,,,,false,,,pecan,Carya illinoinensis,pecan,Plantae,67593
34737315,caedfe4a-6ccc-4b1c-877e-b18d27686f59,Tue Oct 22 2019 10:58:03 GMT-0400 (EDT),2019-10-22,2019-10-22 16:58:03 +0200,Eastern Time (US & Canada),1927827,cheetah01,,2019-10-22 16:58:06 +0200,2022-11-03 18:46:07 +0100,research,CC-BY-NC,https://www.inaturalist.org/observations/34737315,https://inaturalist-open-data.s3.amazonaws.com/photos/54706998/medium.jpg,,"",,2,0,false,3,"Skidaway Island State Park, Savannah, GA, US",31.9619999864,-81.0507722515,4,,,,4,,,false,,,pecan,Carya illinoinensis,pecan,Plantae,67593
35585092,e150a559-4e3a-41e3-b7d5-c08d203eae05,Mon Nov 11 2019 16:47:16 GMT-0500 (EST),2019-11-11,2019-11-11 22:47:16 +0100,Eastern Time (US & Canada),2150212,suebeli,,2019-11-11 22:47:32 +0100,2019-11-11 22:47:59 +0100,needs_id,CC-BY-NC,https://www.inaturalist.org/observations/35585092,https://inaturalist-open-data.s3.amazonaws.com/photos/56126680/medium.jpg,,"",,0,0,false,3,"Old Macon Rd, Byron, GA, US",32.6585855998,-83.748272941,12,,,,12,,,false,,,,Carya illinoinensis,pecan,Plantae,67593
36278522,5683d6af-e373-4688-a5fb-d25af86829d8,Fri Nov 29 2019 23:07:04 GMT-0500 (EST),2019-11-29,2019-11-30 05:07:04 +0100,Eastern Time (US & Canada),587735,robotpie,robotpie,2019-12-02 04:39:05 +0100,2025-02-11 17:23:08 +0100,research,CC-BY-NC,https://www.inaturalist.org/observations/36278522,https://inaturalist-open-data.s3.amazonaws.com/photos/57328386/medium.jpg,,"","",1,0,false,3,"Fulton County, US-GA, US",33.8781763676,-84.5854086886,100,,,,28902,obscured,open,true,,manual,pecan,Carya illinoinensis,pecan,Plantae,67593
37594752,88b993ac-4518-4f73-8d6f-4e5c4cb26f9b,2020/01/12 4:22 PM UTC,2020-01-12,,UTC,1319887,randytoad,randytoad,2020-01-14 21:40:16 +0100,2023-07-07 19:05:04 +0200,research,,https://www.inaturalist.org/observations/37594752,https://inaturalist-open-data.s3.amazonaws.com/photos/59627786/medium.jpg,,"",,1,0,false,,"Mableton, GA, USA",33.846595,-84.586058,,,,,,,,false,,,pecan,Carya illinoinensis,pecan,Plantae,67593
38229607,c2c96eeb-2698-40fa-9346-e79f09086935,Sun Feb 02 2020 15:32:06 GMT-0500 (EST),2020-02-02,2020-02-02 21:32:06 +0100,Eastern Time (US & Canada),1572820,frederic-1,Frederic Bien,2020-02-02 21:32:28 +0100,2020-02-02 21:32:37 +0100,needs_id,,https://www.inaturalist.org/observations/38229607,https://static.inaturalist.org/photos/60729174/medium.jpg,,"",,0,0,false,3,"Herbert Taylor Park, Atlanta, GA, US",33.7991779021,-84.3404516744,16,,,,16,,,false,,,,Carya illinoinensis,pecan,Plantae,67593
38229640,db742fed-a7a7-4aeb-851b-f7f640c951cd,Sun Feb 02 2020 15:32:52 GMT-0500 (EST),2020-02-02,2020-02-02 21:32:52 +0100,Eastern Time (US & Canada),1572820,frederic-1,Frederic Bien,2020-02-02 21:33:10 +0100,2020-02-02 21:33:18 +0100,needs_id,,https://www.inaturalist.org/observations/38229640,https://static.inaturalist.org/photos/60729235/medium.jpg,,"",,0,0,false,3,"Pasadena Ave NE, Atlanta, GA, US",33.7991679596,-84.3404472293,20,,,,20,,,false,,,,Carya illinoinensis,pecan,Plantae,67593
38517981,fcd960ab-fc06-4826-9ecf-132fd1986b70,Wed Sep 25 2019 10:35:03 GMT-0400 (EDT),2019-09-25,2019-09-25 16:35:03 +0200,Eastern Time (US & Canada),2440319,torpyl,"",2020-02-10 23:02:58 +0100,2020-03-17 21:30:25 +0100,research,CC-BY-NC,https://www.inaturalist.org/observations/38517981,https://inaturalist-open-data.s3.amazonaws.com/photos/61228244/medium.jpg,,"",,1,0,false,3,"Clifton Rd NE, Decatur, GA, US",33.7999033333,-84.31295,,,,,,,,false,,,pecan,Carya illinoinensis,pecan,Plantae,67593
41303123,f557d405-2d9e-486a-a95f-da1d39c9a45d,Fri Apr 03 2020 12:45:39 GMT-0400 (EDT),2020-04-03,2020-04-03 18:45:39 +0200,Eastern Time (US & Canada),1682692,rhhanson1,Science7,2020-04-03 18:46:42 +0200,2020-04-03 18:46:53 +0200,needs_id,CC-BY-NC,https://www.inaturalist.org/observations/41303123,https://inaturalist-open-data.s3.amazonaws.com/photos/65511241/medium.jpg,,"",,0,0,false,3,"Summit Cir NW, Acworth, GA, US",34.0545408519,-84.6665624232,9,,,,9,,,false,,,,Carya illinoinensis,pecan,Plantae,67593
42320431,99c4c0ab-0feb-40e7-ba19-482c0c1eb4f5,Thu Apr 16 2020 12:08:49 GMT-0400 (EDT),2020-04-16,2020-04-16 18:08:49 +0200,Eastern Time (US & Canada),2756539,katelynnc,,2020-04-16 18:27:54 +0200,2020-04-16 18:28:12 +0200,needs_id,CC-BY-NC,https://www.inaturalist.org/observations/42320431,https://inaturalist-open-data.s3.amazonaws.com/photos/67191123/medium.jpg,,"",,0,0,false,3,"Alabaha Woods Dr, Blackshear, GA, US",31.3654396834,-82.2250894522,41,,,,41,,,false,,,,Carya illinoinensis,pecan,Plantae,67593
42321570,898b1d63-f339-48c9-8a3c-a8912aad6890,Thu Apr 16 2020 12:45:03 GMT-0400 (EDT),2020-04-16,2020-04-16 18:45:03 +0200,Eastern Time (US & Canada),630217,joand,,2020-04-16 18:45:14 +0200,2020-04-16 18:54:29 +0200,research,,https://www.inaturalist.org/observations/42321570,https://static.inaturalist.org/photos/67193005/medium.jpg,,"",,1,0,false,3,"Cardinal Lake Cir, Duluth, GA, US",33.9798278169,-84.1333700083,16,,,,16,,,false,,,pecan,Carya illinoinensis,pecan,Plantae,67593
42324292,3c2a77cf-6938-4f40-9f7f-7d2d865b6977,Thu Apr 16 2020 13:19:27 GMT-0400 (EDT),2020-04-16,2020-04-16 19:19:27 +0200,Eastern Time (US & Canada),2755351,mattiw,,2020-04-16 19:19:39 +0200,2020-04-16 19:19:48 +0200,needs_id,CC-BY-NC,https://www.inaturalist.org/observations/42324292,https://inaturalist-open-data.s3.amazonaws.com/photos/67197065/medium.jpg,,"",,0,0,false,3,"US-84, Blackshear, GA, US",31.2754105699,-82.2772027498,15,,,,15,,,false,,,,Carya illinoinensis,pecan,Plantae,67593
42335156,7f69e12d-5f4a-4c40-8b95-926d4a416db7,Thu Apr 16 2020 15:35:14 GMT-0400 (EDT),2020-04-16,2020-04-16 21:35:14 +0200,Eastern Time (US & Canada),2762082,sifoster,,2020-04-16 21:35:41 +0200,2020-04-16 21:35:51 +0200,needs_id,CC-BY-NC,https://www.inaturalist.org/observations/42335156,https://inaturalist-open-data.s3.amazonaws.com/photos/67215073/medium.jpg,,"",,0,0,false,3,"Walkerville Rd, Patterson, GA, US",31.3907073252,-82.1519488749,5,,,,5,,,false,,,,Carya illinoinensis,pecan,Plantae,67593
42335971,3a92b234-6dcb-4226-8967-0445c44a6891,Thu Apr 16 2020 15:43:15 GMT-0400 (EDT),2020-04-16,2020-04-16 21:43:15 +0200,Eastern Time (US & Canada),2763107,shelbydixon21,,2020-04-16 21:44:30 +0200,2020-04-16 21:44:42 +0200,needs_id,CC-BY-NC,https://www.inaturalist.org/observations/42335971,https://inaturalist-open-data.s3.amazonaws.com/photos/67216287/medium.jpg,,"",,0,0,false,3,"Clark Rd, Blackshear, GA, US",31.2309517293,-82.2151203454,5,,,,5,,,false,,,,Carya illinoinensis,pecan,Plantae,67593
42337937,9ad12707-9a2a-414f-bf38-d0c3b246eba6,Thu Apr 16 2020 16:07:59 GMT-0400 (EDT),2020-04-16,2020-04-16 22:07:59 +0200,Eastern Time (US & Canada),786336,tl2,T L,2020-04-16 22:08:10 +0200,2020-04-16 22:08:27 +0200,needs_id,,https://www.inaturalist.org/observations/42337937,https://static.inaturalist.org/photos/67219386/medium.jpg,,"",,0,0,false,3,"Ware St, Blackshear, GA, US",31.2590837432,-82.3154610303,5,,,,5,,,false,,,,Carya illinoinensis,pecan,Plantae,67593
42350378,db872c68-b42a-4e8a-8a56-fe59c1666d43,Thu Apr 16 2020 18:39:01 GMT-0400 (EDT),2020-04-16,2020-04-17 00:39:01 +0200,Eastern Time (US & Canada),2760107,patchbennett,,2020-04-17 00:39:13 +0200,2020-04-17 00:39:24 +0200,needs_id,CC-BY-NC,https://www.inaturalist.org/observations/42350378,https://inaturalist-open-data.s3.amazonaws.com/photos/67239068/medium.jpg,,"",,0,0,false,3,"Arch Trail, Blackshear, GA, US",31.2983965874,-82.2022635956,10,,,,10,,,false,,,,Carya illinoinensis,pecan,Plantae,67593
42357495,3d0c55c4-3005-41a3-ba32-1ba319a6e7f3,2020-04-16 4:38:37 PM EDT,2020-04-16,2020-04-16 22:38:37 +0200,Eastern Time (US & Canada),2755182,kadejohnson,Kade Johnson,2020-04-17 02:18:17 +0200,2020-04-17 02:32:10 +0200,needs_id,,https://www.inaturalist.org/observations/42357495,https://static.inaturalist.org/photos/67250578/medium.jpeg,,"",,0,0,false,2,"Pierce County, US-GA, US",31.24192233,-82.27366594,9,,,,9,,,false,gps,gps,pecan,Carya illinoinensis,pecan,Plantae,67593
42416870,eaad0076-377b-4b83-bcf0-b4eeb067d64f,Fri Apr 17 2020 16:13:36 GMT-0400 (EDT),2020-04-17,2020-04-17 22:13:36 +0200,Eastern Time (US & Canada),1476763,sunnytharp,,2020-04-17 22:14:47 +0200,2020-04-17 22:15:07 +0200,needs_id,CC-BY-NC,https://www.inaturalist.org/observations/42416870,https://inaturalist-open-data.s3.amazonaws.com/photos/67347461/medium.jpg,,"",,0,0,false,3,"504 Westchester Dr, Decatur, GA, US",33.7833809713,-84.3108103798,10,,,,10,,,false,,,,Carya illinoinensis,pecan,Plantae,67593
42786332,b05257a8-fcc0-4093-9dc6-22844bd024da,2020-04-21 4:37:44 PM EDT,2020-04-21,2020-04-21 22:37:44 +0200,Eastern Time (US & Canada),2766420,carrington_green,"",2020-04-21 22:39:58 +0200,2020-04-21 22:40:28 +0200,needs_id,CC-BY-NC,https://www.inaturalist.org/observations/42786332,https://inaturalist-open-data.s3.amazonaws.com/photos/67947641/medium.jpeg,,"",,0,0,false,2,"Carrollton, GA 30116, USA",33.6503496068,-85.0173204951,10,,,,10,,,false,,,pecan,Carya illinoinensis,pecan,Plantae,67593
43001492,ec0907ce-3f52-49a6-b654-3d6f39e02009,Thu Apr 23 2020 18:44:12 GMT-0400 (EDT),2020-04-23,2020-04-24 00:44:12 +0200,Eastern Time (US & Canada),2760107,patchbennett,,2020-04-24 00:45:37 +0200,2020-04-24 00:59:41 +0200,needs_id,CC-BY-NC,https://www.inaturalist.org/observations/43001492,https://inaturalist-open-data.s3.amazonaws.com/photos/68277851/medium.jpg,,"",,0,0,false,3,"Arch Trail, Blackshear, GA, US",31.2984214397,-82.2006646638,5,,,,5,,,false,,,,Carya illinoinensis,pecan,Plantae,67593
43010768,3a53b40d-cab8-45e2-a40f-0461dd4f750a,Thu Apr 23 2020 18:20:04 GMT-0400 (EDT),2020-04-23,2020-04-24 00:20:04 +0200,Eastern Time (US & Canada),2760654,aurigunter,,2020-04-24 02:29:51 +0200,2020-04-24 02:30:10 +0200,needs_id,CC-BY-NC,https://www.inaturalist.org/observations/43010768,https://inaturalist-open-data.s3.amazonaws.com/photos/68292765/medium.jpg,,"",,0,0,false,3,"Twin Oaks Dr, Hoboken, GA, US",31.1422,-82.1619945,10,,,,10,,,false,,,,Carya illinoinensis,pecan,Plantae,67593
43186610,95bc9b32-6454-4522-bde8-82724e1b505c,Fri Apr 24 2020 17:59:43 GMT-0400 (EDT),2020-04-24,2020-04-24 23:59:43 +0200,Eastern Time (US & Canada),2764090,coltonwright,,2020-04-24 23:59:56 +0200,2024-07-07 16:12:54 +0200,research,CC-BY-NC,https://www.inaturalist.org/observations/43186610,https://inaturalist-open-data.s3.amazonaws.com/photos/68552198/medium.jpg,,"",,1,0,false,3,"Bowen Rd, Blackshear, GA, US",31.264314176,-82.2703482044,29,,,,29,,open,false,,,pecan,Carya illinoinensis,pecan,Plantae,67593
43322785,a46c1272-45dd-4b4c-a48e-7dbf72aa2c52,Sat Apr 25 2020 10:03:16 GMT-0400 (EDT),2020-04-25,2020-04-25 16:03:16 +0200,Eastern Time (US & Canada),484730,shauna4,Shauna Dankberg,2020-04-25 16:03:43 +0200,2020-04-25 16:04:02 +0200,needs_id,,https://www.inaturalist.org/observations/43322785,https://static.inaturalist.org/photos/68756855/medium.jpg,,"",,0,0,false,3,"Grant Terr SE, Atlanta, GA, US",33.7339224201,-84.3803104387,5,,,,5,,,false,,,,Carya illinoinensis,pecan,Plantae,67593
43657127,c2b70d60-086f-444d-820c-1976a80a739a,Sun Apr 26 2020 12:42:36 GMT-0400 (EDT),2020-04-26,2020-04-26 18:42:36 +0200,Eastern Time (US & Canada),10967,running_naturalist,Eli Dickerson,2020-04-26 18:43:43 +0200,2020-04-30 23:38:25 +0200,research,CC-BY-NC,https://www.inaturalist.org/observations/43657127,https://inaturalist-open-data.s3.amazonaws.com/photos/69252528/medium.jpg,,"",,1,0,false,3,"Hillcrest Ave NE, Atlanta, GA, US",33.7539533333,-84.3145916667,,,,,,,,false,,,pecan,Carya illinoinensis,pecan,Plantae,67593
43661042,ab11242a-15cc-4658-9025-a8f88e2ea270,2020-04-26 12:55:21 PM EDT,2020-04-26,2020-04-26 18:55:21 +0200,Eastern Time (US & Canada),427588,priya4,Priya Jakhmola,2020-04-26 18:57:22 +0200,2020-04-26 18:57:39 +0200,needs_id,,https://www.inaturalist.org/observations/43661042,https://static.inaturalist.org/photos/69258071/medium.jpeg,,"",,0,0,false,2,"Loganville, GA 30052, USA",33.863125,-83.92319506,9,,,,9,,,false,,,pecan,Carya illinoinensis,pecan,Plantae,67593
43661146,eecc7109-f34c-44e9-b616-469746dc9c5b,Sun Apr 26 2020 12:55:02 GMT-0400 (EDT),2020-04-26,2020-04-26 18:55:02 +0200,Eastern Time (US & Canada),1643146,saanvi2019,,2020-04-26 18:57:45 +0200,2020-04-30 23:35:24 +0200,research,CC-BY-NC,https://www.inaturalist.org/observations/43661146,https://inaturalist-open-data.s3.amazonaws.com/photos/69258233/medium.jpg,,"",,1,0,false,3,"Vines Botanical Gardens, Loganville, GA, US",33.8632890923,-83.9232462745,6,,,,6,,,false,,,pecan,Carya illinoinensis,pecan,Plantae,67593
43690650,af7ab617-8bf9-44f4-91c6-941581bb38f3,Sun Apr 26 2020 14:41:30 GMT-0400 (EDT),2020-04-26,2020-04-26 20:41:30 +0200,Eastern Time (US & Canada),2830680,lesliekaren,,2020-04-26 20:41:50 +0200,2020-04-30 23:16:04 +0200,needs_id,CC-BY-NC,https://www.inaturalist.org/observations/43690650,https://inaturalist-open-data.s3.amazonaws.com/photos/69302006/medium.jpg,,"",,0,0,false,3,"Brookhaven Park, Brookhaven, GA, US",33.8652702375,-84.3401758746,5,,,,5,,,false,,,,Carya illinoinensis,pecan,Plantae,67593
43690906,6daa5a0c-797a-40c4-89f8-6c92a5f310d4,Sun Apr 26 2020 14:42:34 GMT-0400 (EDT),2020-04-26,2020-04-26 20:42:34 +0200,Eastern Time (US & Canada),2830680,lesliekaren,,2020-04-26 20:42:43 +0200,2020-04-30 23:15:07 +0200,needs_id,CC-BY-NC,https://www.inaturalist.org/observations/43690906,https://inaturalist-open-data.s3.amazonaws.com/photos/69302340/medium.jpg,,"",,0,0,false,3,"Brookhaven Park, Brookhaven, GA, US",33.8652687706,-84.340166906,5,,,,5,,,false,,,,Carya illinoinensis,pecan,Plantae,67593
43746062,623be5ec-1ad8-4db7-8079-72bff1104b13,2020-04-26 5:38:12 PM EDT,2020-04-26,2020-04-26 23:38:12 +0200,Eastern Time (US & Canada),207840,charl33girl,Charlee Glenn,2020-04-26 23:55:43 +0200,2020-04-30 00:07:25 +0200,research,,https://www.inaturalist.org/observations/43746062,https://static.inaturalist.org/photos/69385375/medium.jpeg,,"",,1,0,false,2,Rex,33.5914011462,-84.2687010393,4208,,,,4208,,,false,gps,gps,pecan,Carya illinoinensis,pecan,Plantae,67593
43768235,cf4bc6b3-8d83-463a-959b-ea9e4e550e15,2020/04/25 1:53 PM EDT,2020-04-25,2020-04-25 19:53:00 +0200,Eastern Time (US & Canada),1279849,laalv1,"",2020-04-27 01:18:51 +0200,2026-01-15 18:31:26 +0100,research,CC-BY,https://www.inaturalist.org/observations/43768235,https://inaturalist-open-data.s3.amazonaws.com/photos/69414907/medium.jpg,,"",,1,0,false,,"Forsyth County, GA, USA",34.3146209,-84.0328714997,49,,,,49,,,false,,,pecan,Carya illinoinensis,pecan,Plantae,67593
43920522,27f357a4-d188-4adb-a111-296c0ed35daf,Mon Apr 27 2020 11:59:39 GMT-0400 (EDT),2020-04-27,2020-04-27 17:59:39 +0200,Eastern Time (US & Canada),2847013,sam811,Sam Cartin,2020-04-27 18:23:11 +0200,2020-04-30 00:00:52 +0200,research,,https://www.inaturalist.org/observations/43920522,https://static.inaturalist.org/photos/70000484/medium.jpg,,"",,1,0,false,3,"Allene Ave SW, Atlanta, GA, US",33.7255066121,-84.4134451915,10,,,,10,,,false,,,pecan,Carya illinoinensis,pecan,Plantae,67593
43995279,2ea5b1d8-ff70-467c-9197-6f4e0d856cfc,2020-04-27 5:31:08 PM EDT,2020-04-27,2020-04-27 23:31:08 +0200,Eastern Time (US & Canada),2645243,ladylorax,Miranda,2020-04-27 23:33:02 +0200,2020-04-28 01:58:50 +0200,research,CC-BY-NC,https://www.inaturalist.org/observations/43995279,https://inaturalist-open-data.s3.amazonaws.com/photos/69761908/medium.jpeg,,"",,1,0,false,2,"Catoosa County, US-GA, US",34.97416643,-85.11230096,8,,,,8,,,false,,,pecan,Carya illinoinensis,pecan,Plantae,67593
44252133,c171726b-e598-4dea-a345-25fd8d6d4020,Wed Apr 29 2020 10:12:03 GMT-0400 (EDT),2020-04-29,2020-04-29 16:12:03 +0200,Eastern Time (US & Canada),1671196,christi33,Christi Dennis Legg,2020-04-29 16:13:03 +0200,2020-04-29 16:13:12 +0200,needs_id,,https://www.inaturalist.org/observations/44252133,https://static.inaturalist.org/photos/70161545/medium.jpg,,"",,0,0,false,3,"Fort Yargo State Park, Winder, GA, US",33.9639386908,-83.7238742319,5,,,,5,,,false,,,,Carya illinoinensis,pecan,Plantae,67593
44256848,c9c41d48-ed14-4869-b9b3-6a22a7a2d1e4,Wed Apr 29 2020 11:04:43 GMT-0400 (EDT),2020-04-29,2020-04-29 17:04:43 +0200,Eastern Time (US & Canada),2672667,farmerned,,2020-04-29 17:05:50 +0200,2020-04-29 17:06:02 +0200,needs_id,,https://www.inaturalist.org/observations/44256848,https://static.inaturalist.org/photos/70168963/medium.jpg,,"",,0,0,false,3,"Georgia, US",34.263552852,-84.0384401279,30,,,,28846,obscured,,true,,,,Carya illinoinensis,pecan,Plantae,67593
44277376,e8626cd1-0985-48d2-a8c6-4d149750bf2f,Thu Apr 09 2020 07:23:50 GMT-0400 (EDT),2020-04-09,2020-04-09 13:23:50 +0200,Eastern Time (US & Canada),861411,andreaapplepie,"",2020-04-29 20:08:44 +0200,2020-04-29 20:08:56 +0200,needs_id,,https://www.inaturalist.org/observations/44277376,https://static.inaturalist.org/photos/70200784/medium.jpg,,"",,0,0,false,3,"Springhill Dr, Statesboro, GA, US",32.4059,-81.76461667,5,,,,5,,,false,,,,Carya illinoinensis,pecan,Plantae,67593
45178156,04d8f714-fdd5-4146-ac41-0fb538f1a009,Thu May 07 2020 11:19:44 GMT-0400 (EDT),2020-05-07,2020-05-07 17:19:44 +0200,Eastern Time (US & Canada),2058722,kblane,Kate Blane,2020-05-07 18:39:40 +0200,2025-12-19 19:57:02 +0100,research,CC-BY-NC,https://www.inaturalist.org/observations/45178156,https://inaturalist-open-data.s3.amazonaws.com/photos/71654523/medium.jpg,,"",,1,0,false,3,"Three Oaks Dr, Athens, GA, US",33.99125,-83.4895033333,,,,,,,open,false,,,pecan,Carya illinoinensis,pecan,Plantae,67593
45291939,9791c951-9975-4e32-b407-b31f0752004f,Fri May 08 2020 14:49:54 GMT-0400 (EDT),2020-05-08,2020-05-08 20:49:54 +0200,Eastern Time (US & Canada),2607695,ochancock,,2020-05-08 20:50:15 +0200,2020-05-09 01:09:10 +0200,research,CC-BY-NC,https://www.inaturalist.org/observations/45291939,https://inaturalist-open-data.s3.amazonaws.com/photos/71813711/medium.jpg,,"",,1,0,false,3,"W Inaha Rd, Sycamore, GA, US",31.6152047413,-83.619868476,5,,,,5,,,false,,,pecan,Carya illinoinensis,pecan,Plantae,67593
45839870,0fbd2d8f-22b7-4b03-b5ab-01b83f28ec23,Wed May 13 2020 20:22:25 GMT-0400 (EDT),2020-05-13,2020-05-14 02:22:25 +0200,Eastern Time (US & Canada),2946600,stefanielcarter,,2020-05-14 04:25:58 +0200,2020-05-14 04:26:27 +0200,needs_id,CC-BY-NC,https://www.inaturalist.org/observations/45839870,https://inaturalist-open-data.s3.amazonaws.com/photos/72701827/medium.jpg,,"",,0,0,false,3,"Georgia, US",33.9992685563,-83.8011375712,65,,,,28902,obscured,,true,,,,Carya illinoinensis,pecan,Plantae,67593
45879714,29ef8027-04a5-4fdd-9988-1b2d99109c73,2020-05-14 11:56:47 AM EDT,2020-05-14,2020-05-14 17:56:47 +0200,Eastern Time (US & Canada),2962686,jeffmahr,"",2020-05-14 18:02:18 +0200,2020-05-14 18:03:46 +0200,needs_id,CC-BY-NC,https://www.inaturalist.org/observations/45879714,https://inaturalist-open-data.s3.amazonaws.com/photos/72766657/medium.jpeg,,"",Growing where parking lot borders on smalll undeveloped area,0,0,false,2,"Stone Mountain, GA 30083, USA",33.8239749894,-84.1925204359,12,,,,12,,,false,,,pecan,Carya illinoinensis,pecan,Plantae,67593
45895379,7c39111b-11e2-4e9a-8b9e-d8fe178178e3,Wed May 13 2020 20:22:41 GMT-0400 (EDT),2020-05-13,2020-05-14 02:22:41 +0200,Eastern Time (US & Canada),2943583,ecoxf,,2020-05-14 20:46:39 +0200,2020-05-14 23:45:07 +0200,research,CC-BY-NC,https://www.inaturalist.org/observations/45895379,https://inaturalist-open-data.s3.amazonaws.com/photos/72790900/medium.jpg,,"",,1,0,false,3,"Georgia, US",33.8019225856,-83.9576595511,6,,,,28902,obscured,,true,,,pecan,Carya illinoinensis,pecan,Plantae,67593
46005879,0c8386c6-41ba-4022-b155-94e3c8787f95,Thu May 14 2020 19:53:48 GMT-0400 (EDT),2020-05-14,2020-05-15 01:53:48 +0200,Eastern Time (US & Canada),437880,thomasnsheehan,Tom Sheehan,2020-05-15 22:00:08 +0200,2020-05-15 22:00:16 +0200,needs_id,CC-BY-NC,https://www.inaturalist.org/observations/46005879,https://inaturalist-open-data.s3.amazonaws.com/photos/72966724/medium.jpg,,"",,0,0,false,3,"Culbreth St, Bainbridge, GA, US",30.89529167,-84.56355333,5,,,,5,,,false,,,,Carya illinoinensis,pecan,Plantae,67593
46886275,642cf4cf-9270-4f8f-b3e6-7ebaee3ff349,2020-05-22 4:31:02 PM EDT,2020-05-22,2020-05-22 22:31:02 +0200,Eastern Time (US & Canada),2511843,gregstephens,Greg Stephens,2020-05-22 22:34:09 +0200,2020-05-22 22:35:23 +0200,needs_id,,https://www.inaturalist.org/observations/46886275,https://static.inaturalist.org/photos/74357981/medium.jpeg,,"",,0,0,false,2,"Bishop, GA 30621, USA",33.842665921,-83.4950018395,9,,,,9,,,false,,,pecan,Carya illinoinensis,pecan,Plantae,67593
47786247,d9d295d0-2dec-488a-bfdc-3c103a716a5c,Fri May 29 2020 17:19:56 GMT-0400 (EDT),2020-05-29,2020-05-29 23:19:56 +0200,Eastern Time (US & Canada),359570,bill_sheehan,Bill Sheehan,2020-05-30 01:14:55 +0200,2025-12-19 19:49:26 +0100,research,CC-BY-NC,https://www.inaturalist.org/observations/47786247,https://inaturalist-open-data.s3.amazonaws.com/photos/75801011/medium.jpg,,"",,1,0,false,3,"Three Oaks Dr, Athens, GA, US",33.99178667,-83.49261333,48,,,,48,,open,false,,,pecan,Carya illinoinensis,pecan,Plantae,67593
47897852,95666274-0b6b-4ea0-b35b-9fda1125d568,Sat May 30 2020 16:58:01 GMT-0400 (EDT),2020-05-30,2020-05-30 22:58:01 +0200,Eastern Time (US & Canada),3081744,emma_fischer,,2020-05-30 22:59:21 +0200,2020-05-30 22:59:28 +0200,needs_id,CC-BY-NC,https://www.inaturalist.org/observations/47897852,https://inaturalist-open-data.s3.amazonaws.com/photos/75978811/medium.jpg,,"",,0,0,false,3,"Westlawn Dr, Grovetown, GA, US",33.4984968038,-82.2230882884,65,,,,65,,,false,,,,Carya illinoinensis,pecan,Plantae,67593
48071900,e77f39fd-90df-40d6-8978-e854d6d017ad,2020-05-31 1:35:46 PM EDT,2020-05-31,2020-05-31 19:35:46 +0200,Eastern Time (US & Canada),209047,jsiegma,Jennifer Siegmann,2020-06-01 03:27:57 +0200,2024-11-25 04:14:08 +0100,needs_id,CC0,https://www.inaturalist.org/observations/48071900,https://inaturalist-open-data.s3.amazonaws.com/photos/76256889/medium.jpeg,,"",,0,0,false,2,"Kings Bay Base, GA, USA",30.8036675833,-81.5539864722,,,,,,,open,false,gps,gps,pecan,Carya illinoinensis,pecan,Plantae,67593
48547725,4e500803-02ae-42df-9efb-4a9fa3cd5652,Thu Jun 04 2020 18:51:44 GMT-0400 (EDT),2020-06-04,2020-06-05 00:51:44 +0200,Eastern Time (US & Canada),2901234,sarahmurray,Sarah Murray,2020-06-05 17:50:08 +0200,2023-04-10 02:00:53 +0200,needs_id,,https://www.inaturalist.org/observations/48547725,https://static.inaturalist.org/photos/77039361/medium.jpg,,"",,0,0,false,3,"Cumming, GA, US",34.24997,-84.13469717,26,,,,26,,,false,,,,Carya illinoinensis,pecan,Plantae,67593
49130637,e42a2c4f-75de-4c1d-990f-bbbcddcec6a0,2020-06-10 11:40:18 AM EDT,2020-06-10,2020-06-10 17:40:18 +0200,Eastern Time (US & Canada),3068199,wreeves,,2020-06-10 17:42:16 +0200,2020-06-10 17:42:27 +0200,needs_id,CC-BY-NC,https://www.inaturalist.org/observations/49130637,https://inaturalist-open-data.s3.amazonaws.com/photos/77984713/medium.jpeg,,"",,0,0,false,2,"McDonough, GA 30252, USA",33.4126588,-84.0772394,40,,,,40,,,false,,,pecan,Carya illinoinensis,pecan,Plantae,67593
49132383,91e38ddb-0601-4316-a029-2dafa65614c6,Wed Jun 10 2020 11:57:35 GMT-0400 (EDT),2020-06-10,2020-06-10 17:57:35 +0200,Eastern Time (US & Canada),1476763,sunnytharp,,2020-06-10 17:59:24 +0200,2020-06-10 18:07:47 +0200,research,CC-BY-NC,https://www.inaturalist.org/observations/49132383,https://inaturalist-open-data.s3.amazonaws.com/photos/77987419/medium.jpg,,"",,1,0,false,3,"310 Kathryn Ave, Decatur, GA, US",33.7825222453,-84.3116505817,10,,,,10,,,false,,,pecan,Carya illinoinensis,pecan,Plantae,67593
50185332,f73d5af2-8685-4295-8e64-51fbe9fc4059,2020-06-19 3:52:42 PM EDT,2020-06-19,2020-06-19 21:52:42 +0200,Eastern Time (US & Canada),2908878,joeystraight,Joey Straight,2020-06-19 21:56:09 +0200,2020-06-19 21:56:22 +0200,needs_id,,https://www.inaturalist.org/observations/50185332,https://static.inaturalist.org/photos/79691658/medium.jpeg,,"",,0,0,false,2,"Athens, GA 30607, USA",34.05183558,-83.47123703,13,,,,13,,,false,,,pecan,Carya illinoinensis,pecan,Plantae,67593
50719445,66726c93-8023-4841-bea2-81385b0d7959,2020-06-23 7:12:35 PM EDT,2020-06-23,2020-06-24 01:12:35 +0200,Eastern Time (US & Canada),2350914,samrapoport3,,2020-06-24 01:13:50 +0200,2020-06-24 01:14:14 +0200,needs_id,CC-BY-NC,https://www.inaturalist.org/observations/50719445,https://inaturalist-open-data.s3.amazonaws.com/photos/80552967/medium.jpeg,,"",,0,0,false,2,"Home Park, Atlanta, GA, USA",33.78454274,-84.40204749,7,,,,7,,,false,,,pecan,Carya illinoinensis,pecan,Plantae,67593
50917780,8eb0c1fc-db2d-4677-a4d9-062df8c833a4,2020/06/25 10:42 AM HST,2020-06-25,2020-06-25 22:42:00 +0200,Hawaii,860021,emilyjen10,,2020-06-25 22:07:34 +0200,2020-06-25 22:07:34 +0200,needs_id,CC-BY-NC,https://www.inaturalist.org/observations/50917780,https://inaturalist-open-data.s3.amazonaws.com/photos/80872325/medium.jpeg,,"",,0,0,false,,"Houston County, GA, USA",32.3289805556,-83.8280944444,5,,,,5,,,false,,,Pecan,Carya illinoinensis,pecan,Plantae,67593
51263079,9d0c4009-7d7e-4b21-9014-6d8d010d7d96,2020/06/28 1:14 PM EDT,2020-06-28,2020-06-28 19:14:00 +0200,Eastern Time (US & Canada),3090634,lclemens,,2020-06-28 20:47:31 +0200,2020-06-28 20:47:31 +0200,needs_id,,https://www.inaturalist.org/observations/51263079,https://static.inaturalist.org/photos/81427201/medium.jpeg,,"",,0,0,false,,"Covington, GA, USA",33.5967815,-83.8601827,7879,,,,7879,,,false,,,Pecan,Carya illinoinensis,pecan,Plantae,67593
51865986,f7af4cb4-efb5-4ffe-ad7e-60dd6b307b84,Mon May 04 2020 15:57:35 GMT-0400 (EDT),2020-05-04,2020-05-04 21:57:35 +0200,Eastern Time (US & Canada),305421,benproulx,Benjamin Proulx,2020-07-04 04:41:50 +0200,2020-07-04 04:42:39 +0200,needs_id,,https://www.inaturalist.org/observations/51865986,https://static.inaturalist.org/photos/82426711/medium.jpg,,"",,0,0,false,3,"Georgia, US",33.6154018638,-83.4096511178,10,,,,28930,obscured,,true,,,,Carya illinoinensis,pecan,Plantae,67593
51956901,1773003d-22be-4b9e-8f41-3fb45eb189e1,2020-07-04 6:10:11 PM EDT,2020-07-04,2020-07-05 00:10:11 +0200,Eastern Time (US & Canada),3282667,howardparsons,Howard Parsons,2020-07-05 00:18:11 +0200,2020-07-09 21:58:24 +0200,research,,https://www.inaturalist.org/observations/51956901,https://static.inaturalist.org/photos/82573757/medium.jpeg,,"",,1,0,false,2,Perry,32.4582065976,-83.7315722555,22504,,,,22504,,,false,gps,gps,pecan,Carya illinoinensis,pecan,Plantae,67593
52905894,2d1f1663-42d3-4f3d-9c5c-8d6e00d7f25a,Sat May 09 2020 15:10:26 GMT-0400 (EDT),2020-05-09,2020-05-09 21:10:26 +0200,Eastern Time (US & Canada),2901234,sarahmurray,Sarah Murray,2020-07-13 06:45:33 +0200,2020-07-13 06:45:47 +0200,needs_id,,https://www.inaturalist.org/observations/52905894,https://static.inaturalist.org/photos/84125965/medium.jpg,,"",,0,0,false,3,"Brannon Rd, Cumming, GA, US",34.15121117,-84.16761167,5,,,,5,,,false,,,,Carya illinoinensis,pecan,Plantae,67593
53438540,aeb04b33-020a-4dfd-a303-2771a5ee7b5b,2020/07/11 3:38 PM EDT,2020-07-11,2020-07-12 03:38:00 +0200,Hawaii,3148468,gracieedeh,,2020-07-18 06:01:38 +0200,2020-07-20 22:51:38 +0200,research,CC-BY-NC,https://www.inaturalist.org/observations/53438540,https://inaturalist-open-data.s3.amazonaws.com/photos/84993202/medium.jpg,,ID3,rigid bark ,2,0,false,,"Georgia, US",33.7835805765,-84.1453892754,1136,,,,28930,obscured,,true,,,pecan,Carya illinoinensis,pecan,Plantae,67593
54041622,f4aaa073-5c96-4b65-8f9b-00aea41bbad2,2020-07-23 7:05:12 AM EDT,2020-07-23,2020-07-23 13:05:12 +0200,Eastern Time (US & Canada),1274270,notyetvegan,,2020-07-23 13:36:44 +0200,2020-07-23 14:22:52 +0200,research,CC-BY-NC,https://www.inaturalist.org/observations/54041622,https://inaturalist-open-data.s3.amazonaws.com/photos/85971428/medium.jpeg,,"",,1,0,false,2,Duluth,34.0030854817,-84.1446374729,8415,,,,8415,,,false,gps,gps,pecan,Carya illinoinensis,pecan,Plantae,67593
55191148,2d1bc3bd-0282-4a58-87ba-57cf42a2575e,Sun Aug 02 2020 14:17:27 GMT-0400 (EDT),2020-08-02,2020-08-02 20:17:27 +0200,Eastern Time (US & Canada),1264003,camcamcam,,2020-08-02 21:10:48 +0200,2022-08-11 02:48:30 +0200,research,,https://www.inaturalist.org/observations/55191148,https://static.inaturalist.org/photos/87863276/medium.jpg,,"",,1,0,false,3,"Dill Ave SW, Atlanta, GA, US",33.717975,-84.41932,10,,,,10,,,false,,,pecan,Carya illinoinensis,pecan,Plantae,67593
55246866,c2a12980-9402-4638-94a5-93f0fb9b3df0,Tue Jun 23 2020 10:45:16 GMT-0400 (EDT),2020-06-23,2020-06-23 16:45:16 +0200,Eastern Time (US & Canada),1425903,larussell424,,2020-08-03 07:04:22 +0200,2020-08-29 18:00:09 +0200,needs_id,CC-BY-NC,https://www.inaturalist.org/observations/55246866,https://inaturalist-open-data.s3.amazonaws.com/photos/92446115/medium.jpg,,"",,0,0,false,3,"Esten St SE, Atlanta, GA, US",33.7519119189,-84.3529662013,65,,,,65,,,false,,,,Carya illinoinensis,pecan,Plantae,67593
55487278,11195f05-b02a-401d-b4f9-26f7d0c90e56,2020-08-04 7:13:29 PM EDT,2020-08-04,2020-08-05 01:13:29 +0200,Eastern Time (US & Canada),2700637,britneya,Britney Abrahamson,2020-08-05 15:36:20 +0200,2022-08-11 02:48:26 +0200,research,,https://www.inaturalist.org/observations/55487278,https://static.inaturalist.org/photos/88358921/medium.jpeg,,"",,2,0,false,2,"Augusta, GA 30907, USA",33.5428944547,-82.0323777571,263,,,,263,,open,false,gps,gps,pecan,Carya illinoinensis,pecan,Plantae,67593
55487930,03af755a-d4ca-4233-a2d6-ba44c89624e4,Wed Aug 05 2020 09:43:30 GMT-0400 (EDT),2020-08-05,2020-08-05 15:43:30 +0200,Eastern Time (US & Canada),3266749,davidgarner1,David Garner,2020-08-05 15:43:46 +0200,2022-08-11 02:48:18 +0200,research,,https://www.inaturalist.org/observations/55487930,https://static.inaturalist.org/photos/88359782/medium.jpg,,"",,1,0,false,3,"Oaklawn Ave NE, Brookhaven, GA, US",33.8644961702,-84.3356569555,23,,,,23,,open,false,,,pecan,Carya illinoinensis,pecan,Plantae,67593
55488177,1022d347-1acb-4d0d-97a9-9128a37901f5,Wed Aug 05 2020 09:46:38 GMT-0400 (EDT),2020-08-05,2020-08-05 15:46:38 +0200,Eastern Time (US & Canada),3266749,davidgarner1,David Garner,2020-08-05 15:46:47 +0200,2022-08-11 02:48:01 +0200,research,,https://www.inaturalist.org/observations/55488177,https://static.inaturalist.org/photos/88360162/medium.jpg,,"",,1,0,false,3,"Oaklawn Ave NE, Brookhaven, GA, US",33.8643448621,-84.3352058974,14,,,,14,,open,false,,,pecan,Carya illinoinensis,pecan,Plantae,67593
55504603,f329f2bc-9797-460e-a41d-7e686778ff88,Wed Aug 05 2020 12:28:18 GMT-0400 (EDT),2020-08-05,2020-08-05 18:28:18 +0200,Eastern Time (US & Canada),2756426,stephenfrix,Stephen Frix,2020-08-05 18:28:28 +0200,2022-08-11 02:47:54 +0200,research,,https://www.inaturalist.org/observations/55504603,https://static.inaturalist.org/photos/88386663/medium.jpg,,"",,1,0,false,3,"Walnut Grove Rd SE, Cartersville, GA, US",34.1468462821,-84.8298504906,14,,,,14,,open,false,,,pecan,Carya illinoinensis,pecan,Plantae,67593
55619546,a207c4d1-b242-4c43-aad1-3deaa0d4ab63,Thu Aug 06 2020 13:52:01 GMT-0400 (EDT),2020-08-06,2020-08-06 19:52:01 +0200,Eastern Time (US & Canada),3431001,kellylivingston,Kelly Livingston,2020-08-06 19:55:27 +0200,2022-08-11 02:47:45 +0200,research,,https://www.inaturalist.org/observations/55619546,https://static.inaturalist.org/photos/88577627/medium.jpg,,"",,1,0,false,3,"Clairwood Terr, Chamblee, GA, US",33.883124359,-84.3112455136,19,,,,19,,open,false,,,pecan,Carya illinoinensis,pecan,Plantae,67593
55712814,35043e71-9961-4f8b-9abf-07d6d8c045d4,Fri Aug 07 2020 12:58:12 GMT-0400 (EDT),2020-08-07,2020-08-07 18:58:12 +0200,Eastern Time (US & Canada),3266749,davidgarner1,David Garner,2020-08-07 18:58:41 +0200,2022-08-11 02:47:39 +0200,research,,https://www.inaturalist.org/observations/55712814,https://static.inaturalist.org/photos/88731017/medium.jpg,,"",,1,0,false,3,"Dresden Dr NE, Brookhaven, GA, US",33.8615418241,-84.325292192,33,,,,33,,open,false,,,pecan,Carya illinoinensis,pecan,Plantae,67593
56133784,e089af7a-191c-4ba3-b3cf-ce354dcb13a0,2020-08-11 11:25:31 AM EDT,2020-08-11,2020-08-11 17:25:31 +0200,Eastern Time (US & Canada),3450980,isaiah1255,"",2020-08-11 17:39:18 +0200,2022-08-11 02:47:30 +0200,research,CC-BY-NC,https://www.inaturalist.org/observations/56133784,https://inaturalist-open-data.s3.amazonaws.com/photos/89430373/medium.jpeg,,"",,1,0,false,2,"Rex, GA 30273, USA",33.5654860833,-84.2952082778,,,,,,,open,false,gps,gps,pecan,Carya illinoinensis,pecan,Plantae,67593
56258790,84b56db1-d01f-47f9-9a4a-d3521366050d,2020/08/12 7:49 AM EDT,2020-08-12,2020-08-12 13:49:00 +0200,Eastern Time (US & Canada),907409,mfeaver,"",2020-08-12 22:49:38 +0200,2023-06-17 19:49:30 +0200,research,CC-BY,https://www.inaturalist.org/observations/56258790,https://inaturalist-open-data.s3.amazonaws.com/photos/89641434/medium.jpeg,,"",,1,0,false,,"Decatur County, GA, USA",30.8192016667,-84.6607933333,,,,,,,,false,,,pecan,Carya illinoinensis,pecan,Plantae,67593
56336660,3f7a750d-5a2d-421b-b4ca-dccde01e7f39,2020-08-13 1:12:56 PM EDT,2020-08-13,2020-08-13 19:12:56 +0200,Eastern Time (US & Canada),33416,outdoorgirl247,Evonne Blythers,2020-08-13 19:14:25 +0200,2020-08-13 23:48:30 +0200,research,,https://www.inaturalist.org/observations/56336660,https://static.inaturalist.org/photos/89770937/medium.jpeg,,"",Butler Plantation,1,0,false,2,"Darien, GA 31305, USA",31.3546317397,-81.4475901425,10,,,,10,,,false,,,pecan,Carya illinoinensis,pecan,Plantae,67593
56681198,2b6ecbce-f9d9-4082-9665-d8a80742a365,2020-08-16 5:51:01 PM EDT,2020-08-16,2020-08-16 23:51:01 +0200,Eastern Time (US & Canada),3473923,stevenhill2,Steven Hill,2020-08-16 23:51:21 +0200,2022-08-11 02:47:24 +0200,research,,https://www.inaturalist.org/observations/56681198,https://static.inaturalist.org/photos/90341905/medium.jpeg,,"",,2,0,false,2,"Perry, GA, USA",32.45796618,-83.71867406,9,,,,9,,open,false,,,pecan,Carya illinoinensis,pecan,Plantae,67593
56931546,0fe9013d-f594-45ab-9fa5-02dfd12890d8,Wed Aug 19 2020 09:45:17 GMT-0400 (EDT),2020-08-19,2020-08-19 15:45:17 +0200,Eastern Time (US & Canada),2344422,karseward,,2020-08-19 15:51:01 +0200,2022-08-11 02:47:12 +0200,research,CC-BY-NC,https://www.inaturalist.org/observations/56931546,https://inaturalist-open-data.s3.amazonaws.com/photos/90765406/medium.jpg,,"",,1,0,false,3,"Quitman, GA, US",30.8401511396,-83.4988356853,4,,,,4,,open,false,,,pecan,Carya illinoinensis,pecan,Plantae,67593
57138225,c93946de-5f18-425c-8ea2-4489bb8335cd,2020-08-21 1:15:30 PM EDT,2020-08-21,2020-08-21 19:15:30 +0200,Eastern Time (US & Canada),1506782,carlingkirk,Carling Kirk,2020-08-21 19:16:07 +0200,2022-08-11 02:46:58 +0200,research,,https://www.inaturalist.org/observations/57138225,https://static.inaturalist.org/photos/91115000/medium.jpeg,,"",,1,0,false,2,"Conyers, GA 30094, USA",33.5939082,-84.0743836,2299,,,,2299,,open,false,,,pecan,Carya illinoinensis,pecan,Plantae,67593
57235481,5018360b-2ff5-4bc2-9ced-502011af351e,Sat Aug 22 2020 11:19:28 GMT-0400 (EDT),2020-08-22,2020-08-22 17:19:28 +0200,Eastern Time (US & Canada),3366215,zabrahm,,2020-08-22 18:56:45 +0200,2022-08-11 02:46:53 +0200,research,CC-BY-NC,https://www.inaturalist.org/observations/57235481,https://inaturalist-open-data.s3.amazonaws.com/photos/91277144/medium.jpg,,"",,1,0,false,3,"Augusta Levee Rd, Augusta, GA, US",33.54264167,-82.032075,4,,,,4,,,false,,,pecan,Carya illinoinensis,pecan,Plantae,67593
57361274,e35838b5-79ed-4535-82e6-a15437b202f5,2020-08-23 2:27:55 PM EDT,2020-08-23,2020-08-23 20:27:55 +0200,Eastern Time (US & Canada),2382825,bombus_frankii,Francis Mullan,2020-08-23 20:29:52 +0200,2022-08-11 02:46:50 +0200,research,,https://www.inaturalist.org/observations/57361274,https://static.inaturalist.org/photos/91486810/medium.jpeg,,"",,1,0,false,2,"Poncey-Highland, Atlanta, GA, USA",33.76999511,-84.35072758,9,,,,9,,open,false,,,pecan,Carya illinoinensis,pecan,Plantae,67593
57380901,087e37f7-deba-4559-b389-0333ad5e99ad,Sun Aug 23 2020 17:14:34 GMT-0400 (EDT),2020-08-23,2020-08-23 23:14:34 +0200,Eastern Time (US & Canada),3277646,marykirkley,Mary Kirkley,2020-08-23 23:15:21 +0200,2022-08-11 02:46:39 +0200,research,,https://www.inaturalist.org/observations/57380901,https://static.inaturalist.org/photos/91519862/medium.jpg,,"",,2,0,false,3,"Minter Dr, Eastman, GA, US",32.18064167,-83.16971667,5,,,,5,,open,false,,,pecan,Carya illinoinensis,pecan,Plantae,67593
58092177,63dec87b-ef89-4f60-8a22-6c1fbcf2218a,Sun Aug 30 2020 18:46:06 GMT-0400 (EDT),2020-08-30,2020-08-31 00:46:06 +0200,Eastern Time (US & Canada),3496186,kateriben,,2020-08-31 00:46:30 +0200,2022-08-11 02:46:30 +0200,research,CC-BY-NC,https://www.inaturalist.org/observations/58092177,https://inaturalist-open-data.s3.amazonaws.com/photos/92713886/medium.jpg,,"",,1,0,false,3,"Callis Rd, Bronwood, GA, US",31.8233615114,-84.3627510221,10,,,,10,,open,false,,,pecan,Carya illinoinensis,pecan,Plantae,67593
58160335,1f6ac780-485c-45a8-8103-4e55afb538c5,Mon Aug 31 2020 12:49:21 GMT-0400 (EDT),2020-08-31,2020-08-31 18:49:21 +0200,Eastern Time (US & Canada),3034201,runningamy,,2020-08-31 19:03:43 +0200,2022-08-11 02:45:57 +0200,research,CC-BY-NC,https://www.inaturalist.org/observations/58160335,https://inaturalist-open-data.s3.amazonaws.com/photos/92830934/medium.jpg,,"",,1,0,false,3,"Redan Rd, Stone Mountain, GA, US",33.7640931208,-84.2287365038,22,,,,22,,open,false,,,pecan,Carya illinoinensis,pecan,Plantae,67593
58278281,cecad667-8a11-41ec-bdf0-3ae6bb12b366,Tue Sep 01 2020 16:59:52 GMT-0400 (EDT),2020-09-01,2020-09-01 22:59:52 +0200,Eastern Time (US & Canada),3375261,sundancer2,,2020-09-01 23:02:04 +0200,2020-09-02 00:49:01 +0200,research,CC-BY-NC,https://www.inaturalist.org/observations/58278281,https://inaturalist-open-data.s3.amazonaws.com/photos/93029484/medium.jpg,,"",,1,0,false,3,"Heritage Park, McDonough, GA, US",33.4424986923,-84.120281255,5,,,,5,,,false,,,pecan,Carya illinoinensis,pecan,Plantae,67593
58299093,805bde3a-0db8-4f88-b1d7-c843da0aee17,Tue Sep 01 2020 17:44:01 GMT-0400 (EDT),2020-09-01,2020-09-01 23:44:01 +0200,Eastern Time (US & Canada),764155,whatch11,Wes Hatch,2020-09-02 03:37:06 +0200,2021-01-21 19:51:41 +0100,research,,https://www.inaturalist.org/observations/58299093,https://static.inaturalist.org/photos/93063768/medium.jpg,,"",,1,0,false,3,"Mud Creek Rd, Albany, GA, US",31.5652257262,-84.3673892164,4,,,,4,,,false,,,pecan,Carya illinoinensis,pecan,Plantae,67593
58777551,8e0f01b1-417a-4799-b266-d357bf445589,Sun Sep 06 2020 18:32:22 GMT-0400 (EDT),2020-09-06,2020-09-07 00:32:22 +0200,Eastern Time (US & Canada),3570873,evanharper,Evan Harper,2020-09-07 00:33:08 +0200,2021-10-27 04:37:48 +0200,needs_id,,https://www.inaturalist.org/observations/58777551,https://static.inaturalist.org/photos/93861490/medium.jpg,,"",,0,0,false,3,"Dr Martin Luther King Jr Pkwy, Athens, GA, US",33.9674943098,-83.3731068486,24,,,,24,,open,false,,,,Carya illinoinensis,pecan,Plantae,67593
58859870,ef4a16c9-72de-4f0e-8833-287c7f4d694a,Sat Aug 29 2020 17:22:04 GMT-0400 (EDT),2020-08-29,2020-08-29 23:22:04 +0200,Eastern Time (US & Canada),2788897,summerlindelien,Summer Lindelien,2020-09-07 19:56:47 +0200,2022-08-11 02:45:47 +0200,research,,https://www.inaturalist.org/observations/58859870,https://static.inaturalist.org/photos/93999997/medium.jpg,,"",,1,0,false,3,"Stafford St, Augusta, GA, US",33.38826667,-82.07157783,10,,,,10,,open,false,,,pecan,Carya illinoinensis,pecan,Plantae,67593
58877392,009ceb43-6f61-4d0d-b7dc-cda46bdee704,Mon Sep 07 2020 16:17:35 GMT-0400 (EDT),2020-09-07,2020-09-07 22:17:35 +0200,Eastern Time (US & Canada),2877185,hudgins,Michael Hudgins,2020-09-07 22:19:11 +0200,2020-09-07 23:00:06 +0200,research,CC-BY-NC,https://www.inaturalist.org/observations/58877392,https://inaturalist-open-data.s3.amazonaws.com/photos/94028848/medium.jpg,,"",,1,0,false,3,"Riverside, Atlanta, GA, US",33.8184818057,-84.4776408882,25,,,,25,,,false,,,pecan,Carya illinoinensis,pecan,Plantae,67593
58955641,ee2f971f-a7c3-41e2-a6c8-80859c1df7c0,Tue Sep 08 2020 11:27:21 GMT-0400 (EDT),2020-09-08,2020-09-08 17:27:21 +0200,Eastern Time (US & Canada),3526468,corinneculpepper,,2020-09-08 17:27:29 +0200,2020-09-08 17:27:59 +0200,needs_id,CC-BY-NC,https://www.inaturalist.org/observations/58955641,https://inaturalist-open-data.s3.amazonaws.com/photos/94159641/medium.jpg,,"",,0,0,false,3,"Woodrow St, Athens, GA, US",33.9401292489,-83.3848915566,4,,,,4,,,false,,,,Carya illinoinensis,pecan,Plantae,67593
59054734,f1f9a046-95b1-44a3-b25f-db04331b4032,2020-09-09 12:51:32 PM EDT,2020-09-09,2020-09-09 18:51:32 +0200,Eastern Time (US & Canada),412205,zoenatural,Zoe,2020-09-09 18:54:09 +0200,2020-09-11 05:04:00 +0200,research,CC-BY-NC,https://www.inaturalist.org/observations/59054734,https://inaturalist-open-data.s3.amazonaws.com/photos/94341868/medium.jpeg,,"",,1,0,false,2,"Macon, GA, USA",32.8421882121,-83.6077072565,10,,,,10,,,false,,,pecan,Carya illinoinensis,pecan,Plantae,67593
59244306,ecfba892-dd66-4e69-903d-7382671fa943,2020-09-11T14:40:05-04:00,2020-09-11,2020-09-11 20:40:05 +0200,UTC,2720100,trinity8705,,2020-09-11 21:08:37 +0200,2020-09-11 21:08:53 +0200,needs_id,CC-BY-NC,https://www.inaturalist.org/observations/59244306,https://inaturalist-open-data.s3.amazonaws.com/photos/94649576/medium.jpeg,,"",,0,0,false,333,"Paulding County, US-GA, US",33.8534280253,-84.8268233299,96,,,,96,,,false,,,,Carya illinoinensis,pecan,Plantae,67593
59465818,83a3661d-3950-44d2-ab2d-8807e7fee238,2020-09-13T13:10:29-04:00,2020-09-13,2020-09-13 19:10:29 +0200,UTC,3107498,gatreenerd,Georgia Tree Nerd,2020-09-13 19:10:39 +0200,2020-11-05 01:59:18 +0100,research,CC-BY-NC,https://www.inaturalist.org/observations/59465818,https://inaturalist-open-data.s3.amazonaws.com/photos/95017576/medium.jpeg,,"",,1,0,false,333,Sugar Hill,34.1336169,-84.0679589,37,,,,37,,,false,,,pecan,Carya illinoinensis,pecan,Plantae,67593
59576941,644e57a7-97c3-43da-b7c6-c0cf05ea6f42,Mon Sep 14 2020 10:09:29 GMT-0400 (EDT),2020-09-14,2020-09-14 16:09:29 +0200,Eastern Time (US & Canada),764155,whatch11,Wes Hatch,2020-09-14 16:43:42 +0200,2020-09-14 17:20:59 +0200,research,,https://www.inaturalist.org/observations/59576941,https://static.inaturalist.org/photos/95202822/medium.jpg,,"",,1,0,false,3,"Lake Sidney Lanier, Suwanee, GA, US",34.2354692847,-83.9801267506,9,,,,9,,,false,,,pecan,Carya illinoinensis,pecan,Plantae,67593
59685698,6b8d915c-100b-497c-9283-cb755f4c309c,2020-09-15 11:40:58 AM EDT,2020-09-15,2020-09-15 17:40:58 +0200,Eastern Time (US & Canada),3557969,chcribbs,,2020-09-15 17:41:20 +0200,2020-09-15 17:41:39 +0200,needs_id,CC-BY-NC,https://www.inaturalist.org/observations/59685698,https://inaturalist-open-data.s3.amazonaws.com/photos/95384228/medium.jpeg,,"",,0,0,false,2,"Statesboro, GA 30461, USA",32.3932666667,-81.68495,,,,,,,,false,gps,gps,pecan,Carya illinoinensis,pecan,Plantae,67593
59688268,d85a26bc-1989-4584-b2d4-37729d669bfa,2020-09-15 12:02:41 PM EDT,2020-09-15,2020-09-15 18:02:41 +0200,Eastern Time (US & Canada),3557969,chcribbs,,2020-09-15 18:02:53 +0200,2020-09-15 18:03:28 +0200,needs_id,CC-BY-NC,https://www.inaturalist.org/observations/59688268,https://inaturalist-open-data.s3.amazonaws.com/photos/95387646/medium.jpeg,,"",,0,0,false,2,"Statesboro, GA 30461, USA",32.3928444444,-81.6843722222,,,,,,,,false,gps,gps,pecan,Carya illinoinensis,pecan,Plantae,67593
59886635,f6acf3cb-2a0f-46fe-9843-6285e89ba66b,2020-09-17 12:54:08 PM EDT,2020-09-17,2020-09-17 18:54:08 +0200,Eastern Time (US & Canada),2882503,silmarie13,,2020-09-17 18:54:34 +0200,2020-09-17 19:18:14 +0200,needs_id,CC-BY-NC,https://www.inaturalist.org/observations/59886635,https://inaturalist-open-data.s3.amazonaws.com/photos/95723510/medium.jpeg,,"",,1,0,false,2,"Candler Park, Atlanta, GA 30307, USA",33.76222673,-84.34479344,9,,,,9,,,false,,,pecan,Carya illinoinensis,pecan,Plantae,67593
61126323,2a6769a8-aae1-4ce6-a683-192609e040a7,2020/09/09 8:55 AM EDT,2020-09-09,2020-09-09 14:55:00 +0200,Eastern Time (US & Canada),1563634,cmvaldes18,Christina M Valdes,2020-09-28 20:19:40 +0200,2020-09-28 20:31:15 +0200,research,CC-BY-NC,https://www.inaturalist.org/observations/61126323,https://inaturalist-open-data.s3.amazonaws.com/photos/97777059/medium.jpeg,,"",,1,0,false,,"Macon, GA, USA",32.84127803,-83.6094434481,199,,,,199,,,false,,,pecan,Carya illinoinensis,pecan,Plantae,67593
61165457,2b0ca1f4-a7f5-4cf2-8458-b5b5f988cdfb,Sat Sep 26 2020 15:47:08 GMT-0400 (EDT),2020-09-26,2020-09-26 21:47:08 +0200,Eastern Time (US & Canada),1042791,lily-of-the-valley,Lane E.,2020-09-29 02:35:38 +0200,2024-11-15 20:08:21 +0100,needs_id,CC-BY-NC,https://www.inaturalist.org/observations/61165457,https://inaturalist-open-data.s3.amazonaws.com/photos/97849725/medium.jpg,,"","",0,0,false,3,"Sandy Springs, GA, US",34.0005642547,-84.3598796097,206,,,,206,,open,false,,"",pecan,Carya illinoinensis,pecan,Plantae,67593
61222227,7d38cee0-c862-44aa-a0de-29f5c89284d4,Tue Sep 29 2020 12:25:51 GMT-0400 (EDT),2020-09-29,2020-09-29 18:25:51 +0200,Eastern Time (US & Canada),1597053,naturebaysmom,,2020-09-29 18:27:29 +0200,2020-09-29 20:51:30 +0200,needs_id,CC-BY-NC,https://www.inaturalist.org/observations/61222227,https://inaturalist-open-data.s3.amazonaws.com/photos/97942993/medium.jpg,,"",Smells lemony ,0,0,false,3,"Westminster Dr, Ellenwood, GA, US",33.62973333,-84.26321333,13,,,,13,,,false,,,,Carya illinoinensis,pecan,Plantae,67593
61253077,b3b7e5ae-1168-45b6-a38a-8e0d37389487,2020-09-29 6:16:23 PM EDT,2020-09-29,2020-09-30 00:16:23 +0200,America/New_York,2778155,millissadeli,Millissa Deli Kufta,2020-09-30 00:17:37 +0200,2020-09-30 00:35:03 +0200,research,CC-BY-NC,https://www.inaturalist.org/observations/61253077,https://inaturalist-open-data.s3.amazonaws.com/photos/97995700/medium.jpeg,,"",,1,0,false,2,"Marietta, GA 30060, USA",33.96724278,-84.55317446,8,,,,8,,,false,,,pecan,Carya illinoinensis,pecan,Plantae,67593
61515760,36404e02-aaec-4c14-8e1e-fba758b98969,Fri Oct 02 2020 18:27:58 GMT-0400 (EDT),2020-10-02,2020-10-03 00:27:58 +0200,Eastern Time (US & Canada),3284668,alliewisniewski,Allie Wisniewski,2020-10-03 00:29:25 +0200,2020-10-03 05:01:45 +0200,research,,https://www.inaturalist.org/observations/61515760,https://static.inaturalist.org/photos/98451302/medium.jpg,,"",,1,0,false,3,"Grant Park, Atlanta, GA, US",33.7349744897,-84.3719775058,6,,,,6,,,false,,,pecan,Carya illinoinensis,pecan,Plantae,67593
61600842,4146701b-45c4-4c0c-af21-e62466f85739,Sat Oct 03 2020 16:11:00 GMT-0400 (EDT),2020-10-03,2020-10-03 22:11:00 +0200,Eastern Time (US & Canada),3051603,mayakash28,,2020-10-03 22:11:04 +0200,2022-03-11 18:38:47 +0100,research,CC-BY-NC,https://www.inaturalist.org/observations/61600842,https://inaturalist-open-data.s3.amazonaws.com/photos/98588150/medium.jpg,,"",,2,0,false,3,"Riverbend Rd, Athens, GA, US",33.9213222161,-83.3741525631,4,,,,4,,open,false,,,pecan,Carya illinoinensis,pecan,Plantae,67593
61677154,bcfecd18-585b-4c9d-a7f6-cd9e6aa72ef6,Sun Oct 04 2020 11:38:50 GMT-0400 (EDT),2020-10-04,2020-10-04 17:38:50 +0200,Eastern Time (US & Canada),3679999,jasonzarge,,2020-10-04 17:39:30 +0200,2020-10-04 19:07:38 +0200,research,CC-BY-NC,https://www.inaturalist.org/observations/61677154,https://inaturalist-open-data.s3.amazonaws.com/photos/98720151/medium.jpg,,"",,1,0,false,3,"Highland Lake Cir, Decatur, GA, US",33.8036450921,-84.3093908813,1414,,,,1414,,,false,,,pecan,Carya illinoinensis,pecan,Plantae,67593
62303295,9b61d474-e49a-48dd-a1c8-71f30694a01d,Tue Oct 06 2020 18:42:02 GMT-0400 (EDT),2020-10-06,2020-10-07 00:42:02 +0200,Eastern Time (US & Canada),1563634,cmvaldes18,Christina M Valdes,2020-10-11 17:17:21 +0200,2020-10-24 01:50:06 +0200,needs_id,CC-BY-NC,https://www.inaturalist.org/observations/62303295,https://inaturalist-open-data.s3.amazonaws.com/photos/99806936/medium.jpg,,"","",1,0,false,3,"Wilson Rd, Macon, GA, US",32.81629167,-83.72174667,12,,,,12,,,false,,,pecan,Carya illinoinensis,pecan,Plantae,67593
62585922,7963ca99-657e-4ec7-bacd-fd7a4ea197c4,Wed Oct 14 2020 16:12:23 GMT-0400 (EDT),2020-10-14,2020-10-14 22:12:23 +0200,Eastern Time (US & Canada),2435454,georgiano,,2020-10-14 22:51:16 +0200,2021-02-06 14:04:32 +0100,research,CC-BY-NC,https://www.inaturalist.org/observations/62585922,https://inaturalist-open-data.s3.amazonaws.com/photos/100299924/medium.jpg,,"","",1,0,false,3,"N Jackson St, Monroe, GA, US",33.7958370113,-83.716087269,24,,,,24,,,false,,,pecan,Carya illinoinensis,pecan,Plantae,67593
63656223,04c54988-b5e8-4f95-bfb1-c692e3ec2983,2020-10-27 3:54:38 PM EDT,2020-10-27,2020-10-27 20:54:38 +0100,Eastern Time (US & Canada),3584211,tendai_mandirahwe,Tendai,2020-10-27 20:57:59 +0100,2020-10-27 23:08:36 +0100,research,CC-BY-NC,https://www.inaturalist.org/observations/63656223,https://inaturalist-open-data.s3.amazonaws.com/photos/102200098/medium.jpeg,,"",,1,0,false,2,"Woodstock, GA, USA",34.0985458121,-84.5212782919,11,,,,11,,,false,gps,gps,pecan,Carya illinoinensis,pecan,Plantae,67593
63700613,f4513e7d-f947-4545-a2a1-db1ebe62827d,Wed Oct 28 2020 09:39:35 GMT-0400 (EDT),2020-10-28,2020-10-28 14:39:35 +0100,Eastern Time (US & Canada),1563634,cmvaldes18,Christina M Valdes,2020-10-28 15:48:28 +0100,2020-10-28 15:49:35 +0100,needs_id,CC-BY-NC,https://www.inaturalist.org/observations/63700613,https://inaturalist-open-data.s3.amazonaws.com/photos/102279386/medium.jpg,,"","",0,0,false,3,"Emery Hwy, Macon, GA, US",32.84611167,-83.625105,2047,,,,2047,,,false,,,"",Carya illinoinensis,pecan,Plantae,67593
63703338,0c3699cf-731d-45c8-841d-32a9c9550356,2020-10-28T11:33:47-04:00,2020-10-28,2020-10-28 16:33:47 +0100,UTC,3792873,eli_njuguna,Eli Njuguna,2020-10-28 16:33:54 +0100,2020-11-06 02:43:36 +0100,needs_id,,https://www.inaturalist.org/observations/63703338,https://static.inaturalist.org/photos/102283651/medium.jpeg,,"",,1,0,false,333,Dahlonega,34.530396824,-83.9881698815,65,,,,65,,,false,,,pecan,Carya illinoinensis,pecan,Plantae,67593
63704511,6f214bb5-1b9a-4d8e-b5a0-3c5899d190a6,2020-10-28T11:34:36-04:00,2020-10-28,2020-10-28 16:34:36 +0100,UTC,3792975,elayn,,2020-10-28 16:59:09 +0100,2025-12-10 00:11:39 +0100,research,CC-BY-NC,https://www.inaturalist.org/observations/63704511,https://inaturalist-open-data.s3.amazonaws.com/photos/102285855/medium.jpeg,,"",,5,0,false,333,Dahlonega,34.5300788879,-83.9886245728,,,,,,,open,false,,,pecan,Carya illinoinensis,pecan,Plantae,67593
63743023,7b788607-b9e3-4866-bf84-a5af34762bab,2020-10-28 12:26:00 PM EDT,2020-10-28,2020-10-28 17:26:00 +0100,Eastern Time (US & Canada),141873,swafford,"",2020-10-29 04:26:46 +0100,2020-10-29 11:47:14 +0100,research,CC-BY-NC,https://www.inaturalist.org/observations/63743023,https://inaturalist-open-data.s3.amazonaws.com/photos/102354120/medium.jpeg,,"",,1,0,false,2,"Ringgold, GA 30736, USA",34.9226901813,-85.1119878888,39,,,,39,,,false,gps,gps,pecan,Carya illinoinensis,pecan,Plantae,67593
63774236,f19418f2-75ac-41fd-bf3e-aea838150667,2020/10/29 1:38 PM EDT,2020-10-29,2020-10-29 18:38:00 +0100,Eastern Time (US & Canada),3516730,sjwalker53,,2020-10-29 18:57:29 +0100,2020-11-13 21:00:00 +0100,research,CC-BY-NC,https://www.inaturalist.org/observations/63774236,https://inaturalist-open-data.s3.amazonaws.com/photos/102409625/medium.jpg,,"","",1,0,false,,"Tucker, GA, USA",33.8343722222,-84.2369833333,4,,,,4,,,false,,,pecan,Carya illinoinensis,pecan,Plantae,67593
64052966,79f9b7da-5f8e-4c4e-89ce-62668b2fa0f7,2020-11-02 1:52:24 PM EST,2020-11-02,2020-11-02 19:52:24 +0100,Eastern Time (US & Canada),586546,stevecollins,Steve Collins,2020-11-02 19:54:10 +0100,2023-12-10 20:09:05 +0100,research,CC-BY,https://www.inaturalist.org/observations/64052966,https://static.inaturalist.org/photos/102910852/medium.jpeg,,"",,1,0,false,2,"Lake Park, GA 31636, USA",30.66593539,-83.20893508,3,,,,3,,,false,,,pecan,Carya illinoinensis,pecan,Plantae,67593
64126881,1eab25e2-0360-4d6a-86ae-c1bde85beae1,2020-11-03 3:07:04 PM EST,2020-11-03,2020-11-03 21:07:04 +0100,Eastern Time (US & Canada),3584211,tendai_mandirahwe,Tendai,2020-11-03 21:07:36 +0100,2022-03-30 17:07:02 +0200,needs_id,CC-BY-NC,https://www.inaturalist.org/observations/64126881,https://inaturalist-open-data.s3.amazonaws.com/photos/103046646/medium.jpeg,,"",Tree #3,0,0,false,2,"Woodstock, GA, USA",34.0985702439,-84.5211542398,10,,,,10,,open,false,gps,gps,pecan,Carya illinoinensis,pecan,Plantae,67593
64743520,9b896e7a-8dda-45e2-b809-0e61d5e3a71a,Thu Nov 12 2020 14:23:25 GMT-0500 (EST),2020-11-12,2020-11-13 01:23:25 +0100,Eastern Time (US & Canada),3579521,makennabritt,,2020-11-12 20:23:50 +0100,2021-10-27 04:38:09 +0200,needs_id,CC-BY-NC,https://www.inaturalist.org/observations/64743520,https://inaturalist-open-data.s3.amazonaws.com/photos/104141326/medium.jpg,,"","",0,0,false,3,"North Oconee River Park, Athens, GA, US",33.9626216667,-83.3691466667,513,,,,513,,open,false,,,"",Carya illinoinensis,pecan,Plantae,67593
66534286,89c8780c-953a-47b7-b90e-5d17847c09d2,2020/12/13 2:47 PM EST,2020-12-13,2020-12-13 20:47:00 +0100,America/New_York,3749376,bmcwhirter,,2020-12-13 20:56:07 +0100,2020-12-13 20:56:07 +0100,needs_id,CC-BY-NC,https://www.inaturalist.org/observations/66534286,https://inaturalist-open-data.s3.amazonaws.com/photos/107277610/medium.jpeg,,"",We have many pecan trees in our neighborhood. ,0,0,false,,"Oakhurst, Decatur, GA, USA",33.7549777778,-84.3038722222,10,,,,10,,,false,,,Pecan,Carya illinoinensis,pecan,Plantae,67593
67855057,8295d7b8-e334-48d6-81f4-7dcaaa1cb67d,Sun Jan 10 2021 10:13:58 GMT-0500 (EST),2021-01-10,2021-01-10 16:13:58 +0100,Eastern Time (US & Canada),1483885,lisacanty,Lisa,2021-01-10 16:16:24 +0100,2024-01-28 07:09:21 +0100,research,CC-BY-NC,https://www.inaturalist.org/observations/67855057,https://inaturalist-open-data.s3.amazonaws.com/photos/109738013/medium.jpg,,"","",1,0,false,3,"Ashburn, GA, US",31.8282356243,-83.544067378,3880,,,,3880,,open,false,,,pecan,Carya illinoinensis,pecan,Plantae,67593
70844837,d1c1dcf6-f0b8-4a30-beee-bc872ca1a2ef,2021-03-08 5:07:29 PM EST,2021-03-08,2021-03-08 23:07:29 +0100,Eastern Time (US & Canada),1110667,botanylicious,Sarah Kelsey,2021-03-09 00:45:24 +0100,2021-03-09 02:41:21 +0100,research,CC-BY-NC-SA,https://www.inaturalist.org/observations/70844837,https://inaturalist-open-data.s3.amazonaws.com/photos/115246265/medium.jpeg,,"",,1,0,false,2,"Atlanta, GA 30344, USA",33.668125,-84.446959,,,,,,,,false,gps,gps,pecan,Carya illinoinensis,pecan,Plantae,67593
71095493,0b6f6003-c8c0-4646-a0a8-4bc3a4df19f1,2021/01/30 5:35 PM EST,2021-01-30,2021-01-30 23:35:00 +0100,Eastern Time (US & Canada),247924,fmmonk,Francis Stiteler,2021-03-13 00:57:21 +0100,2024-04-03 01:26:14 +0200,needs_id,CC-BY-NC,https://www.inaturalist.org/observations/71095493,https://inaturalist-open-data.s3.amazonaws.com/photos/115693948/medium.jpg,,"","",0,0,false,,"Rockdale County, GA, USA",33.5847851588,-84.0670709066,8,,,,8,,,false,,,Pecan,Carya illinoinensis,pecan,Plantae,67593
74083969,58654186-fd5c-48fc-8466-1d97dfb49ca3,Thu Apr 15 2021 17:58:40 GMT-0400 (EDT),2021-04-15,2021-04-15 23:58:40 +0200,Eastern Time (US & Canada),547185,hchandler,Houston Chandler,2021-04-16 00:05:35 +0200,2021-04-16 00:05:47 +0200,needs_id,CC-BY-NC,https://www.inaturalist.org/observations/74083969,https://inaturalist-open-data.s3.amazonaws.com/photos/121039132/medium.jpg,,"","",0,0,false,3,"Georgia, US",32.4114987261,-81.8044578379,32,,,,29093,obscured,,true,,,"",Carya illinoinensis,pecan,Plantae,67593
75997519,78b06b84-c31a-47e7-b5ac-69b79eb1bffe,2021/04/30,2021-04-30,,Eastern Time (US & Canada),1110667,botanylicious,Sarah Kelsey,2021-05-01 03:20:11 +0200,2021-05-07 15:55:13 +0200,research,CC-BY-NC-SA,https://www.inaturalist.org/observations/75997519,https://inaturalist-open-data.s3.amazonaws.com/photos/124277063/medium.jpg,,"",,1,0,false,,Home,33.6706978,-84.4478082,200,,,,200,,,false,,,pecan,Carya illinoinensis,pecan,Plantae,67593
76141772,7fd56ad6-4f8f-45d4-a76a-190335d4c572,Sat May 01 2021 09:00:14 GMT-0400 (EDT),2021-05-01,2021-05-01 15:00:14 +0200,Eastern Time (US & Canada),10967,running_naturalist,Eli Dickerson,2021-05-01 16:14:32 +0200,2021-05-07 15:42:30 +0200,research,CC-BY-NC,https://www.inaturalist.org/observations/76141772,https://inaturalist-open-data.s3.amazonaws.com/photos/124569435/medium.jpg,,"","",1,0,false,3,"Second Ave NE, Decatur, GA, US",33.753155,-84.3096616667,18,,,,18,,,false,,,pecan,Carya illinoinensis,pecan,Plantae,67593
76512985,2416969e-c6b6-43b3-8248-6a1da5dabce9,Sun May 02 2021 07:33:31 GMT-0400 (EDT),2021-05-02,2021-05-02 13:33:31 +0200,Eastern Time (US & Canada),2344375,axicus,,2021-05-02 14:53:36 +0200,2021-05-02 15:45:58 +0200,needs_id,CC-BY-NC,https://www.inaturalist.org/observations/76512985,https://inaturalist-open-data.s3.amazonaws.com/photos/125178813/medium.jpg,,"","",0,0,false,3,"Moss Oaks Rd, Perry, GA, US",32.4310633333,-83.7821366667,10,,,,10,,,false,,,"",Carya illinoinensis,pecan,Plantae,67593
76768911,e1d7ad13-8c63-4042-a8c5-cc4cf79f08bb,2021/05/01 12:14 PM EDT,2021-05-01,2021-05-01 18:14:00 +0200,Eastern Time (US & Canada),247924,fmmonk,Francis Stiteler,2021-05-03 02:37:00 +0200,2024-04-03 01:26:14 +0200,research,CC-BY-NC,https://www.inaturalist.org/observations/76768911,https://inaturalist-open-data.s3.amazonaws.com/photos/125541773/medium.jpg,,"","",1,0,false,,"Rockdale, Georgia, United States",33.5846530556,-84.0673363889,,,,,,,,false,,,pecan,Carya illinoinensis,pecan,Plantae,67593
77042653,2dca64aa-700d-49d6-8420-5fcb6d5fc80a,Mon May 03 2021 15:21:08 GMT-0400 (EDT),2021-05-03,2021-05-03 21:21:08 +0200,Eastern Time (US & Canada),4319627,berrydad,Caroline Pierce,2021-05-03 21:23:31 +0200,2021-05-04 16:59:00 +0200,research,CC-BY-NC,https://www.inaturalist.org/observations/77042653,https://inaturalist-open-data.s3.amazonaws.com/photos/125991069/medium.jpg,,"",I eat them from the tree in the fall,1,0,false,3,"Virginia Park Cir NE, Atlanta, GA, US",33.7764985068,-84.3477671967,10,,,,10,,,false,,,pecan,Carya illinoinensis,pecan,Plantae,67593
77129350,1e92c99b-a216-465f-ab7c-6647ebf87855,Sat May 01 2021 17:26:10 GMT-0400 (EDT),2021-05-01,2021-05-01 23:26:10 +0200,Eastern Time (US & Canada),589165,shannon94,Shannon Matzke,2021-05-04 01:50:56 +0200,2022-11-03 18:46:25 +0100,research,,https://www.inaturalist.org/observations/77129350,https://static.inaturalist.org/photos/126128339/medium.jpg,,"","",1,0,false,3,"E 64th St, Savannah, GA, US",32.0342611667,-81.106225,29,,,,29,,open,false,,,pecan,Carya illinoinensis,pecan,Plantae,67593
77817442,b4a0db82-b067-4685-a9e1-442453599b8a,2021-05-07 18:54:22,2021-05-07,2021-05-08 00:54:22 +0200,Eastern Time (US & Canada),1592375,caseydunn,Casey Dunn,2021-05-08 00:56:21 +0200,2021-05-08 00:56:29 +0200,needs_id,CC-BY-NC,https://www.inaturalist.org/observations/77817442,https://inaturalist-open-data.s3.amazonaws.com/photos/127294753/medium.jpeg,,"",,0,0,false,2,"Glenwood Ave SE@Hemlock Cir SE, Atlanta, GA 30316, USA",33.740524,-84.351258,,,,,,,,false,gps,gps,pecan,Carya illinoinensis,pecan,Plantae,67593
78061803,02797598-15fd-4131-a21d-8d2283d5573a,Sun May 09 2021 10:25:26 GMT-0400 (EDT),2021-05-09,2021-05-09 16:25:26 +0200,Eastern Time (US & Canada),480104,japey,,2021-05-09 16:26:24 +0200,2023-11-12 05:33:14 +0100,needs_id,,https://www.inaturalist.org/observations/78061803,https://static.inaturalist.org/photos/127709115/medium.jpg,,"","",0,0,false,3,"Springdale St, Athens, GA, US",33.9470883333,-83.3931583333,24,,,,24,,open,false,,,pecan,Carya illinoinensis,pecan,Plantae,67593
78133088,ffcce4e8-0bc4-48df-85c3-5aa308756298,Sun May 09 2021 17:20:06 GMT -0400 (EDT),2021-05-09,2021-05-09 23:20:06 +0200,Eastern Time (US & Canada),3501573,esundby,,2021-05-09 23:20:30 +0200,2022-04-12 18:11:14 +0200,needs_id,CC-BY-NC,https://www.inaturalist.org/observations/78133088,https://inaturalist-open-data.s3.amazonaws.com/photos/127828942/medium.jpeg,,"",,0,0,false,333,Buena Vista,32.2439079285,-84.534828186,676,,,,676,,,false,,,,Carya illinoinensis,pecan,Plantae,67593
78181364,96f69817-f079-493e-a4b2-b47b7bd23588,2021/05/08 6:33 PM EDT,2021-05-08,2021-05-09 00:33:00 +0200,Eastern Time (US & Canada),1400822,howlin_jay,Chris Brown,2021-05-10 05:17:40 +0200,2021-05-10 05:17:40 +0200,needs_id,CC-BY-NC,https://www.inaturalist.org/observations/78181364,https://inaturalist-open-data.s3.amazonaws.com/photos/127903576/medium.jpeg,,"",,0,0,false,,"2925 Heather Stone Way, Lawrenceville, GA 30043, USA",34.0460876,-84.0098638,180,,,,180,,,false,,,Pecan,Carya illinoinensis,pecan,Plantae,67593
78872157,7ce188ca-ce5c-4477-ba63-ddc659897694,Sat May 15 2021 14:45:30 GMT-0400 (EDT),2021-05-15,2021-05-15 20:45:30 +0200,Eastern Time (US & Canada),784360,anghp,,2021-05-15 20:47:15 +0200,2021-05-15 20:47:25 +0200,needs_id,,https://www.inaturalist.org/observations/78872157,https://static.inaturalist.org/photos/129126133/medium.jpg,,"","",0,0,false,3,"Reed Bingham State Park, Adel, GA, US",31.1622033993,-83.5401713476,4,,,,4,,,false,,,"",Carya illinoinensis,pecan,Plantae,67593
78942923,1e96ed37-9d22-4642-8179-fcdf93d1fb2a,2021/05/15 6:27 PM UTC,2021-05-15,2021-05-15 20:27:00 +0200,UTC,2946600,stefanielcarter,,2021-05-16 06:09:37 +0200,2021-07-03 04:45:38 +0200,research,CC-BY-NC,https://www.inaturalist.org/observations/78942923,https://inaturalist-open-data.s3.amazonaws.com/photos/129250189/medium.jpeg,,"",,1,0,false,,"Oxford, GA 30054, USA",33.6249416667,-83.8729611111,,,,,,,,false,,,pecan,Carya illinoinensis,pecan,Plantae,67593
79093094,74382c84-7ef0-4f7e-a3ee-245d64e16e3b,Sat May 15 2021 18:28:20 GMT-0400 (EDT),2021-05-15,2021-05-16 00:28:20 +0200,Eastern Time (US & Canada),2943583,ecoxf,,2021-05-17 03:09:25 +0200,2021-05-17 03:09:36 +0200,needs_id,CC-BY-NC,https://www.inaturalist.org/observations/79093094,https://inaturalist-open-data.s3.amazonaws.com/photos/129510718/medium.jpg,,"","",0,0,false,3,"W Clark St, Oxford, GA, US",33.6240916667,-83.87303,6,,,,6,,,false,,,"",Carya illinoinensis,pecan,Plantae,67593
79391061,2066d615-9da4-4a58-8785-d664b7e00ae1,2021/05/15 7:48 AM MDT,2021-05-15,2021-05-15 15:48:00 +0200,Chihuahua,3808250,lyrae,Lyrae,2021-05-19 15:26:50 +0200,2021-05-19 15:26:51 +0200,needs_id,CC-BY-NC,https://www.inaturalist.org/observations/79391061,https://inaturalist-open-data.s3.amazonaws.com/photos/130028495/medium.jpg,,"",,0,0,false,,"Fulton, Georgia, United States",34.0172439722,-84.36041425,,,,,,,,false,,,Pacana,Carya illinoinensis,pecan,Plantae,67593
79444079,aa22720a-63cc-44c6-9208-7226bff6f7f6,Wed May 19 2021 17:12:39 GMT-0400 (EDT),2021-05-19,2021-05-19 23:12:39 +0200,Eastern Time (US & Canada),2643244,jsm1031,,2021-05-19 23:19:53 +0200,2021-05-20 03:23:37 +0200,needs_id,CC-BY-NC,https://www.inaturalist.org/observations/79444079,https://inaturalist-open-data.s3.amazonaws.com/photos/130128259/medium.jpg,,"","",0,0,false,3,"Rockbridge Rd NW, Conyers, GA, US",33.7029406603,-84.0430316825,7,,,,7,,,false,,,"",Carya illinoinensis,pecan,Plantae,67593
80780025,6b69be66-2766-49e5-8900-36220b2de5b4,Sat May 29 2021 15:55:25 GMT -0400 (EDT),2021-05-29,2021-05-29 21:55:25 +0200,Eastern Time (US & Canada),4430255,kimberleigha,Kimber_Leigh,2021-05-29 21:55:39 +0200,2021-05-29 21:57:37 +0200,needs_id,CC-BY-NC,https://www.inaturalist.org/observations/80780025,https://inaturalist-open-data.s3.amazonaws.com/photos/132426474/medium.jpeg,,"",,0,0,false,333,Oxford,33.7144470215,-83.889251709,65,,,,65,,,false,,,,Carya illinoinensis,pecan,Plantae,67593
81081404,7d440025-ec84-4551-ab7d-7af575d05e48,Mon May 31 2021 16:03:54 GMT -0400 (EDT),2021-05-31,2021-05-31 22:03:54 +0200,Eastern Time (US & Canada),4404628,broahes,"",2021-05-31 22:04:18 +0200,2021-05-31 22:04:36 +0200,needs_id,CC-BY-NC,https://www.inaturalist.org/observations/81081404,https://inaturalist-open-data.s3.amazonaws.com/photos/132952024/medium.jpeg,,"",,0,0,false,333,Hazlehurst,31.8668327332,-82.5887145996,4,,,,4,,,false,,,,Carya illinoinensis,pecan,Plantae,67593
81102686,edc80a45-5555-44e7-a61a-1f305fea4543,Mon May 31 2021 18:22:44 GMT-0400 (EDT),2021-05-31,2021-06-01 00:22:44 +0200,Eastern Time (US & Canada),1704243,prettybird,Pretty Bird,2021-06-01 00:29:14 +0200,2021-10-17 03:14:57 +0200,research,,https://www.inaturalist.org/observations/81102686,https://static.inaturalist.org/photos/132988577/medium.jpg,,"","",1,0,false,3,"Giles Rd, Winder, GA, US",33.981696576,-83.6493971771,9,,,,9,,open,false,,,pecan,Carya illinoinensis,pecan,Plantae,67593
81293019,016122dc-6f7f-4756-a93f-3ff6f9b43afc,Wed Jun 02 2021 08:24:00 GMT -0400 (EDT),2021-06-02,2021-06-02 14:24:00 +0200,Eastern Time (US & Canada),4503879,kennynewberry,,2021-06-02 14:24:06 +0200,2021-06-02 16:47:19 +0200,needs_id,CC-BY-NC,https://www.inaturalist.org/observations/81293019,https://inaturalist-open-data.s3.amazonaws.com/photos/133350032/medium.jpeg,,"",,0,0,false,333,Moultrie,31.1335163116,-83.7714385986,65,,,,65,,,false,,,,Carya illinoinensis,pecan,Plantae,67593
81565613,34fe1a31-d912-44d4-9f25-7b0823d01225,2021-06-04 09:50:38,2021-06-04,2021-06-04 11:50:38 +0200,UTC,3662741,seananderson4,Sean Anderson,2021-06-04 17:03:23 +0200,2021-06-05 01:49:26 +0200,needs_id,,https://www.inaturalist.org/observations/81565613,https://static.inaturalist.org/photos/133909639/medium.jpeg,,"",,0,0,false,2,"Stockbridge, GA, USA",33.5419259722,-84.241635,,,,,,,,false,,,pecan,Carya illinoinensis,pecan,Plantae,67593
82294582,86a7d804-7575-4d61-8920-fb1e26b179f2,Wed Jun 09 2021 10:42:49 GMT-0400 (EDT),2021-06-09,2021-06-09 16:42:49 +0200,Eastern Time (US & Canada),4160103,arvande,,2021-06-09 16:43:11 +0200,2026-03-28 23:54:13 +0100,needs_id,CC-BY-NC,https://www.inaturalist.org/observations/82294582,https://inaturalist-open-data.s3.amazonaws.com/photos/135062651/medium.jpg,,"","",0,0,false,3,"E Hancock St, Milledgeville, GA, US",33.0802236591,-83.2160959394,5,,,,5,,open,false,,,pecan,Carya illinoinensis,pecan,Plantae,67593
82656919,57b21b27-2e71-48a3-899d-0f2af65a70b1,2021-06-11 10:30:46,2021-06-11,2021-06-11 16:30:46 +0200,Eastern Time (US & Canada),3028312,kristengeorgia,Kristen Good,2021-06-12 12:21:57 +0200,2021-06-12 12:22:04 +0200,needs_id,,https://www.inaturalist.org/observations/82656919,https://static.inaturalist.org/photos/135684883/medium.jpeg,,"",,0,0,false,2,"Tignall, GA 30668, USA",33.869663087,-82.7341810986,2044,,,,2044,,,false,gps,gps,pecan,Carya illinoinensis,pecan,Plantae,67593
82768251,74ad36c1-5c23-4f68-901b-ba7d851ab2ff,2021-06-12 19:45:44,2021-06-12,2021-06-13 01:45:44 +0200,Eastern Time (US & Canada),1463399,ivansegovia,Ivan Segovia,2021-06-13 02:17:48 +0200,2021-06-13 02:17:55 +0200,needs_id,,https://www.inaturalist.org/observations/82768251,https://static.inaturalist.org/photos/135872920/medium.jpeg,,"",,0,0,false,2,834 Warren Drive,33.6249888537,-84.3626869842,185,,,,185,,,false,gps,gps,pecan,Carya illinoinensis,pecan,Plantae,67593
82905299,ac949c10-db60-42d0-ac2d-197e3ff41091,Sun Jun 13 2021 16:56:18 GMT-0400 (EDT),2021-06-13,2021-06-13 22:56:18 +0200,Eastern Time (US & Canada),4581785,caylee_williams,CAYLEE WILLIAMS,2021-06-13 22:56:30 +0200,2023-01-04 20:14:52 +0100,needs_id,,https://www.inaturalist.org/observations/82905299,https://static.inaturalist.org/photos/149899004/medium.jpg,,"","",0,0,false,3,"Maddox Rd, Griffin, GA, US",33.2164242631,-84.2685681023,3,,,,3,,open,false,,,"",Carya illinoinensis,pecan,Plantae,67593
83466101,63015b90-e2df-405d-ac09-d27ebfde510c,2021/06/17 12:01 PM CDT,2021-06-17,2021-06-17 19:01:00 +0200,Central Time (US & Canada),970009,brandoncorder,Brandon Corder,2021-06-18 04:58:50 +0200,2024-08-19 15:03:44 +0200,needs_id,CC-BY,https://www.inaturalist.org/observations/83466101,https://inaturalist-open-data.s3.amazonaws.com/photos/137081802/medium.jpeg,,"","",0,0,false,,"Ben Hill, Georgia, United States",31.7180444444,-83.3121722222,4,,,,4,,open,false,,"",Carya illinoinensis,Carya illinoinensis,pecan,Plantae,67593
83724286,1c899132-083a-459d-8333-9c6782d9e056,2021-06-18 19:19:05,2021-06-18,2021-06-19 01:19:05 +0200,Eastern Time (US & Canada),2093225,kathrynt123,,2021-06-20 03:06:30 +0200,2021-06-24 14:27:54 +0200,needs_id,CC-BY-NC,https://www.inaturalist.org/observations/83724286,https://inaturalist-open-data.s3.amazonaws.com/photos/137531134/medium.jpeg,,"",,0,0,false,2,"Glenwood Ave SE & Clifton St SE, Atlanta, GA 30316, USA",33.74005,-84.3325166667,,,,,,,,false,,,pecan,Carya illinoinensis,pecan,Plantae,67593
84583524,7a970d9d-0192-4875-a1c3-7d0e2876fa73,Sat Jun 26 2021 13:48:47 GMT-0400 (EDT),2021-06-26,2021-06-26 19:48:47 +0200,Eastern Time (US & Canada),785964,bweh,Brad Griffeth,2021-06-26 20:08:36 +0200,2021-06-26 20:16:45 +0200,needs_id,,https://www.inaturalist.org/observations/84583524,https://static.inaturalist.org/photos/139032883/medium.jpg,,"","",0,0,false,3,"Jones Bridge Park, Peachtree Corners, GA, US",33.9991387268,-84.2360623682,2000,,,,2000,,,false,,,"",Carya illinoinensis,pecan,Plantae,67593
85088422,e7453d2b-ae74-4169-ab4f-0560b865332a,Wed Jun 30 2021 10:06:12 GMT -0400 (EDT),2021-06-30,2021-06-30 16:06:12 +0200,Eastern Time (US & Canada),4661862,babygirl005,,2021-06-30 16:06:19 +0200,2021-06-30 16:46:24 +0200,research,CC-BY-NC,https://www.inaturalist.org/observations/85088422,https://inaturalist-open-data.s3.amazonaws.com/photos/139941312/medium.jpeg,,"",,1,0,false,333,Ray City,31.0255718231,-83.1961898804,65,,,,65,,,false,,,pecan,Carya illinoinensis,pecan,Plantae,67593
85131167,fc0d56bc-faa3-4eca-832d-5a31cec5aafb,Wed Jun 30 2021 14:00:19 GMT-0400 (EDT),2021-06-30,2021-06-30 20:00:19 +0200,Eastern Time (US & Canada),1486066,naturewithgabe,Gabriel Andrle,2021-06-30 22:29:20 +0200,2021-06-30 22:29:42 +0200,needs_id,CC-BY-NC,https://www.inaturalist.org/observations/85131167,https://inaturalist-open-data.s3.amazonaws.com/photos/140018202/medium.jpg,,"","",0,0,false,3,"SR-400 S, Atlanta, GA, US",33.8384333333,-84.3602833333,4,,,,4,,,false,,,"",Carya illinoinensis,pecan,Plantae,67593
86546928,1981e44d-b258-41a9-b4e0-1f3e16463f98,Sun Jul 11 2021 08:27:35 GMT -0400 (EDT),2021-07-11,2021-07-11 14:27:35 +0200,Eastern Time (US & Canada),4710798,mills3,,2021-07-11 14:27:48 +0200,2021-10-20 04:12:00 +0200,research,CC-BY-NC,https://www.inaturalist.org/observations/86546928,https://inaturalist-open-data.s3.amazonaws.com/photos/142755459/medium.jpeg,,"",Near creek and clearing,1,0,false,333,Loganville,33.8114624023,-83.871673584,73,,,,73,,open,false,,,pecan,Carya illinoinensis,pecan,Plantae,67593
86640850,2a82733f-cf61-441e-8476-dce483b95c8d,2021-07-08 16:09:12,2021-07-08,2021-07-08 18:09:12 +0200,UTC,2343527,sandi57,Sandi Goldi,2021-07-12 00:54:23 +0200,2025-01-31 22:26:10 +0100,research,CC0,https://www.inaturalist.org/observations/86640850,https://inaturalist-open-data.s3.amazonaws.com/photos/142765234/medium.jpeg,,"",,1,0,false,2,Atlanta,33.7492921888,-84.3879825622,17904,,,,17904,,open,false,,,pecan,Carya illinoinensis,pecan,Plantae,67593
87325560,8e08ba6b-0919-4e9c-b93e-d0168d6ac215,Fri Jul 16 2021 18:12:30 GMT-0400 (EDT),2021-07-16,2021-07-17 00:12:30 +0200,Eastern Time (US & Canada),3799206,scouterva,,2021-07-17 00:17:22 +0200,2021-07-17 00:18:13 +0200,needs_id,CC-BY-NC,https://www.inaturalist.org/observations/87325560,https://inaturalist-open-data.s3.amazonaws.com/photos/143957895/medium.jpg,,"","",0,0,false,3,"Sudderth St, Buford, GA, US",34.1135111667,-84.00293055,11,,,,11,,,false,,,"",Carya illinoinensis,pecan,Plantae,67593
87426875,dd46c561-5c01-4a89-ac64-eaa4fe4c3f74,Sat Jul 17 2021 13:30:49 GMT-0400 (EDT),2021-07-17,2021-07-17 19:30:49 +0200,Eastern Time (US & Canada),4709801,laboy_amanda,Amanda Laboy,2021-07-17 19:31:55 +0200,2021-07-17 22:26:32 +0200,needs_id,CC-BY-NC,https://www.inaturalist.org/observations/87426875,https://inaturalist-open-data.s3.amazonaws.com/photos/144158873/medium.jpg,,"","",0,0,false,3,"Old Plains Hwy, Plains, GA, US",32.0262950957,-84.4338909464,25,,,,25,,,false,,,"",Carya illinoinensis,pecan,Plantae,67593
88893519,0eb64723-c783-4e2b-9027-a96d4c115ce1,Fri Jul 23 2021 17:28:40 GMT-0400 (EDT),2021-07-23,2021-07-23 23:28:40 +0200,Eastern Time (US & Canada),2901234,sarahmurray,Sarah Murray,2021-07-28 03:43:45 +0200,2021-12-10 03:11:44 +0100,research,,https://www.inaturalist.org/observations/88893519,https://static.inaturalist.org/photos/146729905/medium.jpg,,"","",1,0,false,3,"Faulkner St, Cumming, GA, US",34.1524388333,-84.1671616667,65,,,,65,,open,false,,,pecan,Carya illinoinensis,pecan,Plantae,67593
88969933,d451b524-ecaa-4561-ae90-d4a34d883578,Wed Jul 28 2021 14:38:56 GMT-0400 (EDT),2021-07-28,2021-07-28 20:38:56 +0200,Eastern Time (US & Canada),3631651,twashburn,Victoria Washburn,2021-07-28 20:42:39 +0200,2021-09-13 03:25:01 +0200,research,CC-BY-NC,https://www.inaturalist.org/observations/88969933,https://inaturalist-open-data.s3.amazonaws.com/photos/146865825/medium.jpg,,"","",1,0,false,3,"Cleveland St, Ringgold, GA, US",34.9190218181,-85.1123540486,65,,,,65,,,false,,,pecan,Carya illinoinensis,pecan,Plantae,67593
90250282,729dde53-3513-439f-bfee-a4aada1a6cd4,Sat Aug 07 2021 08:20:05 GMT-0400 (EDT),2021-08-07,2021-08-07 14:20:05 +0200,Eastern Time (US & Canada),1782771,wackeye,,2021-08-07 14:34:02 +0200,2022-08-11 02:45:40 +0200,research,CC-BY-NC,https://www.inaturalist.org/observations/90250282,https://inaturalist-open-data.s3.amazonaws.com/photos/149136999/medium.jpg,,"","",1,0,false,3,"Woodbine Ave NE, Atlanta, GA, US",33.7546013015,-84.3341680145,22,,,,22,,,false,,,pecan,Carya illinoinensis,pecan,Plantae,67593
91070701,85f7cf0d-ef99-4eac-ae22-f38f3f50b33a,2021/07/14 6:09 PM EDT,2021-07-14,2021-07-15 00:09:00 +0200,Eastern Time (US & Canada),4014802,nonbinary-naturalist,Nonbinary-Naturalist,2021-08-14 04:35:36 +0200,2024-03-18 01:29:26 +0100,research,CC0,https://www.inaturalist.org/observations/91070701,https://inaturalist-open-data.s3.amazonaws.com/photos/150580517/medium.jpeg,,"","",1,0,false,,"Georgetown, GA, USA",31.9827767303,-81.2211974115,4,,,,4,,,false,,,pecan,Carya illinoinensis,pecan,Plantae,67593
91739256,e7d45b76-377e-4a6b-bfe8-76c9cc9dca67,2021-08-19 09:15:18,2021-08-19,2021-08-19 15:15:18 +0200,Eastern Time (US & Canada),3568921,bridgetwynn,Bridget Wynn,2021-08-19 15:37:01 +0200,2024-10-29 16:25:24 +0100,research,CC-BY-NC,https://www.inaturalist.org/observations/91739256,https://inaturalist-open-data.s3.amazonaws.com/photos/151796072/medium.jpeg,,"",,1,0,false,2,"Old Fourth Ward, Atlanta, GA, USA",33.7629125724,-84.3649940193,33,,,,33,,open,false,gps,gps,pecan,Carya illinoinensis,pecan,Plantae,67593
92873898,1f84fff8-667f-4573-8aaa-354aedaa89bf,Sat Aug 28 2021 16:19:03 GMT-0400 (EDT),2021-08-28,2021-08-28 22:19:03 +0200,Eastern Time (US & Canada),9432,ashley_bradford,Ashley M Bradford,2021-08-29 07:41:54 +0200,2021-09-22 18:01:49 +0200,needs_id,CC-BY-NC,https://www.inaturalist.org/observations/92873898,https://inaturalist-open-data.s3.amazonaws.com/photos/153845946/medium.jpg,,description,"",1,0,false,3,"Knox St, Summerville, GA, US",34.5135333333,-85.31652,52,,,,52,,,false,,,pecan,Carya illinoinensis,pecan,Plantae,67593
93309241,372d6f22-69eb-4222-8af6-fc10c98074d6,Wed Sep 01 2021 17:32:29 GMT-0400 (EDT),2021-09-01,2021-09-01 23:32:29 +0200,Eastern Time (US & Canada),2435454,georgiano,,2021-09-02 01:08:18 +0200,2021-09-02 01:09:54 +0200,needs_id,CC-BY-NC,https://www.inaturalist.org/observations/93309241,https://inaturalist-open-data.s3.amazonaws.com/photos/154632845/medium.jpg,,"","",0,0,false,3,"Tribble Mill Park, Lawrenceville, GA, US",33.9128831186,-83.900296976,24,,,,24,,,false,,,"",Carya illinoinensis,pecan,Plantae,67593
93378228,7fcb5707-848a-4c0c-a658-6550396e30ff,Thu Sep 02 2021 12:48:51 GMT-0400 (EDT),2021-09-02,2021-09-02 18:48:51 +0200,Eastern Time (US & Canada),4909430,maryejacksonn,,2021-09-02 18:50:08 +0200,2021-10-29 17:23:31 +0200,research,CC-BY-NC,https://www.inaturalist.org/observations/93378228,https://inaturalist-open-data.s3.amazonaws.com/photos/154758927/medium.jpg,,"","",1,0,false,3,"Burns Dr, Hartwell, GA, US",34.3494525707,-82.921665416,22,,,,22,,open,false,,,pecan,Carya illinoinensis,pecan,Plantae,67593
93378635,92e3508a-9007-4727-a700-634d9628d275,Thu Sep 02 2021 12:52:38 GMT-0400 (EDT),2021-09-02,2021-09-02 18:52:38 +0200,Eastern Time (US & Canada),4909406,victoria858,Victoria Heaton,2021-09-02 18:53:56 +0200,2021-10-29 17:23:48 +0200,research,,https://www.inaturalist.org/observations/93378635,https://static.inaturalist.org/photos/154759715/medium.jpg,,"","",1,0,false,3,"Burns Dr, Hartwell, GA, US",34.3492616667,-82.9216616667,21,,,,21,,open,false,,,pecan,Carya illinoinensis,pecan,Plantae,67593
93599057,61a2f1da-ac4f-4e91-94ec-b4f5505698a3,Sat Sep 04 2021 12:18:50 GMT-0400 (EDT),2021-09-04,2021-09-04 18:18:50 +0200,Eastern Time (US & Canada),3158198,jackreynolds,Jack Reynolds,2021-09-04 18:19:21 +0200,2021-09-04 21:07:03 +0200,needs_id,,https://www.inaturalist.org/observations/93599057,https://static.inaturalist.org/photos/155151759/medium.jpg,,"","",0,0,false,3,"SR-34 W, Sharpsburg, GA, US",33.3995266239,-84.6247634388,65,,,,65,,,false,,,"",Carya illinoinensis,pecan,Plantae,67593
93741336,b6a297c8-a38d-4d37-93fa-cdb5f21d33d2,2021-09-05 12:33:45,2021-09-05,2021-09-05 18:33:45 +0200,Eastern Time (US & Canada),1970798,reannamckee,Reanna McKee,2021-09-05 19:12:09 +0200,2021-09-07 05:34:17 +0200,needs_id,,https://www.inaturalist.org/observations/93741336,https://static.inaturalist.org/photos/155407958/medium.jpeg,,"",,0,0,false,2,"Dacula, GA 30019, USA",33.98930408,-83.89700879,3,,,,3,,,false,,,pecan,Carya illinoinensis,pecan,Plantae,67593
93791670,23a1f315-a896-429d-b5ed-f4337c60e86d,2021-09-05 10:31:31,2021-09-05,2021-09-05 16:31:31 +0200,Eastern Time (US & Canada),310151,ellendale,Elizabeth Green,2021-09-06 01:03:13 +0200,2023-07-09 01:13:29 +0200,needs_id,CC-BY,https://www.inaturalist.org/observations/93791670,https://inaturalist-open-data.s3.amazonaws.com/photos/155496924/medium.jpeg,,"",,0,0,false,2,"Georgia, US",33.47649412,-82.2815578124,,,,,28957,obscured,,true,gps,gps,pecan,Carya illinoinensis,pecan,Plantae,67593
93791982,18556da4-af91-4b43-baa4-7939cf430028,Sun Sep 05 2021 19:05:50 GMT-0400 (EDT),2021-09-05,2021-09-06 01:05:50 +0200,Eastern Time (US & Canada),4879928,angie_landaverde,Angie Landaverde,2021-09-06 01:06:09 +0200,2021-09-06 01:31:12 +0200,needs_id,,https://www.inaturalist.org/observations/93791982,https://static.inaturalist.org/photos/155498393/medium.jpg,,"","",0,0,false,3,"Georgia, US",32.2390487561,-82.8335418498,4,,,,29120,obscured,,true,,,"",Carya illinoinensis,pecan,Plantae,67593
93931417,4b5c5a52-0335-4b36-b195-4a3fb0fd11b0,Mon Sep 06 2021 19:05:46 GMT-0400 (EDT),2021-09-06,2021-09-07 01:05:46 +0200,Eastern Time (US & Canada),4896827,dfuller914,,2021-09-07 01:11:01 +0200,2021-09-10 03:44:41 +0200,research,CC-BY-NC,https://www.inaturalist.org/observations/93931417,https://inaturalist-open-data.s3.amazonaws.com/photos/155748143/medium.jpg,,"","",1,0,false,3,"New Bethel Rd, Valdosta, GA, US",30.9899422992,-83.2253497281,4,,,,4,,,false,,,pecan,Carya illinoinensis,pecan,Plantae,67593
94049713,1a33a1db-94f4-45ec-8a4c-55f12e211924,Tue Sep 07 2021 18:45:21 GMT-0400 (EDT),2021-09-07,2021-09-08 00:45:21 +0200,Eastern Time (US & Canada),4914419,julebug20,,2021-09-08 00:46:57 +0200,2022-03-11 18:37:43 +0100,research,CC-BY-NC,https://www.inaturalist.org/observations/94049713,https://inaturalist-open-data.s3.amazonaws.com/photos/155962533/medium.jpg,,"","",1,0,false,3,"University of Georgia, Athens, GA, US",33.9497964504,-83.3793210146,50,,,,50,,open,false,,,pecan,Carya illinoinensis,pecan,Plantae,67593
94876830,4be3385e-d294-4d31-9c81-3047ae42295d,Tue Sep 14 2021 09:04:07 GMT-0400 (EDT),2021-09-14,2021-09-14 15:04:07 +0200,Eastern Time (US & Canada),1486066,naturewithgabe,Gabriel Andrle,2021-09-15 00:56:28 +0200,2021-09-15 00:56:35 +0200,needs_id,CC-BY-NC,https://www.inaturalist.org/observations/94876830,https://inaturalist-open-data.s3.amazonaws.com/photos/157435796/medium.jpg,,"","",0,0,false,3,"Willingham Dr, College Park, GA, US",33.6678916667,-84.44017,4,,,,4,,,false,,,"",Carya illinoinensis,pecan,Plantae,67593
95086998,30319eea-6f74-45a4-97a6-4c2b05d77e14,Thu Sep 16 2021 18:35:54 GMT-0400 (EDT),2021-09-16,2021-09-17 00:35:54 +0200,Eastern Time (US & Canada),5005348,m_s6,M S,2021-09-17 00:36:11 +0200,2026-09-02 05:09:58 +0200,research,,https://www.inaturalist.org/observations/95086998,https://static.inaturalist.org/photos/157815370/medium.jpg,,"","",2,0,false,3,"Vine St NW, Atlanta, GA, US",33.7593288116,-84.4084287622,22,,,,22,,open,false,,,pecan,Carya illinoinensis,pecan,Plantae,67593
95770516,e3894f1c-f1cb-4371-8631-638d9b5a6919,Wed Sep 22 2021 13:03:37 GMT-0400 (EDT),2021-09-22,2021-09-22 19:03:37 +0200,Eastern Time (US & Canada),5035170,cngenesis,,2021-09-22 19:04:47 +0200,2024-03-25 07:16:34 +0100,needs_id,CC-BY-NC,https://www.inaturalist.org/observations/95770516,https://inaturalist-open-data.s3.amazonaws.com/photos/159030635/medium.jpg,,"","Potential seed opening by bird beak? Maybe a narrow beaked species opening these nuts and shells
",0,0,false,3,"Georgia Institute of Technology, Atlanta, GA, US",33.7793450977,-84.3997667398,5,,,,5,,open,false,,,"",Carya illinoinensis,pecan,Plantae,67593
95771616,d291dda9-6ec2-4c54-9e0e-b4f56034cada,Wed Sep 22 2021 13:16:53 GMT-0400 (EDT),2021-09-22,2021-09-22 19:16:53 +0200,Eastern Time (US & Canada),5035170,cngenesis,,2021-09-22 19:17:10 +0200,2024-03-24 04:12:18 +0100,needs_id,CC-BY-NC,https://www.inaturalist.org/observations/95771616,https://inaturalist-open-data.s3.amazonaws.com/photos/159032528/medium.jpg,,"",More broken seeds ,0,0,false,3,"Georgia Institute of Technology, Atlanta, GA, US",33.7788694867,-84.4002479207,4,,,,4,,open,false,,,"",Carya illinoinensis,pecan,Plantae,67593
95771630,f1954fd6-acd3-423d-807f-2e3b775871b4,2021-09-22 13:16:50,2021-09-22,2021-09-22 19:16:50 +0200,Eastern Time (US & Canada),5028040,edwinthkim,,2021-09-22 19:17:20 +0200,2024-03-24 04:12:29 +0100,needs_id,CC-BY-NC,https://www.inaturalist.org/observations/95771630,https://inaturalist-open-data.s3.amazonaws.com/photos/159032607/medium.jpeg,,"",Potential seeds opening by birds,0,0,false,2,"Georgia Tech, Atlanta, GA, USA",33.7788056,-84.40037701,7,,,,7,,open,false,,,,Carya illinoinensis,pecan,Plantae,67593
95773506,6cc16df7-a7a4-4fa0-addb-d85081480e46,Wed Sep 22 2021 13:36:41 GMT-0400 (EDT),2021-09-22,2021-09-22 19:36:41 +0200,Eastern Time (US & Canada),5032223,hope_hazelton,,2021-09-22 19:37:19 +0200,2024-03-24 04:11:48 +0100,needs_id,CC-BY-NC,https://www.inaturalist.org/observations/95773506,https://inaturalist-open-data.s3.amazonaws.com/photos/159035852/medium.jpg,,"",Fallen/broken seeds (may evidence bird presence) ,0,0,false,3,"Georgia Institute of Technology, Atlanta, GA, US",33.7789673229,-84.4003553299,8,,,,8,,open,false,,,"",Carya illinoinensis,pecan,Plantae,67593
95891808,57859258-7d9a-413f-89e3-f4935cb3e377,Thu Sep 23 2021 16:34:59 GMT-0400 (EDT),2021-09-23,2021-09-23 22:34:59 +0200,Eastern Time (US & Canada),5021701,jthigin,,2021-09-23 22:36:07 +0200,2021-09-23 22:36:28 +0200,needs_id,CC-BY-NC,https://www.inaturalist.org/observations/95891808,https://inaturalist-open-data.s3.amazonaws.com/photos/159246165/medium.jpg,,"","",0,0,false,3,"Georgia Institute of Technology, Atlanta, GA, US",33.7788158816,-84.3999592406,8,,,,8,,,false,,,"",Carya illinoinensis,pecan,Plantae,67593
95894100,473f2e17-85b1-47d5-8649-b9448b7df861,Thu Sep 23 2021 16:57:00 GMT-0400 (EDT),2021-09-23,2021-09-23 22:57:00 +0200,Eastern Time (US & Canada),5021701,jthigin,,2021-09-23 22:58:02 +0200,2021-09-23 22:58:11 +0200,needs_id,CC-BY-NC,https://www.inaturalist.org/observations/95894100,https://inaturalist-open-data.s3.amazonaws.com/photos/159250017/medium.jpg,,"","",0,0,false,3,"Georgia Institute of Technology, Atlanta, GA, US",33.7788104315,-84.3998464246,35,,,,35,,,false,,,"",Carya illinoinensis,pecan,Plantae,67593
95991449,8cc4dea8-5817-4057-af7c-db7cc5715602,Sun Jul 25 2021 11:08:27 GMT-0400 (EDT),2021-07-25,2021-07-25 17:08:27 +0200,Eastern Time (US & Canada),1899868,demenya,,2021-09-24 20:38:17 +0200,2021-09-24 20:38:28 +0200,needs_id,CC-BY-NC,https://www.inaturalist.org/observations/95991449,https://inaturalist-open-data.s3.amazonaws.com/photos/159419849/medium.jpg,,"","",0,0,false,3,"Freedom Park Dog Park, Valdosta, GA, US",30.9121918911,-83.2528378443,5,,,,5,,,false,,,"",Carya illinoinensis,pecan,Plantae,67593
96584014,7cba6198-9dfd-413f-ad4a-336df369459a,2021-09-29 11:05:22,2021-09-29,2021-09-29 17:05:22 +0200,Eastern Time (US & Canada),4925108,nikole13,Nikole LeCroy,2021-09-29 17:07:00 +0200,2021-10-22 00:26:54 +0200,needs_id,,https://www.inaturalist.org/observations/96584014,https://static.inaturalist.org/photos/160478493/medium.jpeg,,"",,0,0,false,2,"Villa Rica, GA 30180, USA",33.7868889,-84.9677488,20,,,,20,,open,false,,,,Carya illinoinensis,pecan,Plantae,67593
96718456,ea75cf21-5368-4eb8-9d7a-b3d51b909c9f,2021-09-30 16:02:06,2021-09-30,2021-09-30 22:02:06 +0200,Eastern Time (US & Canada),2556056,kyleslusher,Kyle Slusher,2021-09-30 22:03:02 +0200,2021-09-30 22:08:57 +0200,needs_id,,https://www.inaturalist.org/observations/96718456,https://static.inaturalist.org/photos/160720510/medium.jpeg,,"",,0,0,false,2,"Byron, GA 31008, USA",32.6656929062,-83.7293966487,6,,,,6,,open,false,gps,gps,pecan,Carya illinoinensis,pecan,Plantae,67593
97079307,10dde31f-177d-440c-94e7-61e978c109e6,Sun Oct 03 2021 17:54:48 GMT-0400 (EDT),2021-10-03,2021-10-03 23:54:48 +0200,Eastern Time (US & Canada),1603505,amandawoomer,Amanda Woomer,2021-10-04 00:19:29 +0200,2021-11-25 22:51:38 +0100,needs_id,,https://www.inaturalist.org/observations/97079307,https://static.inaturalist.org/photos/170246732/medium.jpg,,"","",0,0,false,3,"Westwood Ave SW, Atlanta, GA, US",33.7387368126,-84.4407987856,65,,,,65,,open,false,,,"",Carya illinoinensis,pecan,Plantae,67593
97241392,f7847814-38a5-4754-99b2-b52dd9f8143d,Tue Oct 05 2021 09:35:50 GMT-0400 (EDT),2021-10-05,2021-10-05 15:35:50 +0200,Eastern Time (US & Canada),5074095,davelong6496,,2021-10-05 15:36:27 +0200,2025-02-10 16:47:09 +0100,needs_id,CC-BY-NC,https://www.inaturalist.org/observations/97241392,https://inaturalist-open-data.s3.amazonaws.com/photos/161684709/medium.jpg,,"","",0,0,false,3,"S Columbia Dr, Decatur, GA, US",33.766007646,-84.2794561803,8,,,,8,,open,false,,,"",Carya illinoinensis,pecan,Plantae,67593
97243891,c4c343f9-2c05-44c3-a4b6-1869a26dced6,Tue Oct 05 2021 10:07:00 GMT -0400 (EDT),2021-10-05,2021-10-05 16:07:00 +0200,Eastern Time (US & Canada),4987550,dunwoodylabs,,2021-10-05 16:07:06 +0200,2021-10-05 19:24:02 +0200,research,CC-BY-NC,https://www.inaturalist.org/observations/97243891,https://inaturalist-open-data.s3.amazonaws.com/photos/161689150/medium.jpeg,,"",,1,0,false,333,Duluth,33.9673347473,-84.1266021729,5,,,,5,,open,false,,,pecan,Carya illinoinensis,pecan,Plantae,67593
98153058,bd902d43-b3ad-4c13-b33e-0525728df19a,Sat Oct 09 2021 15:11:46 GMT-0400 (EDT),2021-10-09,2021-10-09 21:11:46 +0200,Eastern Time (US & Canada),1486066,naturewithgabe,Gabriel Andrle,2021-10-14 02:04:07 +0200,2021-10-14 02:04:33 +0200,needs_id,CC-BY-NC,https://www.inaturalist.org/observations/98153058,https://inaturalist-open-data.s3.amazonaws.com/photos/163363354/medium.jpg,,"","",0,0,false,3,"Champney Island, Darien, GA, US",31.33643,-81.4607866667,5,,,,5,,open,false,,,"",Carya illinoinensis,pecan,Plantae,67593
98520267,643f79a1-a229-4560-8d0c-76ff69af8091,Sun Oct 17 2021 14:38:21 GMT -0400 (EDT),2021-10-17,2021-10-17 20:38:21 +0200,Eastern Time (US & Canada),893215,jharty78,,2021-10-17 20:38:26 +0200,2021-10-17 20:38:34 +0200,needs_id,,https://www.inaturalist.org/observations/98520267,https://static.inaturalist.org/photos/164044642/medium.jpeg,,"",,0,0,false,333,Pine Mountain,32.8930587769,-84.8870162964,64,,,,64,,open,false,,,,Carya illinoinensis,pecan,Plantae,67593
99604191,35f4402c-e6e4-495f-ac92-43bbe71f02c3,2021-10-26 14:34:39,2021-10-26,2021-10-26 20:34:39 +0200,Eastern Time (US & Canada),4730138,csbred,,2021-10-28 06:51:54 +0200,2021-10-28 19:26:53 +0200,needs_id,CC-BY-NC,https://www.inaturalist.org/observations/99604191,https://inaturalist-open-data.s3.amazonaws.com/photos/166077191/medium.jpeg,,"",,0,0,false,2,"Monticello, GA 31064, USA",33.1784453776,-83.8174280897,9,,,,9,,open,false,gps,gps,,Carya illinoinensis,pecan,Plantae,67593
100771461,2bafce87-2ed8-4aae-b5fa-87875053edea,Wed Nov 10 2021 09:29:28 GMT-0500 (EST),2021-11-10,2021-11-10 15:29:28 +0100,Eastern Time (US & Canada),4133817,mf2020,,2021-11-10 15:32:24 +0100,2021-11-10 15:32:39 +0100,needs_id,CC-BY-NC,https://www.inaturalist.org/observations/100771461,https://inaturalist-open-data.s3.amazonaws.com/photos/168221270/medium.jpg,,"","",0,0,false,3,"College Cir, Dahlonega, GA, US",34.530252507,-83.9872935601,10,,,,10,,open,false,,,"",Carya illinoinensis,pecan,Plantae,67593
101112479,79696a5d-3aa9-41c9-bbe8-1dd13c164c76,Sun Nov 14 2021 11:32:05 GMT-0500 (EST),2021-11-14,2021-11-14 17:32:05 +0100,Eastern Time (US & Canada),764155,whatch11,Wes Hatch,2021-11-14 18:13:30 +0100,2021-11-14 18:38:16 +0100,research,,https://www.inaturalist.org/observations/101112479,https://static.inaturalist.org/photos/168822354/medium.jpg,,"","",1,0,false,3,"Fort Pulaski National Monument, Tybee Island, GA, US",32.0287048675,-80.8903377432,4,,,,4,,open,false,,,pecan,Carya illinoinensis,pecan,Plantae,67593
101564767,80c05649-8ed5-4eb5-be13-92a9b441ab51,Sat Nov 20 2021 15:55:58 GMT-0500 (EST),2021-11-20,2021-11-20 21:55:58 +0100,Eastern Time (US & Canada),3202386,map9,,2021-11-20 21:56:34 +0100,2021-11-20 23:42:56 +0100,research,CC-BY-NC,https://www.inaturalist.org/observations/101564767,https://inaturalist-open-data.s3.amazonaws.com/photos/169633353/medium.jpg,,"","",2,0,false,3,"Georgia, US",34.0780480793,-84.9056122066,5,,,,28874,obscured,open,true,,,pecan,Carya illinoinensis,pecan,Plantae,67593
107921741,4362b79a-1e4a-483f-8b0f-ea865e40fed3,2022-03-04 00:00:00,2022-03-04,2022-03-04 06:00:00 +0100,Eastern Time (US & Canada),1110667,botanylicious,Sarah Kelsey,2022-03-05 02:16:02 +0100,2022-03-05 02:16:36 +0100,needs_id,CC-BY-NC-SA,https://www.inaturalist.org/observations/107921741,https://inaturalist-open-data.s3.amazonaws.com/photos/181603971/medium.jpeg,,"",,0,0,false,2,"Atlanta, GA 30344, USA",33.6706459722,-84.4478909722,,,,,,,open,false,gps,gps,pecan,Carya illinoinensis,pecan,Plantae,67593
111300271,cd04a32b-4c6e-40fe-b7af-7e113fc2c89b,2022-04-13 08:57:49-04:00,2022-04-13,2022-04-13 14:57:49 +0200,Atlantic Time (Canada),2344422,karseward,,2022-04-13 14:58:35 +0200,2022-04-13 14:58:49 +0200,needs_id,CC-BY-NC,https://www.inaturalist.org/observations/111300271,https://inaturalist-open-data.s3.amazonaws.com/photos/187876271/medium.jpg,,"","",0,0,false,3,"Quitman, GA, US",30.8402460874,-83.5002897539,4,,,,4,,open,false,,,"",Carya illinoinensis,pecan,Plantae,67593
111304022,1931d3de-f881-4f1c-b328-62e747063f53,2022-04-12 23:22:44-04:00,2022-04-13,2022-04-13 05:22:44 +0200,Atlantic Time (Canada),2344422,karseward,,2022-04-13 15:50:31 +0200,2022-04-13 15:50:36 +0200,needs_id,CC-BY-NC,https://www.inaturalist.org/observations/111304022,https://inaturalist-open-data.s3.amazonaws.com/photos/187882602/medium.jpg,,"","",0,0,false,3,"Quitman, GA, US",30.8412751764,-83.5001012786,109,,,,109,,open,false,,,"",Carya illinoinensis,pecan,Plantae,67593
111450723,e568c311-2f0d-4a3c-a411-30f30462e6c3,2022-04-14 16:12:32-04:00,2022-04-14,2022-04-14 22:12:32 +0200,Atlantic Time (Canada),3372614,amitkamma,Amit Kamma,2022-04-14 22:13:51 +0200,2022-04-15 19:34:18 +0200,needs_id,,https://www.inaturalist.org/observations/111450723,https://static.inaturalist.org/photos/188142356/medium.jpg,,"","",0,0,false,3,"Candler St NE, Atlanta, GA, US",33.7692572968,-84.3450854068,10,,,,10,,open,false,,,"",Carya illinoinensis,pecan,Plantae,67593
111694405,e8e883ca-07d5-4d54-a54e-133eab2ff806,2022-04-16 14:57:33,2022-04-16,2022-04-16 21:57:33 +0200,Central Time (US & Canada),1960346,ljonez,Lacey,2022-04-16 22:39:34 +0200,2022-04-16 22:40:02 +0200,needs_id,CC-BY-NC,https://www.inaturalist.org/observations/111694405,https://inaturalist-open-data.s3.amazonaws.com/photos/188582469/medium.jpeg,,"",,0,0,false,2,"West Point, GA, USA",32.8658838227,-85.1821507886,11,,,,11,,open,false,gps,gps,pecan,Carya illinoinensis,pecan,Plantae,67593
111727441,b612bca7-8958-472a-85e9-a3cd0cfd2cdc,2020-07-16 06:55:41-04:00,2020-07-16,2020-07-16 12:55:41 +0200,Atlantic Time (Canada),5521490,deanna202,Deanna Ryan,2022-04-17 03:19:38 +0200,2022-04-17 03:32:36 +0200,research,,https://www.inaturalist.org/observations/111727441,https://static.inaturalist.org/photos/188643489/medium.jpg,,"","",1,0,false,3,"W Main St, Swainsboro, GA, US",32.5907466667,-82.3480133333,10,,,,10,,open,false,,,pecan,Carya illinoinensis,pecan,Plantae,67593
112179244,bdc3beea-786b-4370-ad48-7242dac14e1b,2022-04-20 14:34:20-04:00,2022-04-20,2022-04-20 20:34:20 +0200,Eastern Time (US & Canada),2185307,yhargrove1,,2022-04-20 20:35:32 +0200,2022-04-20 20:36:12 +0200,needs_id,CC-BY-NC,https://www.inaturalist.org/observations/112179244,https://inaturalist-open-data.s3.amazonaws.com/photos/189465456/medium.jpg,,"","",0,0,false,3,"Clubview Dr, Moultrie, GA, US",31.1291124868,-83.7854645563,7,,,,7,,open,false,,,"",Carya illinoinensis,pecan,Plantae,67593
112852496,192b77b2-bad7-4882-9abb-ed438d3e3aab,2022/04/23 3:53 PM,2022-04-23,2022-04-23 21:53:00 +0200,Eastern Time (US & Canada),4014802,nonbinary-naturalist,Nonbinary-Naturalist,2022-04-25 18:30:10 +0200,2022-12-26 06:53:53 +0100,needs_id,CC0,https://www.inaturalist.org/observations/112852496,https://inaturalist-open-data.s3.amazonaws.com/photos/190638322/medium.jpeg,,"","",0,0,false,,"Windsor Forest, Savannah, GA, USA",31.9692596014,-81.155734839,11,,,,11,,open,false,,,pecan,Carya illinoinensis,pecan,Plantae,67593
113833565,fe734826-c646-4388-b29b-1048060f4d85,Sat Apr 30 2022 11:39:18 GMT -0400 (EDT),2022-04-30,2022-04-30 17:39:18 +0200,Eastern Time (US & Canada),4101809,steveisin,,2022-04-30 17:39:56 +0200,2022-04-30 18:37:20 +0200,research,CC-BY-NC,https://www.inaturalist.org/observations/113833565,https://inaturalist-open-data.s3.amazonaws.com/photos/192281520/medium.jpeg,,"",,2,0,false,333,"Montgomery County, US-GA, US",32.2243156433,-82.5419769287,10,,,,10,,open,false,,,pecan,Carya illinoinensis,pecan,Plantae,67593
113887688,ca0ac862-2867-4099-a8f4-d4bdd2eb5c57,2022-04-30 13:54:35-04:00,2022-04-30,2022-04-30 19:54:35 +0200,Eastern Time (US & Canada),247924,fmmonk,Francis Stiteler,2022-04-30 19:54:45 +0200,2024-04-03 01:26:14 +0200,needs_id,CC-BY-NC,https://www.inaturalist.org/observations/113887688,https://inaturalist-open-data.s3.amazonaws.com/photos/192364296/medium.jpg,,"","",0,0,false,3,"Conyers, GA, US",33.5855767737,-84.0652621911,15,,,,15,,open,false,,,"",Carya illinoinensis,pecan,Plantae,67593
114034007,4b1ad9d1-b8da-4f84-82a6-d6bf701c3fb4,2022-04-30 16:22:38-04:00,2022-04-30,2022-04-30 22:22:38 +0200,Eastern Time (US & Canada),10967,running_naturalist,Eli Dickerson,2022-05-01 02:23:01 +0200,2022-05-01 02:23:09 +0200,needs_id,CC-BY-NC,https://www.inaturalist.org/observations/114034007,https://inaturalist-open-data.s3.amazonaws.com/photos/192603498/medium.jpg,,"","",0,0,false,3,"Dyson Dr NE, Atlanta, GA, US",33.77967,-84.3194283333,50,,,,50,,open,false,,,"",Carya illinoinensis,pecan,Plantae,67593
114328849,377bebfe-89e3-414c-8f9f-f53b66ed2179,2022-05-01 11:13:20,2022-05-01,2022-05-01 17:13:20 +0200,Eastern Time (US & Canada),3895397,bassoont,Ezra,2022-05-01 20:28:36 +0200,2023-07-29 18:43:58 +0200,research,CC-BY-NC,https://www.inaturalist.org/observations/114328849,https://inaturalist-open-data.s3.amazonaws.com/photos/193072750/medium.jpeg,,"",,1,0,false,2,"Macon, GA 31217, USA",32.8374722222,-83.6073444444,,,,,,,open,false,gps,gps,pecan,Carya illinoinensis,pecan,Plantae,67593
114341032,3a3bbef5-f76d-4c83-81e4-c42e94273c24,2022-05-01 11:00:17-04:00,2022-05-01,2022-05-01 17:00:17 +0200,Eastern Time (US & Canada),3895752,embersavvy,Ander,2022-05-01 20:55:40 +0200,2022-05-02 03:24:47 +0200,needs_id,CC-BY-NC,https://www.inaturalist.org/observations/114341032,https://inaturalist-open-data.s3.amazonaws.com/photos/193346633/medium.jpg,,"","",0,0,false,3,"Ocmulgee Mounds National Historical Park, Macon, GA, US",32.841705,-83.6075366667,13,,,,13,,open,false,,,"",Carya illinoinensis,pecan,Plantae,67593
114415315,3acedbc9-6f91-40dd-a5bf-61d140c5c9e4,2022-05-01 17:46:51-04:00,2022-05-01,2022-05-01 23:46:51 +0200,Eastern Time (US & Canada),5612712,axotec267,,2022-05-01 23:47:10 +0200,2022-12-23 04:15:30 +0100,needs_id,CC-BY-NC,https://www.inaturalist.org/observations/114415315,https://inaturalist-open-data.s3.amazonaws.com/photos/193207373/medium.jpg,,"","",0,0,false,3,"Francis St NE, Brookhaven, GA, US",33.8826278178,-84.3440613058,9,,,,9,,open,false,,,"",Carya illinoinensis,pecan,Plantae,67593
114416218,a0e2d95b-f581-4213-a5ff-45d052d88a5a,2022-05-01 17:49:14-04:00,2022-05-01,2022-05-01 23:49:14 +0200,Eastern Time (US & Canada),5612712,axotec267,,2022-05-01 23:49:28 +0200,2022-12-23 04:13:49 +0100,needs_id,CC-BY-NC,https://www.inaturalist.org/observations/114416218,https://inaturalist-open-data.s3.amazonaws.com/photos/193209075/medium.jpg,,"","",0,0,false,3,"Francis St NE, Brookhaven, GA, US",33.8827013271,-84.344141353,5,,,,5,,open,false,,,"",Carya illinoinensis,pecan,Plantae,67593
115780386,cad84f44-21ff-44d2-bb69-5f07b946214a,2022/05/05 12:53 PM,2022-05-05,2022-05-05 18:53:00 +0200,Eastern Time (US & Canada),4014802,nonbinary-naturalist,Nonbinary-Naturalist,2022-05-06 21:10:23 +0200,2022-07-29 07:13:00 +0200,research,CC0,https://www.inaturalist.org/observations/115780386,https://inaturalist-open-data.s3.amazonaws.com/photos/195381408/medium.jpeg,,"","150+ years old 

This is the first pecan tree I've seen, interesting that from the leaves I could almost think it was a black walnut, but not quite.",1,0,false,,"Chatham County, GA, USA",32.0269185155,-80.8905245784,2,,,,2,,open,false,,,pecan,Carya illinoinensis,pecan,Plantae,67593
115780444,40227afb-0df8-4037-b63d-9c3d25cf58f2,2022/05/05 1:34 PM,2022-05-05,2022-05-05 19:34:00 +0200,Eastern Time (US & Canada),4014802,nonbinary-naturalist,Nonbinary-Naturalist,2022-05-06 21:10:34 +0200,2022-07-29 07:14:24 +0200,needs_id,CC0,https://www.inaturalist.org/observations/115780444,https://inaturalist-open-data.s3.amazonaws.com/photos/195384890/medium.jpeg,,"","a seedling from the 150+ year old tree inside the fort. seemed like it was growing where they mowed, lol, if I ever go back, I'll have to ask if I can take it, or transplant it somewhere else in the park.",0,0,false,,"Chatham County, GA, USA",32.0264536798,-80.8913996748,43,,,,43,,open,false,,,Pecan,Carya illinoinensis,pecan,Plantae,67593
115780806,2a42fc02-10eb-433b-adaf-ac8cba539e68,2022/05/05 4:38 PM,2022-05-05,2022-05-05 22:38:00 +0200,Eastern Time (US & Canada),4014802,nonbinary-naturalist,Nonbinary-Naturalist,2022-05-06 21:12:21 +0200,2024-03-18 03:37:14 +0100,needs_id,CC0,https://www.inaturalist.org/observations/115780806,https://inaturalist-open-data.s3.amazonaws.com/photos/195390431/medium.jpeg,,"","along the creek.

I was assuming this is a hickory but the AI says it's an ash, so I'll let someone else decide.",0,0,false,,"Windsor Forest, Savannah, GA, USA",31.9705673218,-81.1523600982,159,,,,159,,open,false,,,pecan,Carya illinoinensis,pecan,Plantae,67593
115977027,07d1462e-3a3b-4177-8be5-5b07128813d1,Sat May 07 2022 17:25:14 GMT -0400 (EDT),2022-05-07,2022-05-07 23:25:14 +0200,Eastern Time (US & Canada),4703400,tinymushroom146,,2022-05-07 23:26:00 +0200,2022-05-07 23:26:07 +0200,needs_id,CC-BY-NC,https://www.inaturalist.org/observations/115977027,https://inaturalist-open-data.s3.amazonaws.com/photos/195738442/medium.jpeg,,"",,0,0,false,333,"Bulloch County, US-GA, US",32.3983122057,-81.6013760934,65,,,,29120,obscured,open,true,,,,Carya illinoinensis,pecan,Plantae,67593
116833509,9150d3f0-1e28-4368-9816-1fe857804b84,2022-05-12 15:25:42,2022-05-12,2022-05-12 21:25:42 +0200,Eastern Time (US & Canada),2873087,sydneypaz,"",2022-05-13 16:32:33 +0200,2022-05-13 17:15:48 +0200,research,CC-BY-NC,https://www.inaturalist.org/observations/116833509,https://inaturalist-open-data.s3.amazonaws.com/photos/197251210/medium.jpeg,,"",,1,0,false,2,"Woodbine, GA 31569, USA",30.8455261111,-81.6354855556,,,,,,,open,false,gps,gps,pecan,Carya illinoinensis,pecan,Plantae,67593
117019471,f8e98897-4fb8-45eb-a6d8-766296584ecf,2022-05-14 15:14:22-04:00,2022-05-14,2022-05-14 21:14:22 +0200,Eastern Time (US & Canada),5666048,johndbutler,John-David Butler,2022-05-14 21:16:42 +0200,2022-06-01 20:11:54 +0200,research,,https://www.inaturalist.org/observations/117019471,https://static.inaturalist.org/photos/197583354/medium.jpg,,"","",1,0,false,3,"Carroll County, US-GA, US",33.6913034625,-85.0581792496,10,,,,10,,open,false,,,pecan,Carya illinoinensis,pecan,Plantae,67593
117163348,048cd97f-7b45-4938-afa1-9043b6b4fe38,2022-05-15 12:48:22-04:00,2022-05-15,2022-05-15 18:48:22 +0200,Eastern Time (US & Canada),5660026,raitch,Rob Aitchison,2022-05-15 18:52:07 +0200,2022-05-20 13:32:08 +0200,needs_id,,https://www.inaturalist.org/observations/117163348,https://static.inaturalist.org/photos/197838890/medium.jpg,,"","",0,0,false,3,"Keith Valley Rd, Cohutta, GA, US",34.9842844759,-84.8658721408,24,,,,24,,open,false,,,"",Carya illinoinensis,pecan,Plantae,67593
117377104,e28a169b-1a68-49df-a373-81e2a4875ad3,2022-05-16 14:24:28-04:00,2022-05-16,2022-05-16 20:24:28 +0200,Eastern Time (US & Canada),2877185,hudgins,Michael Hudgins,2022-05-17 01:01:26 +0200,2022-05-17 01:01:34 +0200,needs_id,CC-BY-NC,https://www.inaturalist.org/observations/117377104,https://inaturalist-open-data.s3.amazonaws.com/photos/198222612/medium.jpg,,"","",0,0,false,3,"Paul Ave NW, Atlanta, GA, US",33.8202597693,-84.4758911167,78,,,,78,,open,false,,,"",Carya illinoinensis,pecan,Plantae,67593
117384784,4b9ce440-4e55-4d28-b70b-7af121a74af6,2022-05-16 20:06:18,2022-05-16,2022-05-17 02:06:18 +0200,Eastern Time (US & Canada),1209636,lauraly21,"",2022-05-17 02:07:20 +0200,2022-05-17 04:05:46 +0200,needs_id,CC-BY-NC,https://www.inaturalist.org/observations/117384784,https://inaturalist-open-data.s3.amazonaws.com/photos/198261305/medium.jpeg,,"",,0,0,false,2,"S Stone Mountain Lithonia Rd & S Deshon Rd, Georgia 30058, USA",33.7468739722,-84.1337999722,,,,,,,open,false,gps,gps,pecan,Carya illinoinensis,pecan,Plantae,67593
117432891,103a2dee-d693-4bd6-aa1b-5119df6a91e9,2022-05-17 06:38:02-04:00,2022-05-17,2022-05-17 12:38:02 +0200,Eastern Time (US & Canada),5666059,cedmond6,,2022-05-17 13:14:44 +0200,2022-05-31 17:37:36 +0200,needs_id,CC-BY-NC,https://www.inaturalist.org/observations/117432891,https://inaturalist-open-data.s3.amazonaws.com/photos/198358401/medium.jpg,,"","",0,0,false,3,"Lowell Rd, Carrollton, GA, US",33.48948195,-85.0630123262,9,,,,9,,open,false,,,Acorn,Carya illinoinensis,pecan,Plantae,67593
117450848,7c413e3e-92db-4d1e-8668-0e96079fc9e1,2022-05-17 06:45:10-04:00,2022-05-17,2022-05-17 12:45:10 +0200,Eastern Time (US & Canada),5666059,cedmond6,,2022-05-17 16:22:19 +0200,2022-05-18 13:53:38 +0200,needs_id,CC-BY-NC,https://www.inaturalist.org/observations/117450848,https://inaturalist-open-data.s3.amazonaws.com/photos/198589235/medium.jpg,,"","",0,0,false,3,"Carroll County, US-GA, US",33.4901242755,-85.0629457628,11,,,,11,,open,false,,,Pecan,Carya illinoinensis,pecan,Plantae,67593
117670421,8cb849c8-85eb-45af-9d19-2d9fbcc670b1,2022-05-18 20:35:26-04:00,2022-05-18,2022-05-19 02:35:26 +0200,Eastern Time (US & Canada),5533743,cassidytg,"CassidyTG,PhD",2022-05-19 02:40:32 +0200,2022-05-19 02:40:45 +0200,needs_id,CC-BY-NC,https://www.inaturalist.org/observations/117670421,https://inaturalist-open-data.s3.amazonaws.com/photos/198750249/medium.jpg,,"","",0,0,false,3,"University of Georgia, Athens, GA, US",33.9446416667,-83.3781366667,35,,,,35,,open,false,,,"",Carya illinoinensis,pecan,Plantae,67593
118182484,d3d49738-6c05-405f-b99d-ef67b003067c,2022-05-22 09:45:27-04:00,2022-05-22,2022-05-22 15:45:27 +0200,Eastern Time (US & Canada),5475484,interpretivbear,,2022-05-22 15:49:18 +0200,2022-05-22 15:49:28 +0200,needs_id,CC-BY-NC,https://www.inaturalist.org/observations/118182484,https://inaturalist-open-data.s3.amazonaws.com/photos/199649155/medium.jpg,,"","",0,0,false,3,"Georgia, US",31.165182001,-81.3823776941,9,,,,29278,obscured,open,true,,,"",Carya illinoinensis,pecan,Plantae,67593
118640411,10fec6b0-b9c8-4930-bc44-f65cdc0b4ee0,2022-05-25 08:56:11-04:00,2022-05-25,2022-05-25 14:56:11 +0200,Eastern Time (US & Canada),2877185,hudgins,Michael Hudgins,2022-05-25 15:02:17 +0200,2022-05-25 15:02:30 +0200,needs_id,CC-BY-NC,https://www.inaturalist.org/observations/118640411,https://inaturalist-open-data.s3.amazonaws.com/photos/200475582/medium.jpg,,"","",0,0,false,3,"Spink St NW, Atlanta, GA, US",33.8123896801,-84.4708863319,4,,,,4,,open,false,,,"",Carya illinoinensis,pecan,Plantae,67593
118807609,84a4d824-5c08-447d-bb07-f410f67b6d8c,2022-05-26 13:20:38-04:00,2022-05-26,2022-05-26 19:20:38 +0200,Eastern Time (US & Canada),2344422,karseward,,2022-05-26 19:21:49 +0200,2022-05-26 19:22:07 +0200,needs_id,CC-BY-NC,https://www.inaturalist.org/observations/118807609,https://inaturalist-open-data.s3.amazonaws.com/photos/200772652/medium.jpg,,"","",0,0,false,3,"Quitman, GA, US",30.8401193955,-83.4984881409,976,,,,976,,open,false,,,"",Carya illinoinensis,pecan,Plantae,67593
118934909,d9e322b5-96af-49fd-871e-8a3683203e10,2022-05-27 09:06:04-04:00,2022-05-27,2022-05-27 15:06:04 +0200,Eastern Time (US & Canada),764155,whatch11,Wes Hatch,2022-05-27 18:20:04 +0200,2022-05-27 18:20:13 +0200,needs_id,,https://www.inaturalist.org/observations/118934909,https://static.inaturalist.org/photos/201003310/medium.jpg,,"","",0,0,false,3,"DeKalb County, US-GA, US",33.8268059994,-84.308736466,4,,,,4,,open,false,,,"",Carya illinoinensis,pecan,Plantae,67593
119290211,1b03bfae-d574-4d95-a7b4-915d2d45d7e3,2022-05-29 14:50:33-04:00,2022-05-29,2022-05-29 20:50:33 +0200,Eastern Time (US & Canada),5685043,coachcece,,2022-05-29 20:50:57 +0200,2022-05-29 20:51:10 +0200,needs_id,CC-BY-NC,https://www.inaturalist.org/observations/119290211,https://inaturalist-open-data.s3.amazonaws.com/photos/201635493/medium.jpg,,"","",0,0,false,3,"Washington Rd, Lexington, GA, US",33.8487437335,-83.0801803256,17,,,,17,,open,false,,,"",Carya illinoinensis,pecan,Plantae,67593
120488108,1ea256cf-5d77-4527-8556-d64c1ea76190,Mon Jun 06 2022 06:21:15 GMT -0400 (EDT),2022-06-06,2022-06-06 12:21:15 +0200,Eastern Time (US & Canada),4868181,lovecamp,ktw,2022-06-06 12:21:20 +0200,2022-06-06 12:21:28 +0200,needs_id,CC-BY-NC,https://www.inaturalist.org/observations/120488108,https://inaturalist-open-data.s3.amazonaws.com/photos/203794307/medium.jpeg,,"",,0,0,false,333,Albany,31.5763263702,-84.1480178833,10,,,,10,,open,false,,,,Carya illinoinensis,pecan,Plantae,67593
120667354,2efa5404-f2fc-4f21-8970-957b43e68dbe,2022-06-07 10:09:22,2022-06-07,2022-06-07 16:09:22 +0200,Eastern Time (US & Canada),5744042,nworrell,,2022-06-07 16:13:58 +0200,2022-06-16 15:04:14 +0200,needs_id,CC-BY-NC,https://www.inaturalist.org/observations/120667354,https://inaturalist-open-data.s3.amazonaws.com/photos/204115982/medium.jpeg,,"",,0,0,false,2,"Rockmart, GA 30153, USA",33.9988655945,-85.0522607937,9,,,,9,,open,false,,,,Carya illinoinensis,pecan,Plantae,67593
121100365,b05601e5-8c95-455b-bb97-a49567fe4d90,2022-06-10 11:34:28-04:00,2022-06-10,2022-06-10 17:34:28 +0200,Eastern Time (US & Canada),1248798,mattg18,,2022-06-10 17:35:12 +0200,2022-08-11 03:54:35 +0200,research,,https://www.inaturalist.org/observations/121100365,https://static.inaturalist.org/photos/204892205/medium.jpg,,"","",1,0,false,3,"Georgia, US",33.6932996321,-84.0795200199,62680,,,,62680,obscured,open,true,,,pecan,Carya illinoinensis,pecan,Plantae,67593
121127318,976fe045-8674-47cb-9b5f-194a22593538,Fri Jun 10 2022 14:59:41 GMT -0400 (EDT),2022-06-10,2022-06-10 20:59:41 +0200,Eastern Time (US & Canada),3202261,ess423,,2022-06-10 20:59:51 +0200,2022-08-11 03:54:27 +0200,research,CC-BY-NC,https://www.inaturalist.org/observations/121127318,https://inaturalist-open-data.s3.amazonaws.com/photos/207430216/medium.jpeg,,"",,1,0,false,333,Gainesville,34.3103141785,-84.0316925049,52,,,,52,,open,false,,,pecan,Carya illinoinensis,pecan,Plantae,67593
122088319,52a3a6f7-e9e3-4e8a-9b65-8e708b54784b,2022-06-16 19:17:35-04:00,2022-06-16,2022-06-17 01:17:35 +0200,Eastern Time (US & Canada),5676246,andrewdowdy,andrewjdowdy,2022-06-17 01:17:54 +0200,2022-06-17 02:18:49 +0200,research,CC-BY-NC,https://www.inaturalist.org/observations/122088319,https://inaturalist-open-data.s3.amazonaws.com/photos/206670845/medium.jpg,,"","",1,0,false,3,"Center St NW, Atlanta, GA, US",33.7821809911,-84.4030392769,8,,,,8,,open,false,,,pecan,Carya illinoinensis,pecan,Plantae,67593
122301958,556328c1-45b4-4a65-a758-13b1d104c9dd,2022-06-18 09:14:40,2022-06-18,2022-06-18 15:14:40 +0200,Eastern Time (US & Canada),2657767,marty66,Marty Maranto,2022-06-18 15:17:13 +0200,2022-06-18 16:24:08 +0200,research,,https://www.inaturalist.org/observations/122301958,https://static.inaturalist.org/photos/207056360/medium.jpeg,,"",,1,0,false,2,"Macon, GA 31210, USA",32.8739151,-83.72069178,7,,,,7,,open,false,,,pecan,Carya illinoinensis,pecan,Plantae,67593
122307760,e6b777fd-5812-4c44-a1e7-94fab1746858,2022-06-18 10:01:09-04:00,2022-06-18,2022-06-18 16:01:09 +0200,Eastern Time (US & Canada),4067324,lifewiththekeisers,Kimberly Keiser,2022-06-18 16:01:32 +0200,2022-06-18 22:11:15 +0200,research,,https://www.inaturalist.org/observations/122307760,https://static.inaturalist.org/photos/207066277/medium.jpg,,"","",1,0,false,3,"Broad St, Cave Spring, GA, US",34.1068823263,-85.3365586885,4,,,,4,,open,false,,,pecan,Carya illinoinensis,pecan,Plantae,67593
122480787,871a14ec-bbaf-4ca4-83ef-2c7f30c5018d,2022-06-19 10:02:25,2022-06-19,2022-06-19 16:02:25 +0200,Eastern Time (US & Canada),3028312,kristengeorgia,Kristen Good,2022-06-19 16:32:16 +0200,2022-08-13 22:48:48 +0200,research,,https://www.inaturalist.org/observations/122480787,https://static.inaturalist.org/photos/207375975/medium.jpeg,,"",,2,0,false,2,Tignall,33.8697903076,-82.736794576,2044,,,,2044,,open,false,,,pecan,Carya illinoinensis,pecan,Plantae,67593
122512704,2d0a87ae-b094-433d-af42-9c54e4efc8d2,2022/06/19 9:52 AM,2022-06-19,2022-06-19 15:52:00 +0200,Eastern Time (US & Canada),64286,supertiger,Leila Dasher,2022-06-19 19:35:38 +0200,2022-06-19 19:44:49 +0200,research,CC-BY,https://www.inaturalist.org/observations/122512704,https://inaturalist-open-data.s3.amazonaws.com/photos/207429223/medium.jpg,,"","",1,0,false,,"Georgia, US",33.8922636755,-83.375015793,,,,,28902,obscured,open,true,,"",pecan,Carya illinoinensis,pecan,Plantae,67593
122948818,5ce14b91-018a-4e0a-a96c-27bd2bf299bb,2022-06-22 10:14:29-04:00,2022-06-22,2022-06-22 16:14:29 +0200,Eastern Time (US & Canada),5827784,gwyn12,Gwyn Kelley,2022-06-22 16:15:38 +0200,2022-08-11 03:53:47 +0200,research,,https://www.inaturalist.org/observations/122948818,https://static.inaturalist.org/photos/208227454/medium.jpg,,"","",1,0,false,3,"Martin Luther King Jr Dr SE, Atlanta, GA, US",33.7471502394,-84.3763548845,9,,,,9,,open,false,,,pecan,Carya illinoinensis,pecan,Plantae,67593
123209561,42a91025-3629-41c5-9a85-1e7dcb9d75f5,2022-06-20 19:01:42-04:00,2022-06-20,2022-06-21 01:01:42 +0200,Eastern Time (US & Canada),3224770,emmeffbee,Emm Eff Bee,2022-06-24 13:45:04 +0200,2022-06-26 03:17:42 +0200,research,,https://www.inaturalist.org/observations/123209561,https://static.inaturalist.org/photos/208702511/medium.jpg,,"","",1,0,false,3,"Georgia, US",33.4268799613,-83.8449035996,35,,,,28957,obscured,open,true,,,pecan,Carya illinoinensis,pecan,Plantae,67593
123293945,d4882924-bb4d-4f6c-9b9f-e0a48664dbbf,2022/06/24 7:09 PM,2022-06-24,2022-06-25 01:09:00 +0200,Eastern Time (US & Canada),4350938,icopperbug_old,"",2022-06-25 02:02:14 +0200,2022-08-11 03:53:37 +0200,research,CC-BY-NC,https://www.inaturalist.org/observations/123293945,https://inaturalist-open-data.s3.amazonaws.com/photos/208848478/medium.jpg,,"",,1,0,false,,"Georgia, US",33.8754705316,-83.3717330597,,,,,28902,obscured,open,true,,,pecan,Carya illinoinensis,pecan,Plantae,67593
123457212,30071d79-c06b-4b9d-90f9-7a7820eea236,2022-06-05 15:11:19,2022-06-05,2022-06-05 21:11:19 +0200,Eastern Time (US & Canada),703773,lincolndurey,Lincoln Durey,2022-06-26 03:18:31 +0200,2023-02-23 16:10:23 +0100,research,CC-BY,https://www.inaturalist.org/observations/123457212,https://static.inaturalist.org/photos/209146195/medium.jpeg,,"","Atlanta Westside Reservoir Park
https://www.inaturalist.org/calendar/lincolndurey/2022/6/5",1,0,false,2,"Rockdale, Atlanta, GA 30318, USA",33.7874200193,-84.4511123747,,,,,,,open,false,gps,gps,pecan,Carya illinoinensis,pecan,Plantae,67593
124006393,a74573a4-c778-4296-8969-353899cbcbbe,2022-06-29 15:13:43,2022-06-29,2022-06-29 21:13:43 +0200,Eastern Time (US & Canada),5864663,arthur423,Arthur Small,2022-06-29 21:14:02 +0200,2022-06-29 22:31:17 +0200,research,,https://www.inaturalist.org/observations/124006393,https://static.inaturalist.org/photos/210142001/medium.jpeg,,"",Pecan,1,0,false,2,"Villa Rica, GA 30180, USA",33.75028195,-84.90597952,9,,,,9,,open,false,,,pecan,Carya illinoinensis,pecan,Plantae,67593
124321095,30a503a9-d82a-441d-8cd7-e94c5e2f0097,2022-06-30 00:00:00,2022-06-30,2022-06-30 06:00:00 +0200,Eastern Time (US & Canada),1110667,botanylicious,Sarah Kelsey,2022-07-02 02:18:09 +0200,2022-07-02 03:04:28 +0200,research,CC-BY-NC-SA,https://www.inaturalist.org/observations/124321095,https://inaturalist-open-data.s3.amazonaws.com/photos/210708185/medium.jpeg,,"",,1,0,false,2,"Atlanta, GA 30344, USA",33.670717177,-84.4476975873,28,,,,28,,open,false,gps,gps,pecan,Carya illinoinensis,pecan,Plantae,67593
125261382,9a17490a-a0a9-44a3-b24d-23205661f47d,2022-06-05 15:37:59,2022-06-05,2022-06-05 21:37:59 +0200,Eastern Time (US & Canada),703773,lincolndurey,Lincoln Durey,2022-07-08 05:55:19 +0200,2023-02-23 16:10:23 +0100,research,CC-BY,https://www.inaturalist.org/observations/125261382,https://static.inaturalist.org/photos/212411275/medium.jpeg,,"","Atlanta Westside Reservoir Park
https://www.inaturalist.org/calendar/lincolndurey/2022/6/5",1,0,false,2,"Rockdale, Atlanta, GA 30318, USA",33.7858447952,-84.4500827417,4,,,,4,,open,false,gps,gps,pecan,Carya illinoinensis,pecan,Plantae,67593
125437512,c255c272-aed3-44ad-bdb8-35a0415ae9d2,2022-07-09 08:56:39,2022-07-09,2022-07-09 14:56:39 +0200,Eastern Time (US & Canada),198154,swampster,DT,2022-07-09 14:57:28 +0200,2024-07-19 19:52:37 +0200,research,CC-BY-NC,https://www.inaturalist.org/observations/125437512,https://inaturalist-open-data.s3.amazonaws.com/photos/212723809/medium.jpeg,,"",,1,0,false,2,"Park and Ride, Athens, GA 30605, USA",33.935697354,-83.3643832058,10,,,,10,,open,false,gps,gps,pecan,Carya illinoinensis,pecan,Plantae,67593
125618519,ec63d7a9-2040-41c7-9998-7b80be20b37f,2022-07-10 11:07:11,2022-07-10,2022-07-10 17:07:11 +0200,Eastern Time (US & Canada),5900944,schweitzer5868,,2022-07-10 17:07:43 +0200,2022-11-22 01:42:35 +0100,needs_id,CC-BY-NC,https://www.inaturalist.org/observations/125618519,https://inaturalist-open-data.s3.amazonaws.com/photos/213045130/medium.jpeg,,"",,0,0,false,2,"Rockmart, GA 30153, USA",34.0008012112,-85.0293117296,9,,,,9,,open,false,,,,Carya illinoinensis,pecan,Plantae,67593
126669482,9138cf14-9f28-4890-a407-3fdee6eef8ef,Sun Jul 17 2022 12:53:52 GMT -0400 (EDT),2022-07-17,2022-07-17 18:53:52 +0200,Eastern Time (US & Canada),3134589,kbz,"",2022-07-17 18:53:59 +0200,2022-07-17 20:15:49 +0200,research,,https://www.inaturalist.org/observations/126669482,https://static.inaturalist.org/photos/214947805/medium.jpeg,,"",,1,0,false,333,Duluth,33.9674835205,-84.1269226074,9,,,,9,,open,false,,,pecan,Carya illinoinensis,pecan,Plantae,67593
126890425,c7f490a2-0d97-4569-979d-193c9c70eedd,Mon Jul 18 2022 19:53:38 GMT-0400 (EDT),2022-07-18,2022-07-19 01:53:38 +0200,Eastern Time (US & Canada),4174509,mccandrea,Andrea M,2022-07-19 02:14:25 +0200,2023-01-09 04:32:03 +0100,research,CC-BY-NC,https://www.inaturalist.org/observations/126890425,https://inaturalist-open-data.s3.amazonaws.com/photos/215351417/medium.jpg,,"","",1,0,false,3,"Hubbard St SW, Atlanta, GA, US",33.731025,-84.40265,4,,,,4,,open,false,,,pecan,Carya illinoinensis,pecan,Plantae,67593
127027522,e9c11830-81dc-4a62-a035-153e1f54d2b2,Tue Jul 19 2022 19:58:57 GMT -0400 (EDT),2022-07-19,2022-07-20 01:58:57 +0200,Eastern Time (US & Canada),588661,micheleskolmutch,Michele Skolmutch,2022-07-20 01:59:06 +0200,2022-07-20 02:08:46 +0200,research,,https://www.inaturalist.org/observations/127027522,https://static.inaturalist.org/photos/215603835/medium.jpeg,,"",,1,0,false,333,Ellerslie,32.6431388855,-84.7816772461,96,,,,96,,open,false,,,pecan,Carya illinoinensis,pecan,Plantae,67593
127599192,b49eae19-fb14-4804-b1e8-4e2452aa2a11,2022-07-23 18:37:20,2022-07-23,2022-07-24 00:37:20 +0200,Eastern Time (US & Canada),1110667,botanylicious,Sarah Kelsey,2022-07-24 02:29:35 +0200,2022-07-24 02:58:54 +0200,research,CC-BY-NC-SA,https://www.inaturalist.org/observations/127599192,https://inaturalist-open-data.s3.amazonaws.com/photos/216642091/medium.jpeg,,"",,1,0,false,2,"Atlanta, GA 30344, USA",33.670662,-84.447854,,,,,,,open,false,gps,gps,pecan,Carya illinoinensis,pecan,Plantae,67593
128189305,eba1ab6d-e4ca-45b2-b035-627fdc4f96c6,2022-07-27 15:07:13-04:00,2022-07-27,2022-07-27 21:07:13 +0200,Eastern Time (US & Canada),5778610,makadinaj,,2022-07-27 21:26:35 +0200,2022-08-11 03:53:15 +0200,research,CC-BY-NC,https://www.inaturalist.org/observations/128189305,https://inaturalist-open-data.s3.amazonaws.com/photos/217761219/medium.jpg,,"","",1,0,false,3,"Oakwood, GA, US",34.2421532336,-83.8640847208,47,,,,47,,open,false,,,pecan,Carya illinoinensis,pecan,Plantae,67593
129094266,000844a6-b365-49c3-bd58-1a147e398d4f,2022/07/31 8:01 PM,2022-07-31,2022-08-01 02:01:00 +0200,Eastern Time (US & Canada),4014802,nonbinary-naturalist,Nonbinary-Naturalist,2022-08-02 06:05:06 +0200,2025-03-26 04:00:38 +0100,needs_id,CC0,https://www.inaturalist.org/observations/129094266,https://inaturalist-open-data.s3.amazonaws.com/photos/219339782/medium.jpeg,,"","I saw the fruits clearly, unfortunately we were going too fast to get good pictures.

No fair that all the pecan trees are on the wrong side of town...",0,0,false,,"West Savannah, Savannah, GA 31415, USA",32.0877528179,-81.1174906515,82,,,,82,,open,false,,,Pecan,Carya illinoinensis,pecan,Plantae,67593
129196174,6a054d18-3b06-486b-9914-eec321ec97cf,2022-08-02 17:27:49-04:00,2022-08-02,2022-08-02 23:27:49 +0200,Eastern Time (US & Canada),5256504,emma1553,Emma W.,2022-08-02 23:28:07 +0200,2022-08-11 02:45:07 +0200,research,,https://www.inaturalist.org/observations/129196174,https://static.inaturalist.org/photos/219524608/medium.jpg,,"","",1,0,false,3,"Ralph McGill Blvd NE, Atlanta, GA, US",33.7639014289,-84.382614334,35,,,,35,,open,false,,,pecan,Carya illinoinensis,pecan,Plantae,67593
129747327,957fe356-37fe-4b5d-af5d-78f2c9b82180,Sat Aug 06 2022 19:05:19 GMT-0400 (EDT),2022-08-06,2022-08-07 01:05:19 +0200,Eastern Time (US & Canada),5801243,girlnature1,,2022-08-07 01:10:04 +0200,2022-08-11 03:52:57 +0200,research,CC-BY-NC,https://www.inaturalist.org/observations/129747327,https://inaturalist-open-data.s3.amazonaws.com/photos/220536503/medium.jpg,,"","",1,0,false,3,"Idylwild Dr, Wrightsville, GA, US",32.7211510695,-82.7211446753,4,,,,4,,open,false,,,pecan,Carya illinoinensis,pecan,Plantae,67593
130313211,248fb64e-2425-4c7a-8ea7-88c4198729f1,2022/08/10 2:36 PM,2022-08-10,2022-08-10 20:36:00 +0200,Eastern Time (US & Canada),4014802,nonbinary-naturalist,Nonbinary-Naturalist,2022-08-11 02:04:48 +0200,2025-07-27 03:36:00 +0200,needs_id,CC0,https://www.inaturalist.org/observations/130313211,https://inaturalist-open-data.s3.amazonaws.com/photos/221593947/medium.jpeg,,"",First wild pecan tree I've found! ,0,0,false,,"Windsor Forest Park Pecan 1, Savannah, GA, USA",31.9750482195,-81.1406398534,6,,,,6,,open,false,,,pecan,Carya illinoinensis,pecan,Plantae,67593
130314683,5f04c2bd-a78d-43b8-be03-f05197f10ee7,2022/08/10 2:45 PM,2022-08-10,2022-08-10 20:45:00 +0200,Eastern Time (US & Canada),4014802,nonbinary-naturalist,Nonbinary-Naturalist,2022-08-11 02:19:29 +0200,2025-07-27 03:36:00 +0200,needs_id,CC0,https://www.inaturalist.org/observations/130314683,https://inaturalist-open-data.s3.amazonaws.com/photos/221596912/medium.jpeg,,"","Tree vs fence and the tree won, I guess!

2nd pecan tree I've found :)",0,0,false,,"Windsor Forest, Savannah, GA, USA",31.9749882336,-81.1400225759,9,,,,9,,open,false,,,pecan,Carya illinoinensis,pecan,Plantae,67593
130314685,b347dec7-83c5-40fc-8307-7a23cefb109c,2022/08/10 2:48 PM,2022-08-10,2022-08-10 20:48:00 +0200,Eastern Time (US & Canada),4014802,nonbinary-naturalist,Nonbinary-Naturalist,2022-08-11 02:19:29 +0200,2025-07-27 03:36:00 +0200,needs_id,CC0,https://www.inaturalist.org/observations/130314685,https://inaturalist-open-data.s3.amazonaws.com/photos/221597506/medium.jpeg,,"","",0,0,false,,"Windsor Forest, Savannah, GA, USA",31.9751083531,-81.1395795213,56,,,,56,,open,false,,,pecan,Carya illinoinensis,pecan,Plantae,67593
130316896,d74ee169-5504-446e-a1b0-23f2a0909eea,2022/08/10 3:02 PM,2022-08-10,2022-08-10 21:02:00 +0200,Eastern Time (US & Canada),4014802,nonbinary-naturalist,Nonbinary-Naturalist,2022-08-11 02:42:28 +0200,2022-08-11 02:44:47 +0200,needs_id,CC0,https://www.inaturalist.org/observations/130316896,https://inaturalist-open-data.s3.amazonaws.com/photos/221601808/medium.jpeg,,"",a seedling! ,0,0,false,,"Windsor Forest, Savannah, GA, USA",31.9750901986,-81.1392952494,77,,,,77,,open,false,,,Pecan,Carya illinoinensis,pecan,Plantae,67593
130955659,5ee7fa1c-0440-4b16-9c07-0bb1d726d09b,2022-08-15 12:50:44-04:00,2022-08-15,2022-08-15 18:50:44 +0200,Eastern Time (US & Canada),5668636,vickisvaporrub,vicki mendez,2022-08-15 18:52:52 +0200,2022-08-15 20:44:01 +0200,research,,https://www.inaturalist.org/observations/130955659,https://static.inaturalist.org/photos/222781456/medium.jpg,,"","",1,0,false,3,"Brookline St SW, Atlanta, GA, US",33.72718,-84.4103466667,3,,,,3,,open,false,,,pecan,Carya illinoinensis,pecan,Plantae,67593
131271688,0c62c07e-23eb-478a-a8cb-6379b8a4b76b,Wed Aug 17 2022 20:12:17 GMT -0400 (EDT),2022-08-17,2022-08-18 02:12:17 +0200,Eastern Time (US & Canada),4957201,jrogersv,,2022-08-18 02:12:26 +0200,2022-11-03 18:47:18 +0100,research,CC-BY-NC,https://www.inaturalist.org/observations/131271688,https://inaturalist-open-data.s3.amazonaws.com/photos/223366315/medium.jpeg,,"",,1,0,false,333,Savannah,32.0422973633,-81.0735778809,49,,,,49,,open,false,,,pecan,Carya illinoinensis,pecan,Plantae,67593
131291112,106f949d-6820-47b9-9e08-1adc7f29e039,2022/08/17 5:20 PM,2022-08-17,2022-08-17 23:20:00 +0200,Eastern Time (US & Canada),4014802,nonbinary-naturalist,Nonbinary-Naturalist,2022-08-18 05:35:35 +0200,2022-08-18 18:27:51 +0200,needs_id,CC0,https://www.inaturalist.org/observations/131291112,https://inaturalist-open-data.s3.amazonaws.com/photos/223403853/medium.jpeg,,"","",0,0,false,,"Windsor Forest, Savannah, GA, USA",31.969997936,-81.1575203508,164,,,,164,,open,false,,,Pecan,Carya illinoinensis,pecan,Plantae,67593
131405408,d4bd69d1-f3a2-4d54-b2ed-73f986b0a554,2022-08-18 09:33:08,2022-08-18,2022-08-18 15:33:08 +0200,Eastern Time (US & Canada),294566,hawgrower,Heather Anne Walter,2022-08-19 03:29:15 +0200,2022-08-19 14:24:00 +0200,research,,https://www.inaturalist.org/observations/131405408,https://static.inaturalist.org/photos/223617722/medium.jpeg,,"",,1,0,false,2,"Stockbridge, GA 30281, USA",33.596915,-84.2358949722,,,,,,,open,false,,,pecan,Carya illinoinensis,pecan,Plantae,67593
131675682,5d4d7ea9-b2eb-4157-858b-23767fcb224d,2022/08/20 1:11 PM,2022-08-20,2022-08-20 19:11:00 +0200,Eastern Time (US & Canada),4014802,nonbinary-naturalist,Nonbinary-Naturalist,2022-08-21 04:22:39 +0200,2024-03-18 20:36:46 +0100,needs_id,CC0,https://www.inaturalist.org/observations/131675682,https://inaturalist-open-data.s3.amazonaws.com/photos/224111950/medium.jpeg,,"",? the trees far into the woods so I can't see it very clearly.,0,0,false,,"Wilshire Estates, Savannah, GA, USA",31.9894724984,-81.1689104389,16,,,,16,,open,false,,,Pecan,Carya illinoinensis,pecan,Plantae,67593
131675703,965af2a1-aaaa-4b73-99a7-2fb25f2d44e3,2022/08/20 2:54 PM,2022-08-20,2022-08-20 20:54:00 +0200,Eastern Time (US & Canada),4014802,nonbinary-naturalist,Nonbinary-Naturalist,2022-08-21 04:22:44 +0200,2024-03-18 20:37:18 +0100,needs_id,CC0,https://www.inaturalist.org/observations/131675703,https://inaturalist-open-data.s3.amazonaws.com/photos/224113662/medium.jpeg,,"",I was trying to get the whole tree in the shot and then forgot to get closer pictures. Whoops.,0,0,false,,"Windsor Forest, Savannah, GA, USA",31.9749723069,-81.1392796042,93,,,,93,,open,false,,,Pecan,Carya illinoinensis,pecan,Plantae,67593
131727720,d04784f5-6425-4aee-aa08-b055f942cc20,2022-08-20 20:17:22,2022-08-20,2022-08-21 02:17:22 +0200,Eastern Time (US & Canada),1197831,krugan,Krusgan,2022-08-21 15:40:44 +0200,2022-08-24 16:52:47 +0200,research,CC-BY-NC,https://www.inaturalist.org/observations/131727720,https://inaturalist-open-data.s3.amazonaws.com/photos/224215123/medium.jpeg,,"",,2,0,false,2,"Oakland City, Atlanta, GA 30310, USA",33.7309326997,-84.4215994997,,,,,,,open,false,gps,gps,pecan,Carya illinoinensis,pecan,Plantae,67593
131778280,0a9ab066-8b70-4f0c-a5e1-2e8320ff2519,2022/08/21 11:22 AM,2022-08-21,2022-08-21 17:22:00 +0200,Eastern Time (US & Canada),4014802,nonbinary-naturalist,Nonbinary-Naturalist,2022-08-21 21:12:30 +0200,2024-03-18 20:37:58 +0100,needs_id,CC0,https://www.inaturalist.org/observations/131778280,https://inaturalist-open-data.s3.amazonaws.com/photos/224297628/medium.jpeg,,"","",0,0,false,,"Largo Woods, Savannah, GA, USA",31.9960973444,-81.1505072521,286,,,,286,,open,false,,,Pecan,Carya illinoinensis,pecan,Plantae,67593
132135279,e268f55e-2288-4d01-9f38-e9bd42a0bc62,2022-08-24 09:24:40-04:00,2022-08-24,2022-08-24 15:24:40 +0200,Eastern Time (US & Canada),2719461,ta15,T A,2022-08-24 15:25:42 +0200,2022-08-24 15:25:52 +0200,needs_id,,https://www.inaturalist.org/observations/132135279,https://static.inaturalist.org/photos/224974760/medium.jpg,,"","",0,0,false,3,"Benteen Ave SE, Atlanta, GA, US",33.7154272897,-84.3665899337,8,,,,8,,open,false,,,"",Carya illinoinensis,pecan,Plantae,67593
132159964,11fc49f8-07dd-4e38-8fb1-581bae909e21,2022-08-24 12:48:18-04:00,2022-08-24,2022-08-24 18:48:18 +0200,Eastern Time (US & Canada),5758716,williamgarvin,William Garvin,2022-08-24 18:49:35 +0200,2022-11-01 13:14:21 +0100,research,CC-BY-NC,https://www.inaturalist.org/observations/132159964,https://inaturalist-open-data.s3.amazonaws.com/photos/225019082/medium.jpg,,"","",1,0,false,3,"Abraham Baldwin Agricultural College, Tifton, GA, US",31.4842594145,-83.5304061149,9,,,,9,,open,false,,,pecan,Carya illinoinensis,pecan,Plantae,67593
132161548,310cfb05-2dbb-4f06-91a1-54e63e3457d3,2022-08-24 13:02:54-04:00,2022-08-24,2022-08-24 19:02:54 +0200,Eastern Time (US & Canada),3385638,nothingdoing,,2022-08-24 19:03:06 +0200,2022-08-30 16:36:28 +0200,needs_id,CC-BY-NC,https://www.inaturalist.org/observations/132161548,https://inaturalist-open-data.s3.amazonaws.com/photos/225100074/medium.jpg,,"","",0,0,false,3,"Alta Ave NE, Atlanta, GA, US",33.7614900701,-84.3498026787,4,,,,4,,open,false,,,"",Carya illinoinensis,pecan,Plantae,67593
132289107,896056ff-a736-4bbd-96ed-76f5efa518e0,2022/08/24 4:54 PM,2022-08-24,2022-08-24 22:54:00 +0200,Eastern Time (US & Canada),4014802,nonbinary-naturalist,Nonbinary-Naturalist,2022-08-25 18:05:55 +0200,2024-03-18 20:46:23 +0100,research,CC0,https://www.inaturalist.org/observations/132289107,https://inaturalist-open-data.s3.amazonaws.com/photos/225257012/medium.jpeg,,"","",1,0,false,,"Windsor Forest Park, Savannah, GA, USA",31.9750651566,-81.1394418992,121,,,,121,,open,false,,,pecan,Carya illinoinensis,pecan,Plantae,67593
132462962,eeef6485-8ce5-478c-82ad-fc3b93796415,2022-08-26 16:33:09-04:00,2022-08-26,2022-08-26 22:33:09 +0200,Eastern Time (US & Canada),6071059,tergenev,,2022-08-26 22:39:47 +0200,2022-08-27 00:18:39 +0200,research,CC-BY-NC,https://www.inaturalist.org/observations/132462962,https://inaturalist-open-data.s3.amazonaws.com/photos/225567775/medium.jpg,,"","Volunteer in disturbed soil. 1 m tall in 3 months. 13 leaflet compound leaves, ovoid fine sharp aerated edges. Leaf stem is pale green with red at the leaflet root. ",1,0,false,3,"Crabapple Trace, Alpharetta, GA, US",34.0944986092,-84.3230761216,5,,,,5,,open,false,,,pecan,Carya illinoinensis,pecan,Plantae,67593
132680436,40fb3bc8-a449-424b-8d0c-18fc6fe95873,2022-08-27 09:47:35-04:00,2022-08-27,2022-08-27 15:47:35 +0200,Eastern Time (US & Canada),5840986,sjmalak,,2022-08-28 22:23:17 +0200,2022-08-29 00:12:53 +0200,research,CC-BY-NC,https://www.inaturalist.org/observations/132680436,https://inaturalist-open-data.s3.amazonaws.com/photos/225917643/medium.jpg,,"",Unknown whether this was planted or wild,1,0,false,3,"Barrington Landing Ct, Roswell, GA, US",34.0259778333,-84.300955,20,,,,20,,open,false,,,pecan,Carya illinoinensis,pecan,Plantae,67593
132681283,4925614e-3a7b-4b50-8022-6109d1494dac,2022-08-27 11:14:44-04:00,2022-08-27,2022-08-27 17:14:44 +0200,Eastern Time (US & Canada),5840986,sjmalak,,2022-08-28 22:26:39 +0200,2022-08-28 22:42:05 +0200,research,CC-BY-NC,https://www.inaturalist.org/observations/132681283,https://inaturalist-open-data.s3.amazonaws.com/photos/225918774/medium.jpg,,"",Unknown whether wild or planted,1,0,false,3,"Old Alabama Rd, Roswell, GA, US",34.0265083333,-84.30082,43,,,,43,,open,false,,,pecan,Carya illinoinensis,pecan,Plantae,67593
133151531,6ad2d862-d801-4b09-bf3d-184a89bcc6d5,2022/08/31 7:07 PM,2022-08-31,2022-09-01 01:07:00 +0200,Eastern Time (US & Canada),4014802,nonbinary-naturalist,Nonbinary-Naturalist,2022-09-01 02:45:17 +0200,2024-03-18 20:57:04 +0100,needs_id,CC0,https://www.inaturalist.org/observations/133151531,https://inaturalist-open-data.s3.amazonaws.com/photos/226757206/medium.jpeg,,"","a saping by the road, but I couldn't stop to get a better picture since there's no sidewalk and there was a car behind us.

Looks like someone's trying to kill it, almost all the leaves are brown and they weren't like that last week.",0,0,false,,"Windsor Forest, Savannah, GA, USA",31.9723032795,-81.1522802556,45,,,,45,,open,false,,,Pecan,Carya illinoinensis,pecan,Plantae,67593
133328962,17550023-9deb-441f-89db-bb4e4b2726a2,2022-09-02 08:50:39,2022-09-02,2022-09-02 14:50:39 +0200,Eastern Time (US & Canada),1110667,botanylicious,Sarah Kelsey,2022-09-02 15:26:16 +0200,2022-09-04 02:10:24 +0200,needs_id,CC-BY-NC-SA,https://www.inaturalist.org/observations/133328962,https://inaturalist-open-data.s3.amazonaws.com/photos/227091029/medium.jpeg,,"","It's Bioblitz time again, so that means more observations of the same stuff in and around my yard! Phenology data, I guess!",0,0,false,2,"Atlanta, GA 30344, USA",33.6706429722,-84.447945,,,,,,,open,false,gps,gps,pecan,Carya illinoinensis,pecan,Plantae,67593
133470650,431503ad-c0fe-469d-9df9-0e915516cc67,2022-09-03 11:00:15-04:00,2022-09-03,2022-09-03 17:00:15 +0200,Eastern Time (US & Canada),4160103,arvande,,2022-09-03 17:06:31 +0200,2025-11-24 15:28:14 +0100,research,CC-BY-NC,https://www.inaturalist.org/observations/133470650,https://inaturalist-open-data.s3.amazonaws.com/photos/227358105/medium.jpg,,"","",1,0,false,3,"Milledgeville, GA, US",33.0847914122,-83.2154884539,4,,,,4,,open,false,,,pecan,Carya illinoinensis,pecan,Plantae,67593
133680030,045af1ff-d670-4bd5-bf3a-ee57b7b568d4,Sun Sep 04 2022 17:45:35 GMT -0400 (EDT),2022-09-04,2022-09-04 23:45:35 +0200,Eastern Time (US & Canada),4510904,odillon1121,,2022-09-04 23:45:55 +0200,2022-09-04 23:48:41 +0200,research,CC-BY-NC,https://www.inaturalist.org/observations/133680030,https://inaturalist-open-data.s3.amazonaws.com/photos/227737401/medium.jpeg,,"",,1,0,false,333,Griffin,33.2010498047,-84.3094100952,88,,,,88,,open,false,,,pecan,Carya illinoinensis,pecan,Plantae,67593
133928156,a7dbfd52-0b54-4b8c-ac3e-5a8bc7336b36,2022-09-06 12:37:35-04:00,2022-09-06,2022-09-06 18:37:35 +0200,Eastern Time (US & Canada),1381104,myoltix,Madeleine Kenyon,2022-09-06 18:38:03 +0200,2022-09-22 06:11:08 +0200,needs_id,,https://www.inaturalist.org/observations/133928156,https://static.inaturalist.org/photos/229507293/medium.jpg,,"","",1,0,false,3,"Agnes Scott College, Decatur, GA, US",33.768891513,-84.2946786579,27,,,,27,,open,false,,,pecan,Carya illinoinensis,pecan,Plantae,67593
134217177,adda0ea3-22bb-4928-b2ed-dcc8a17df34c,2022-09-08 16:30:40-04:00,2022-09-08,2022-09-08 22:30:40 +0200,Eastern Time (US & Canada),6122223,taekang07,,2022-09-08 22:30:49 +0200,2022-11-17 03:48:55 +0100,needs_id,CC-BY-NC,https://www.inaturalist.org/observations/134217177,https://inaturalist-open-data.s3.amazonaws.com/photos/228737359/medium.jpg,,"","",0,0,false,3,"Georgia Institute of Technology, Atlanta, GA, US",33.778882216,-84.4002872386,29,,,,29,,open,false,,,sparrow,Carya illinoinensis,pecan,Plantae,67593
134463322,38b41c50-b638-4040-9444-8632fcbb4f0d,2022-09-10 14:42:19,2022-09-10,2022-09-10 20:42:19 +0200,Eastern Time (US & Canada),6115872,tiffany787,Tiffany Zimmerman,2022-09-10 20:45:19 +0200,2022-09-15 22:07:09 +0200,needs_id,"",https://www.inaturalist.org/observations/134463322,https://static.inaturalist.org/photos/229197061/medium.jpeg,,"",Gaint tree in backyard,0,0,false,2,"Hampton, GA 30228, USA",33.38581194,-84.2809212,9,,,,9,,open,false,,,,Carya illinoinensis,pecan,Plantae,67593
135046959,a31fd55d-81f0-4202-8b93-48e6084474e7,2022-09-14 18:08:38-04:00,2022-09-14,2022-09-15 00:08:38 +0200,Eastern Time (US & Canada),5691634,reagan28276266,,2022-09-15 00:19:05 +0200,2022-09-15 13:11:18 +0200,research,CC-BY-NC,https://www.inaturalist.org/observations/135046959,https://inaturalist-open-data.s3.amazonaws.com/photos/230284337/medium.jpg,,"","",1,0,false,3,"State St NW, Atlanta, GA, US",33.7846662112,-84.3988796447,12,,,,12,,open,false,,,pecan,Carya illinoinensis,pecan,Plantae,67593
135276212,fb30f44d-c5bd-41a9-8892-2eaaa02bf665,Fri Sep 16 2022 14:26:16 GMT -0400 (EDT),2022-09-16,2022-09-16 20:26:16 +0200,Eastern Time (US & Canada),5613120,vangie73,,2022-09-16 20:26:29 +0200,2022-09-16 20:26:38 +0200,needs_id,CC-BY-NC,https://www.inaturalist.org/observations/135276212,https://inaturalist-open-data.s3.amazonaws.com/photos/230700813/medium.jpeg,,"",,0,0,false,333,East Point,33.682220459,-84.4357757568,81,,,,81,,open,false,,,,Carya illinoinensis,pecan,Plantae,67593
135461817,b8ca2e73-ecf6-4c2b-8b38-b4052254d91f,2022/09/17 5:21 PM,2022-09-17,2022-09-17 23:21:00 +0200,Eastern Time (US & Canada),4014802,nonbinary-naturalist,Nonbinary-Naturalist,2022-09-18 03:26:04 +0200,2024-03-18 21:05:50 +0100,research,CC0,https://www.inaturalist.org/observations/135461817,https://inaturalist-open-data.s3.amazonaws.com/photos/231034410/medium.jpeg,,"","I assume the one I found isn't viable, but I can't tell if there are any more up in the trees...",1,0,false,,"Windsor Forest, Savannah, GA, USA",31.9750779084,-81.1404253073,6,,,,6,,open,false,,,pecan,Carya illinoinensis,pecan,Plantae,67593
135461819,d01bd69c-a845-495d-9d01-d83e328655c0,2022/09/17 5:28 PM,2022-09-17,2022-09-17 23:28:00 +0200,Eastern Time (US & Canada),4014802,nonbinary-naturalist,Nonbinary-Naturalist,2022-09-18 03:26:05 +0200,2024-03-18 21:06:52 +0100,needs_id,CC0,https://www.inaturalist.org/observations/135461819,https://inaturalist-open-data.s3.amazonaws.com/photos/231036091/medium.jpeg,,"","",0,0,false,,"Windsor Forest, Savannah, GA, USA",31.9748620278,-81.1396090678,28,,,,28,,open,false,,,Pecan,Carya illinoinensis,pecan,Plantae,67593
135464597,b493bad3-3fdf-43dc-a440-f3188f251f8e,2022-09-17 11:04:27-04:00,2022-09-17,2022-09-17 17:04:27 +0200,Eastern Time (US & Canada),764155,whatch11,Wes Hatch,2022-09-18 03:52:05 +0200,2022-09-18 03:54:50 +0200,research,,https://www.inaturalist.org/observations/135464597,https://static.inaturalist.org/photos/231047896/medium.jpg,,"","",1,0,false,3,"Leita Thompson Memorial Park, Roswell, GA, US",34.0636531634,-84.4027548558,5,,,,5,,open,false,,,pecan,Carya illinoinensis,pecan,Plantae,67593
135605546,1d4d0a78-3df6-495a-ba62-a67bd5f2e4f4,2022-09-18 19:31:23,2022-09-18,2022-09-19 01:31:23 +0200,Eastern Time (US & Canada),1197831,krugan,Krusgan,2022-09-19 02:45:09 +0200,2022-09-19 17:09:48 +0200,research,CC-BY-NC,https://www.inaturalist.org/observations/135605546,https://inaturalist-open-data.s3.amazonaws.com/photos/231311449/medium.jpeg,,"",,1,0,false,2,"Alpharetta, GA, USA",34.0846536997,-84.2774722997,,,,,,,open,false,gps,gps,pecan,Carya illinoinensis,pecan,Plantae,67593
135916940,70ca7f45-42df-41a6-98fb-70a4242f7e72,2022-06-18 09:22:56-04:00,2022-06-18,2022-06-18 15:22:56 +0200,Eastern Time (US & Canada),5701397,miss_fortune,Kristály Cravens-Liszak,2022-09-21 16:54:58 +0200,2025-08-01 23:32:30 +0200,research,CC-BY-NC,https://www.inaturalist.org/observations/135916940,https://inaturalist-open-data.s3.amazonaws.com/photos/231894106/medium.jpg,,"","",2,0,false,3,"LaGrange, GA, US",33.0376150232,-85.0008941971,22,,,,22,,open,false,,,pecan,Carya illinoinensis,pecan,Plantae,67593
135998166,3e4197ff-aeca-4862-8f73-a6b9613c1a55,2022/09/21 5:22 PM,2022-09-21,2022-09-21 23:22:00 +0200,Eastern Time (US & Canada),4014802,nonbinary-naturalist,Nonbinary-Naturalist,2022-09-22 05:18:08 +0200,2024-03-18 21:11:23 +0100,research,CC0,https://www.inaturalist.org/observations/135998166,https://inaturalist-open-data.s3.amazonaws.com/photos/232041142/medium.jpg,,"","I didn't realize how easy they were to open and get out, lol, I can see why these ones were picked to be domesticated...

I wanted to collect seeds, but I can't really tell which ones are viable or not, I thought they'd come out of the husk like other hickories when they're ripe, but most of the ones I saw on the ground were still in the husk, even though it was open...",2,0,false,,"Windsor Forest, Savannah, GA, USA",31.9750580274,-81.1406202607,7,,,,7,,open,false,,,pecan,Carya illinoinensis,pecan,Plantae,67593
135999074,6a6ab1f8-b6db-4afa-b191-272fa77d76cf,2022/09/21 6:30 PM,2022-09-21,2022-09-22 00:30:00 +0200,Eastern Time (US & Canada),4014802,nonbinary-naturalist,Nonbinary-Naturalist,2022-09-22 05:29:08 +0200,2022-09-23 20:55:12 +0200,needs_id,CC0,https://www.inaturalist.org/observations/135999074,https://inaturalist-open-data.s3.amazonaws.com/photos/232044820/medium.jpeg,,"",looks like a seedling sprang up between a house and the fence.,0,0,false,,"Windsor Forest, Savannah, GA, USA",31.9796790471,-81.1440583948,5,,,,5,,open,false,,,Pecan,Carya illinoinensis,pecan,Plantae,67593
136267012,662381f1-b4da-4e15-ab1b-0c1d3f097099,2022-09-24 08:38:26,2022-09-24,2022-09-24 14:38:26 +0200,Eastern Time (US & Canada),1878657,kleiber,"",2022-09-24 14:39:54 +0200,2024-12-31 08:57:19 +0100,research,CC-BY-NC,https://www.inaturalist.org/observations/136267012,https://inaturalist-open-data.s3.amazonaws.com/photos/232539985/medium.jpeg,,"","",2,0,false,2,"Evans, GA, USA",33.5430388889,-82.1399166667,,,,,,,open,false,,"",pecan,Carya illinoinensis,pecan,Plantae,67593
137299561,99b34388-28f4-41e5-bbc6-b28e8201dacd,2022-10-02 12:54:44-04:00,2022-10-02,2022-10-02 18:54:44 +0200,Eastern Time (US & Canada),5928244,crobb2011,,2022-10-02 18:54:54 +0200,2022-10-03 13:37:55 +0200,needs_id,CC-BY-NC,https://www.inaturalist.org/observations/137299561,https://inaturalist-open-data.s3.amazonaws.com/photos/234465690/medium.jpg,,"","",0,0,false,3,"Junction Track, Roswell, GA, US",34.036343746,-84.3600060064,18,,,,18,,open,false,,,"",Carya illinoinensis,pecan,Plantae,67593
137307346,335e6bde-8f02-43e0-a970-55e9054a627b,2022-10-02 13:49:52-04:00,2022-10-02,2022-10-02 19:49:52 +0200,Eastern Time (US & Canada),5994872,calvinwalford,Calvin Walford,2022-10-02 19:51:05 +0200,2024-01-01 15:05:23 +0100,research,CC0,https://www.inaturalist.org/observations/137307346,https://inaturalist-open-data.s3.amazonaws.com/photos/234591853/medium.jpg,,"","",1,0,false,3,"Little Mulberry Park, Auburn, GA, US",34.0390317869,-83.8777462422,417,,,,417,,open,false,,,pecan,Carya illinoinensis,pecan,Plantae,67593
137562009,5a4e82f4-101d-4aa6-bc7e-3202e8ab9811,Tue Oct 04 2022 16:05:34 GMT -0400 (EDT),2022-10-04,2022-10-04 22:05:34 +0200,Eastern Time (US & Canada),5920245,aeudycz,,2022-10-04 22:05:44 +0200,2022-10-05 02:14:48 +0200,research,CC-BY-NC,https://www.inaturalist.org/observations/137562009,https://inaturalist-open-data.s3.amazonaws.com/photos/234964452/medium.jpeg,,"",,1,0,false,333,Harlem,33.4164123535,-82.3238525391,10,,,,10,,open,false,,,pecan,Carya illinoinensis,pecan,Plantae,67593
137690367,9fb11941-927a-4bad-9a92-147e4811dded,2022-10-04 13:53:03-04:00,2022-10-04,2022-10-04 19:53:03 +0200,Eastern Time (US & Canada),2177711,stephenwojcik,Stephen Wojcik,2022-10-06 00:53:12 +0200,2022-10-06 00:55:02 +0200,research,,https://www.inaturalist.org/observations/137690367,https://static.inaturalist.org/photos/235205327/medium.jpg,,"","",1,0,false,3,"Cherokee County, US-GA, US",34.3399916667,-84.3723366667,39,,,,39,,open,false,,,pecan,Carya illinoinensis,pecan,Plantae,67593
137914877,0592624c-a4d2-4d84-823d-5fef02bbb983,2022/10/05 5:23 PM,2022-10-05,2022-10-05 23:23:00 +0200,Eastern Time (US & Canada),4014802,nonbinary-naturalist,Nonbinary-Naturalist,2022-10-08 01:00:38 +0200,2024-03-18 21:30:28 +0100,needs_id,CC0,https://www.inaturalist.org/observations/137914877,https://inaturalist-open-data.s3.amazonaws.com/photos/235625367/medium.jpeg,,"","I think? The tree is further into the woods, I don't want to walk in right now in just my shoes incase there are snakes. ",0,0,false,,"Wilshire Estates, Savannah, GA, USA",31.9894304139,-81.1690471985,33,,,,33,,open,false,,,Pecan,Carya illinoinensis,pecan,Plantae,67593
138285414,7dfeb480-2f8d-4773-81c6-2c713d250c2f,2022-10-10 13:40:34-04:00,2022-10-10,2022-10-10 19:40:34 +0200,Eastern Time (US & Canada),6031770,mauricioestrada,,2022-10-10 20:15:28 +0200,2022-10-24 15:35:04 +0200,research,CC-BY-NC,https://www.inaturalist.org/observations/138285414,https://inaturalist-open-data.s3.amazonaws.com/photos/236329961/medium.jpg,,"","",1,0,false,3,"Clayton County International Park, Jonesboro, GA, US",33.5292283333,-84.3140033333,19,,,,19,,open,false,,,pecan,Carya illinoinensis,pecan,Plantae,67593
138304615,41516f4a-10b8-4539-a102-905e2ba13400,2022-10-10 15:55:51,2022-10-10,2022-10-10 21:55:51 +0200,Eastern Time (US & Canada),3687324,bscreativelife,B,2022-10-10 22:32:02 +0200,2022-10-10 22:32:39 +0200,needs_id,,https://www.inaturalist.org/observations/138304615,https://static.inaturalist.org/photos/236365068/medium.jpeg,,"",Found in the side yard of a resident's home,0,0,false,2,Savannah,32.0810683872,-81.091203019,13423,,,,13423,,open,false,gps,gps,pecan,Carya illinoinensis,pecan,Plantae,67593
138350592,1944f324-50b9-4d2c-b439-1581804fbd46,2022-10-10 11:29:55-04:00,2022-10-10,2022-10-10 17:29:55 +0200,Eastern Time (US & Canada),4390316,eleanorwilliams,,2022-10-11 05:57:58 +0200,2022-10-11 16:21:58 +0200,research,CC-BY-NC,https://www.inaturalist.org/observations/138350592,https://inaturalist-open-data.s3.amazonaws.com/photos/236450450/medium.jpg,,"","",1,0,false,3,"Hancock Park, Dahlonega, GA, US",34.5337959658,-83.9855049327,4,,,,4,,open,false,,,pecan,Carya illinoinensis,pecan,Plantae,67593
138350604,4cd5594b-5c89-44a4-883a-58a823eaa62a,2022-10-10 11:30:22-04:00,2022-10-10,2022-10-10 17:30:22 +0200,Eastern Time (US & Canada),4390316,eleanorwilliams,,2022-10-11 05:58:09 +0200,2022-10-11 05:58:20 +0200,needs_id,CC-BY-NC,https://www.inaturalist.org/observations/138350604,https://inaturalist-open-data.s3.amazonaws.com/photos/236450471/medium.jpg,,"","",0,0,false,3,"Hancock Park, Dahlonega, GA, US",34.5338249275,-83.9855352639,9,,,,9,,open,false,,,"",Carya illinoinensis,pecan,Plantae,67593
138416181,46e1e97e-fcb0-4f8e-9c76-4d71aa5b5faa,2022-10-08 19:54:40-04:00,2022-10-08,2022-10-09 01:54:40 +0200,Eastern Time (US & Canada),2643244,jsm1031,,2022-10-11 20:55:29 +0200,2022-10-17 02:06:18 +0200,needs_id,CC-BY-NC,https://www.inaturalist.org/observations/138416181,https://inaturalist-open-data.s3.amazonaws.com/photos/237763832/medium.jpg,,"","",0,0,false,3,"E Lake Dr, Decatur, GA, US",33.755196457,-84.3017524533,58,,,,58,,open,false,,,"",Carya illinoinensis,pecan,Plantae,67593
138639305,d86ec39b-6316-473b-a00d-bedd4a4fde53,2022-05-25 14:53:37,2022-05-25,2022-05-25 20:53:37 +0200,Eastern Time (US & Canada),6247145,connie431,Connie Schlueter,2022-10-13 20:58:22 +0200,2023-01-06 17:21:59 +0100,research,,https://www.inaturalist.org/observations/138639305,https://static.inaturalist.org/photos/237000212/medium.jpeg,,"",,2,0,false,2,"Chickamauga, GA 30707, USA",34.8443579722,-85.3175789722,,,,,,,open,false,,,pecan,Carya illinoinensis,pecan,Plantae,67593
138706859,bda10cc8-b7c5-42b8-b142-939b3faf59d5,Fri Oct 14 2022 07:58:51 GMT -0400 (EDT),2022-10-14,2022-10-14 13:58:51 +0200,Eastern Time (US & Canada),3100919,hixen47,,2022-10-14 13:59:17 +0200,2026-09-13 00:19:17 +0200,research,CC-BY-NC,https://www.inaturalist.org/observations/138706859,https://inaturalist-open-data.s3.amazonaws.com/photos/237889691/medium.jpeg,,"",,1,0,false,333,Union Point,33.6722412109,-82.9973602295,114,,,,114,,open,false,,,pecan,Carya illinoinensis,pecan,Plantae,67593
138726981,88b767dc-e8aa-4560-a299-0af994de0e1f,2022-10-14 11:29:45,2022-10-14,2022-10-14 17:29:45 +0200,Eastern Time (US & Canada),3760510,kevin_tilley,Kevin Tilley,2022-10-14 17:31:05 +0200,2022-10-14 19:43:00 +0200,needs_id,,https://www.inaturalist.org/observations/138726981,https://static.inaturalist.org/photos/237153103/medium.jpeg,,"",,0,0,false,2,"Dahlonega, GA 30533, USA",34.533755,-83.9847933333,5,,,,5,,open,false,,,,Carya illinoinensis,pecan,Plantae,67593
138919880,8113c965-804f-4074-8562-085341d00992,2022/10/15 3:53 PM,2022-10-15,2022-10-15 21:53:00 +0200,Eastern Time (US & Canada),4014802,nonbinary-naturalist,Nonbinary-Naturalist,2022-10-16 03:42:00 +0200,2024-03-18 22:16:49 +0100,research,CC0,https://www.inaturalist.org/observations/138919880,https://inaturalist-open-data.s3.amazonaws.com/photos/237508347/medium.jpeg,,"","",1,0,false,,"Windsor Forest, Savannah, GA, USA",31.9750600411,-81.1406159874,6,,,,6,,open,false,,,pecan,Carya illinoinensis,pecan,Plantae,67593
138919883,8cc820cd-b38d-4399-949d-d42783f250c3,2022/10/15 4:02 PM,2022-10-15,2022-10-15 22:02:00 +0200,Eastern Time (US & Canada),4014802,nonbinary-naturalist,Nonbinary-Naturalist,2022-10-16 03:42:01 +0200,2022-10-16 22:53:01 +0200,research,CC0,https://www.inaturalist.org/observations/138919883,https://inaturalist-open-data.s3.amazonaws.com/photos/237508681/medium.jpeg,,"","",1,0,false,,"Windsor Forest, Savannah, GA, USA",31.9749726969,-81.1394007606,27,,,,27,,open,false,,,pecan,Carya illinoinensis,pecan,Plantae,67593
139581994,0c480d69-4a2d-4d50-bd1a-6d4cff9e5e99,2022-10-21 18:35:59-04:00,2022-10-21,2022-10-22 00:35:59 +0200,Eastern Time (US & Canada),5287823,fountainfungi,Brandon Fountain,2022-10-22 03:03:50 +0200,2022-10-28 03:06:47 +0200,research,CC-BY-NC,https://www.inaturalist.org/observations/139581994,https://inaturalist-open-data.s3.amazonaws.com/photos/238766854/medium.jpg,,"","",1,0,false,3,"Myricks Mill Rd, Jeffersonville, GA, US",32.752,-83.4166416667,4,,,,4,,open,false,,,pecan,Carya illinoinensis,pecan,Plantae,67593
139639246,148022b9-8472-4c4d-8e15-8909793a470c,2022-10-22 11:08:44-04:00,2022-10-22,2022-10-22 17:08:44 +0200,Eastern Time (US & Canada),6252424,natuurkijk,,2022-10-22 18:11:13 +0200,2022-11-21 22:48:55 +0100,needs_id,,https://www.inaturalist.org/observations/139639246,https://static.inaturalist.org/photos/238874823/medium.jpg,,"","",0,0,false,3,"Grant Park, Atlanta, GA, US",33.7351556914,-84.3715882302,8,,,,8,,open,false,,,"",Carya illinoinensis,pecan,Plantae,67593
139758982,1baad541-e8c7-49a7-831c-4ca429e9277a,Sun Oct 23 2022 11:52:07 GMT -0400 (EDT),2022-10-23,2022-10-23 17:52:07 +0200,Eastern Time (US & Canada),4541031,robearro,,2022-10-23 17:52:20 +0200,2022-10-23 18:02:05 +0200,research,CC-BY-NC,https://www.inaturalist.org/observations/139758982,https://inaturalist-open-data.s3.amazonaws.com/photos/239104314/medium.jpeg,,"",,1,0,false,333,Duluth,34.018196106,-84.1618118286,1100,,,,1100,,open,false,,,pecan,Carya illinoinensis,pecan,Plantae,67593
139782313,c80296ec-ae45-4bfb-be2a-2dcfbd848cf4,2022-10-23 14:12:44-04:00,2022-10-23,2022-10-23 20:12:44 +0200,Eastern Time (US & Canada),1800636,nahtjedtdfttrrz,,2022-10-23 21:09:50 +0200,2022-10-23 23:14:04 +0200,research,CC-BY-NC,https://www.inaturalist.org/observations/139782313,https://inaturalist-open-data.s3.amazonaws.com/photos/239149816/medium.jpg,,"","",1,0,false,3,"Three Oaks Dr, Athens, GA, US",33.9908308694,-83.4934259364,35,,,,35,,open,false,,,pecan,Carya illinoinensis,pecan,Plantae,67593
140307900,58ed5b62-0f60-46fe-8c36-f2f5a252c9c1,Fri Oct 28 2022 18:39:36 GMT -0400 (EDT),2022-10-28,2022-10-29 00:39:36 +0200,Eastern Time (US & Canada),2713812,sullenmullein,,2022-10-29 00:39:46 +0200,2022-10-31 20:22:06 +0100,needs_id,CC-BY-NC,https://www.inaturalist.org/observations/140307900,https://inaturalist-open-data.s3.amazonaws.com/photos/240861231/medium.jpeg,,"",,0,0,false,333,Atlanta,33.7396850586,-84.3730697632,13,,,,13,,open,false,,,,Carya illinoinensis,pecan,Plantae,67593
140520856,4a069563-7032-4a11-b959-8d491b515a38,2022-10-27 11:27:33-04:00,2022-10-27,2022-10-27 17:27:33 +0200,Eastern Time (US & Canada),5885915,worstplantmom,,2022-10-30 15:57:30 +0100,2022-11-29 14:11:55 +0100,needs_id,CC-BY-NC,https://www.inaturalist.org/observations/140520856,https://inaturalist-open-data.s3.amazonaws.com/photos/245677528/medium.jpg,,"","",0,0,false,3,"Panola Mountain State Park, Stockbridge, GA, US",33.6329634719,-84.1511933783,479,,,,479,,open,false,,,"",Carya illinoinensis,pecan,Plantae,67593
140996015,e3238157-640d-4207-8124-76bc29521e92,2022/11/02 4:07 PM,2022-11-02,2022-11-02 21:07:00 +0100,Eastern Time (US & Canada),4014802,nonbinary-naturalist,Nonbinary-Naturalist,2022-11-03 18:38:42 +0100,2024-03-18 22:43:22 +0100,needs_id,CC0,https://www.inaturalist.org/observations/140996015,https://inaturalist-open-data.s3.amazonaws.com/photos/241435850/medium.jpeg,,"",pictures taken from the car,0,0,false,,"Victory Manor/East Hill/Donwood, Savannah, GA 31404, USA",32.0455092661,-81.0756022706,183,,,,183,,open,false,,,Pecan,Carya illinoinensis,pecan,Plantae,67593
140996027,56c6d714-3c89-441f-8f00-1cf15df855f5,2022/11/02 4:07 PM,2022-11-02,2022-11-02 21:07:00 +0100,Eastern Time (US & Canada),4014802,nonbinary-naturalist,Nonbinary-Naturalist,2022-11-03 18:38:46 +0100,2024-03-18 22:43:23 +0100,needs_id,CC0,https://www.inaturalist.org/observations/140996027,https://inaturalist-open-data.s3.amazonaws.com/photos/241435941/medium.jpeg,,"",pictures taken from the car,0,0,false,,"Victory Manor/East Hill/Donwood, Savannah, GA 31404, USA",32.0455092661,-81.0756022706,183,,,,183,,open,false,,,Pecan,Carya illinoinensis,pecan,Plantae,67593
140996044,3381d727-e9a4-4209-834d-cc00cf7127f2,2022/11/02 5:09 PM,2022-11-02,2022-11-02 22:09:00 +0100,Eastern Time (US & Canada),4014802,nonbinary-naturalist,Nonbinary-Naturalist,2022-11-03 18:38:58 +0100,2024-03-18 22:43:34 +0100,research,CC0,https://www.inaturalist.org/observations/140996044,https://inaturalist-open-data.s3.amazonaws.com/photos/241436366/medium.jpeg,,"","my only points of reference for these markers is what streets we were passing, so the location is extremely vague. ",1,0,false,,"Cuyler/Brownsville, Savannah, GA, USA",32.0567530788,-81.11809309,207,,,,207,,open,false,,,pecan,Carya illinoinensis,pecan,Plantae,67593
140996050,e40802ab-9afc-46f1-8b1d-b6a6f214ed21,2022/11/02 5:10 PM,2022-11-02,2022-11-02 22:10:00 +0100,Eastern Time (US & Canada),4014802,nonbinary-naturalist,Nonbinary-Naturalist,2022-11-03 18:39:02 +0100,2025-03-26 03:59:34 +0100,needs_id,CC0,https://www.inaturalist.org/observations/140996050,https://inaturalist-open-data.s3.amazonaws.com/photos/241436401/medium.jpeg,,"","",0,0,false,,"Ogeecheeton/Dawes Avenue, Savannah, GA, USA",32.0565267407,-81.1252408155,196,,,,196,,open,false,,,Pecan,Carya illinoinensis,pecan,Plantae,67593
140996055,a36c18e1-dd39-4158-b823-15f0fdf14f85,2022/11/02 5:10 PM,2022-11-02,2022-11-02 22:10:00 +0100,Eastern Time (US & Canada),4014802,nonbinary-naturalist,Nonbinary-Naturalist,2022-11-03 18:39:06 +0100,2025-03-26 03:59:29 +0100,needs_id,CC0,https://www.inaturalist.org/observations/140996055,https://inaturalist-open-data.s3.amazonaws.com/photos/241436436/medium.jpeg,,"","",0,0,false,,"Ogeecheeton/Dawes Avenue, Savannah, GA, USA",32.0566068306,-81.1251859884,405,,,,405,,open,false,,,Pecan,Carya illinoinensis,pecan,Plantae,67593
140996080,edeeabe4-ed4e-4946-99bf-7076610fd738,2022/11/02 5:12 PM,2022-11-02,2022-11-02 22:12:00 +0100,Eastern Time (US & Canada),4014802,nonbinary-naturalist,Nonbinary-Naturalist,2022-11-03 18:39:27 +0100,2025-03-26 03:58:46 +0100,needs_id,CC0,https://www.inaturalist.org/observations/140996080,https://inaturalist-open-data.s3.amazonaws.com/photos/241436618/medium.jpeg,,"","",0,0,false,,"Julia Law St, Savannah, GA 31405, USA",32.0567226,-81.1292245,316,,,,316,,open,false,,,Pecan,Carya illinoinensis,pecan,Plantae,67593
140996105,8f72f017-8221-4f12-9db4-d5fae5768672,2022/11/02 5:12 PM,2022-11-02,2022-11-02 22:12:00 +0100,Eastern Time (US & Canada),4014802,nonbinary-naturalist,Nonbinary-Naturalist,2022-11-03 18:39:49 +0100,2025-03-26 03:58:11 +0100,needs_id,CC0,https://www.inaturalist.org/observations/140996105,https://inaturalist-open-data.s3.amazonaws.com/photos/241436770/medium.jpeg,,"","",0,0,false,,"Tremont Park, Savannah, GA 31405, USA",32.0553292433,-81.1360846234,992,,,,992,,open,false,,,Pecan,Carya illinoinensis,pecan,Plantae,67593
141383874,8b8ccf8f-2459-44f6-9309-def62bee569e,2022-11-07 12:14:27,2022-11-07,2022-11-07 18:14:27 +0100,Eastern Time (US & Canada),438493,deanwalton,Dean Walton,2022-11-07 18:15:48 +0100,2024-10-26 06:53:49 +0200,needs_id,CC-BY,https://www.inaturalist.org/observations/141383874,https://inaturalist-open-data.s3.amazonaws.com/photos/242200046/medium.jpeg,,"",,0,0,false,2,"Georgia Tech, Atlanta, GA, USA",33.77806285,-84.40009093,3,,,,3,,open,false,,,pecan,Carya illinoinensis,pecan,Plantae,67593
141907296,123fa586-46ff-4e15-8315-177125be9be7,2022-11-08 16:44:26-05:00,2022-11-08,2022-11-08 22:44:26 +0100,Eastern Time (US & Canada),4214618,iris189,Iris Chen,2022-11-13 19:00:25 +0100,2022-11-13 19:27:31 +0100,research,,https://www.inaturalist.org/observations/141907296,https://static.inaturalist.org/photos/243205860/medium.jpg,,"","",1,0,false,3,"Emory University, Atlanta, GA, US",33.7905716667,-84.324745,22,,,,22,,open,false,,,pecan,Carya illinoinensis,pecan,Plantae,67593
142853830,30a342d3-2d17-47a9-a1d2-2c2a5d6467a5,Fri Nov 25 2022 16:21:30 GMT -0500 (EST),2022-11-25,2022-11-25 22:21:30 +0100,Eastern Time (US & Canada),6303183,saberx,Winfield,2022-11-25 22:22:37 +0100,2023-01-07 20:47:00 +0100,research,CC-BY-NC,https://www.inaturalist.org/observations/142853830,https://inaturalist-open-data.s3.amazonaws.com/photos/244988871/medium.jpeg,,"",,1,0,false,333,Cusseta,32.366027832,-84.890335083,12102,,,,12102,,open,false,,,pecan,Carya illinoinensis,pecan,Plantae,67593
142932359,8a35157a-052b-4920-99c8-8271bc1a0c67,2022-11-26 12:30:09-05:00,2022-11-26,2022-11-26 18:30:09 +0100,Eastern Time (US & Canada),6183207,rbgehman,,2022-11-26 18:31:05 +0100,2022-11-26 18:31:14 +0100,needs_id,CC-BY-NC,https://www.inaturalist.org/observations/142932359,https://inaturalist-open-data.s3.amazonaws.com/photos/245118553/medium.jpg,,"","",0,0,false,3,"Brandon Mill Cir, Fayetteville, GA, US",33.4836273082,-84.4651703351,7,,,,7,,open,false,,,"",Carya illinoinensis,pecan,Plantae,67593
143172164,8249d3c2-e3f5-4593-b1e1-a6bb972bc642,2022-11-11 09:46:09-05:00,2022-11-11,2022-11-11 15:46:09 +0100,Eastern Time (US & Canada),1781139,richpeel,Richard,2022-11-28 13:59:05 +0100,2022-11-28 13:59:17 +0100,needs_id,CC-BY-NC,https://www.inaturalist.org/observations/143172164,https://inaturalist-open-data.s3.amazonaws.com/photos/245516740/medium.jpg,,"","",0,0,false,3,"Five Bridges Rd, Ocilla, GA, US",31.5500561667,-83.2907386,5,,,,5,,open,false,,,"",Carya illinoinensis,pecan,Plantae,67593
143354825,4c55352a-78a1-4b20-bbf0-fbe1f8ab6971,2012/06/29 5:15 PM,2012-06-29,2012-06-29 23:15:00 +0200,Eastern Time (US & Canada),247924,fmmonk,Francis Stiteler,2022-11-30 16:12:29 +0100,2024-04-03 01:26:14 +0200,research,CC-BY-NC,https://www.inaturalist.org/observations/143354825,https://inaturalist-open-data.s3.amazonaws.com/photos/245840847/medium.jpeg,,"",Photos by Jim A,1,0,false,,"Rockdale County, GA, USA",33.5782308933,-84.0598114748,61,,,,61,,open,false,,,pecan,Carya illinoinensis,pecan,Plantae,67593
145125900,342d618d-5b98-40ff-91b8-1741e5d4a2cc,2022/12/08 2:43 PM,2022-12-08,2022-12-08 20:43:00 +0100,Eastern Time (US & Canada),4014802,nonbinary-naturalist,Nonbinary-Naturalist,2022-12-26 20:12:41 +0100,2024-03-19 00:03:20 +0100,needs_id,CC0,https://www.inaturalist.org/observations/145125900,https://inaturalist-open-data.s3.amazonaws.com/photos/249236429/medium.jpeg,,"","",0,0,false,,"JTP woods, Savannah, GA, USA",31.9706868696,-81.1544481375,136,,,,136,,open,false,,,Pecan,Carya illinoinensis,pecan,Plantae,67593
145588062,d5c7004c-75a3-44d9-a653-ac68755c4093,2023-01-01 11:54:50-05:00,2023-01-01,2023-01-01 17:54:50 +0100,Eastern Time (US & Canada),2196412,julandy,,2023-01-01 17:55:40 +0100,2023-01-01 17:55:47 +0100,needs_id,CC-BY-NC,https://www.inaturalist.org/observations/145588062,https://inaturalist-open-data.s3.amazonaws.com/photos/250103366/medium.jpg,,"","",0,0,false,3,"Oliver Hwy, Oliver, GA, US",32.5201808056,-81.5329428949,5,,,,5,,open,false,,,"",Carya illinoinensis,pecan,Plantae,67593
145590452,1464fd72-eabe-4585-af03-56eaf43570ba,2023-01-01 12:29:19-05:00,2023-01-01,2023-01-01 18:29:19 +0100,Eastern Time (US & Canada),5758716,williamgarvin,William Garvin,2023-01-01 18:30:00 +0100,2023-01-01 21:00:53 +0100,research,CC-BY-NC,https://www.inaturalist.org/observations/145590452,https://inaturalist-open-data.s3.amazonaws.com/photos/250108417/medium.jpg,,"","",1,0,false,3,"Moore Hwy, Tifton, GA, US",31.4881915452,-83.5334652713,9,,,,9,,open,false,,,pecan,Carya illinoinensis,pecan,Plantae,67593
145785746,2198822b-4df0-495e-9984-5e683775eb59,2023/01/03 4:37 PM,2023-01-03,2023-01-03 22:37:00 +0100,Eastern Time (US & Canada),4014802,nonbinary-naturalist,Nonbinary-Naturalist,2023-01-03 23:51:09 +0100,2024-02-03 18:43:57 +0100,needs_id,CC0,https://www.inaturalist.org/observations/145785746,https://inaturalist-open-data.s3.amazonaws.com/photos/250484107/medium.jpeg,,"",next time I'll go over for a closer look. I saw pecan-like leaves on it. Hopefully it's not a chinaberry...,0,0,false,,"Wilshire Estates, Savannah, GA, USA",31.9896859655,-81.1689399604,8,,,,8,,open,false,,,Pecan,Carya illinoinensis,pecan,Plantae,67593
145844041,ed012508-a617-4956-b16b-5ec8cb280b9e,2023-01-04 14:05:09-05:00,2023-01-04,2023-01-04 20:05:09 +0100,Eastern Time (US & Canada),4413998,herbjr76,,2023-01-04 20:05:22 +0100,2023-01-22 03:05:10 +0100,needs_id,CC-BY-NC,https://www.inaturalist.org/observations/145844041,https://inaturalist-open-data.s3.amazonaws.com/photos/250602040/medium.jpg,,"","",0,0,false,3,"Church Rd, Thomaston, GA, US",32.9334858083,-84.3497083701,25,,,,25,,open,false,,,"",Carya illinoinensis,pecan,Plantae,67593
146050716,ef2fdbb2-f1f3-4651-bc6e-83e1900dc2c3,2023/01/06,2023-01-06,,Eastern Time (US & Canada),491988,pucak,Joan Knapp,2023-01-07 18:34:28 +0100,2023-01-07 20:44:57 +0100,research,CC-BY-ND,https://www.inaturalist.org/observations/146050716,https://inaturalist-open-data.s3.amazonaws.com/photos/251007407/medium.jpg,,"Wildflower, Tree, Fruit, Carya illinoinensis, Pecan, Georgia, Walton County, WCC",From tree along fence line. Presumed not to be cultivated.,2,0,false,,"Walton County, GA, USA",33.8770934699,-83.7061718109,15,,,,15,,open,false,,,Carya illinoinensis,Carya illinoinensis,pecan,Plantae,67593
146165003,ef7dbc01-681d-4df7-bb40-74aa95da8006,2023-01-08 19:07:34-05:00,2023-01-08,2023-01-09 01:07:34 +0100,Eastern Time (US & Canada),852304,laurahq,Laura Qadri,2023-01-09 01:09:25 +0100,2023-01-09 14:57:07 +0100,research,,https://www.inaturalist.org/observations/146165003,https://static.inaturalist.org/photos/251231893/medium.jpg,,"","",1,0,false,3,"Coventry Rd, Decatur, GA, US",33.7773220707,-84.3053587899,20,,,,20,,open,false,,,pecan,Carya illinoinensis,pecan,Plantae,67593
149443380,c7358089-2224-4960-baa2-2d1cafee058c,2023/02/15 4:54 PM,2023-02-15,2023-02-15 22:54:00 +0100,Eastern Time (US & Canada),4014802,nonbinary-naturalist,Nonbinary-Naturalist,2023-02-23 01:48:42 +0100,2023-02-27 19:22:51 +0100,needs_id,CC0,https://www.inaturalist.org/observations/149443380,https://inaturalist-open-data.s3.amazonaws.com/photos/257515523/medium.jpeg,,"","The one with the flaky bark, not the stringy bark. The branches are bare, the other one is the chinese tallow. They're both growing out of a spot where there used to be a chainlink fence.

I have earlier observations that show the leaves and pecans too :)",0,0,false,,"Windsor Forest Neighborhood Park, Savannah, GA, USA",31.975172108,-81.1395125085,104,,,,104,,open,false,,,Pecan,Carya illinoinensis,pecan,Plantae,67593
149443382,0cf2ee92-6094-4d1d-8380-11428fc46f73,2023/02/15 4:56 PM,2023-02-15,2023-02-15 22:56:00 +0100,Eastern Time (US & Canada),4014802,nonbinary-naturalist,Nonbinary-Naturalist,2023-02-23 01:48:43 +0100,2023-02-27 19:22:48 +0100,needs_id,CC0,https://www.inaturalist.org/observations/149443382,https://inaturalist-open-data.s3.amazonaws.com/photos/257515901/medium.jpeg,,"","I have earlier observations that show the pecans and leaves, they just cleaned up around it so maybe I'll be able to collect some more pecans this year :)",0,0,false,,"Windsor Forest Neighborhood Park, Savannah, GA, USA",31.975172108,-81.1395125085,104,,,,104,,open,false,,,Pecan,Carya illinoinensis,pecan,Plantae,67593
150352050,3c9b7d80-5070-4359-9f7b-d1adc5d266d1,2023-03-05 13:16:40-05:00,2023-03-05,2023-03-05 19:16:40 +0100,Eastern Time (US & Canada),2892241,nonmodernist,Alexandra Edwards,2023-03-05 23:21:50 +0100,2023-03-05 23:33:24 +0100,needs_id,CC-BY-NC,https://www.inaturalist.org/observations/150352050,https://inaturalist-open-data.s3.amazonaws.com/photos/259238336/medium.jpg,,"","",0,0,false,3,"Atlanta, GA, US",33.6942466667,-84.3404166667,92,,,,92,,open,false,,,"",Carya illinoinensis,pecan,Plantae,67593
150699433,cd8cb371-618a-41af-8222-488ba294229a,2023/03/06 3:13 PM,2023-03-06,2023-03-06 21:13:00 +0100,Eastern Time (US & Canada),4014802,nonbinary-naturalist,Nonbinary-Naturalist,2023-03-10 02:23:15 +0100,2024-03-19 00:53:03 +0100,needs_id,CC0,https://www.inaturalist.org/observations/150699433,https://inaturalist-open-data.s3.amazonaws.com/photos/259900388/medium.jpeg,,"",Location marked for the parent tree for future reference. ,0,0,false,,"Windsor Forest, Savannah, GA, USA",31.9751262852,-81.1407201934,6,,,,6,,open,false,,,Pecan,Carya illinoinensis,pecan,Plantae,67593
150738382,491d74ac-86fa-40e2-b406-dc6537895879,2023-03-09 00:00:00,2023-03-09,2023-03-09 06:00:00 +0100,Eastern Time (US & Canada),1110667,botanylicious,Sarah Kelsey,2023-03-10 16:58:09 +0100,2023-03-10 20:42:14 +0100,research,CC-BY-NC-SA,https://www.inaturalist.org/observations/150738382,https://inaturalist-open-data.s3.amazonaws.com/photos/259978783/medium.jpeg,,"",,2,0,false,2,"Atlanta, GA 30344, USA",33.6707528,-84.4480465997,,,,,,,open,false,gps,gps,pecan,Carya illinoinensis,pecan,Plantae,67593
151444661,a9d3fdca-dbd0-4ff6-b862-b06b274f4b8d,2023-03-17 12:16:06-04:00,2023-03-17,2023-03-17 17:16:06 +0100,Eastern Time (US & Canada),5384686,tommymorris17,Tommy Morris,2023-03-18 02:47:01 +0100,2023-03-18 02:47:25 +0100,needs_id,,https://www.inaturalist.org/observations/151444661,https://static.inaturalist.org/photos/261308280/medium.jpg,,"","",0,0,false,3,"Greene St, Augusta, GA, US",33.4773883333,-81.9824883333,29,,,,29,,open,false,,,"",Carya illinoinensis,pecan,Plantae,67593
152607920,0a53174b-71d8-4849-a786-7f71a97c89e0,2023-03-26 16:37:12-04:00,2023-03-26,2023-03-26 22:37:12 +0200,Eastern Time (US & Canada),5644579,user_not__found,,2023-03-28 13:17:03 +0200,2023-03-28 13:17:22 +0200,needs_id,CC-BY-NC,https://www.inaturalist.org/observations/152607920,https://inaturalist-open-data.s3.amazonaws.com/photos/263467274/medium.jpg,,"","",0,0,false,3,"China Grove Church Rd, Moultrie, GA, US",31.1272,-83.5718833333,18,,,,18,,open,false,,,"",Carya illinoinensis,pecan,Plantae,67593
152835204,ddb2cb72-15a2-4533-aeec-d1a92cb3e967,2023-03-29 16:16:59-04:00,2023-03-29,2023-03-29 22:16:59 +0200,Eastern Time (US & Canada),5644579,user_not__found,,2023-03-30 17:07:52 +0200,2023-03-30 17:22:50 +0200,research,CC-BY-NC,https://www.inaturalist.org/observations/152835204,https://inaturalist-open-data.s3.amazonaws.com/photos/263887178/medium.jpg,,"","",1,0,false,3,"John Buck McCoy Rd, Moultrie, GA, US",31.036725,-83.6694333333,6,,,,6,,open,false,,,pecan,Carya illinoinensis,pecan,Plantae,67593
153248184,ea82a3e3-0f56-4b32-9f2b-5ae37b09185e,2023-04-02 17:02:00-04:00,2023-04-02,2023-04-02 23:02:00 +0200,Eastern Time (US & Canada),5644579,user_not__found,,2023-04-03 00:38:05 +0200,2023-04-04 13:50:00 +0200,research,CC-BY-NC,https://www.inaturalist.org/observations/153248184,https://inaturalist-open-data.s3.amazonaws.com/photos/264659918/medium.jpg,,"","",1,0,false,3,"D W Wright Rd, Moultrie, GA, US",31.1173416667,-83.5774616667,32,,,,32,,open,false,,,pecan,Carya illinoinensis,pecan,Plantae,67593
155007197,7a6c473c-22d0-4447-bb3b-3ec72c36f138,2023-04-15 13:26:45-04:00,2023-04-15,2023-04-15 19:26:45 +0200,Eastern Time (US & Canada),413739,asio-otus,Mark A Ray,2023-04-15 19:48:43 +0200,2023-12-21 19:07:14 +0100,research,,https://www.inaturalist.org/observations/155007197,https://static.inaturalist.org/photos/267889409/medium.jpg,,"","",1,0,false,3,"Powder Springs Park, Powder Springs, GA, US",33.8574533333,-84.6852116667,4,,,,4,,open,false,,,pecan,Carya illinoinensis,pecan,Plantae,67593
155677130,5868af74-1c4d-4004-b6b6-8a229266371e,2023-04-19 19:02:53,2023-04-19,2023-04-20 01:02:53 +0200,Eastern Time (US & Canada),6419150,abenesh,Andrew Benesh,2023-04-20 01:26:33 +0200,2023-04-20 01:28:05 +0200,needs_id,CC-BY-NC,https://www.inaturalist.org/observations/155677130,https://inaturalist-open-data.s3.amazonaws.com/photos/269127666/medium.jpeg,,"",???,0,0,false,2,"Macon, GA 31204, USA",32.8753444444,-83.6526916667,,,,,,,open,false,gps,gps,pecan,Carya illinoinensis,pecan,Plantae,67593
156275506,aa8a5d72-103a-4ca5-b55c-223bf0ddb3b4,2023-04-21 11:18:03-04:00,2023-04-21,2023-04-21 17:18:03 +0200,Eastern Time (US & Canada),406827,kommissar,"",2023-04-23 20:05:36 +0200,2023-04-23 20:06:01 +0200,needs_id,CC-BY-NC,https://www.inaturalist.org/observations/156275506,https://inaturalist-open-data.s3.amazonaws.com/photos/270209526/medium.jpg,,"","",0,0,false,3,"Georgia, US",33.6773382066,-83.6555074714,4,,,,28930,obscured,open,true,,,"",Carya illinoinensis,pecan,Plantae,67593
156418330,fabd465c-a649-4d28-a865-edef6b59d797,2023-04-24 10:20:24,2023-04-24,2023-04-24 16:20:24 +0200,Eastern Time (US & Canada),6614875,ckirk87,,2023-04-24 16:21:39 +0200,2023-04-24 16:21:47 +0200,needs_id,CC-BY-NC,https://www.inaturalist.org/observations/156418330,https://inaturalist-open-data.s3.amazonaws.com/photos/270476927/medium.jpeg,,"",,0,0,false,2,"Metcalf, GA 31792, USA",30.8642285,-83.95603771,8,,,,8,,open,false,,,pecan,Carya illinoinensis,pecan,Plantae,67593
156486650,5efb8e49-9265-4cf9-b597-48f9300a9132,Mon Apr 24 2023 17:59:14 GMT -0400 (GMT-4),2023-04-24,2023-04-24 23:59:14 +0200,Eastern Time (US & Canada),6715439,ttigerstri,,2023-04-24 23:59:34 +0200,2023-04-24 23:59:39 +0200,needs_id,CC-BY-NC,https://www.inaturalist.org/observations/156486650,https://inaturalist-open-data.s3.amazonaws.com/photos/270599583/medium.jpeg,,"",,0,0,false,333,Snellville,33.879322052,-84.0037994385,21,,,,21,,open,false,,,,Carya illinoinensis,pecan,Plantae,67593
157113980,81c8f09a-6f54-45af-a56d-6e28c3ebf040,2023-04-28 09:47:01-04:00,2023-04-28,2023-04-28 15:47:01 +0200,Eastern Time (US & Canada),5625705,vespertinexenomorph,Ricardo Martínez Hernández,2023-04-28 15:49:04 +0200,2023-05-03 02:21:04 +0200,research,CC-BY-NC,https://www.inaturalist.org/observations/157113980,https://inaturalist-open-data.s3.amazonaws.com/photos/275235131/medium.jpg,,"","",1,0,false,3,"Georgia Institute of Technology, Atlanta, GA, US",33.7802322256,-84.3953870517,6,,,,6,,open,false,,,pecan,Carya illinoinensis,pecan,Plantae,67593
157583624,91d63c54-7d4e-4073-bd98-2f6418b2bd15,2023-04-27 17:09:51-04:00,2023-04-27,2023-04-27 23:09:51 +0200,Eastern Time (US & Canada),5644579,user_not__found,,2023-04-29 16:07:34 +0200,2023-04-29 16:07:55 +0200,needs_id,CC-BY-NC,https://www.inaturalist.org/observations/157583624,https://inaturalist-open-data.s3.amazonaws.com/photos/272444765/medium.jpg,,"","",0,0,false,3,"Dr Curtis Tolbert Memorial Bridge, Macon, GA, US",32.8339883333,-83.6510783333,4,,,,4,,open,false,,,"",Carya illinoinensis,pecan,Plantae,67593
157585491,a1288db6-a29a-4ecb-9be6-3c70d7f649ec,2023-04-27 17:13:26-04:00,2023-04-27,2023-04-27 23:13:26 +0200,Eastern Time (US & Canada),5644579,user_not__found,,2023-04-29 16:12:00 +0200,2025-11-14 00:36:34 +0100,research,CC-BY-NC,https://www.inaturalist.org/observations/157585491,https://inaturalist-open-data.s3.amazonaws.com/photos/272447780/medium.jpg,,"","",1,0,false,3,"Johnson Ave, Macon, GA, US",32.8343116667,-83.65065,10,,,,10,,open,false,,,pecan,Carya illinoinensis,pecan,Plantae,67593
157816534,65d6542d-76c0-4a69-8c7d-32604cfb635e,2023-04-29 17:20:02,2023-04-29,2023-04-29 23:20:02 +0200,Eastern Time (US & Canada),584829,mary179,Mary McGuire Smith,2023-04-30 00:19:33 +0200,2023-04-30 00:20:55 +0200,needs_id,,https://www.inaturalist.org/observations/157816534,https://static.inaturalist.org/photos/272815244/medium.jpeg,,"",,0,0,false,2,"Conyers, GA, USA",33.6616739722,-83.9389809722,,,,,,,open,false,gps,gps,pecan,Carya illinoinensis,pecan,Plantae,67593
158704572,08e1d958-8637-4fa9-9652-c7f9a63b4d67,2023-05-01 12:10:38,2023-05-01,2023-05-01 18:10:38 +0200,Eastern Time (US & Canada),2870200,leighlevstomo,,2023-05-01 18:14:56 +0200,2023-05-08 14:40:53 +0200,research,CC-BY-NC,https://www.inaturalist.org/observations/158704572,https://inaturalist-open-data.s3.amazonaws.com/photos/274238936/medium.jpeg,,"",,1,0,false,2,"DeKalb County, US-GA, US",33.804568,-84.1712349722,,,,,,,open,false,gps,gps,pecan,Carya illinoinensis,pecan,Plantae,67593
160058854,030633e6-e66e-4d38-b2f5-7ae6d37cd791,2023-05-06 08:08:22-04:00,2023-05-06,2023-05-06 14:08:22 +0200,Eastern Time (US & Canada),6422767,bartramtravels,,2023-05-06 14:28:45 +0200,2023-05-06 15:41:52 +0200,needs_id,CC-BY-NC,https://www.inaturalist.org/observations/160058854,https://inaturalist-open-data.s3.amazonaws.com/photos/276570400/medium.jpg,,"","",0,0,false,3,"Fulton County, US-GA, US",33.7833340555,-84.3774546382,4,,,,4,,open,false,,,"",Carya illinoinensis,pecan,Plantae,67593
160058873,a3406af3-0df1-4372-a1b1-14871c1aa9fb,2023-05-06 08:08:42-04:00,2023-05-06,2023-05-06 14:08:42 +0200,Eastern Time (US & Canada),6422767,bartramtravels,,2023-05-06 14:28:51 +0200,2023-05-06 15:42:07 +0200,needs_id,CC-BY-NC,https://www.inaturalist.org/observations/160058873,https://inaturalist-open-data.s3.amazonaws.com/photos/276570425/medium.jpg,,"","",0,0,false,3,"Fulton County, US-GA, US",33.7833283001,-84.3774414418,4,,,,4,,open,false,,,"",Carya illinoinensis,pecan,Plantae,67593
160782526,1455726f-75cb-4736-9e19-f22aee3f3261,2023-05-09 08:21:10-04:00,2023-05-09,2023-05-09 14:21:10 +0200,Eastern Time (US & Canada),764155,whatch11,Wes Hatch,2023-05-09 20:53:37 +0200,2023-05-09 20:53:43 +0200,needs_id,,https://www.inaturalist.org/observations/160782526,https://static.inaturalist.org/photos/277859557/medium.jpg,,"","",0,0,false,3,"Clairmont Rd NE, Atlanta, GA, US",33.8267418423,-84.3088251713,35,,,,35,,open,false,,,"",Carya illinoinensis,pecan,Plantae,67593
160935538,d8910e57-667a-49d2-a1bc-c972385c2128,2023-04-27 15:45:31-04:00,2023-04-27,2023-04-27 21:45:31 +0200,Eastern Time (US & Canada),5804549,julieallsen79,,2023-05-10 19:18:18 +0200,2024-03-24 21:02:58 +0100,needs_id,CC-BY-NC,https://www.inaturalist.org/observations/160935538,https://inaturalist-open-data.s3.amazonaws.com/photos/360106016/medium.jpg,,"","",0,0,false,3,"SR-24, Waynesboro, GA, US",33.0737320035,-81.9955855099,46,,,,46,,open,false,,,"",Carya illinoinensis,pecan,Plantae,67593
161321699,45a965e1-e038-4ef0-8007-d4cdc1d74651,Fri May 12 2023 20:25:13 GMT -0400 (EDT),2023-05-12,2023-05-13 02:25:13 +0200,Eastern Time (US & Canada),2359942,melissakeneely,Melissa Keneely,2023-05-13 02:25:22 +0200,2025-04-12 05:56:18 +0200,needs_id,CC-BY-NC,https://www.inaturalist.org/observations/161321699,https://inaturalist-open-data.s3.amazonaws.com/photos/278834161/medium.jpeg,,"",,0,0,false,333,Roswell,34.0013427734,-84.2960357666,4,,,,4,,open,false,,,,Carya illinoinensis,pecan,Plantae,67593
161403240,2590e8fb-3f7b-4e82-8f0a-3440e8245b3d,2023-05-13 09:52:57-04:00,2023-05-13,2023-05-13 15:52:57 +0200,Eastern Time (US & Canada),5362345,missamango,Evelyn Melchionda,2023-05-13 16:19:07 +0200,2023-06-25 20:10:36 +0200,needs_id,,https://www.inaturalist.org/observations/161403240,https://static.inaturalist.org/photos/293734814/medium.jpg,,"","",0,0,false,3,"Carthage Rd, Tucker, GA, US",33.8421117952,-84.2292547215,7,,,,7,,open,false,,,"",Carya illinoinensis,pecan,Plantae,67593
161429405,2e44505f-74ee-4205-9d76-b275141ec172,2023-05-13 12:31:31-04:00,2023-05-13,2023-05-13 18:31:31 +0200,Eastern Time (US & Canada),1030332,haydentm,,2023-05-13 18:34:55 +0200,2023-05-13 23:30:35 +0200,research,,https://www.inaturalist.org/observations/161429405,https://static.inaturalist.org/photos/279034717/medium.jpg,,"","",1,0,false,3,"Georgia, US",32.4830590626,-83.9052568344,24,,,,29093,obscured,open,true,,,pecan,Carya illinoinensis,pecan,Plantae,67593
161580299,23a9acc9-1a6a-4758-8f13-8fa7a884ff39,2023-05-13 20:21:13-04:00,2023-05-13,2023-05-14 02:21:13 +0200,Eastern Time (US & Canada),4380056,andy_gienapp,,2023-05-14 13:43:26 +0200,2023-08-06 18:29:25 +0200,needs_id,CC-BY-NC,https://www.inaturalist.org/observations/161580299,https://inaturalist-open-data.s3.amazonaws.com/photos/279303707/medium.jpg,,"","",0,0,false,3,"Taylorsville Rd, Aragon, GA, US",34.1245439484,-85.0738509938,9,,,,9,,open,false,,,"",Carya illinoinensis,pecan,Plantae,67593
162066223,551bd0b6-19f6-48b4-b3cd-68b3c2a22f13,2023-05-16 13:16:19-04:00,2023-05-16,2023-05-16 19:16:19 +0200,Eastern Time (US & Canada),5287823,fountainfungi,Brandon Fountain,2023-05-17 03:01:01 +0200,2023-05-17 03:01:10 +0200,needs_id,CC-BY-NC,https://www.inaturalist.org/observations/162066223,https://inaturalist-open-data.s3.amazonaws.com/photos/280191301/medium.jpg,,"","",0,0,false,3,"Myricks Mill Rd, Jeffersonville, GA, US",32.7651866667,-83.39353,6,,,,6,,open,false,,,"",Carya illinoinensis,pecan,Plantae,67593
162213501,a3a73a6b-b523-4df9-afea-c8787aa86273,2023/05/16 9:02 AM,2023-05-16,2023-05-16 15:02:00 +0200,Eastern Time (US & Canada),247924,fmmonk,Francis Stiteler,2023-05-18 01:01:50 +0200,2024-04-03 01:26:14 +0200,research,CC-BY-NC,https://www.inaturalist.org/observations/162213501,https://inaturalist-open-data.s3.amazonaws.com/photos/280459593/medium.jpeg,,"",,1,0,false,,"Rockdale County, GA, USA",33.5868697409,-84.0656007312,1,,,,1,,open,false,,,pecan,Carya illinoinensis,pecan,Plantae,67593
162975928,794e0ef4-1d45-4d1b-8b8e-d33f0e231567,2023-05-21 16:17:29-04:00,2023-05-21,2023-05-21 22:17:29 +0200,Eastern Time (US & Canada),4183888,claireb1234,Douda Bensasson,2023-05-21 22:19:43 +0200,2023-06-12 22:42:42 +0200,research,,https://www.inaturalist.org/observations/162975928,https://static.inaturalist.org/photos/281836730/medium.jpg,,"","",1,0,false,3,"Macon Ave, Athens, GA, US",33.9696816355,-83.3826929704,6,,,,6,,open,false,,,pecan,Carya illinoinensis,pecan,Plantae,67593
163424861,1210e74f-b251-4d6b-ab40-d30422c0170b,2023/05/21 1:38 PM,2023-05-21,2023-05-21 19:38:00 +0200,Eastern Time (US & Canada),1291794,siddarthmachado,Siddarth Machado,2023-05-24 05:03:34 +0200,2023-12-10 04:55:12 +0100,research,CC-BY,https://www.inaturalist.org/observations/163424861,https://inaturalist-open-data.s3.amazonaws.com/photos/282655965/medium.jpeg,,"",,1,0,false,,"Greene County, GA, USA",33.7172695726,-83.2768848238,1881,,,,1881,,open,false,,,pecan,Carya illinoinensis,pecan,Plantae,67593
163469880,4b7fad07-4aa6-4822-a47b-d5b4142efb22,2023-05-24 08:20:33-04:00,2023-05-24,2023-05-24 14:20:33 +0200,Eastern Time (US & Canada),5668636,vickisvaporrub,vicki mendez,2023-05-24 14:25:13 +0200,2023-05-24 14:25:35 +0200,needs_id,,https://www.inaturalist.org/observations/163469880,https://static.inaturalist.org/photos/282738425/medium.jpg,,"","",0,0,false,3,"United Ave SE, Atlanta, GA, US",33.728175,-84.3607116667,10,,,,10,,open,false,,,"",Carya illinoinensis,pecan,Plantae,67593
163558209,71b3c6fe-decc-436e-9ab7-0e43b3b262cc,2023-05-24 16:53:04-04:00,2023-05-24,2023-05-24 22:53:04 +0200,Eastern Time (US & Canada),2450343,sev93,Severin Cunningham,2023-05-25 00:32:27 +0200,2023-10-27 15:11:20 +0200,needs_id,,https://www.inaturalist.org/observations/163558209,https://static.inaturalist.org/photos/282899203/medium.jpg,,"","",1,0,false,3,"Valdosta State University, Valdosta, GA, US",30.845575,-83.2914883333,4,,,,4,,open,false,,,pecan,Carya illinoinensis,pecan,Plantae,67593
165379399,4b79ae07-3474-4636-9bff-41d97e0fb019,Sat Jun 03 2023 16:50:59 GMT -0400 (EDT),2023-06-03,2023-06-03 22:50:59 +0200,Eastern Time (US & Canada),5067052,thoughthealer,,2023-06-03 22:51:03 +0200,2023-06-12 22:35:02 +0200,research,CC-BY-NC,https://www.inaturalist.org/observations/165379399,https://inaturalist-open-data.s3.amazonaws.com/photos/286267370/medium.jpeg,,"",,1,0,false,333,Athens,33.9452209473,-83.377822876,12,,,,12,,open,false,,,pecan,Carya illinoinensis,pecan,Plantae,67593
165477613,6ec1f96c-6fd9-420e-a3ac-084a9423debf,2023-06-04 18:41:22,2023-06-04,2023-06-05 00:41:22 +0200,Eastern Time (US & Canada),1183024,shidailun,Dailun Shi,2023-06-04 12:46:04 +0200,2023-06-12 22:34:52 +0200,research,CC-BY-NC,https://www.inaturalist.org/observations/165477613,https://inaturalist-open-data.s3.amazonaws.com/photos/286451948/medium.jpeg,,"",,1,0,false,2,"Anthropology Building, Atlanta, GA 30307, USA",33.7926433333,-84.3240783333,3,,,,3,,open,false,,,pecan,Carya illinoinensis,pecan,Plantae,67593
165613082,8f6e6721-2407-41ef-aae0-5c5c0e81635c,2023-06-04 18:39:32-04:00,2023-06-04,2023-06-05 00:39:32 +0200,Eastern Time (US & Canada),1129753,krdion53,,2023-06-05 00:39:41 +0200,2023-07-22 05:25:32 +0200,needs_id,,https://www.inaturalist.org/observations/165613082,https://static.inaturalist.org/photos/286696926/medium.jpg,,"","",0,0,false,3,"Herring St, Athens, GA, US",33.9541140944,-83.3601458185,7,,,,7,,open,false,,,"",Carya illinoinensis,pecan,Plantae,67593
168151635,52c0a1ea-0b10-48cf-a5b4-ecec89f5ba32,2023-06-18 12:44:30-04:00,2023-06-18,2023-06-18 18:44:30 +0200,Eastern Time (US & Canada),5287823,fountainfungi,Brandon Fountain,2023-06-18 21:22:00 +0200,2023-06-18 21:22:16 +0200,needs_id,CC-BY-NC,https://www.inaturalist.org/observations/168151635,https://inaturalist-open-data.s3.amazonaws.com/photos/291376305/medium.jpg,,"","",0,0,false,3,"Myricks Mill Rd, Jeffersonville, GA, US",32.7626033333,-83.3978116667,4,,,,4,,open,false,,,"",Carya illinoinensis,pecan,Plantae,67593
168686471,20c2c536-101f-4257-b398-0922b9a32014,2023-06-21 12:26:30-04:00,2023-06-21,2023-06-21 18:26:30 +0200,Eastern Time (US & Canada),5287823,fountainfungi,Brandon Fountain,2023-06-21 19:27:59 +0200,2023-06-21 19:28:20 +0200,needs_id,CC-BY-NC,https://www.inaturalist.org/observations/168686471,https://inaturalist-open-data.s3.amazonaws.com/photos/292373769/medium.jpg,,"","",0,0,false,3,"Myricks Mill Rd, Jeffersonville, GA, US",32.7521033333,-83.41777,3,,,,3,,open,false,,,"",Carya illinoinensis,pecan,Plantae,67593
169414799,992a78da-e46a-48da-94d9-e4e1d255c0dd,Sun Jun 25 2023 13:01:38 GMT -0400 (EDT),2023-06-25,2023-06-25 19:01:38 +0200,Eastern Time (US & Canada),1550110,twalter,Tom Gardner,2023-06-25 19:02:21 +0200,2023-06-25 19:02:28 +0200,needs_id,CC-BY-NC,https://www.inaturalist.org/observations/169414799,https://inaturalist-open-data.s3.amazonaws.com/photos/293709624/medium.jpeg,,"",Old. Cultivated. At Fort Pulaski,0,0,false,333,Tybee Island,32.0270385742,-80.8904571533,75,,,,75,,open,false,,,,Carya illinoinensis,pecan,Plantae,67593
169415601,c6491f57-cf6c-4f0f-95b9-eb7558995028,2023-06-25 13:05:58,2023-06-25,2023-06-25 19:05:58 +0200,Eastern Time (US & Canada),253359,crittertrackerboss1,Tucker101,2023-06-25 19:06:35 +0200,2023-06-25 20:12:52 +0200,needs_id,,https://www.inaturalist.org/observations/169415601,https://static.inaturalist.org/photos/293711259/medium.jpeg,,"",,0,0,false,2,"Andersonville, GA 31711, USA",32.195125,-84.1396138889,,,,,,,open,false,gps,gps,pecan,Carya illinoinensis,pecan,Plantae,67593
170558233,782f4cc6-f820-404b-b91a-55ef4fa7076a,2023/06/04 12:47 PM,2023-06-04,2023-06-04 18:47:00 +0200,Eastern Time (US & Canada),4014802,nonbinary-naturalist,Nonbinary-Naturalist,2023-07-02 02:44:17 +0200,2023-07-02 02:44:17 +0200,needs_id,CC0,https://www.inaturalist.org/observations/170558233,https://inaturalist-open-data.s3.amazonaws.com/photos/295833502/medium.jpg,,"",I don't think this particular one was planted. growing in a ditch.,0,0,false,,"Georgetown, GA, USA",31.9827419571,-81.2211883033,7,,,,7,,open,false,,,Pecan,Carya illinoinensis,pecan,Plantae,67593
170568813,0a1135e4-1b2b-45a3-bf0f-3ebd5d5668a0,2023/06/24 3:29 PM,2023-06-24,2023-06-24 21:29:00 +0200,Eastern Time (US & Canada),4014802,nonbinary-naturalist,Nonbinary-Naturalist,2023-07-02 04:13:23 +0200,2023-07-17 20:25:54 +0200,needs_id,CC0,https://www.inaturalist.org/observations/170568813,https://inaturalist-open-data.s3.amazonaws.com/photos/295852481/medium.jpeg,,"","",0,0,false,,"Windsor Forest, Savannah, GA, USA",31.9749706004,-81.1398558309,28,,,,28,,open,false,,,Pecan,Carya illinoinensis,pecan,Plantae,67593
170568818,e73232fe-2f25-41d9-a85d-8fb38893623f,2023/06/24 3:31 PM,2023-06-24,2023-06-24 21:31:00 +0200,Eastern Time (US & Canada),4014802,nonbinary-naturalist,Nonbinary-Naturalist,2023-07-02 04:13:27 +0200,2023-07-17 20:26:01 +0200,needs_id,CC0,https://www.inaturalist.org/observations/170568818,https://inaturalist-open-data.s3.amazonaws.com/photos/295852805/medium.jpeg,,"","",0,0,false,,"Windsor Forest, Savannah, GA, USA",31.975133111,-81.1407087736,4,,,,4,,open,false,,,Pecan,Carya illinoinensis,pecan,Plantae,67593
170906139,2fcc68ae-071a-40e8-b8ec-423f73b0b7c5,2023-07-03 16:16:29-04:00,2023-07-03,2023-07-03 22:16:29 +0200,Eastern Time (US & Canada),2450343,sev93,Severin Cunningham,2023-07-03 22:42:43 +0200,2023-07-04 23:04:22 +0200,needs_id,,https://www.inaturalist.org/observations/170906139,https://static.inaturalist.org/photos/296497388/medium.jpg,,"","",1,0,false,3,"N Saint Augustine Rd, Valdosta, GA, US",30.85258,-83.3458166667,4,,,,4,,open,false,,,pecan,Carya illinoinensis,pecan,Plantae,67593
171776890,1e141112-8a95-492a-b888-646ceb66cea2,2023-07-08 11:14:11-04:00,2023-07-08,2023-07-08 17:14:11 +0200,Eastern Time (US & Canada),764155,whatch11,Wes Hatch,2023-07-08 19:05:07 +0200,2023-07-09 00:20:21 +0200,research,,https://www.inaturalist.org/observations/171776890,https://static.inaturalist.org/photos/298113338/medium.jpg,,"","",1,0,false,3,"Darien, GA, US",31.3553565531,-81.4483360111,6,,,,6,,open,false,,,pecan,Carya illinoinensis,pecan,Plantae,67593
171844247,2c9c8f32-7844-4bc2-9fa9-12f91703c46a,Sat Jul 08 2023 18:43:24 GMT -0400 (EDT),2023-07-08,2023-07-09 00:43:24 +0200,Eastern Time (US & Canada),7109346,charveldk24,,2023-07-09 00:43:34 +0200,2023-07-09 00:43:59 +0200,needs_id,CC-BY-NC,https://www.inaturalist.org/observations/171844247,https://inaturalist-open-data.s3.amazonaws.com/photos/298235618/medium.jpeg,,"",,0,0,false,333,Rome,34.3134460449,-85.1530761719,35,,,,35,,open,false,,,,Carya illinoinensis,pecan,Plantae,67593
172393851,fdeee985-b4a9-45b6-893e-790175d54e95,2023-07-11 14:04:14,2023-07-11,2023-07-11 20:04:14 +0200,Eastern Time (US & Canada),2879547,joshperry,Josh Perry,2023-07-11 22:07:04 +0200,2023-07-12 00:32:11 +0200,research,,https://www.inaturalist.org/observations/172393851,https://static.inaturalist.org/photos/299265669/medium.jpeg,,"",,1,0,false,2,"Lakeview, GA 30741, USA",34.9757668,-85.2715711,,,,,,,open,false,gps,gps,pecan,Carya illinoinensis,pecan,Plantae,67593
174121004,41c893a8-5292-4a1b-b8d3-5055c0f1481b,2023-07-21 12:31:08-04:00,2023-07-21,2023-07-21 18:31:08 +0200,Eastern Time (US & Canada),2700173,seref2025,Seref2025,2023-07-21 18:33:24 +0200,2023-08-22 04:21:33 +0200,needs_id,,https://www.inaturalist.org/observations/174121004,https://static.inaturalist.org/photos/302460554/medium.jpg,,"","",0,0,false,3,"Rowland Ct, Stone Mountain, GA, US",33.7800333333,-84.2079083333,25,,,,25,,open,false,,,"",Carya illinoinensis,pecan,Plantae,67593
174466260,a17ee4d1-ab1c-4d10-8256-b4d829a6ad8e,2023-07-23 09:18:47-04:00,2023-07-23,2023-07-23 15:18:47 +0200,Eastern Time (US & Canada),1372685,kashamcmahan,kasha mcmahan,2023-07-23 15:19:51 +0200,2023-07-24 14:50:04 +0200,needs_id,,https://www.inaturalist.org/observations/174466260,https://static.inaturalist.org/photos/303476078/medium.jpg,,"","",0,0,false,3,"Lafayette Rd, Rossville, GA, US",34.97575,-85.27157,5,,,,5,,open,false,,,"",Carya illinoinensis,pecan,Plantae,67593
175016080,cb04af94-f8f5-43c9-9a6d-9eb29a56c825,2023-07-26 07:23:10,2023-07-26,2023-07-26 13:23:10 +0200,Eastern Time (US & Canada),3263400,berdie,Roberta Wilson,2023-07-26 13:28:08 +0200,2024-03-05 19:54:12 +0100,needs_id,CC-BY-NC,https://www.inaturalist.org/observations/175016080,https://inaturalist-open-data.s3.amazonaws.com/photos/304121981/medium.jpeg,,"","",0,0,false,2,"Georgia, US",33.7283345929,-83.6523917912,,,,,28930,obscured,open,true,gps,gps,Carya illinoinensis,Carya illinoinensis,pecan,Plantae,67593
175274809,73144d91-f057-433f-baa9-22aed6b70df9,2023-07-27 15:53:07-04:00,2023-07-27,2023-07-27 21:53:07 +0200,Eastern Time (US & Canada),2450343,sev93,Severin Cunningham,2023-07-27 23:39:12 +0200,2023-07-27 23:39:51 +0200,research,,https://www.inaturalist.org/observations/175274809,https://static.inaturalist.org/photos/304591335/medium.jpg,,"","",1,0,false,3,"Wells St, Valdosta, GA, US",30.830575,-83.285325,4,,,,4,,open,false,,,pecan,Carya illinoinensis,pecan,Plantae,67593
175274938,4bba6fae-3203-49f7-9756-63d1b0bd015c,2023-07-27 15:49:15-04:00,2023-07-27,2023-07-27 21:49:15 +0200,Eastern Time (US & Canada),2450343,sev93,Severin Cunningham,2023-07-27 23:40:11 +0200,2023-11-12 05:34:44 +0100,needs_id,,https://www.inaturalist.org/observations/175274938,https://static.inaturalist.org/photos/304591602/medium.jpg,,"","",0,0,false,3,"Wells St, Valdosta, GA, US",30.8309166667,-83.2853616667,4,,,,4,,open,false,,,pecan,Carya illinoinensis,pecan,Plantae,67593
175276147,4e485ba4-d509-4b79-a455-d02a12a552df,2023-07-27 14:11:48-04:00,2023-07-27,2023-07-27 20:11:48 +0200,Eastern Time (US & Canada),2450343,sev93,Severin Cunningham,2023-07-27 23:49:28 +0200,2023-07-28 13:23:37 +0200,research,,https://www.inaturalist.org/observations/175276147,https://static.inaturalist.org/photos/304594353/medium.jpg,,"","",2,0,false,3,"Valdosta State University, Valdosta, GA, US",30.8463583333,-83.2882783333,4,,,,4,,open,false,,,pecan,Carya illinoinensis,pecan,Plantae,67593
175643453,0f266116-468a-4066-a749-3a6587c29dc7,2023-07-29 20:33:51,2023-07-29,2023-07-30 02:33:51 +0200,Eastern Time (US & Canada),7099006,nathan30285,Nathan Summer,2023-07-30 02:37:17 +0200,2023-11-12 05:33:47 +0100,needs_id,,https://www.inaturalist.org/observations/175643453,https://static.inaturalist.org/photos/305266571/medium.jpeg,,"",,0,0,false,2,"Jakin, GA 39861, USA",31.0810805556,-84.9107055556,,,,,,,open,false,gps,gps,pecan,Carya illinoinensis,pecan,Plantae,67593
176125321,8cd260d0-3102-4fae-a415-3291591683fd,2023/08/01 10:25 AM,2023-08-01,2023-08-01 16:25:00 +0200,Eastern Time (US & Canada),6545070,pilgrim123,pilgrim123,2023-08-01 18:12:17 +0200,2025-07-24 22:32:12 +0200,needs_id,,https://www.inaturalist.org/observations/176125321,https://inaturalist-open-data.s3.amazonaws.com/photos/306163021/medium.jpg,,"","",0,0,false,,"Mountain Park, GA, USA",33.8376699722,-84.123952,,,,,,,open,false,,,pecan,Carya illinoinensis,pecan,Plantae,67593
176190598,44604eaa-221d-4f4e-8cbb-8efb10749fa8,2023-08-01 18:52:11-04:00,2023-08-01,2023-08-02 00:52:11 +0200,Eastern Time (US & Canada),6673971,erinrenfroe,Erin Renfroe,2023-08-02 01:08:30 +0200,2025-11-27 02:26:34 +0100,needs_id,CC-BY-NC,https://www.inaturalist.org/observations/176190598,https://inaturalist-open-data.s3.amazonaws.com/photos/306285388/medium.jpg,,"","",1,0,false,3,"James Creek Rd, Fortson, GA, US",32.645623525,-84.9594959692,21,,,,21,,open,false,,,pecan,Carya illinoinensis,pecan,Plantae,67593
176347278,659cf15b-b769-4f5a-8f79-d0c2fba967c5,2023-08-02 14:29:30-04:00,2023-08-02,2023-08-02 20:29:30 +0200,Eastern Time (US & Canada),2450343,sev93,Severin Cunningham,2023-08-03 00:34:40 +0200,2023-08-03 04:38:58 +0200,research,,https://www.inaturalist.org/observations/176347278,https://static.inaturalist.org/photos/306578976/medium.jpg,,"","",1,0,false,3,"E Northside Dr, Valdosta, GA, US",30.8689716667,-83.2888633333,4,,,,4,,open,false,,,pecan,Carya illinoinensis,pecan,Plantae,67593
176907428,6c216246-0657-4cf7-a4ce-2a6c246f8c01,2023-08-06 00:13:38,2023-08-06,2023-08-06 06:13:38 +0200,Eastern Time (US & Canada),2080807,efb0005,Eric Bauer,2023-08-06 06:19:09 +0200,2023-08-06 17:50:15 +0200,research,,https://www.inaturalist.org/observations/176907428,https://static.inaturalist.org/photos/307617636/medium.jpeg,,"",,1,0,false,2,"Monroe, GA, USA",33.7814709096,-83.7104146555,7,,,,7,,open,false,gps,gps,pecan,Carya illinoinensis,pecan,Plantae,67593
177172219,46ee882c-0eb4-49ac-ac48-e8e1c5277b41,2023-08-07 10:36:21,2023-08-07,2023-08-07 16:36:21 +0200,Eastern Time (US & Canada),2080807,efb0005,Eric Bauer,2023-08-07 16:39:09 +0200,2023-08-07 16:39:15 +0200,needs_id,,https://www.inaturalist.org/observations/177172219,https://static.inaturalist.org/photos/308107608/medium.jpeg,,"",,0,0,false,2,"Monroe, GA, USA",33.7814884657,-83.7104381248,10,,,,10,,open,false,gps,gps,pecan,Carya illinoinensis,pecan,Plantae,67593
177872734,ab6411cf-8122-45aa-ae48-c9b717d7133b,2023-08-01 10:57:35,2023-08-01,2023-08-01 16:57:35 +0200,Eastern Time (US & Canada),2528696,liquidgold,Liquid Gold,2023-08-11 21:21:44 +0200,2023-08-21 13:27:33 +0200,needs_id,CC-BY-NC,https://www.inaturalist.org/observations/177872734,https://inaturalist-open-data.s3.amazonaws.com/photos/309420881/medium.jpeg,,"",,0,0,false,2,"Lawrenceville, GA, USA",33.9536416667,-83.9870388889,,,,,,,open,false,,,pecan,Carya illinoinensis,pecan,Plantae,67593
178604754,c6a9497b-b3f6-4e28-9703-5459805a31c7,2023-08-15 16:04:28,2023-08-15,2023-08-15 22:04:28 +0200,Eastern Time (US & Canada),7154582,swamp_ape_98,"",2023-08-16 00:41:50 +0200,2023-10-09 21:42:53 +0200,research,CC-BY-NC,https://www.inaturalist.org/observations/178604754,https://inaturalist-open-data.s3.amazonaws.com/photos/310816880/medium.jpeg,,"",,1,0,false,2,Waycross,31.2135441234,-82.3540178686,5614,,,,5614,,open,false,gps,gps,pecan,Carya illinoinensis,pecan,Plantae,67593
178919863,35085d33-b1b7-4ad5-9df5-097d99eb1a6e,2023-08-17 20:18:21-04:00,2023-08-17,2023-08-18 02:18:21 +0200,Eastern Time (US & Canada),1922943,karenlee1,Karen Lee,2023-08-18 02:21:49 +0200,2023-08-18 02:22:13 +0200,needs_id,,https://www.inaturalist.org/observations/178919863,https://static.inaturalist.org/photos/311420501/medium.jpg,,"","",0,0,false,3,"Lake Park Dr SE, Smyrna, GA, US",33.8875339126,-84.4935461478,4634,,,,4634,,open,false,,,"",Carya illinoinensis,pecan,Plantae,67593
179332939,930651c2-d85b-4366-8e49-c6e6bb633fdd,2023-08-19 17:24:07-04:00,2023-08-19,2023-08-19 23:24:07 +0200,Eastern Time (US & Canada),2969747,rhoughton,,2023-08-20 15:02:34 +0200,2023-08-20 19:59:17 +0200,research,CC-BY-NC,https://www.inaturalist.org/observations/179332939,https://inaturalist-open-data.s3.amazonaws.com/photos/312193204/medium.jpg,,"","",1,0,false,3,"Lawton Ave, Savannah, GA, US",32.0645166667,-81.0637445,4,,,,4,,open,false,,,pecan,Carya illinoinensis,pecan,Plantae,67593
180462150,2dbd643e-f584-4220-b488-de73fcdd17fb,2023-08-27 11:55:32-04:00,2023-08-27,2023-08-27 17:55:32 +0200,Eastern Time (US & Canada),6565518,gretabeignet,,2023-08-27 18:11:06 +0200,2023-08-28 04:11:28 +0200,research,CC-BY-NC,https://www.inaturalist.org/observations/180462150,https://inaturalist-open-data.s3.amazonaws.com/photos/314539854/medium.jpg,,"","",1,0,false,3,"Tyrone Rd, Fayetteville, GA, US",33.4500283333,-84.5419533333,12,,,,12,,open,false,,,pecan,Carya illinoinensis,pecan,Plantae,67593
181413350,6290b16f-d187-40ec-a84f-f8f94c2e1d64,2023-09-02 13:29:43-04:00,2023-09-02,2023-09-02 19:29:43 +0200,Eastern Time (US & Canada),1711323,trevor105,Trevor Heinen,2023-09-02 19:30:50 +0200,2024-04-18 16:11:03 +0200,needs_id,,https://www.inaturalist.org/observations/181413350,https://static.inaturalist.org/photos/316124857/medium.jpg,,"","",0,0,false,3,"Broadway, Columbus, GA, US",32.457305,-84.992745,3,,,,3,,open,false,,,"",Carya illinoinensis,pecan,Plantae,67593
182815529,4937d983-e614-45a8-a7a5-823c36fd8531,2023-09-11 09:41:32-04:00,2023-09-11,2023-09-11 15:41:32 +0200,Eastern Time (US & Canada),6126741,bettyjostevens,,2023-09-11 17:19:45 +0200,2023-09-11 17:19:58 +0200,needs_id,CC-BY-NC,https://www.inaturalist.org/observations/182815529,https://inaturalist-open-data.s3.amazonaws.com/photos/318823389/medium.jpg,,"","",0,0,false,3,"Connecticut Ave NE, Atlanta, GA, US",33.7611187269,-84.3296302558,26,,,,26,,open,false,,,"",Carya illinoinensis,pecan,Plantae,67593
182868476,e514e7c4-4688-420d-a255-94b32c3d49ce,2023-09-11 18:07:32-04:00,2023-09-11,2023-09-12 00:07:32 +0200,Eastern Time (US & Canada),7386030,riveralexia,,2023-09-12 00:09:09 +0200,2023-09-12 00:25:09 +0200,needs_id,CC-BY-NC,https://www.inaturalist.org/observations/182868476,https://inaturalist-open-data.s3.amazonaws.com/photos/318930612/medium.jpg,,"","",0,0,false,3,"Grayson Pkwy, Grayson, GA, US",33.8937294853,-83.9575991972,7,,,,7,,open,false,,,"",Carya illinoinensis,pecan,Plantae,67593
182870234,5230a3d3-30c7-4d5d-b3dc-96d852e97549,2023-09-11 18:15:36-04:00,2023-09-11,2023-09-12 00:15:36 +0200,Eastern Time (US & Canada),7386030,riveralexia,,2023-09-12 00:25:10 +0200,2023-09-12 00:25:17 +0200,needs_id,CC-BY-NC,https://www.inaturalist.org/observations/182870234,https://inaturalist-open-data.s3.amazonaws.com/photos/318930641/medium.jpg,,"","",0,0,false,3,"Grayson Pkwy, Grayson, GA, US",33.8937398415,-83.9575964271,20,,,,20,,open,false,,,"",Carya illinoinensis,pecan,Plantae,67593
182870296,d5c8b8c2-690e-43b6-9606-c70d9e3c7cfd,2023-09-11 18:25:25-04:00,2023-09-11,2023-09-12 00:25:25 +0200,Eastern Time (US & Canada),7386030,riveralexia,,2023-09-12 00:25:44 +0200,2023-09-18 23:06:01 +0200,needs_id,CC-BY-NC,https://www.inaturalist.org/observations/182870296,https://inaturalist-open-data.s3.amazonaws.com/photos/318930766/medium.jpg,,"","",0,0,false,3,"Grayson Pkwy, Grayson, GA, US",33.8937551,-83.9575971911,4,,,,4,,open,false,,,"",Carya illinoinensis,pecan,Plantae,67593
182871137,3172faf3-77ac-4da3-8aec-d296990d5da9,2023-09-11 18:32:29-04:00,2023-09-11,2023-09-12 00:32:29 +0200,Eastern Time (US & Canada),7386030,riveralexia,,2023-09-12 00:32:47 +0200,2023-09-18 23:24:16 +0200,needs_id,CC-BY-NC,https://www.inaturalist.org/observations/182871137,https://inaturalist-open-data.s3.amazonaws.com/photos/318932615/medium.jpg,,"",East 46,0,0,false,3,"Grayson Pkwy, Grayson, GA, US",33.8936822124,-83.9575954974,20,,,,20,,open,false,,,"",Carya illinoinensis,pecan,Plantae,67593
182871248,edd17325-8a76-4d34-aa8f-5168ba12e534,2023-09-11 18:33:44-04:00,2023-09-11,2023-09-12 00:33:44 +0200,Eastern Time (US & Canada),7386030,riveralexia,,2023-09-12 00:33:50 +0200,2023-09-12 00:41:28 +0200,needs_id,CC-BY-NC,https://www.inaturalist.org/observations/182871248,https://inaturalist-open-data.s3.amazonaws.com/photos/318933962/medium.jpg,,"",west,0,0,false,3,"Grayson Pkwy, Grayson, GA, US",33.8936507513,-83.9581569606,40,,,,40,,open,false,,,"",Carya illinoinensis,pecan,Plantae,67593
183078602,dc1986d1-2ea1-4e63-bf25-33a250ceaca3,Wed Sep 13 2023 09:54:40 GMT -0400 (EDT),2023-09-13,2023-09-13 15:54:40 +0200,Eastern Time (US & Canada),1587408,annecy,,2023-09-13 15:54:49 +0200,2023-09-15 23:20:45 +0200,needs_id,CC-BY-NC,https://www.inaturalist.org/observations/183078602,https://inaturalist-open-data.s3.amazonaws.com/photos/319984847/medium.jpeg,,"",,0,0,false,333,Atlanta,33.7311706543,-84.3549346924,35,,,,35,,open,false,,,,Carya illinoinensis,pecan,Plantae,67593
183754628,1085b4e0-48d3-4bb2-814b-41ec4fc290f2,Sun Sep 17 2023 18:51:41 GMT -0400 (EDT),2023-09-17,2023-09-18 00:51:41 +0200,Eastern Time (US & Canada),978897,chrisgarrod,Chris Garrod,2023-09-18 00:52:08 +0200,2025-09-17 21:01:16 +0200,research,CC0,https://www.inaturalist.org/observations/183754628,https://inaturalist-open-data.s3.amazonaws.com/photos/320636776/medium.jpeg,,"",,1,0,false,333,Gainesville,34.3149108887,-83.8743209839,111,,,,111,,open,false,,,pecan,Carya illinoinensis,pecan,Plantae,67593
184188825,6df26eae-11bd-4c33-804d-6bf8d4063288,2023-09-20 19:20:30-04:00,2023-09-20,2023-09-21 01:20:30 +0200,Eastern Time (US & Canada),4758903,brittkb,,2023-09-21 01:21:23 +0200,2023-09-21 01:22:01 +0200,needs_id,CC-BY-NC,https://www.inaturalist.org/observations/184188825,https://inaturalist-open-data.s3.amazonaws.com/photos/321474391/medium.jpg,,"","",0,0,false,3,"Allene Ave SW, Atlanta, GA, US",33.71455641,-84.4135318604,7,,,,7,,open,false,,,"",Carya illinoinensis,pecan,Plantae,67593
184701078,fd4911c8-8733-4501-9784-27f937bcf36a,Sun Sep 24 2023 10:55:37 GMT -0400 (EDT),2023-09-24,2023-09-24 16:55:37 +0200,Eastern Time (US & Canada),5758716,williamgarvin,William Garvin,2023-09-24 16:55:46 +0200,2023-11-01 03:13:27 +0100,research,CC-BY-NC,https://www.inaturalist.org/observations/184701078,https://inaturalist-open-data.s3.amazonaws.com/photos/322448501/medium.jpeg,,"",,2,0,false,333,Tifton,31.4842224121,-83.530418396,4,,,,4,,open,false,,,pecan,Carya illinoinensis,pecan,Plantae,67593
185351948,ab33a4c4-ae51-410a-941b-b2ad896e2695,2023-09-28 17:19:35-04:00,2023-09-28,2023-09-28 23:19:35 +0200,Eastern Time (US & Canada),1252822,uncforager,Christine Gagnon,2023-09-29 01:17:41 +0200,2024-09-18 02:07:32 +0200,research,CC-BY-NC,https://www.inaturalist.org/observations/185351948,https://inaturalist-open-data.s3.amazonaws.com/photos/323699242/medium.jpg,,"","",1,0,false,3,"Georgia, US",34.3547838621,-85.1031548225,4,,,,28846,obscured,open,true,,,pecan,Carya illinoinensis,pecan,Plantae,67593
186038795,01f87cb9-3a9e-4669-80ed-9074e9515177,2023-10-03 10:13:45-04:00,2023-10-03,2023-10-03 16:13:45 +0200,Eastern Time (US & Canada),7480852,irl_co_op,,2023-10-03 16:14:12 +0200,2023-10-17 04:32:03 +0200,research,CC-BY-NC,https://www.inaturalist.org/observations/186038795,https://inaturalist-open-data.s3.amazonaws.com/photos/325028219/medium.jpg,,"","",2,0,false,3,"16th St, Columbus, GA, US",32.4772703229,-84.9888769259,7,,,,7,,open,false,,,pecan,Carya illinoinensis,pecan,Plantae,67593
186210140,ee821c32-ac2e-491b-aedb-0893b3ec21c6,2023-10-04 17:33:04-04:00,2023-10-04,2023-10-04 23:33:04 +0200,Eastern Time (US & Canada),2173797,michaelcolecorley,Michael Cole Corley,2023-10-04 23:34:38 +0200,2023-10-05 03:26:32 +0200,research,,https://www.inaturalist.org/observations/186210140,https://static.inaturalist.org/photos/325365050/medium.jpg,,"","",2,0,false,3,"Rainwater Rd, Tifton, GA, US",31.475292882,-83.5304366705,5,,,,5,,open,false,,,pecan,Carya illinoinensis,pecan,Plantae,67593
186401901,d5b5b5b7-1b1f-427d-a606-50b14f4317dd,2012/09/14 12:11 PM,2012-09-14,2012-09-14 18:11:00 +0200,Eastern Time (US & Canada),247924,fmmonk,Francis Stiteler,2023-10-06 15:41:29 +0200,2024-04-03 01:26:14 +0200,research,CC-BY-NC,https://www.inaturalist.org/observations/186401901,https://inaturalist-open-data.s3.amazonaws.com/photos/325746160/medium.jpeg,,"",photos by Jim A,1,0,false,,"Rockdale County, GA, USA",33.5784688233,-84.0604132896,74,,,,74,,open,false,,,pecan,Carya illinoinensis,pecan,Plantae,67593
186698492,7b116533-7bc4-492e-91ce-ac91bde17dd4,2023-10-08 10:49:53,2023-10-08,2023-10-08 16:49:53 +0200,Eastern Time (US & Canada),2606637,secludedfly,George Macklin,2023-10-08 16:52:01 +0200,2023-10-08 18:56:14 +0200,research,CC-BY-NC,https://www.inaturalist.org/observations/186698492,https://inaturalist-open-data.s3.amazonaws.com/photos/326326556/medium.jpeg,,"",,1,0,false,2,"Gainesville, GA 30506, USA",34.3355540731,-83.9512547735,5,,,,5,,open,false,,,pecan,Carya illinoinensis,pecan,Plantae,67593
186935284,2a37cc56-d370-4364-89c2-ea0853338c12,2023/10/09 4:24 PM,2023-10-09,2023-10-09 22:24:00 +0200,Eastern Time (US & Canada),64286,supertiger,Leila Dasher,2023-10-10 03:15:32 +0200,2023-10-11 19:26:05 +0200,research,CC-BY,https://www.inaturalist.org/observations/186935284,https://inaturalist-open-data.s3.amazonaws.com/photos/326793062/medium.jpg,,"",,1,0,false,,"Athens, GA, USA",33.9355016092,-83.3643345324,130,,,,130,,open,false,,,pecan,Carya illinoinensis,pecan,Plantae,67593
187205141,05cb6cbe-8feb-411d-98b3-8d510588490e,2023/10/07 11:16 AM,2023-10-07,2023-10-07 17:16:00 +0200,Eastern Time (US & Canada),1400822,howlin_jay,Chris Brown,2023-10-12 05:46:34 +0200,2023-10-12 15:41:30 +0200,research,CC-BY-NC,https://www.inaturalist.org/observations/187205141,https://inaturalist-open-data.s3.amazonaws.com/photos/327330324/medium.jpeg,,"",,1,0,false,,"Andersonville, GA 31711, USA",32.1959947,-84.1399085,1351,,,,1351,,open,false,,,pecan,Carya illinoinensis,pecan,Plantae,67593
187298878,651d3e84-9900-4e9b-86f1-e5759499954e,2023-09-30 15:45:58-04:00,2023-09-30,2023-09-30 21:45:58 +0200,Eastern Time (US & Canada),7367356,karleenbassa1,,2023-10-13 00:05:24 +0200,2023-10-13 01:08:19 +0200,research,CC-BY-NC,https://www.inaturalist.org/observations/187298878,https://inaturalist-open-data.s3.amazonaws.com/photos/327514506/medium.jpg,,"","",2,0,false,3,"Georgia Ave SE, Atlanta, GA, US",33.7367466667,-84.3755283333,10,,,,10,,open,false,,,pecan,Carya illinoinensis,pecan,Plantae,67593
188414485,338e79cd-466d-4873-a50d-f9a53e6c4e6e,2023-10-21 15:07:22-04:00,2023-10-21,2023-10-21 21:07:22 +0200,Eastern Time (US & Canada),2059076,johnnyotter,"",2023-10-21 21:08:03 +0200,2023-10-27 19:23:31 +0200,needs_id,CC-BY-NC,https://www.inaturalist.org/observations/188414485,https://inaturalist-open-data.s3.amazonaws.com/photos/331236570/medium.jpg,,"","",0,0,false,3,"Hancock Park, Dahlonega, GA, US",34.5336583333,-83.9850833333,37,,,,37,,open,false,,,"",Carya illinoinensis,pecan,Plantae,67593
188575319,c40c4de5-51a9-42aa-a88e-7c594ede9bd6,Sun Oct 22 2023 16:58:55 GMT -0400 (EDT),2023-10-22,2023-10-22 22:58:55 +0200,Eastern Time (US & Canada),7466933,beccalikesfrogs,Becca,2023-10-22 22:59:03 +0200,2023-10-22 22:59:13 +0200,needs_id,CC-BY-NC,https://www.inaturalist.org/observations/188575319,https://inaturalist-open-data.s3.amazonaws.com/photos/330089171/medium.jpeg,,"",,0,0,false,333,Roswell,34.0629272461,-84.4030609131,59,,,,59,,open,false,,,,Carya illinoinensis,pecan,Plantae,67593
189181933,b71fcf96-63e6-4ec9-bc3a-554681dd122d,2023/09/25 11:00 AM,2023-09-25,2023-09-25 17:00:00 +0200,Eastern Time (US & Canada),6545070,pilgrim123,pilgrim123,2023-10-28 04:15:22 +0200,2025-07-24 22:31:59 +0200,research,,https://www.inaturalist.org/observations/189181933,https://inaturalist-open-data.s3.amazonaws.com/photos/331331136/medium.jpg,,"",,1,0,false,,"Mountain Park, GA, USA",33.8466227672,-84.1189973909,488,,,,488,,open,false,,,pecan,Carya illinoinensis,pecan,Plantae,67593
189513865,97719e14-3dfb-46a8-8a2a-a5672ad6b95a,2023-10-30 18:13:23,2023-10-30,2023-10-30 23:13:23 +0100,Eastern Time (US & Canada),7004362,micahmcd13,"",2023-10-30 23:15:50 +0100,2023-10-30 23:16:00 +0100,needs_id,CC-BY-NC,https://www.inaturalist.org/observations/189513865,https://inaturalist-open-data.s3.amazonaws.com/photos/332011400/medium.jpeg,,"",,0,0,false,2,"Tift County, US-GA, US",31.47560778,-83.52803303,9,,,,9,,open,false,,,pecan,Carya illinoinensis,pecan,Plantae,67593
189810648,2bd063a6-f5b7-4471-b245-901bd41633c8,2023-08-12 13:58:47,2023-08-12,2023-08-12 19:58:47 +0200,Eastern Time (US & Canada),4014802,nonbinary-naturalist,Nonbinary-Naturalist,2023-11-03 02:38:18 +0100,2023-11-03 04:14:38 +0100,research,CC0,https://www.inaturalist.org/observations/189810648,https://inaturalist-open-data.s3.amazonaws.com/photos/332610963/medium.jpeg,,"",Sapling growing in the middle of a hedge. Thanks squirrels. Posted from Pixel 5.,1,0,false,2,"Windsor Forest, Savannah, GA, USA",31.9823623475,-81.153077893,13,,,,13,,open,false,gps,gps,pecan,Carya illinoinensis,pecan,Plantae,67593
190086733,2b37c726-f546-4ca8-b4de-a63168f6dfd4,2023-11-05 11:47:12-05:00,2023-11-05,2023-11-05 17:47:12 +0100,Eastern Time (US & Canada),7585017,bobmckim,,2023-11-05 17:47:37 +0100,2023-11-05 17:51:22 +0100,needs_id,CC-BY-NC,https://www.inaturalist.org/observations/190086733,https://inaturalist-open-data.s3.amazonaws.com/photos/333149241/medium.jpg,,"","",0,0,false,3,"Palmetto Trace, Hinesville, GA, US",31.8452193424,-81.5777521613,9,,,,9,,open,false,,,pecan,Carya illinoinensis,pecan,Plantae,67593
190086816,01b95df0-6016-442c-837c-513518b86722,2023-11-05 11:48:06-05:00,2023-11-05,2023-11-05 17:48:06 +0100,Eastern Time (US & Canada),7585017,bobmckim,,2023-11-05 17:48:23 +0100,2023-11-05 19:55:28 +0100,research,CC-BY-NC,https://www.inaturalist.org/observations/190086816,https://inaturalist-open-data.s3.amazonaws.com/photos/333149446/medium.jpg,,"","",1,0,false,3,"Palmetto Trace, Hinesville, GA, US",31.8452696977,-81.5777664559,9,,,,9,,open,false,,,pecan,Carya illinoinensis,pecan,Plantae,67593
190087019,41d4b989-0668-4e01-8d16-b56ff0671af0,2023-11-05 11:49:04-05:00,2023-11-05,2023-11-05 17:49:04 +0100,Eastern Time (US & Canada),7585017,bobmckim,,2023-11-05 17:49:29 +0100,2023-11-05 19:55:24 +0100,research,CC-BY-NC,https://www.inaturalist.org/observations/190087019,https://inaturalist-open-data.s3.amazonaws.com/photos/333149737/medium.jpg,,"","",1,0,false,3,"Palmetto Trace, Hinesville, GA, US",31.8452393508,-81.5777331239,9,,,,9,,open,false,,,pecan,Carya illinoinensis,pecan,Plantae,67593
190105581,7c058c08-d5b6-4000-8058-eb52d9c49a14,2023-11-05 13:49:33-05:00,2023-11-05,2023-11-05 19:49:33 +0100,Eastern Time (US & Canada),7424892,charliehunter,Charlie Hunter,2023-11-05 20:16:25 +0100,2025-06-24 23:05:25 +0200,research,CC-BY-NC,https://www.inaturalist.org/observations/190105581,https://inaturalist-open-data.s3.amazonaws.com/photos/333841264/medium.jpg,,"","",1,0,false,3,"Oak Grove Rd, Decatur, GA, US",33.831547187,-84.2903288268,5,,,,5,,open,false,,,pecan,Carya illinoinensis,pecan,Plantae,67593
190444159,86aa6872-8154-4b19-bc85-d621c5ac6c36,2023-09-30 15:45:58-04:00,2023-09-30,2023-09-30 21:45:58 +0200,Eastern Time (US & Canada),7367356,karleenbassa1,,2023-11-08 23:57:04 +0100,2023-12-02 02:51:41 +0100,research,CC-BY-NC,https://www.inaturalist.org/observations/190444159,https://inaturalist-open-data.s3.amazonaws.com/photos/333852378/medium.jpg,,"","",2,0,false,3,"Georgia Ave SE, Atlanta, GA, US",33.7367466667,-84.3755283333,10,,,,10,,open,false,,,pecan,Carya illinoinensis,pecan,Plantae,67593
190584074,54de5171-f820-4803-9283-e082bb513b6a,2023-10-23 18:04:26,2023-10-23,2023-10-24 00:04:26 +0200,Eastern Time (US & Canada),4014802,nonbinary-naturalist,Nonbinary-Naturalist,2023-11-10 16:40:45 +0100,2023-11-10 16:41:19 +0100,needs_id,CC0,https://www.inaturalist.org/observations/190584074,https://inaturalist-open-data.s3.amazonaws.com/photos/334139379/medium.jpeg,,"",,0,0,false,2,"Richmond Hill, GA 31324, USA",31.947425,-81.3017972222,,,,,,,open,false,gps,gps,pecan,Carya illinoinensis,pecan,Plantae,67593
190794562,0715f3eb-19a2-42ca-8017-9a0fe1df3674,2023-11-12 08:56:28-05:00,2023-11-12,2023-11-12 14:56:28 +0100,Eastern Time (US & Canada),3799924,gleasla,,2023-11-12 15:36:00 +0100,2023-11-12 16:17:57 +0100,research,,https://www.inaturalist.org/observations/190794562,https://static.inaturalist.org/photos/334554577/medium.jpg,,"","",1,0,false,3,"Clarke County, US-GA, US",33.9567966667,-83.3676533333,15,,,,15,,open,false,,,pecan,Carya illinoinensis,pecan,Plantae,67593
191415051,60fae5d1-8e8d-4f4e-8917-e36211169ed0,2023-11-18 10:52:27,2023-11-18,2023-11-18 16:52:27 +0100,Eastern Time (US & Canada),4014802,nonbinary-naturalist,Nonbinary-Naturalist,2023-11-19 00:10:14 +0100,2023-11-19 01:00:47 +0100,research,CC0,https://www.inaturalist.org/observations/191415051,https://inaturalist-open-data.s3.amazonaws.com/photos/335791727/medium.jpeg,,"",Lighting wanted to be TERRIBLE,1,0,false,2,"Richmond Hill, GA 31324, USA",31.9469544266,-81.3027411327,4,,,,4,,open,false,gps,gps,pecan,Carya illinoinensis,pecan,Plantae,67593
191433382,3167037e-4b6b-48e0-aec8-60e615d60c06,2023-11-18 13:02:30,2023-11-18,2023-11-18 19:02:30 +0100,Eastern Time (US & Canada),4014802,nonbinary-naturalist,Nonbinary-Naturalist,2023-11-19 04:09:35 +0100,2023-11-19 04:25:03 +0100,research,CC0,https://www.inaturalist.org/observations/191433382,https://inaturalist-open-data.s3.amazonaws.com/photos/335829127/medium.jpeg,,"",,1,0,false,2,"Richmond Hill, GA 31324, USA",31.9540694444,-81.3040694444,,,,,,,open,false,gps,gps,pecan,Carya illinoinensis,pecan,Plantae,67593
191634109,e1324f00-b6da-4d1a-afc7-c23b334552d4,2023/10/29 3:26 PM,2023-10-29,2023-10-29 20:26:00 +0100,Eastern Time (US & Canada),4014802,nonbinary-naturalist,Nonbinary-Naturalist,2023-11-21 02:43:27 +0100,2023-11-21 04:58:58 +0100,research,CC0,https://www.inaturalist.org/observations/191634109,https://inaturalist-open-data.s3.amazonaws.com/photos/336229704/medium.jpeg,,"",heartbreakingly empty.,1,0,false,,"Windsor Forest, Savannah, GA, USA",31.9750763568,-81.1392689409,122,,,,122,,open,false,,,pecan,Carya illinoinensis,pecan,Plantae,67593
191706600,7612fc74-213d-4eab-8c49-a372efb8e998,2023/11/19 11:35 AM,2023-11-19,2023-11-19 17:35:00 +0100,Eastern Time (US & Canada),1400822,howlin_jay,Chris Brown,2023-11-21 22:37:33 +0100,2023-11-22 21:00:14 +0100,research,CC-BY-NC,https://www.inaturalist.org/observations/191706600,https://inaturalist-open-data.s3.amazonaws.com/photos/336373042/medium.jpeg,,"",,1,0,false,,"456 Alexander St, Crawfordville, GA 30631, USA",33.5579477,-82.8965076,184,,,,184,,open,false,,,pecan,Carya illinoinensis,pecan,Plantae,67593
192742441,6336d68f-6f7c-458f-8f2d-2bfef0829a8b,2023-12-01 09:36:15-05:00,2023-12-01,2023-12-01 15:36:15 +0100,Eastern Time (US & Canada),564584,zaqri,Zaqri,2023-12-01 19:52:47 +0100,2023-12-03 19:15:57 +0100,research,,https://www.inaturalist.org/observations/192742441,https://static.inaturalist.org/photos/338426466/medium.jpg,,"","",1,0,false,3,"Shellman, GA, US",31.7919533333,-84.60373,4,,,,4,,open,false,,,pecan,Carya illinoinensis,pecan,Plantae,67593
193989647,e0fa51e3-67fe-4a90-9491-26f1f31fc72b,2023-12-13 14:06:56,2023-12-13,2023-12-13 20:06:56 +0100,Eastern Time (US & Canada),4134556,lmcconachie,LeslieMc,2023-12-15 02:39:42 +0100,2023-12-15 03:14:02 +0100,research,CC-BY-NC,https://www.inaturalist.org/observations/193989647,https://inaturalist-open-data.s3.amazonaws.com/photos/340874415/medium.jpeg,,"",,1,0,false,2,"Tate, GA 30177, USA",34.4134799061,-84.3723342195,19,,,,19,,open,false,gps,gps,pecan,Carya illinoinensis,pecan,Plantae,67593
201384056,63b28f5e-7195-453e-9fef-840c8c1fd5f2,2024-03-05 11:15:07-05:00,2024-03-05,2024-03-05 17:15:07 +0100,Eastern Time (US & Canada),764155,whatch11,Wes Hatch,2024-03-05 18:05:41 +0100,2024-03-05 18:05:49 +0100,needs_id,,https://www.inaturalist.org/observations/201384056,https://static.inaturalist.org/photos/355484801/medium.jpg,,"","",0,0,false,3,"Mud Creek Rd, Albany, GA, US",31.5746571246,-84.3677646707,4,,,,4,,open,false,,,"",Carya illinoinensis,pecan,Plantae,67593
202539602,075ce629-32fd-4217-a901-0c9cbff26d64,2024-03-15 12:05:59,2024-03-15,2024-03-15 17:05:59 +0100,Eastern Time (US & Canada),7154582,swamp_ape_98,"",2024-03-15 17:08:58 +0100,2024-03-16 01:55:06 +0100,needs_id,CC-BY-NC,https://www.inaturalist.org/observations/202539602,https://inaturalist-open-data.s3.amazonaws.com/photos/357722880/medium.jpeg,,"",???,0,0,false,2,Ware County,31.1338880553,-82.4752758443,49766,,,,49766,,open,false,,,pecan,Carya illinoinensis,pecan,Plantae,67593
204943074,1405c611-2fe7-440f-a5ea-46f669d3a994,2024-04-01 12:14:31,2024-04-01,2024-04-01 18:14:31 +0200,Eastern Time (US & Canada),7154582,swamp_ape_98,"",2024-04-01 18:16:19 +0200,2024-04-01 18:24:39 +0200,research,CC-BY-NC,https://www.inaturalist.org/observations/204943074,https://inaturalist-open-data.s3.amazonaws.com/photos/362306732/medium.jpeg,,"",,1,0,false,2,Ware County,31.1338880553,-82.4752758443,49766,,,,49766,,open,false,gps,gps,pecan,Carya illinoinensis,pecan,Plantae,67593
205720162,f9aa42ae-4e14-4638-b0c7-e98b8ba7d12e,2024-04-06 14:21:09-04:00,2024-04-06,2024-04-06 20:21:09 +0200,Eastern Time (US & Canada),5927248,eliotvanotteren,Eliot VanOtteren,2024-04-06 21:08:39 +0200,2024-04-06 21:09:57 +0200,needs_id,CC-BY-NC,https://www.inaturalist.org/observations/205720162,https://inaturalist-open-data.s3.amazonaws.com/photos/363780872/medium.jpg,,"","",0,0,false,3,"SR-46, Statesboro, GA, US",32.33897,-81.8255383333,4,,,,4,,open,false,,,"",Carya illinoinensis,pecan,Plantae,67593
206085895,912a55c3-58d3-41cd-9628-8eaf72d1ac7e,2024-04-08 11:12:01-04:00,2024-04-08,2024-04-08 17:12:01 +0200,Eastern Time (US & Canada),5804549,julieallsen79,,2024-04-08 17:50:08 +0200,2024-04-22 17:55:09 +0200,needs_id,CC-BY-NC,https://www.inaturalist.org/observations/206085895,https://inaturalist-open-data.s3.amazonaws.com/photos/369313905/medium.jpg,,"","",0,0,false,3,"Cherry View Pl, Decatur, GA, US",33.6797256302,-84.2420373363,40,,,,40,,open,false,,,"",Carya illinoinensis,pecan,Plantae,67593
206519632,581ae7f1-869b-40a1-94a4-066a7ba3cb55,2024-04-09 17:10:27-04:00,2024-04-09,2024-04-09 23:10:27 +0200,Eastern Time (US & Canada),6679580,radiolarianooze,♪ Cade ♪,2024-04-11 03:06:48 +0200,2024-04-11 03:07:06 +0200,needs_id,CC-BY-NC,https://www.inaturalist.org/observations/206519632,https://inaturalist-open-data.s3.amazonaws.com/photos/365264473/medium.jpg,,"","",0,0,false,3,"Coolidge, GA, US",31.0806068781,-83.8670749596,4986,,,,4986,,open,false,,,"",Carya illinoinensis,pecan,Plantae,67593
206637750,4c94c09f-23b3-4d84-80ba-2ad7b9cef9b2,2024-04-11 12:37:54-04:00,2024-04-11,2024-04-11 18:37:54 +0200,Eastern Time (US & Canada),7932802,dez89067,Dez Palmer,2024-04-11 18:37:58 +0200,2024-07-28 01:21:48 +0200,research,,https://www.inaturalist.org/observations/206637750,https://static.inaturalist.org/photos/365419193/medium.jpg,,"","",2,0,false,3,"Mercer University Dr, Macon, GA, US",32.8257719967,-83.651383123,48,,,,48,,open,false,,,pecan,Carya illinoinensis,pecan,Plantae,67593
207303923,2436bc39-9854-44f1-b777-1970dbc79930,2024-04-14 16:40:59-04:00,2024-04-14,2024-04-14 22:40:59 +0200,Eastern Time (US & Canada),2450343,sev93,Severin Cunningham,2024-04-15 02:37:22 +0200,2024-04-15 02:37:28 +0200,needs_id,,https://www.inaturalist.org/observations/207303923,https://static.inaturalist.org/photos/366669294/medium.jpg,,"","",0,0,false,3,"Wells St, Valdosta, GA, US",30.8303866667,-83.2868333333,4,,,,4,,open,false,,,"",Carya illinoinensis,pecan,Plantae,67593
207414614,fb6bcf19-7f78-4dd1-80b2-ec02372585e4,2024-04-15 12:14:01-04:00,2024-04-15,2024-04-15 18:14:01 +0200,Eastern Time (US & Canada),2359942,melissakeneely,Melissa Keneely,2024-04-15 18:16:24 +0200,2025-04-12 05:56:18 +0200,needs_id,CC-BY-NC,https://www.inaturalist.org/observations/207414614,https://inaturalist-open-data.s3.amazonaws.com/photos/366883876/medium.jpg,,"","",0,0,false,3,"Lake Rockaway Rd NW, Conyers, GA, US",33.6919333333,-84.0689166667,4,,,,4,,open,false,,,"",Carya illinoinensis,pecan,Plantae,67593
208223319,4e5c284a-a9ea-403c-84f1-1c24b5011c22,2024-04-19 15:46:11,2024-04-19,2024-04-19 21:46:11 +0200,Eastern Time (US & Canada),754348,angelanoske,Angela Noske,2024-04-20 08:26:50 +0200,2024-09-05 17:29:52 +0200,needs_id,CC-BY-NC,https://www.inaturalist.org/observations/208223319,https://inaturalist-open-data.s3.amazonaws.com/photos/368393867/medium.jpeg,,"","",0,0,false,2,"Tifton, GA 31733, USA",31.5594177222,-83.5823364167,5,,,,5,,open,false,gps,gps,Carya illinoinensis,Carya illinoinensis,pecan,Plantae,67593
208373678,b44be10a-dfa4-4a90-8a23-4e4a3f08f6b8,2024-04-20 17:53:53-04:00,2024-04-20,2024-04-20 23:53:53 +0200,Eastern Time (US & Canada),2450343,sev93,Severin Cunningham,2024-04-21 00:45:09 +0200,2024-04-23 05:19:29 +0200,research,,https://www.inaturalist.org/observations/208373678,https://static.inaturalist.org/photos/368669923/medium.jpg,,"","",1,0,false,3,"Floyd St, Valdosta, GA, US",30.830095,-83.28602,4,,,,4,,open,false,,,pecan,Carya illinoinensis,pecan,Plantae,67593
208610783,077652ae-c589-4542-906e-283b798ae7c7,2024-04-17 14:43:35,2024-04-17,2024-04-17 20:43:35 +0200,Eastern Time (US & Canada),4196645,shriya_nagulavancha,shriya nagulavancha,2024-04-22 02:15:17 +0200,2024-04-22 15:59:01 +0200,research,,https://www.inaturalist.org/observations/208610783,https://static.inaturalist.org/photos/369112116/medium.jpeg,,"",,1,0,false,2,"Summerville, Augusta, GA 30904, USA",33.4745673997,-82.0224074,,,,,,,open,false,gps,gps,pecan,Carya illinoinensis,pecan,Plantae,67593
208694016,31ad1e1a-94f2-4273-aaf6-f572b27de8f1,2024-04-18 17:38:27,2024-04-18,2024-04-18 23:38:27 +0200,Eastern Time (US & Canada),7808362,terra8021,Terra O,2024-04-22 15:31:37 +0200,2024-04-24 23:03:45 +0200,needs_id,,https://www.inaturalist.org/observations/208694016,https://static.inaturalist.org/photos/369272431/medium.jpeg,,"",,0,0,false,2,"Pomona Park, Atlanta, GA, USA",33.706377265,-84.4471196551,9,,,,9,,open,false,,,pecan,Carya illinoinensis,pecan,Plantae,67593
209615525,9b75381b-a968-41cb-a1c6-5feeb5d0a700,2024-04-26 11:34:35,2024-04-26,2024-04-26 17:34:35 +0200,Eastern Time (US & Canada),7609726,brent_n_katrina,Brent N Katrina Jensen,2024-04-26 17:35:46 +0200,2024-05-05 20:07:37 +0200,research,,https://www.inaturalist.org/observations/209615525,https://static.inaturalist.org/photos/370901690/medium.jpeg,,"",,1,0,false,2,"Marietta, GA 30066, USA",34.0714278,-84.4993718,24,,,,24,,open,false,,,pecan,Carya illinoinensis,pecan,Plantae,67593
210368247,dd2626de-a2a8-492e-a404-831a0cbb2595,2024-04-27 15:37:10-04:00,2024-04-27,2024-04-27 21:37:10 +0200,Eastern Time (US & Canada),1334078,sgtbird08,James Hussey,2024-04-27 21:37:57 +0200,2024-04-27 21:38:10 +0200,needs_id,CC-BY-NC,https://www.inaturalist.org/observations/210368247,https://inaturalist-open-data.s3.amazonaws.com/photos/372095488/medium.jpg,,"",?,0,0,false,3,"Athens, GA, US",33.9291748857,-83.30732101,123,,,,123,,open,false,,,"",Carya illinoinensis,pecan,Plantae,67593
210829685,73eaae3c-2253-4750-ae31-ea07a615e182,2024-04-28 10:11:24,2024-04-28,2024-04-28 16:11:24 +0200,Eastern Time (US & Canada),818823,bryophilo,Steve,2024-04-28 16:11:50 +0200,2025-06-21 19:10:26 +0200,needs_id,CC-BY-NC,https://www.inaturalist.org/observations/210829685,https://inaturalist-open-data.s3.amazonaws.com/photos/372845783/medium.jpeg,,"",,1,0,false,2,"N Decatur Rd & Superior Ave, Decatur, GA 30030, USA",33.79012352,-84.29928626,9,,,,9,,open,false,,,pecan,Carya illinoinensis,pecan,Plantae,67593
211086005,8d0d1737-d189-4828-a637-aa0a7b9dfe54,2024-04-28 16:22:09,2024-04-28,2024-04-28 22:22:09 +0200,Eastern Time (US & Canada),3263400,berdie,Roberta Wilson,2024-04-28 22:28:24 +0200,2024-04-29 00:12:35 +0200,research,CC-BY-NC,https://www.inaturalist.org/observations/211086005,https://inaturalist-open-data.s3.amazonaws.com/photos/373247788/medium.jpeg,,"",,2,0,false,2,"Georgia, US",33.7702711752,-83.7268841894,,,,,28930,obscured,open,true,gps,gps,pecan,Carya illinoinensis,pecan,Plantae,67593
211175472,3b564554-e589-4527-affa-abd68ec4ca14,2024-04-28 07:46:48-04:00,2024-04-28,2024-04-28 13:46:48 +0200,Eastern Time (US & Canada),764155,whatch11,Wes Hatch,2024-04-29 00:47:24 +0200,2024-04-29 01:15:15 +0200,needs_id,,https://www.inaturalist.org/observations/211175472,https://static.inaturalist.org/photos/373393510/medium.jpg,,"","",0,0,false,3,"Mud Creek Rd, Albany, GA, US",31.5644923169,-84.3673796399,7,,,,7,,open,false,,,"",Carya illinoinensis,pecan,Plantae,67593
211796446,9d82cd27-442c-4885-ad8e-a97c3e6780bf,2024-04-29 15:41:00-04:00,2024-04-29,2024-04-29 21:41:00 +0200,Eastern Time (US & Canada),8039018,connor_elen,,2024-04-29 21:45:09 +0200,2024-04-29 21:45:42 +0200,needs_id,CC-BY-NC,https://www.inaturalist.org/observations/211796446,https://inaturalist-open-data.s3.amazonaws.com/photos/374363558/medium.jpg,,"","",0,0,false,3,"Sweetwater Cir, Rincon, GA, US",32.2975901468,-81.2096261513,488,,,,488,,open,false,,,"",Carya illinoinensis,pecan,Plantae,67593
211921481,703238fb-4f49-4306-82d0-4bab06a39834,2024-04-29 18:41:36-04:00,2024-04-29,2024-04-30 00:41:36 +0200,Eastern Time (US & Canada),7795909,wilc1102,,2024-04-30 00:45:15 +0200,2024-05-01 03:46:50 +0200,needs_id,CC-BY-NC,https://www.inaturalist.org/observations/211921481,https://inaturalist-open-data.s3.amazonaws.com/photos/374560179/medium.jpg,,"",Bark is very similar and has this long stem things that drop off,0,0,false,3,"W Hancock Ave, Athens, GA, US",33.9574671765,-83.3855237404,4,,,,4,,open,false,,,"",Carya illinoinensis,pecan,Plantae,67593
212065773,27fc4c2c-95f4-4db7-8231-f7fc4970d3d0,2024-04-29 14:40:06-04:00,2024-04-29,2024-04-29 20:40:06 +0200,Eastern Time (US & Canada),396801,herpgrrl79,,2024-04-30 04:36:34 +0200,2024-05-02 04:30:39 +0200,needs_id,,https://www.inaturalist.org/observations/212065773,https://static.inaturalist.org/photos/374786806/medium.jpg,,"","",0,0,false,3,"Georgia, US",33.6014745299,-84.2288099338,4,,,,28930,obscured,open,true,,,"",Carya illinoinensis,pecan,Plantae,67593
212404801,6113c3c1-cb5a-4fa3-b573-c1d26cd11936,2024-04-30 11:03:46,2024-04-30,2024-04-30 17:03:46 +0200,Eastern Time (US & Canada),2918605,kristeng1,Kristen G,2024-05-01 00:10:42 +0200,2024-05-01 00:10:47 +0200,needs_id,,https://www.inaturalist.org/observations/212404801,https://static.inaturalist.org/photos/375361222/medium.jpeg,,"",,0,0,false,2,"Tignall, GA 30668, USA",33.874849748,-82.7343762293,2048,,,,2048,,open,false,gps,gps,pecan,Carya illinoinensis,pecan,Plantae,67593
212585318,581eed86-0e48-49b2-ad23-f07a8d5b477e,2024-05-01 09:26:34-04:00,2024-05-01,2024-05-01 15:26:34 +0200,Eastern Time (US & Canada),2469981,ricky107,Ricky Johnson,2024-05-01 15:30:14 +0200,2024-05-01 15:30:19 +0200,needs_id,,https://www.inaturalist.org/observations/212585318,https://static.inaturalist.org/photos/375675451/medium.jpg,,"","",0,0,false,3,"N Arnold Mill Rd, Woodstock, GA, US",34.122785666,-84.4419025934,6,,,,6,,open,false,,,"",Carya illinoinensis,pecan,Plantae,67593
212884362,88649d4c-aa79-4475-8d26-cf7279e86100,2024-05-02 09:58:35,2024-05-02,2024-05-02 15:58:35 +0200,Eastern Time (US & Canada),4790037,liam_gerry,Liam Gerry,2024-05-02 15:59:01 +0200,2024-05-02 15:59:25 +0200,needs_id,CC-BY,https://www.inaturalist.org/observations/212884362,https://inaturalist-open-data.s3.amazonaws.com/photos/376207554/medium.jpeg,,"",,0,0,false,2,"Adair Park, Atlanta, GA 30310, USA",33.7259972222,-84.4136305556,,,,,,,open,false,gps,gps,pecan,Carya illinoinensis,pecan,Plantae,67593
213857495,c6187822-7ea1-4ec5-865e-4f69c7a25e40,Sun May 05 2024 20:27:47 GMT -0400 (EDT),2024-05-05,2024-05-06 02:27:47 +0200,Eastern Time (US & Canada),5652869,jackofsometrades,,2024-05-06 02:34:35 +0200,2024-05-06 02:34:41 +0200,needs_id,CC-BY-NC,https://www.inaturalist.org/observations/213857495,https://inaturalist-open-data.s3.amazonaws.com/photos/377962797/medium.jpeg,,"",,0,0,false,333,Alamo,32.149230957,-82.7773513794,3570,,,,3570,,open,false,,,,Carya illinoinensis,pecan,Plantae,67593
214601334,b32cbdbb-cdc5-4ef0-9082-974536341035,2024-05-07 13:56:47,2024-05-07,2024-05-07 19:56:47 +0200,Eastern Time (US & Canada),8021119,mark16054,Mark Bryant,2024-05-09 17:30:49 +0200,2024-05-22 01:06:16 +0200,needs_id,,https://www.inaturalist.org/observations/214601334,https://static.inaturalist.org/photos/384563381/medium.jpeg,,"",,0,0,false,2,"Gwinnett Place, GA, USA",33.968934766,-84.1265410278,7,,,,7,,open,false,,,pecan,Carya illinoinensis,pecan,Plantae,67593
214821817,f25d9a82-2bc6-4a0a-a496-5bf48f848144,2024-05-10 13:07:14-04:00,2024-05-10,2024-05-10 19:07:14 +0200,Eastern Time (US & Canada),8127717,johnpriest,John Priest,2024-05-10 19:08:49 +0200,2024-05-15 22:35:18 +0200,needs_id,,https://www.inaturalist.org/observations/214821817,https://static.inaturalist.org/photos/379744195/medium.jpg,,"",Tree sapling,0,0,false,3,"Georgia, US",33.6440608305,-85.0293173545,9,,,,28930,obscured,open,true,,,hickories,Carya illinoinensis,pecan,Plantae,67593
215623201,f5cc0fa4-50c9-4ffd-864b-58322ea5a30f,2022-04-25 06:26:43,2022-04-25,2022-04-25 12:26:43 +0200,Eastern Time (US & Canada),8132966,rebeltanker,Jason Boutwell,2024-05-14 03:37:47 +0200,2024-07-26 23:44:12 +0200,needs_id,,https://www.inaturalist.org/observations/215623201,https://static.inaturalist.org/photos/381243649/medium.jpeg,,"",,0,0,false,2,"Dasher, GA, USA",30.7474264918,-83.2207039744,2569,,,,2569,,open,false,gps,gps,pecan,Carya illinoinensis,pecan,Plantae,67593
215818038,945f4b45-9f1a-434b-b0cb-b5647e30e360,2024-04-17 15:08:59-04:00,2024-04-17,2024-04-17 21:08:59 +0200,Eastern Time (US & Canada),7590028,clairechri,,2024-05-15 02:33:00 +0200,2024-05-15 02:33:15 +0200,needs_id,CC-BY-NC,https://www.inaturalist.org/observations/215818038,https://inaturalist-open-data.s3.amazonaws.com/photos/381609099/medium.jpg,,"","",0,0,false,3,"Lannon Ave NE, Atlanta, GA, US",33.7529033333,-84.2978133333,3,,,,3,,open,false,,,"",Carya illinoinensis,pecan,Plantae,67593
215818153,c75c3792-7d35-42d5-afb6-6d79baae9155,2024-04-17 15:09:44-04:00,2024-04-17,2024-04-17 21:09:44 +0200,Eastern Time (US & Canada),7590028,clairechri,,2024-05-15 02:33:44 +0200,2024-05-15 02:34:06 +0200,needs_id,CC-BY-NC,https://www.inaturalist.org/observations/215818153,https://inaturalist-open-data.s3.amazonaws.com/photos/381609321/medium.jpg,,"","",0,0,false,3,"Lannon Ave NE, Atlanta, GA, US",33.75293,-84.2977533333,4,,,,4,,open,false,,,"",Carya illinoinensis,pecan,Plantae,67593
215983487,4c8f464d-961c-49dc-8127-fcdf47ad308d,2024-05-15 16:43:09-04:00,2024-05-15,2024-05-15 22:43:09 +0200,Eastern Time (US & Canada),7348006,rickeyhicks,,2024-05-15 22:43:24 +0200,2024-05-15 22:43:41 +0200,needs_id,CC-BY-NC,https://www.inaturalist.org/observations/215983487,https://inaturalist-open-data.s3.amazonaws.com/photos/381923846/medium.jpg,,"","",0,0,false,3,"Stone Mountain St, Tallapoosa, GA, US",33.7407382485,-85.2917390597,3,,,,3,,open,false,,,"",Carya illinoinensis,pecan,Plantae,67593
216033287,cbc0f21f-31d8-47ce-937f-0c3c8672ed49,2024-05-14 19:28:53-04:00,2024-05-14,2024-05-15 01:28:53 +0200,Eastern Time (US & Canada),3903564,dan_watson,Dan Watson,2024-05-16 04:10:08 +0200,2024-05-16 04:10:15 +0200,needs_id,,https://www.inaturalist.org/observations/216033287,https://static.inaturalist.org/photos/382020193/medium.jpg,,"","",0,0,false,3,"Glynn County, Brunswick, GA, US",31.1535333333,-81.4943383333,6,,,,6,,open,false,,,"",Carya illinoinensis,pecan,Plantae,67593
216183093,7d75d7f8-24fb-4c68-ad6e-9ef8dd7a9a64,2024-05-16 14:17:27,2024-05-16,2024-05-16 20:17:27 +0200,Eastern Time (US & Canada),5642777,meowdle,,2024-05-16 22:45:58 +0200,2024-05-17 01:21:20 +0200,research,CC-BY-NC,https://www.inaturalist.org/observations/216183093,https://inaturalist-open-data.s3.amazonaws.com/photos/382301915/medium.jpeg,,"",,1,0,false,2,"Bainbridge, GA 39819, USA",30.719055,-84.8485179722,,,,,,,open,false,gps,gps,pecan,Carya illinoinensis,pecan,Plantae,67593
216415542,fdcdc082-1283-4281-9878-5ea8fa58acb2,2024-05-17 19:43:09-04:00,2024-05-17,2024-05-18 01:43:09 +0200,Eastern Time (US & Canada),4163109,donna_bennett,Donna Bennett,2024-05-18 01:43:24 +0200,2024-09-12 18:19:32 +0200,needs_id,CC-BY-NC,https://www.inaturalist.org/observations/216415542,https://inaturalist-open-data.s3.amazonaws.com/photos/382739905/medium.jpg,,"","",0,0,false,3,"E Hancock St, Milledgeville, GA, US",33.0815640578,-83.2154532041,4,,,,4,,open,false,,,"",Carya illinoinensis,pecan,Plantae,67593
216550066,7a55d55b-78f5-4e51-b152-a5963458b180,2024-05-18 11:19:02,2024-05-18,2024-05-18 17:19:02 +0200,Eastern Time (US & Canada),3137627,arisphotolog,Arianna,2024-05-18 17:49:32 +0200,2024-05-18 17:49:54 +0200,needs_id,,https://www.inaturalist.org/observations/216550066,https://static.inaturalist.org/photos/382990651/medium.jpeg,,"",,0,0,false,2,"Conyers, GA, USA",33.6816083333,-83.9909166667,,,,,,,open,false,gps,gps,pecan,Carya illinoinensis,pecan,Plantae,67593
216551372,cd4c236a-8493-4068-8b17-6be0ab645594,Sat May 18 2024 11:54:01 GMT -0400 (EDT),2024-05-18,2024-05-18 17:54:01 +0200,Eastern Time (US & Canada),7946124,cabin2coast,cabin2coast,2024-05-18 17:54:30 +0200,2024-05-18 17:54:37 +0200,needs_id,,https://www.inaturalist.org/observations/216551372,https://static.inaturalist.org/photos/382993048/medium.jpeg,,"",,0,0,false,333,Marietta,33.9520874023,-84.6624603271,74,,,,74,,open,false,,,,Carya illinoinensis,pecan,Plantae,67593
216887470,79c2d6d6-a6aa-4dd8-8c50-674308cc0bf1,2024-05-16 19:12:53-04:00,2024-05-16,2024-05-17 01:12:53 +0200,Eastern Time (US & Canada),1836111,mdmartin7,,2024-05-19 22:08:26 +0200,2024-05-19 22:08:31 +0200,needs_id,CC-BY-NC,https://www.inaturalist.org/observations/216887470,https://inaturalist-open-data.s3.amazonaws.com/photos/383617864/medium.jpg,,"","",0,0,false,3,"N Decatur Rd, Decatur, GA, US",33.7916202983,-84.2973907013,8,,,,8,,open,false,,,"",Carya illinoinensis,pecan,Plantae,67593
216938830,a560cdc4-551a-4b1b-b58d-fa82ec04fe8c,2024-05-19 15:05:20,2024-05-19,2024-05-19 21:05:20 +0200,Eastern Time (US & Canada),3137627,arisphotolog,Arianna,2024-05-20 01:52:39 +0200,2024-05-20 01:52:56 +0200,needs_id,,https://www.inaturalist.org/observations/216938830,https://static.inaturalist.org/photos/383715366/medium.jpeg,,"",,0,0,false,2,"Conyers, GA, USA",33.6820166667,-83.9903111111,,,,,,,open,false,gps,gps,pecan,Carya illinoinensis,pecan,Plantae,67593
217305865,d5603f48-f10c-47bd-bdff-a823d56e63a8,2024-05-14 12:18:24,2024-05-14,2024-05-14 18:18:24 +0200,Eastern Time (US & Canada),818520,perki0722,,2024-05-21 17:54:25 +0200,2024-05-21 17:58:36 +0200,needs_id,"",https://www.inaturalist.org/observations/217305865,https://static.inaturalist.org/photos/384413648/medium.jpeg,,"",,0,0,false,2,"Athens, GA 30605, USA",33.90996687,-83.34029734,8,,,,8,,open,false,,,pecan,Carya illinoinensis,pecan,Plantae,67593
217389443,7d850156-b42a-4375-8a46-79e58e75c287,2024-05-21 19:37:25,2024-05-21,2024-05-22 01:37:25 +0200,Eastern Time (US & Canada),8170621,katie17260,Katie Jackson,2024-05-22 01:39:38 +0200,2024-05-22 01:39:51 +0200,needs_id,,https://www.inaturalist.org/observations/217389443,https://static.inaturalist.org/photos/384573639/medium.jpeg,,"",,0,0,false,2,"Belvedere Park, GA, USA",33.7498601,-84.24826091,7,,,,7,,open,false,,,pecan,Carya illinoinensis,pecan,Plantae,67593
217523460,2cd3ddfa-1e29-493a-a26c-ba2043fa3b9d,2024-05-22 12:53:36-04:00,2024-05-22,2024-05-22 18:53:36 +0200,Eastern Time (US & Canada),8127717,johnpriest,John Priest,2024-05-22 18:54:03 +0200,2024-05-22 18:54:26 +0200,needs_id,,https://www.inaturalist.org/observations/217523460,https://static.inaturalist.org/photos/384823612/medium.jpg,,"","",0,0,false,3,"Buchanan St N, Bremen, GA, US",33.7232492537,-85.1484434042,7,,,,7,,open,false,,,"",Carya illinoinensis,pecan,Plantae,67593
217978063,3c07d5bf-daac-480a-8582-2cf0e0ac5ffd,2024-05-24 16:34:48-04:00,2024-05-24,2024-05-24 22:34:48 +0200,Eastern Time (US & Canada),6281240,ibracew,,2024-05-24 23:18:44 +0200,2024-05-24 23:41:42 +0200,research,CC-BY-NC,https://www.inaturalist.org/observations/217978063,https://inaturalist-open-data.s3.amazonaws.com/photos/385678702/medium.jpg,,"","",2,0,false,3,"Washington St, Avondale Estates, GA, US",33.7773602328,-84.2726722731,4,,,,4,,open,false,,,pecan,Carya illinoinensis,pecan,Plantae,67593
218237343,c8e1b542-18b6-467e-807d-41ea360ab2a5,2024-05-25 18:57:39,2024-05-25,2024-05-26 00:57:39 +0200,Eastern Time (US & Canada),3628367,tobysaunders,Toby Saunders,2024-05-26 00:58:03 +0200,2024-05-26 01:02:09 +0200,research,CC-BY-NC,https://www.inaturalist.org/observations/218237343,https://inaturalist-open-data.s3.amazonaws.com/photos/386158941/medium.jpeg,,"",,1,0,false,2,"Carrollton, GA, USA",33.60114967,-85.07210842,3,,,,3,,open,false,,,pecan,Carya illinoinensis,pecan,Plantae,67593
219353166,2265cf85-a93e-4c1b-aad3-cc0f08667d6f,2024-05-29 14:06:57-04:00,2024-05-29,2024-05-29 20:06:57 +0200,Eastern Time (US & Canada),7818225,jcheney88,,2024-05-30 18:41:30 +0200,2024-05-31 05:00:51 +0200,needs_id,CC-BY-NC,https://www.inaturalist.org/observations/219353166,https://inaturalist-open-data.s3.amazonaws.com/photos/388248445/medium.jpg,,"","",1,0,false,3,"Ocmulgee Mounds National Historical Park, Macon, GA, US",32.837852547,-83.6102100928,8,,,,8,,open,false,,,pecan,Carya illinoinensis,pecan,Plantae,67593
219756127,2d56f7ff-bbc5-4ac7-a61b-babb7ef50c46,2024-05-29 07:18:04-04:00,2024-05-29,2024-05-29 13:18:04 +0200,Eastern Time (US & Canada),2601890,reginasmith,,2024-06-01 17:10:01 +0200,2024-06-01 17:10:48 +0200,needs_id,CC-BY-NC,https://www.inaturalist.org/observations/219756127,https://inaturalist-open-data.s3.amazonaws.com/photos/389003158/medium.jpg,,"","",0,0,false,3,"Timothy Dr, Carrollton, GA, US",33.5287883333,-85.0798945,6,,,,6,,open,false,,,"",Carya illinoinensis,pecan,Plantae,67593
221342967,977f340d-88ce-4497-9ede-c8326458cfe0,2024-06-08 12:30:35-04:00,2024-06-08,2024-06-08 18:30:35 +0200,Eastern Time (US & Canada),2479499,davidtglassman,,2024-06-08 18:31:08 +0200,2024-06-08 18:31:14 +0200,needs_id,CC-BY-NC,https://www.inaturalist.org/observations/221342967,https://inaturalist-open-data.s3.amazonaws.com/photos/391972093/medium.jpg,,"","",0,0,false,3,"Peachtree Cir NE, Atlanta, GA, US",33.7932793703,-84.3837621064,3,,,,3,,open,false,,,"",Carya illinoinensis,pecan,Plantae,67593
222890539,9e1d7183-6ccf-4a8a-a50c-066023a93574,2024-06-15 12:32:01-04:00,2024-06-15,2024-06-15 18:32:01 +0200,Eastern Time (US & Canada),6056941,mattpk,Matthew Picarelli-Kombert,2024-06-15 18:32:47 +0200,2024-06-15 18:34:42 +0200,needs_id,,https://www.inaturalist.org/observations/222890539,https://static.inaturalist.org/photos/394869287/medium.jpg,,"","",0,0,false,3,"Ossabaw Island, Savannah, GA, US",31.8380379305,-81.0903661699,3,,,,3,,open,false,,,"",Carya illinoinensis,pecan,Plantae,67593
224296962,cf16262a-3343-412a-99b4-c014aa585f5c,2024-06-21 20:43:58-04:00,2024-06-21,2024-06-22 02:43:58 +0200,Eastern Time (US & Canada),7693323,littlebee1_,Jamie Hungerbuhler,2024-06-22 02:51:40 +0200,2024-06-22 02:51:46 +0200,needs_id,,https://www.inaturalist.org/observations/224296962,https://static.inaturalist.org/photos/397518173/medium.jpg,,"","",0,0,false,3,"Shepherd Rd, Mansfield, GA, US",33.4291774175,-83.7507099845,7,,,,7,,open,false,,,"",Carya illinoinensis,pecan,Plantae,67593
224298524,98fc013f-4a56-4b29-a749-54255ee0f019,2024-06-21 21:02:58-04:00,2024-06-21,2024-06-22 03:02:58 +0200,Eastern Time (US & Canada),7693323,littlebee1_,Jamie Hungerbuhler,2024-06-22 03:03:32 +0200,2024-06-22 03:03:38 +0200,needs_id,,https://www.inaturalist.org/observations/224298524,https://static.inaturalist.org/photos/397521146/medium.jpg,,"","",0,0,false,3,"Shepherd Rd, Mansfield, GA, US",33.4290957358,-83.7507618685,8,,,,8,,open,false,,,"",Carya illinoinensis,pecan,Plantae,67593
225516151,88ddc2a8-aecc-4c7d-a277-a037ab5598cc,2024-06-27 10:35:33-04:00,2024-06-27,2024-06-27 16:35:33 +0200,Eastern Time (US & Canada),5892216,tdreyer1072,,2024-06-27 16:35:54 +0200,2024-06-27 16:36:01 +0200,needs_id,CC-BY-NC,https://www.inaturalist.org/observations/225516151,https://inaturalist-open-data.s3.amazonaws.com/photos/399842267/medium.jpg,,"","",0,0,false,3,"Kelvington Way SW, Lilburn, GA, US",33.8767380221,-84.0694554058,21,,,,21,,open,false,,,"",Carya illinoinensis,pecan,Plantae,67593
225782491,c0f22549-4eba-4597-a700-4e7f838f6a8b,2024-06-09 15:19:56,2024-06-09,2024-06-09 21:19:56 +0200,Eastern Time (US & Canada),4014802,nonbinary-naturalist,Nonbinary-Naturalist,2024-06-28 21:59:35 +0200,2024-06-28 22:02:23 +0200,research,CC0,https://www.inaturalist.org/observations/225782491,https://inaturalist-open-data.s3.amazonaws.com/photos/400345451/medium.jpeg,,"",,1,0,false,2,"Chatham County, US-GA, US",32.0884279995,-81.0870683938,3945,,,,3945,,open,false,gps,gps,pecan,Carya illinoinensis,pecan,Plantae,67593
228021498,01e98165-ae53-4ae4-96bb-f274b14a4153,Mon Jul 08 2024 10:12:47 GMT -0400 (EDT),2024-07-08,2024-07-08 16:12:47 +0200,Eastern Time (US & Canada),6947865,ssamsibar,,2024-07-08 16:12:57 +0200,2024-07-12 17:50:59 +0200,research,CC-BY-NC,https://www.inaturalist.org/observations/228021498,https://inaturalist-open-data.s3.amazonaws.com/photos/404586272/medium.jpeg,,"",,2,0,false,333,Kennesaw,34.0316772461,-84.6348114014,4,,,,4,,open,false,,,pecan,Carya illinoinensis,pecan,Plantae,67593
228631484,970316f2-05b0-41fd-9ae5-c9a6c60df9fc,2024-07-11 10:35:50-04:00,2024-07-11,2024-07-11 16:35:50 +0200,Eastern Time (US & Canada),8050644,lopararo,,2024-07-11 16:37:03 +0200,2024-07-11 16:44:38 +0200,needs_id,CC-BY-NC,https://www.inaturalist.org/observations/228631484,https://inaturalist-open-data.s3.amazonaws.com/photos/405737812/medium.jpeg,,"","",0,0,false,3,"Kennesaw Dr NW, Atlanta, GA, US",33.7666200183,-84.4356621556,35,,,,35,,open,false,,,hickories,Carya illinoinensis,pecan,Plantae,67593
229110593,39be239c-76f2-49d8-8556-ab7afda5f39c,2024-06-14 12:46:55,2024-06-14,2024-06-14 18:46:55 +0200,Eastern Time (US & Canada),7738978,jongilmer,Jonathan Gilmer,2024-07-13 22:37:19 +0200,2025-04-06 06:45:24 +0200,research,CC-BY-NC,https://www.inaturalist.org/observations/229110593,https://inaturalist-open-data.s3.amazonaws.com/photos/406650549/medium.jpeg,,"",,1,0,false,2,"Columbus, GA 31909, USA",32.5284683011,-84.9048781022,4,,,,4,,open,false,gps,gps,pecan,Carya illinoinensis,pecan,Plantae,67593
230298608,b5e904a4-22d7-42e1-84e4-822e155646be,2024-07-18 12:39:57-04:00,2024-07-18,2024-07-18 18:39:57 +0200,Eastern Time (US & Canada),2473415,vanderplants,,2024-07-19 16:40:39 +0200,2024-07-19 19:11:20 +0200,research,CC-BY-NC,https://www.inaturalist.org/observations/230298608,https://inaturalist-open-data.s3.amazonaws.com/photos/408901805/medium.jpeg,,"","",1,0,false,3,"Georgia, US",33.6177875463,-84.557779705,4,,,,28930,obscured,open,true,,,pecan,Carya illinoinensis,pecan,Plantae,67593
230497969,93980608-2642-4f15-a546-400fd3293743,2024-07-20 10:04:20,2024-07-20,2024-07-20 16:04:20 +0200,Eastern Time (US & Canada),7772195,ronan33130,Ronan,2024-07-20 16:05:22 +0200,2024-07-20 16:06:25 +0200,needs_id,,https://www.inaturalist.org/observations/230497969,https://static.inaturalist.org/photos/409281179/medium.jpeg,,"",,0,0,false,2,"Northside Dr East, Statesboro, GA 30458, USA",32.45648,-81.781855,7,,,,7,,open,false,,,pecan,Carya illinoinensis,pecan,Plantae,67593
230514155,7ee28d4c-5c69-480a-931f-d7d51622fc53,2024-07-20 11:03:41-04:00,2024-07-20,2024-07-20 17:03:41 +0200,Eastern Time (US & Canada),3938831,amanning,,2024-07-20 17:23:57 +0200,2025-07-21 19:46:33 +0200,needs_id,CC-BY-NC,https://www.inaturalist.org/observations/230514155,https://inaturalist-open-data.s3.amazonaws.com/photos/409351509/medium.jpeg,,"","",1,0,false,3,"Rochelle, GA, US",32.0649880171,-83.6043701694,4,,,,4,,open,false,,,pecan,Carya illinoinensis,pecan,Plantae,67593
230857359,a9b6b0a3-85ec-446a-b9aa-2efc68bcd2bb,2024-07-21 15:58:27-04:00,2024-07-21,2024-07-21 21:58:27 +0200,Eastern Time (US & Canada),3498865,piasethi77,,2024-07-21 23:53:30 +0200,2024-07-21 23:53:39 +0200,needs_id,CC-BY-NC,https://www.inaturalist.org/observations/230857359,https://inaturalist-open-data.s3.amazonaws.com/photos/409948043/medium.jpeg,,"","",0,0,false,3,"Old Birmingham Hwy, Wildwood, GA, US",34.9647616667,-85.40982,16,,,,16,,open,false,,,"",Carya illinoinensis,pecan,Plantae,67593
231936559,298b071b-f6f4-4ab7-8d18-e5981f7da223,2024-07-26 20:16:50-04:00,2024-07-26,2024-07-27 02:16:50 +0200,Eastern Time (US & Canada),5480218,jaylessans,,2024-07-27 02:42:28 +0200,2024-07-27 02:42:34 +0200,needs_id,CC-BY-NC,https://www.inaturalist.org/observations/231936559,https://inaturalist-open-data.s3.amazonaws.com/photos/412000340/medium.jpeg,,"","",0,0,false,3,"Galambos Way, Sandy Springs, GA, US",33.9246666667,-84.381195,15,,,,15,,open,false,,,"",Carya illinoinensis,pecan,Plantae,67593
232486364,7f3bb5a2-be29-4b32-a78c-5fb10c02ece8,2024-07-29 09:37:41-04:00,2024-07-29,2024-07-29 15:37:41 +0200,Eastern Time (US & Canada),847642,cblack3,"",2024-07-29 15:38:20 +0200,2024-09-02 02:59:02 +0200,needs_id,,https://www.inaturalist.org/observations/232486364,https://static.inaturalist.org/photos/426181419/medium.jpeg,,"","",0,0,false,3,"Atlantic Ave, Savannah, GA, US",32.03745308,-81.0959506015,4,,,,4,,open,false,,,"",Carya illinoinensis,pecan,Plantae,67593
232776819,e27aabd8-f12d-417b-8aeb-7423e96e6998,2024-07-30 17:35:10-04:00,2024-07-30,2024-07-30 23:35:10 +0200,Eastern Time (US & Canada),7262681,atlolive11,,2024-07-30 23:36:43 +0200,2024-07-31 00:55:07 +0200,needs_id,CC-BY-NC,https://www.inaturalist.org/observations/232776819,https://inaturalist-open-data.s3.amazonaws.com/photos/413624458/medium.jpeg,,"","",0,0,false,3,"McLendon Ave NE, Atlanta, GA, US",33.7649,-84.3300033333,23,,,,23,,open,false,,,"",Carya illinoinensis,pecan,Plantae,67593
232881720,0bbec221-3d91-4f50-8696-566f8a598e47,2024-07-27 12:21:20-04:00,2024-07-27,2024-07-27 18:21:20 +0200,Eastern Time (US & Canada),3938831,amanning,,2024-07-31 14:22:07 +0200,2025-07-21 19:45:52 +0200,needs_id,CC-BY-NC,https://www.inaturalist.org/observations/232881720,https://inaturalist-open-data.s3.amazonaws.com/photos/413802828/medium.jpeg,,"","11 leaves, opposite, 30-40 feet tall tree
",1,0,false,3,"Rochelle, GA, US",32.0649861667,-83.6044616667,4,,,,4,,open,false,,,pecan,Carya illinoinensis,pecan,Plantae,67593
233194574,3b33ea6d-b197-4990-acf1-7415dcf4fcfe,2024/08/01 4:25 PM,2024-08-01,2024-08-01 22:25:00 +0200,Eastern Time (US & Canada),2173797,michaelcolecorley,Michael Cole Corley,2024-08-02 02:27:01 +0200,2024-08-02 02:33:11 +0200,research,,https://www.inaturalist.org/observations/233194574,https://static.inaturalist.org/photos/414394552/medium.jpeg,,"",,1,0,false,,"Tift County, GA, USA",31.5306789283,-83.4984458698,8,,,,8,,open,false,,,pecan,Carya illinoinensis,pecan,Plantae,67593
233785704,11cd2e43-b439-4692-9029-9a41a0ee04b6,2024-08-04 15:41:04-04:00,2024-08-04,2024-08-04 21:41:04 +0200,Eastern Time (US & Canada),8403757,deadlyfeet,amari tonnette,2024-08-04 21:42:05 +0200,2024-08-04 23:44:29 +0200,research,,https://www.inaturalist.org/observations/233785704,https://static.inaturalist.org/photos/415522534/medium.jpeg,,"","",1,0,false,3,"Spad Ave NW, Atlanta, GA, US",33.8103259821,-84.4852838852,5,,,,5,,open,false,,,pecan,Carya illinoinensis,pecan,Plantae,67593
234234445,59f2f71f-d4b5-42f3-8866-22765a896eb2,2024-08-06 18:42:44,2024-08-06,2024-08-07 00:42:44 +0200,Eastern Time (US & Canada),7004362,micahmcd13,"",2024-08-07 00:43:50 +0200,2024-08-07 00:44:09 +0200,needs_id,CC-BY-NC,https://www.inaturalist.org/observations/234234445,https://inaturalist-open-data.s3.amazonaws.com/photos/416374717/medium.jpeg,,"",,0,0,false,2,"Tifton, GA, USA",31.48424732,-83.52523746,7,,,,7,,open,false,,,pecan,Carya illinoinensis,pecan,Plantae,67593
236521900,b22b2d51-ac8d-4a13-9d0e-2b99e400f830,2024-08-18 11:28:13-04:00,2024-08-18,2024-08-18 17:28:13 +0200,Eastern Time (US & Canada),1282549,millwheel,,2024-08-18 17:28:25 +0200,2024-08-20 22:39:27 +0200,research,,https://www.inaturalist.org/observations/236521900,https://static.inaturalist.org/photos/420796616/medium.jpeg,,"","",1,0,false,3,"Oconee St, Athens, GA, US",33.9555113996,-83.3676348814,7,,,,7,,open,false,,,pecan,Carya illinoinensis,pecan,Plantae,67593
237151351,11087c79-08a0-4f61-8259-26acb1854aed,2024-08-21 14:23:25-04:00,2024-08-21,2024-08-21 20:23:25 +0200,Eastern Time (US & Canada),5812473,wildlife_lore,Hayes Valentine,2024-08-21 20:59:11 +0200,2024-08-21 21:25:55 +0200,research,CC-BY,https://www.inaturalist.org/observations/237151351,https://inaturalist-open-data.s3.amazonaws.com/photos/422010201/medium.jpeg,,"","",1,0,false,3,"University of Georgia, Athens, GA, US",33.9423616488,-83.3755666359,395,,,,395,,open,false,,,pecan,Carya illinoinensis,pecan,Plantae,67593
237169496,9300aa46-5af6-491c-b857-f0e07b0846ba,2024-08-21 16:48:54,2024-08-21,2024-08-21 22:48:54 +0200,Eastern Time (US & Canada),7004362,micahmcd13,"",2024-08-21 22:49:46 +0200,2024-08-21 23:22:25 +0200,research,CC-BY-NC,https://www.inaturalist.org/observations/237169496,https://inaturalist-open-data.s3.amazonaws.com/photos/422045566/medium.jpeg,,"",,1,0,false,2,"Tifton, GA 31793, USA",31.48842751,-83.53352663,16,,,,16,,open,false,,,pecan,Carya illinoinensis,pecan,Plantae,67593
237316195,e14cb2db-5311-4f6c-a5d3-171d7964c7ec,2024-08-22 13:00:30,2024-08-22,2024-08-22 19:00:30 +0200,Eastern Time (US & Canada),8132966,rebeltanker,Jason Boutwell,2024-08-22 19:30:59 +0200,2025-06-16 21:10:03 +0200,research,,https://www.inaturalist.org/observations/237316195,https://static.inaturalist.org/photos/422330171/medium.jpeg,,"",,1,0,false,2,"Valdosta, GA 31601, USA",30.7784583333,-83.2426833333,,,,,,,open,false,,,pecan,Carya illinoinensis,pecan,Plantae,67593
237318797,8f1f2709-0468-4de7-9a6e-2135e3be2599,2024-08-22 12:29:52,2024-08-22,2024-08-22 18:29:52 +0200,Eastern Time (US & Canada),8132966,rebeltanker,Jason Boutwell,2024-08-22 19:47:24 +0200,2024-08-22 20:21:03 +0200,research,,https://www.inaturalist.org/observations/237318797,https://static.inaturalist.org/photos/422335720/medium.jpeg,,"",,1,0,false,2,"Valdosta, GA 31601, USA",30.7780583333,-83.243,,,,,,,open,false,,,pecan,Carya illinoinensis,pecan,Plantae,67593
237323993,0196b086-27b3-4791-bf00-997d5abf49f1,2024-08-22 12:25:12,2024-08-22,2024-08-22 18:25:12 +0200,Eastern Time (US & Canada),8132966,rebeltanker,Jason Boutwell,2024-08-22 20:14:40 +0200,2024-08-22 20:15:45 +0200,needs_id,"",https://www.inaturalist.org/observations/237323993,https://static.inaturalist.org/photos/422344962/medium.jpeg,,"",,0,0,false,2,"Valdosta, GA 31601, USA",30.7782638889,-83.2428333333,,,,,,,open,false,,,pecan,Carya illinoinensis,pecan,Plantae,67593
237458193,15eb91e2-c627-4108-aa19-fc62d006e920,2024-08-23 09:55:48,2024-08-23,2024-08-23 15:55:48 +0200,Eastern Time (US & Canada),7004362,micahmcd13,"",2024-08-23 15:56:43 +0200,2024-08-23 15:57:22 +0200,needs_id,CC-BY-NC,https://www.inaturalist.org/observations/237458193,https://inaturalist-open-data.s3.amazonaws.com/photos/422607574/medium.jpeg,,"",,0,0,false,2,"Ocilla, GA 31774, USA",31.53833865,-83.33668762,9,,,,9,,open,false,,,pecan,Carya illinoinensis,pecan,Plantae,67593
237488161,4e72ddb6-786a-4ce8-99f7-dd8d8b466b89,2024-08-23 12:51:18-04:00,2024-08-23,2024-08-23 18:51:18 +0200,Eastern Time (US & Canada),6120669,courtney_l_,Courtney L. Hatcher,2024-08-23 18:52:52 +0200,2024-08-25 02:46:24 +0200,research,,https://www.inaturalist.org/observations/237488161,https://static.inaturalist.org/photos/422663132/medium.jpeg,,"","",1,0,false,3,"Augusta, GA, US",33.4993366667,-82.1105111667,35,,,,35,,open,false,,,pecan,Carya illinoinensis,pecan,Plantae,67593
237548936,e652695b-092c-4fae-94af-d1b313c157ac,2024-08-23 19:28:32-04:00,2024-08-23,2024-08-24 01:28:32 +0200,Eastern Time (US & Canada),4380056,andy_gienapp,,2024-08-24 01:28:44 +0200,2024-08-24 01:39:44 +0200,research,CC-BY-NC,https://www.inaturalist.org/observations/237548936,https://inaturalist-open-data.s3.amazonaws.com/photos/422780968/medium.jpeg,,"","",1,0,false,3,"Taylorsville Rd, Aragon, GA, US",34.1247334527,-85.0742470204,127,,,,127,,open,false,,,pecan,Carya illinoinensis,pecan,Plantae,67593
237693070,3241584d-e253-4275-aef7-2238f4a9c76c,Sat Aug 24 2024 14:27:53 GMT -0400 (EDT),2024-08-24,2024-08-24 20:27:53 +0200,Eastern Time (US & Canada),7158069,curiousinga,,2024-08-24 20:28:12 +0200,2024-08-26 02:48:51 +0200,research,CC-BY-NC,https://www.inaturalist.org/observations/237693070,https://inaturalist-open-data.s3.amazonaws.com/photos/423055396/medium.jpeg,,"",,2,0,false,333,Commerce,34.2016601563,-83.4688796997,74,,,,74,,open,false,,,pecan,Carya illinoinensis,pecan,Plantae,67593
238149762,204fdf02-5bf0-403e-863f-f608778475e2,2024-08-26 18:04:31-04:00,2024-08-26,2024-08-27 00:04:31 +0200,Eastern Time (US & Canada),7989173,amelwitte,,2024-08-27 00:18:30 +0200,2024-08-27 01:11:21 +0200,needs_id,CC-BY-NC,https://www.inaturalist.org/observations/238149762,https://inaturalist-open-data.s3.amazonaws.com/photos/423955460/medium.jpeg,,"","",0,0,false,3,"Briarlake Rd, Decatur, GA, US",33.8439762639,-84.271299094,4,,,,4,,open,false,,,"",Carya illinoinensis,pecan,Plantae,67593
238328491,0e29881c-299d-49b1-90e4-e69783cdd8e2,2024-08-27 19:00:44,2024-08-27,2024-08-28 01:00:44 +0200,Eastern Time (US & Canada),6408372,odile60,Odile V,2024-08-28 01:01:02 +0200,2025-12-22 15:28:48 +0100,research,CC0,https://www.inaturalist.org/observations/238328491,https://inaturalist-open-data.s3.amazonaws.com/photos/424294359/medium.jpeg,,"",,1,0,false,2,"Poncey-Highland, Atlanta, GA, USA",33.7687126309,-84.3558407651,43,,,,43,,open,false,,,pecan,Carya illinoinensis,pecan,Plantae,67593
238413827,6b5f4887-ab3a-42fd-9534-4064d7f54de2,2024-08-28 09:42:28-04:00,2024-08-28,2024-08-28 15:42:28 +0200,Eastern Time (US & Canada),4163109,donna_bennett,Donna Bennett,2024-08-28 15:43:10 +0200,2024-09-12 18:27:32 +0200,needs_id,CC-BY-NC,https://www.inaturalist.org/observations/238413827,https://inaturalist-open-data.s3.amazonaws.com/photos/424453830/medium.jpeg,,"","",0,0,false,3,"S Elbert St, Milledgeville, GA, US",33.07496901,-83.2204466594,1624,,,,1624,,open,false,,,"",Carya illinoinensis,pecan,Plantae,67593
238956051,5755c24b-dbcc-40f6-9b4c-e6adfeab54ba,2024-08-30 20:00:39-04:00,2024-08-30,2024-08-31 02:00:39 +0200,Eastern Time (US & Canada),5063767,hehetheorange,Henry Sierra,2024-08-31 15:30:43 +0200,2024-08-31 15:31:18 +0200,needs_id,,https://www.inaturalist.org/observations/238956051,https://static.inaturalist.org/photos/425501988/medium.jpeg,,"","",0,0,false,3,"F.D. Roosevelt State Park, Pine Mountain, GA, US",32.8432533333,-84.8307583333,13,,,,13,,open,false,,,"",Carya illinoinensis,pecan,Plantae,67593
239211281,71202cbf-2870-4a90-a389-c17374d27740,2024-09-01 12:45:29-04:00,2024-09-01,2024-09-01 18:45:29 +0200,Eastern Time (US & Canada),4959718,jacquelinelowder,,2024-09-01 18:46:27 +0200,2024-09-01 18:46:59 +0200,needs_id,CC-BY-NC,https://www.inaturalist.org/observations/239211281,https://inaturalist-open-data.s3.amazonaws.com/photos/425996013/medium.jpeg,,"","",0,0,false,3,"Championship Dr, Athens, GA, US",33.989803819,-83.4076968581,9,,,,9,,open,false,,,"",Carya illinoinensis,pecan,Plantae,67593
239641779,efe95a4b-dea1-4506-bc46-b6eafa038e4c,2024-09-03 13:18:20-04:00,2024-09-03,2024-09-03 19:18:20 +0200,Eastern Time (US & Canada),8511436,austinchang4,,2024-09-03 19:18:36 +0200,2024-09-03 21:21:06 +0200,needs_id,CC-BY-NC,https://www.inaturalist.org/observations/239641779,https://inaturalist-open-data.s3.amazonaws.com/photos/426838444/medium.jpeg,,"",A01,1,0,false,3,"Georgia Institute of Technology, Atlanta, GA, US",33.7788821225,-84.4002489632,4,,,,4,,open,false,,,pecan,Carya illinoinensis,pecan,Plantae,67593
239643783,679f2a3c-c840-4c4a-ba17-bbe4c37d8ce9,2024-09-03 13:21:23-04:00,2024-09-03,2024-09-03 19:21:23 +0200,Eastern Time (US & Canada),8522460,berlianfu,,2024-09-03 19:24:00 +0200,2024-09-03 19:24:23 +0200,needs_id,CC-BY-NC,https://www.inaturalist.org/observations/239643783,https://inaturalist-open-data.s3.amazonaws.com/photos/426840286/medium.jpeg,,"","",0,0,false,3,"Georgia Institute of Technology, Atlanta, GA, US",33.778764825,-84.4001189984,14,,,,14,,open,false,,,"",Carya illinoinensis,pecan,Plantae,67593
239676625,e4e0dd05-374b-455d-97ad-9ddbb5971c19,2024-09-03 16:23:50-04:00,2024-09-03,2024-09-03 22:23:50 +0200,Eastern Time (US & Canada),8524262,shriyan,,2024-09-03 22:25:04 +0200,2024-09-03 22:39:46 +0200,research,,https://www.inaturalist.org/observations/239676625,https://static.inaturalist.org/photos/426902487/medium.jpeg,,"","",1,0,false,3,"Georgia Institute of Technology, Atlanta, GA, US",33.7785778875,-84.3999514025,63,,,,63,,open,false,,,pecan,Carya illinoinensis,pecan,Plantae,67593
239874054,df27e0ec-7992-4cc7-98c6-c39e5229d16d,2024-09-04 18:36:05-04:00,2024-09-04,2024-09-05 00:36:05 +0200,Eastern Time (US & Canada),8519018,brandeea,,2024-09-05 00:36:17 +0200,2024-09-05 01:43:24 +0200,needs_id,CC-BY-NC,https://www.inaturalist.org/observations/239874054,https://inaturalist-open-data.s3.amazonaws.com/photos/427297134/medium.jpeg,,"","",0,0,false,3,"Dalton, GA, US",34.8307211299,-84.9970342763,4,,,,4,,open,false,,,"",Carya illinoinensis,pecan,Plantae,67593
239958773,2aee9649-5e02-410e-ac7b-b2c6cc42c5d1,2024-09-05 09:14:53-04:00,2024-09-05,2024-09-05 15:14:53 +0200,Eastern Time (US & Canada),7356362,dameronella,,2024-09-05 15:18:33 +0200,2024-09-05 17:42:44 +0200,research,CC-BY-NC,https://www.inaturalist.org/observations/239958773,https://inaturalist-open-data.s3.amazonaws.com/photos/427447505/medium.jpeg,,"","",1,0,false,3,"Fairview Rd NE, Atlanta, GA, US",33.7722898929,-84.3368520312,5,,,,5,,open,false,,,pecan,Carya illinoinensis,pecan,Plantae,67593
240002133,8daeeb5f-bb18-46fc-aa90-fcb41bada14d,2024-09-05 13:19:06-04:00,2024-09-05,2024-09-05 19:19:06 +0200,Eastern Time (US & Canada),6682641,jferrari444,Jim Ferrari,2024-09-05 20:02:13 +0200,2024-09-05 20:02:40 +0200,needs_id,CC-BY-NC,https://www.inaturalist.org/observations/240002133,https://inaturalist-open-data.s3.amazonaws.com/photos/427529565/medium.jpeg,,"","Seedling pecan showing pinnately compound, alternate leaves.",0,0,false,3,"Wesleyan College, Macon, GA, US",32.8735966667,-83.7143383333,6,,,,6,,open,false,,,"",Carya illinoinensis,pecan,Plantae,67593
240618986,b3ee6e18-e84a-4e1a-b280-b5ebfa04c9b2,2024-09-06 08:19:13,2024-09-06,2024-09-06 14:19:13 +0200,Eastern Time (US & Canada),8450860,akankipati,Anila,2024-09-08 22:07:21 +0200,2024-09-08 23:01:53 +0200,research,,https://www.inaturalist.org/observations/240618986,https://static.inaturalist.org/photos/428709567/medium.jpeg,,"",,1,0,false,2,"Summerville, Augusta, GA 30904, USA",33.4768118738,-82.0232592523,7,,,,7,,open,false,gps,gps,pecan,Carya illinoinensis,pecan,Plantae,67593
240736321,dbc0eae3-584f-4037-b445-b0aa33c43530,2024-09-09 07:47:53,2024-09-09,2024-09-09 13:47:53 +0200,Eastern Time (US & Canada),1274270,notyetvegan,,2024-09-09 13:49:39 +0200,2024-09-09 18:24:41 +0200,research,CC-BY-NC,https://www.inaturalist.org/observations/240736321,https://inaturalist-open-data.s3.amazonaws.com/photos/428944023/medium.jpeg,,"",,1,0,false,2,"Duluth, GA, USA",34.0028709068,-84.1446374729,5719,,,,5719,,open,false,gps,gps,pecan,Carya illinoinensis,pecan,Plantae,67593
240756414,0da8b19c-1e3a-4cf2-91e0-7abab201c689,2024-09-09 09:03:54,2024-09-09,2024-09-09 15:03:54 +0200,Eastern Time (US & Canada),7243634,dmg3,David Maya,2024-09-09 16:21:21 +0200,2024-09-12 17:21:13 +0200,research,,https://www.inaturalist.org/observations/240756414,https://static.inaturalist.org/photos/428983266/medium.jpeg,,"",,2,0,false,2,"Mableton, GA 30126, USA",33.7994308333,-84.5389022778,,,,,,,open,false,gps,gps,pecan,Carya illinoinensis,pecan,Plantae,67593
241107404,b6a3edfc-e68c-48da-8305-3a5d3f1a7c68,2024-09-10 18:43:27-04:00,2024-09-10,2024-09-11 00:43:27 +0200,Eastern Time (US & Canada),5801243,girlnature1,,2024-09-11 16:25:16 +0200,2024-09-11 20:24:00 +0200,research,CC-BY-NC,https://www.inaturalist.org/observations/241107404,https://inaturalist-open-data.s3.amazonaws.com/photos/429664246/medium.jpeg,,"","",1,0,false,3,"W Elm St, Wrightsville, GA, US",32.72733,-82.7296833333,4,,,,4,,open,false,,,pecan,Carya illinoinensis,pecan,Plantae,67593
241366211,6b0914a5-b905-4efd-ab9c-646c75b262a6,2024-09-12 18:33:54-04:00,2024-09-12,2024-09-13 00:33:54 +0200,Eastern Time (US & Canada),6982582,gritarena1979,Lauren Michelle Anderson,2024-09-13 00:34:49 +0200,2024-09-13 00:35:12 +0200,needs_id,CC-BY-NC,https://www.inaturalist.org/observations/241366211,https://inaturalist-open-data.s3.amazonaws.com/photos/430158371/medium.jpeg,,"","",0,0,false,3,"Academy Dr SW, Calhoun, GA, US",34.4635716667,-85.0244305,9,,,,9,,open,false,,,"",Carya illinoinensis,pecan,Plantae,67593
242356863,ee5b6938-031d-4dc2-b010-559e408457df,2024-09-07 08:37:50,2024-09-07,2024-09-07 14:37:50 +0200,Eastern Time (US & Canada),2905191,e-a,"",2024-09-17 22:19:47 +0200,2024-09-17 22:20:30 +0200,needs_id,CC-BY-NC,https://www.inaturalist.org/observations/242356863,https://inaturalist-open-data.s3.amazonaws.com/photos/432064122/medium.jpeg,,"",,0,0,false,2,"Georgia, US",32.7953072522,-84.7762638813,53,,,,29066,obscured,open,true,gps,gps,pecan,Carya illinoinensis,pecan,Plantae,67593
242357085,51573b73-8652-4490-909e-7d402b4b4784,2024/07/23 10:14 AM,2024-07-23,2024-07-23 16:14:00 +0200,Eastern Time (US & Canada),4014802,nonbinary-naturalist,Nonbinary-Naturalist,2024-09-17 22:21:17 +0200,2024-09-22 22:02:30 +0200,research,CC0,https://www.inaturalist.org/observations/242357085,https://inaturalist-open-data.s3.amazonaws.com/photos/432062427/medium.jpeg,,"","",2,0,false,,"101 Fort Pulaski Rd, Savannah, GA, USA",32.0271085,-80.8904933,188,,,,188,,open,false,,,pecan,Carya illinoinensis,pecan,Plantae,67593
242609626,9403b943-539a-4707-9fe9-e2ebdefdc841,2024-09-17 14:46:47-04:00,2024-09-17,2024-09-17 20:46:47 +0200,Eastern Time (US & Canada),5178080,ejcruz,EJ Cruz,2024-09-19 05:00:16 +0200,2024-09-19 15:45:35 +0200,research,,https://www.inaturalist.org/observations/242609626,https://static.inaturalist.org/photos/432521331/medium.jpeg,,"","",1,0,false,3,"Georgia, US",31.3279347958,-81.3163066445,6,,,,29252,obscured,open,true,,,pecan,Carya illinoinensis,pecan,Plantae,67593
242742653,2f12deab-7966-4a57-b91f-188139313a57,2024-09-19 16:20:28,2024-09-19,2024-09-19 22:20:28 +0200,Eastern Time (US & Canada),7262428,sandhillcat,Cathy Minor,2024-09-19 22:24:43 +0200,2024-09-21 18:43:26 +0200,needs_id,CC-BY-NC,https://www.inaturalist.org/observations/242742653,https://inaturalist-open-data.s3.amazonaws.com/photos/432765923/medium.jpeg,,"",Walnut or pecan?,0,0,false,2,"Evans, GA 30809, USA",33.54636,-82.1353933333,5,,,,5,,open,false,,,pecan,Carya illinoinensis,pecan,Plantae,67593
243183712,d3021f8d-fd7f-48d9-9b54-eb1c206fabca,2024-09-21 13:51:31,2024-09-21,2024-09-21 19:51:31 +0200,Eastern Time (US & Canada),4014802,nonbinary-naturalist,Nonbinary-Naturalist,2024-09-21 23:01:35 +0200,2024-09-21 23:01:56 +0200,needs_id,CC0,https://www.inaturalist.org/observations/243183712,https://inaturalist-open-data.s3.amazonaws.com/photos/433598672/medium.jpeg,,"",,0,0,false,2,"Windsor Forest, Savannah, GA, USA",31.9791643829,-81.1649815366,36,,,,36,,open,false,gps,gps,pecan,Carya illinoinensis,pecan,Plantae,67593
244754676,d9e76b9b-464f-4194-8b78-62ae56db4269,2024-09-29 14:46:44,2024-09-29,2024-09-29 20:46:44 +0200,Eastern Time (US & Canada),5268402,piedmontgrowing,"",2024-09-29 20:48:32 +0200,2025-09-15 15:53:32 +0200,needs_id,CC-BY-NC,https://www.inaturalist.org/observations/244754676,https://inaturalist-open-data.s3.amazonaws.com/photos/436634164/medium.jpeg,,"","",0,0,false,2,"Toco Hills, North Druid Hills, GA, USA",33.8165220354,-84.3078247458,5,,,,5,,open,false,gps,gps,pecan,Carya illinoinensis,pecan,Plantae,67593
244989030,a28ffb95-fbd8-4a17-bb2a-90b8dbf0094d,2024/09/30 5:38 PM,2024-09-30,2024-09-30 23:38:00 +0200,Eastern Time (US & Canada),4014802,nonbinary-naturalist,Nonbinary-Naturalist,2024-10-01 01:38:40 +0200,2024-10-01 01:38:40 +0200,needs_id,CC0,https://www.inaturalist.org/observations/244989030,https://inaturalist-open-data.s3.amazonaws.com/photos/437090154/medium.jpeg,,"","",0,0,false,,"Windsor Forest, Savannah, GA, USA",31.9736710207,-81.15820897,117,,,,117,,open,false,,,Pecan,Carya illinoinensis,pecan,Plantae,67593
245948734,3c2a67d0-efe1-42fe-9e3a-690817ae8ffc,2024-10-06 10:02:32,2024-10-06,2024-10-06 16:02:32 +0200,Eastern Time (US & Canada),7143052,mollyembree,Molly Embree,2024-10-06 16:03:12 +0200,2024-10-06 17:05:23 +0200,needs_id,,https://www.inaturalist.org/observations/245948734,https://static.inaturalist.org/photos/438977095/medium.jpeg,,"",,0,0,false,2,"Rutledge, GA 30663, USA",33.680385,-83.57593,8,,,,8,,open,false,,,,Carya illinoinensis,pecan,Plantae,67593
246013292,4411652a-f528-4ab1-8fdc-3fdf51793203,2024/10/06 11:16 AM,2024-10-06,2024-10-06 17:16:00 +0200,Eastern Time (US & Canada),4014802,nonbinary-naturalist,Nonbinary-Naturalist,2024-10-06 21:34:10 +0200,2024-10-06 21:34:10 +0200,needs_id,CC0,https://www.inaturalist.org/observations/246013292,https://inaturalist-open-data.s3.amazonaws.com/photos/439083634/medium.jpg,,"",apparently I've been pronouncing it wrong this whole time.,0,0,false,,"Richmond Hill, GA 31324, USA",31.9458555556,-81.3081805556,,,,,,,open,false,,,Pecan,Carya illinoinensis,pecan,Plantae,67593
246013293,fdd90e0a-500a-48be-8ca1-2e2c673c810d,2024/10/06 11:16 AM,2024-10-06,2024-10-06 17:16:00 +0200,Eastern Time (US & Canada),4014802,nonbinary-naturalist,Nonbinary-Naturalist,2024-10-06 21:34:10 +0200,2024-10-06 21:34:10 +0200,needs_id,CC0,https://www.inaturalist.org/observations/246013293,https://inaturalist-open-data.s3.amazonaws.com/photos/439083682/medium.jpg,,"",,0,0,false,,"Richmond Hill, GA 31324, USA",31.9468722222,-81.3078194444,,,,,,,open,false,,,Pecan,Carya illinoinensis,pecan,Plantae,67593
246013299,d4126348-6fd7-46ae-a228-4fc94cb26f6a,2024/10/06 11:14 AM,2024-10-06,2024-10-06 17:14:00 +0200,Eastern Time (US & Canada),4014802,nonbinary-naturalist,Nonbinary-Naturalist,2024-10-06 21:34:12 +0200,2024-10-06 21:34:12 +0200,needs_id,CC0,https://www.inaturalist.org/observations/246013299,https://inaturalist-open-data.s3.amazonaws.com/photos/439083769/medium.jpg,,"",,0,0,false,,"Richmond Hill, GA 31324, USA",31.946575,-81.3076111111,,,,,,,open,false,,,Pecan,Carya illinoinensis,pecan,Plantae,67593
246013305,7d01d915-aefc-4861-adf9-b7adb4debb15,2024/10/06 11:12 AM,2024-10-06,2024-10-06 17:12:00 +0200,Eastern Time (US & Canada),4014802,nonbinary-naturalist,Nonbinary-Naturalist,2024-10-06 21:34:15 +0200,2024-10-06 21:34:15 +0200,needs_id,CC0,https://www.inaturalist.org/observations/246013305,https://inaturalist-open-data.s3.amazonaws.com/photos/439084038/medium.jpg,,"",,0,0,false,,"Richmond Hill, GA 31324, USA",31.9456416667,-81.3058888889,,,,,,,open,false,,,Pecan,Carya illinoinensis,pecan,Plantae,67593
246013629,694b2f84-94d7-4d57-a7eb-e454bf7cdd78,2024/10/06 10:15 AM,2024-10-06,2024-10-06 16:15:00 +0200,Eastern Time (US & Canada),4014802,nonbinary-naturalist,Nonbinary-Naturalist,2024-10-06 21:35:23 +0200,2024-10-06 21:35:23 +0200,needs_id,CC0,https://www.inaturalist.org/observations/246013629,https://inaturalist-open-data.s3.amazonaws.com/photos/439087432/medium.jpg,,"",,0,0,false,,"Richmond Hill, GA 31324, USA",31.9470333333,-81.3025388889,,,,,,,open,false,,,Pecan,Carya illinoinensis,pecan,Plantae,67593
246013693,2232c17c-d022-47e3-82c6-f7ea7308c7ec,2024/10/06 10:00 AM,2024-10-06,2024-10-06 16:00:00 +0200,Eastern Time (US & Canada),4014802,nonbinary-naturalist,Nonbinary-Naturalist,2024-10-06 21:35:43 +0200,2024-10-06 21:35:43 +0200,needs_id,CC0,https://www.inaturalist.org/observations/246013693,https://inaturalist-open-data.s3.amazonaws.com/photos/439088207/medium.jpg,,"",,0,0,false,,"Richmond Hill, GA 31324, USA",31.9481194444,-81.301775,,,,,,,open,false,,,Pecan,Carya illinoinensis,pecan,Plantae,67593
247151686,4de9c284-0d7f-447b-8808-11111cac331a,2024-10-13 13:16:45-04:00,2024-10-13,2024-10-13 19:16:45 +0200,Eastern Time (US & Canada),5847504,woodthrush123,,2024-10-13 19:17:16 +0200,2025-04-05 19:28:29 +0200,research,CC-BY-NC,https://www.inaturalist.org/observations/247151686,https://inaturalist-open-data.s3.amazonaws.com/photos/441355673/medium.jpeg,,"","",1,0,false,3,"Rock Eagle Rd, Monticello, GA, US",33.3091671843,-83.6761088794,56,,,,56,,open,false,,,pecan,Carya illinoinensis,pecan,Plantae,67593
247325420,e82ccbac-c18e-42b9-8e84-f1324b73b890,2024-10-14 11:53:53-04:00,2024-10-14,2024-10-14 17:53:53 +0200,Eastern Time (US & Canada),2177711,stephenwojcik,Stephen Wojcik,2024-10-14 17:54:49 +0200,2024-10-14 18:48:10 +0200,research,,https://www.inaturalist.org/observations/247325420,https://static.inaturalist.org/photos/441719147/medium.jpeg,,"","",1,0,false,3,"Los Angeles Ave NE, Atlanta, GA, US",33.783805,-84.3586666667,4,,,,4,,open,false,,,pecan,Carya illinoinensis,pecan,Plantae,67593
247478384,fbc05f72-5435-4e7e-a7d6-388c44dece00,2024-10-15 10:44:11-04:00,2024-10-15,2024-10-15 16:44:11 +0200,Eastern Time (US & Canada),8644928,hattie28579,Hattie Huszagh,2024-10-15 16:45:11 +0200,2024-10-15 16:45:32 +0200,needs_id,,https://www.inaturalist.org/observations/247478384,https://static.inaturalist.org/photos/442008674/medium.jpeg,,"","",0,0,false,3,"Mathews Park, Monroe, GA, US",33.8171886849,-83.7012608352,4,,,,4,,open,false,,,"",Carya illinoinensis,pecan,Plantae,67593
247816532,97a3dfdf-0983-45fe-a1eb-36128780d6c3,2024-10-09 14:59:09-04:00,2024-10-09,2024-10-09 20:59:09 +0200,Eastern Time (US & Canada),8578839,ariadnaalejandro,,2024-10-17 22:38:36 +0200,2024-10-17 22:38:44 +0200,needs_id,CC-BY-NC,https://www.inaturalist.org/observations/247816532,https://inaturalist-open-data.s3.amazonaws.com/photos/442679247/medium.jpeg,,"","",0,0,false,3,"US-82 W, Sumner, GA, US",31.4988383333,-83.713075,2,,,,2,,open,false,,,"",Carya illinoinensis,pecan,Plantae,67593
248177995,2cd7272f-d80f-41ca-aa88-dfec8336f73e,2024-09-18 11:02:42-04:00,2024-09-18,2024-09-18 17:02:42 +0200,Eastern Time (US & Canada),4805603,bobbi54,Bobbi L. Coleman,2024-10-20 02:51:34 +0200,2025-03-09 01:52:29 +0100,needs_id,,https://www.inaturalist.org/observations/248177995,https://static.inaturalist.org/photos/443387091/medium.jpeg,,"","",0,0,false,3,"Georgia Veterans State Park, Cordele, GA, US",31.9508216667,-83.9089083333,5,,,,5,,open,false,,,"",Carya illinoinensis,pecan,Plantae,67593
248999662,60147e54-dcfa-4968-8a1a-0f5a5af8c8ed,2024-10-23 15:44:00-04:00,2024-10-23,2024-10-23 21:44:00 +0200,Eastern Time (US & Canada),7251704,mossielf,Betsy Furbish,2024-10-25 11:57:43 +0200,2025-04-07 13:10:38 +0200,research,CC-BY-NC,https://www.inaturalist.org/observations/248999662,https://inaturalist-open-data.s3.amazonaws.com/photos/445026266/medium.jpeg,,"","",1,0,false,3,"Buford Hwy NE, Brookhaven, GA, US",33.8389666667,-84.3292383333,6,,,,6,,open,false,,,pecan,Carya illinoinensis,pecan,Plantae,67593
249237027,1cbbb7a7-f7c5-4068-ab36-f9aba182f92d,2024-10-26 11:36:25,2024-10-26,2024-10-26 17:36:25 +0200,Eastern Time (US & Canada),5288008,verticallychallengedalligator,,2024-10-27 00:54:07 +0200,2024-10-27 18:58:52 +0100,research,CC-BY-NC,https://www.inaturalist.org/observations/249237027,https://inaturalist-open-data.s3.amazonaws.com/photos/445492307/medium.jpeg,,"",,1,0,false,2,"Humanities Hall, Oxford, GA 30054, USA",33.6194166667,-83.870225,,,,,,,open,false,gps,gps,pecan,Carya illinoinensis,pecan,Plantae,67593
250010735,812b97be-2ad3-45da-8752-e803a2cb5fcd,2024-11-01 10:58:57,2024-11-01,2024-11-01 15:58:57 +0100,Eastern Time (US & Canada),5268402,piedmontgrowing,"",2024-11-01 16:00:43 +0100,2024-11-01 16:10:20 +0100,needs_id,CC-BY-NC,https://www.inaturalist.org/observations/250010735,https://inaturalist-open-data.s3.amazonaws.com/photos/447033956/medium.jpeg,,"",,0,0,false,2,"North Decatur, GA, USA",33.8071388889,-84.2831527778,,,,,,,open,false,gps,gps,pecan,Carya illinoinensis,pecan,Plantae,67593
250584739,badf6ac1-4715-4790-a863-d487976010c0,2024-11-05 12:57:34-05:00,2024-11-05,2024-11-05 18:57:34 +0100,Eastern Time (US & Canada),5616225,elipyeweed,Eli Taylor,2024-11-05 19:01:49 +0100,2024-11-05 19:02:11 +0100,needs_id,,https://www.inaturalist.org/observations/250584739,https://static.inaturalist.org/photos/448193589/medium.jpeg,,"","",0,0,false,3,"S Barton St, Norcross, GA, US",33.9448890489,-84.2168095776,9,,,,9,,open,false,,,"",Carya illinoinensis,pecan,Plantae,67593
251779235,39f60e89-390e-48cf-b57b-0a6be100f6e8,2024-11-15 10:45:20,2024-11-15,2024-11-15 16:45:20 +0100,Eastern Time (US & Canada),4994172,scrub_kreature,Nick O'Daniel,2024-11-15 16:48:13 +0100,2025-04-11 23:55:06 +0200,research,CC-BY-NC,https://www.inaturalist.org/observations/251779235,https://inaturalist-open-data.s3.amazonaws.com/photos/450577990/medium.jpeg,,"",,1,0,false,2,"Old Fourth Ward, Atlanta, GA, USA",33.76798063,-84.38047265,8,,,,8,,open,false,,,pecan,Carya illinoinensis,pecan,Plantae,67593
251945396,1ef4cddf-c9ed-4340-ac0b-d19cf89439f3,2024-11-16 13:56:46-05:00,2024-11-16,2024-11-16 19:56:46 +0100,Eastern Time (US & Canada),747194,sunasak,Sue Ann Kendall,2024-11-17 00:06:34 +0100,2025-04-12 04:01:51 +0200,research,CC-BY,https://www.inaturalist.org/observations/251945396,https://inaturalist-open-data.s3.amazonaws.com/photos/450908057/medium.jpeg,,"","",1,0,false,3,"Martin Luther King Jr Dr, Eastman, GA, US",32.1932866667,-83.1760033333,4,,,,4,,open,false,,,pecan,Carya illinoinensis,pecan,Plantae,67593
252080070,8debb77f-be9c-4248-af16-cd9519c4c00a,2024-11-17 16:46:14,2024-11-17,2024-11-17 22:46:14 +0100,Eastern Time (US & Canada),2843197,donschanche,,2024-11-17 23:27:32 +0100,2025-04-12 07:09:42 +0200,research,,https://www.inaturalist.org/observations/252080070,https://static.inaturalist.org/photos/451178085/medium.jpeg,,"",,1,0,false,2,"Stockbridge, GA 30281, USA",33.5807077225,-84.1713536158,210,,,,210,,open,false,gps,gps,pecan,Carya illinoinensis,pecan,Plantae,67593
252080127,02290be9-e4cb-45cf-90c7-482429e3064e,2024-11-17 16:46:12,2024-11-17,2024-11-17 22:46:12 +0100,Eastern Time (US & Canada),2843197,donschanche,,2024-11-17 23:28:20 +0100,2025-04-12 07:09:44 +0200,research,,https://www.inaturalist.org/observations/252080127,https://static.inaturalist.org/photos/451178310/medium.jpeg,,"",,1,0,false,2,"Stockbridge, GA 30281, USA",33.5807077225,-84.1713536158,210,,,,210,,open,false,gps,gps,pecan,Carya illinoinensis,pecan,Plantae,67593
252080399,6579cf29-98d3-41ed-9416-18a732033f6e,2024-11-17 16:45:58,2024-11-17,2024-11-17 22:45:58 +0100,Eastern Time (US & Canada),2843197,donschanche,,2024-11-17 23:30:55 +0100,2025-04-12 07:09:56 +0200,research,,https://www.inaturalist.org/observations/252080399,https://static.inaturalist.org/photos/451179016/medium.jpeg,,"",,1,0,false,2,"Stockbridge, GA 30281, USA",33.5807077225,-84.1713536158,210,,,,210,,open,false,gps,gps,pecan,Carya illinoinensis,pecan,Plantae,67593
252151144,cc6e05bf-97fb-4d0f-9065-1c85f3fcb9cc,2024-11-16 14:04:57-05:00,2024-11-16,2024-11-16 20:04:57 +0100,Eastern Time (US & Canada),1520920,conor22,Conor,2024-11-18 14:28:00 +0100,2025-04-12 08:34:12 +0200,research,,https://www.inaturalist.org/observations/252151144,https://static.inaturalist.org/photos/451325447/medium.jpeg,,"","",1,0,false,3,"Tallahassee Hwy, Climax, GA, US",30.8152916667,-84.5116116667,8,,,,8,,open,false,,,pecan,Carya illinoinensis,pecan,Plantae,67593
252728006,1b62a1d6-4b74-4263-8e2e-01a47e0d88b9,2024-11-23 10:55:34,2024-11-23,2024-11-23 16:55:34 +0100,Eastern Time (US & Canada),1014806,adamseroka,Adam Seroka,2024-11-23 16:57:29 +0100,2024-11-23 16:57:49 +0100,needs_id,,https://www.inaturalist.org/observations/252728006,https://static.inaturalist.org/photos/452455886/medium.jpeg,,"",,0,0,false,2,"Beach Institute, Savannah, GA 31401, USA",32.0717388889,-81.088275,,,,,,,open,false,gps,gps,pecan,Carya illinoinensis,pecan,Plantae,67593
252992652,23daaa96-7a50-4489-bd66-89fb6a57b9ff,2024/11/24 11:18 AM,2024-11-24,2024-11-24 17:18:00 +0100,Eastern Time (US & Canada),912605,kodiakgarden,Dan Vickers,2024-11-25 03:59:27 +0100,2025-04-13 02:13:11 +0200,research,CC0,https://www.inaturalist.org/observations/252992652,https://inaturalist-open-data.s3.amazonaws.com/photos/452924597/medium.jpg,,"",,1,0,false,,"Lullwater Preserve, 1463 Clifton Rd N E, Decatur, GA 30033, USA",33.8009677,-84.3143671,436,,,,436,,open,false,,,pecan,Carya illinoinensis,pecan,Plantae,67593
253175399,3bc01d48-f421-4272-92c7-80a11500c5d9,2024-11-26 10:43:10-05:00,2024-11-26,2024-11-26 16:43:10 +0100,Eastern Time (US & Canada),2221964,johndhess,,2024-11-26 16:43:38 +0100,2025-04-13 05:49:50 +0200,research,CC-BY-NC,https://www.inaturalist.org/observations/253175399,https://inaturalist-open-data.s3.amazonaws.com/photos/453275999/medium.jpeg,,"","",1,0,false,3,"Roswell Area Park, Roswell, GA, US",34.0379085252,-84.3634336443,7,,,,7,,open,false,,,pecan,Carya illinoinensis,pecan,Plantae,67593
253425675,867a65b6-6fdb-4a6e-b246-e6d02c038be6,2024-11-28 13:29:40-05:00,2024-11-28,2024-11-28 19:29:40 +0100,Eastern Time (US & Canada),3486320,critterbliss,Sarah Krementz,2024-11-28 19:53:14 +0100,2024-11-28 19:53:35 +0100,needs_id,CC-BY-NC,https://www.inaturalist.org/observations/253425675,https://inaturalist-open-data.s3.amazonaws.com/photos/453765710/medium.jpeg,,"","",0,0,false,3,"Norton Dr, Augusta, GA, US",33.4220416667,-82.0339583333,6,,,,6,,open,false,,,"",Carya illinoinensis,pecan,Plantae,67593
259612251,1806b195-1a73-4955-a1de-3bc76e3b07f0,2011/09/28 4:41 PM,2011-09-28,2011-09-28 22:41:00 +0200,Eastern Time (US & Canada),24916,gizzardscout,"",2025-01-26 06:34:29 +0100,2025-01-26 06:34:29 +0100,needs_id,CC-BY-NC,https://www.inaturalist.org/observations/259612251,https://inaturalist-open-data.s3.amazonaws.com/photos/466064394/medium.jpeg,,"",,0,0,false,,"Georgia, US",31.8117002111,-82.2675339677,60,,,,29173,obscured,open,true,,,Carya illinoinensis,Carya illinoinensis,pecan,Plantae,67593
260017245,70e9e34e-3274-4f11-a725-4b07992a9b68,2024/10/19 5:00 PM,2024-10-19,2024-10-19 23:00:00 +0200,Eastern Time (US & Canada),4014802,nonbinary-naturalist,Nonbinary-Naturalist,2025-01-30 02:06:32 +0100,2025-02-11 18:37:05 +0100,needs_id,CC0,https://www.inaturalist.org/observations/260017245,https://inaturalist-open-data.s3.amazonaws.com/photos/466863884/medium.jpg,,"",,0,0,false,,"Richmond Hill, GA, USA",31.9474277778,-81.3017361111,,,,,,,open,false,,,Pecan,Carya illinoinensis,pecan,Plantae,67593
261113826,ca185314-4386-46af-a653-1250fb640fdc,2025-02-08 13:25:49-05:00,2025-02-08,2025-02-08 19:25:49 +0100,Eastern Time (US & Canada),1598005,justinspencer,Justin Spencer,2025-02-09 13:38:04 +0100,2025-03-18 15:34:56 +0100,research,,https://www.inaturalist.org/observations/261113826,https://static.inaturalist.org/photos/469043046/medium.jpg,,"","",2,0,false,3,"Henderson St, LaFayette, GA, US",34.7060866667,-85.288475,18,,,,18,,open,false,,,pecan,Carya illinoinensis,pecan,Plantae,67593
264333081,d1e2ea27-633d-42d1-a64b-5c4eecbf9b3d,2025-03-04 22:22:54-05:00,2025-03-04,2025-03-05 04:22:54 +0100,Eastern Time (US & Canada),1548745,vhayes,Valerie Hayes,2025-03-07 17:55:21 +0100,2025-03-07 17:55:39 +0100,needs_id,CC-BY-NC,https://www.inaturalist.org/observations/264333081,https://inaturalist-open-data.s3.amazonaws.com/photos/474774427/medium.jpg,,"",Found on Piney Woods Church road. ,0,0,false,3,"Piney Woods Church Rd, Chattahoochee Hills, GA, US",33.5351551736,-84.7356669283,76,,,,76,,open,false,,,"",Carya illinoinensis,pecan,Plantae,67593
267221504,ffd8c49f-3846-4c89-b6b4-02da4397875b,2025/03/23 2:17 PM,2025-03-23,2025-03-23 19:17:00 +0100,Eastern Time (US & Canada),216168,psweet,"",2025-03-27 18:17:43 +0100,2025-03-27 18:17:43 +0100,needs_id,CC-BY-NC,https://www.inaturalist.org/observations/267221504,https://inaturalist-open-data.s3.amazonaws.com/photos/480193470/medium.jpeg,,"","",0,0,false,,"Rocky Face Ridge Park, Whitfield County, GA, USA",34.8285166667,-85.0006527778,5,,,,5,,open,false,,,Pecan,Carya illinoinensis,pecan,Plantae,67593
268598545,808db6d6-3c8f-4b32-b272-02e417a895df,2025-04-03 15:14:20,2025-04-03,2025-04-03 21:14:20 +0200,Eastern Time (US & Canada),4994172,scrub_kreature,Nick O'Daniel,2025-04-04 21:19:54 +0200,2025-04-04 21:31:08 +0200,research,CC-BY-NC,https://www.inaturalist.org/observations/268598545,https://inaturalist-open-data.s3.amazonaws.com/photos/482823763/medium.jpeg,,"",,1,0,false,2,"Old Fourth Ward, Atlanta, GA, USA",33.7685753,-84.3808339997,,,,,,,open,false,gps,gps,pecan,Carya illinoinensis,pecan,Plantae,67593
270320197,c0a4589b-9648-4aa5-af79-db1e93e407b1,2025-04-12 19:54:00-04:00,2025-04-12,2025-04-13 01:54:00 +0200,Eastern Time (US & Canada),9035880,seannammcarthy,,2025-04-14 01:55:06 +0200,2025-04-14 01:55:47 +0200,needs_id,CC-BY-NC,https://www.inaturalist.org/observations/270320197,https://inaturalist-open-data.s3.amazonaws.com/photos/486133929/medium.jpg,,"","",0,0,false,3,"G W Wilson Rd, Nicholson, GA, US",34.1227622021,-83.4061177443,4,,,,4,,open,false,,,"",Carya illinoinensis,pecan,Plantae,67593
270404316,81c5e0e0-3c54-45ce-b593-ba922675ca57,2025-04-14 07:25:47-04:00,2025-04-14,2025-04-14 13:25:47 +0200,Eastern Time (US & Canada),9035865,msmith3,,2025-04-14 13:25:56 +0200,2025-04-14 13:26:02 +0200,needs_id,CC-BY-NC,https://www.inaturalist.org/observations/270404316,https://inaturalist-open-data.s3.amazonaws.com/photos/486298772/medium.jpg,,"","",0,0,false,3,"Sanford Rd, Nicholson, GA, US",34.1132482175,-83.412387843,4,,,,4,,open,false,,,"",Carya illinoinensis,pecan,Plantae,67593
270638510,c3a0109a-cb29-44e8-b879-6bdb3de7cc02,2025-04-15 10:02:40-04:00,2025-04-15,2025-04-15 16:02:40 +0200,Eastern Time (US & Canada),8994491,presleycraft,,2025-04-15 17:21:00 +0200,2026-06-01 21:30:17 +0200,needs_id,CC-BY-NC,https://www.inaturalist.org/observations/270638510,https://inaturalist-open-data.s3.amazonaws.com/photos/486821679/medium.jpg,,"",13A,0,0,false,3,"S Edgewood Dr, Statesboro, GA, US",32.42433,-81.7610033333,8,,,,8,,open,false,,,"",Carya illinoinensis,pecan,Plantae,67593
270681782,e8a14824-f780-4192-96ce-b0d55ee8da6b,2025-04-15 10:02:46-04:00,2025-04-15,2025-04-15 16:02:46 +0200,Eastern Time (US & Canada),8994491,presleycraft,,2025-04-15 21:14:18 +0200,2025-06-12 20:59:07 +0200,needs_id,CC-BY-NC,https://www.inaturalist.org/observations/270681782,https://inaturalist-open-data.s3.amazonaws.com/photos/486823295/medium.jpg,,"","",0,0,false,3,"S Edgewood Dr, Statesboro, GA, US",32.424355,-81.760925,4,,,,4,,open,false,,,"",Carya illinoinensis,pecan,Plantae,67593
270842519,a1f11217-e3b7-44ba-a2d0-bb16212490c1,2025-04-16 12:20:32,2025-04-16,2025-04-16 18:20:32 +0200,Eastern Time (US & Canada),6229762,armadillokid,Mei Keller,2025-04-16 18:22:40 +0200,2025-04-16 18:37:29 +0200,research,CC-BY-NC,https://www.inaturalist.org/observations/270842519,https://inaturalist-open-data.s3.amazonaws.com/photos/487131977/medium.jpeg,,"",,1,0,false,2,"Belvedere Park, GA, USA",33.7480444444,-84.2734416667,,,,,,,open,false,gps,gps,pecan,Carya illinoinensis,pecan,Plantae,67593
271547138,e5b9970d-5c20-4599-b3ec-b2ce6fb94447,2025-04-19 11:25:34,2025-04-19,2025-04-19 17:25:34 +0200,Eastern Time (US & Canada),587069,oncidium_fan,"",2025-04-19 23:16:28 +0200,2025-11-05 14:47:14 +0100,needs_id,CC-BY-NC,https://www.inaturalist.org/observations/271547138,https://inaturalist-open-data.s3.amazonaws.com/photos/488459255/medium.jpg,,"",,0,0,false,843,"Forrest Rd, Lone Oak, GA, US",33.17075,-84.8160033333,6,,,,6,,open,false,,,,Carya illinoinensis,pecan,Plantae,67593
271805136,c7223e2c-f817-4c69-b501-e22aae9b3465,Sun Apr 20 2025 16:59:37 GMT -0400 (EDT),2025-04-20,2025-04-20 22:59:37 +0200,Eastern Time (US & Canada),7946124,cabin2coast,cabin2coast,2025-04-20 23:00:15 +0200,2025-04-20 23:00:23 +0200,needs_id,,https://www.inaturalist.org/observations/271805136,https://static.inaturalist.org/photos/488948198/medium.jpeg,,"",,0,0,false,333,Marietta,33.9526557922,-84.6625595093,10,,,,10,,open,false,,,,Carya illinoinensis,pecan,Plantae,67593
272096052,7337b5d6-75ce-416a-a4e4-d84028bfbaed,2025/04/13 5:43 PM,2025-04-13,2025-04-13 23:43:00 +0200,Eastern Time (US & Canada),764155,whatch11,Wes Hatch,2025-04-22 02:24:17 +0200,2025-04-22 02:24:17 +0200,needs_id,,https://www.inaturalist.org/observations/272096052,https://static.inaturalist.org/photos/489498316/medium.jpeg,,"",,0,0,false,,"Dougherty County, GA, USA",31.5644342494,-84.3674551637,8,,,,8,,open,false,,,Pecan,Carya illinoinensis,pecan,Plantae,67593
273094035,1fd10b20-ff17-4e82-9619-60479f4a454e,2025-04-25 09:51:17-04:00,2025-04-25,2025-04-25 15:51:17 +0200,Eastern Time (US & Canada),247924,fmmonk,Francis Stiteler,2025-04-25 15:51:51 +0200,2025-04-27 20:43:03 +0200,research,CC-BY-NC,https://www.inaturalist.org/observations/273094035,https://inaturalist-open-data.s3.amazonaws.com/photos/491251708/medium.jpg,,"","",1,0,false,3,"Havenwood Dr, Conyers, GA, US",33.5778184472,-84.0600663597,3,,,,3,,open,false,,,pecan,Carya illinoinensis,pecan,Plantae,67593
273349539,8f055c1e-4c82-44bd-ba67-0ee2d8e38df8,2025-04-25 16:27:27,2025-04-25,2025-04-25 22:27:27 +0200,Eastern Time (US & Canada),8881661,mpineav,Michael Paul,2025-04-25 22:27:41 +0200,2025-04-26 00:18:04 +0200,research,,https://www.inaturalist.org/observations/273349539,https://static.inaturalist.org/photos/491646942/medium.jpeg,,"",,2,0,false,2,"East Atlanta, Atlanta, GA 30316, USA",33.7364413,-84.3394581,61,,,,61,,open,false,,,pecan,Carya illinoinensis,pecan,Plantae,67593
273463999,65e499b6-491d-41a5-8551-466cb37193f0,2025-04-25 19:52:07,2025-04-25,2025-04-26 01:52:07 +0200,Eastern Time (US & Canada),5908576,zaxb,Zac Borreson,2025-04-26 02:01:29 +0200,2025-04-26 02:01:34 +0200,needs_id,,https://www.inaturalist.org/observations/273463999,https://static.inaturalist.org/photos/491834283/medium.jpeg,,"",,0,0,false,2,"Perry, GA 31069, USA",32.4768916414,-83.6510520056,14,,,,14,,open,false,gps,gps,pecan,Carya illinoinensis,pecan,Plantae,67593
274071141,baa99c8c-5fa2-4ec8-ba58-24a0d622ee2f,2025-04-26 14:35:11,2025-04-26,2025-04-26 20:35:11 +0200,Eastern Time (US & Canada),5268402,piedmontgrowing,"",2025-04-26 21:26:18 +0200,2025-08-29 01:44:15 +0200,needs_id,CC-BY-NC,https://www.inaturalist.org/observations/274071141,https://inaturalist-open-data.s3.amazonaws.com/photos/492779065/medium.jpeg,,"","",0,0,false,2,"Toco Hills, North Druid Hills, GA, USA",33.8158333333,-84.3077194444,,,,,,,open,false,gps,gps,pecan,Carya illinoinensis,pecan,Plantae,67593
274140315,dcc6fecd-01b5-4162-b332-13217fa8e8a3,2025-04-26 16:24:02,2025-04-26,2025-04-26 22:24:02 +0200,Eastern Time (US & Canada),4699156,tyler_lahti,Tyler Lahti,2025-04-26 23:01:29 +0200,2025-05-11 22:14:04 +0200,needs_id,CC-BY-SA,https://www.inaturalist.org/observations/274140315,https://inaturalist-open-data.s3.amazonaws.com/photos/492889488/medium.jpg,,"",,0,0,false,843,"Hawthorne Ave SE, Smyrna, GA, US",33.890632919,-84.5113619289,4,,,,4,,open,false,,,,Carya illinoinensis,pecan,Plantae,67593
274772587,4cc480ad-c4a2-43c0-84ea-55ebdce54f33,2025-04-27 11:53:14,2025-04-27,2025-04-27 17:53:14 +0200,Eastern Time (US & Canada),8454986,mulberryandmuscadine,Seth Moore,2025-04-27 17:56:44 +0200,2025-05-04 20:27:12 +0200,research,CC-BY-NC,https://www.inaturalist.org/observations/274772587,https://inaturalist-open-data.s3.amazonaws.com/photos/493891860/medium.jpeg,,"",,1,0,false,2,"Cumberland, Atlanta, GA, USA",33.8945153255,-84.4581637907,7,,,,7,,open,false,,,pecan,Carya illinoinensis,pecan,Plantae,67593
274793951,dcab68ae-e070-4c50-9066-458d39efea4e,Sun Apr 27 2025 12:20:41 GMT -0400 (EDT),2025-04-27,2025-04-27 18:20:41 +0200,Eastern Time (US & Canada),8301396,ilovemiffy,,2025-04-27 18:21:06 +0200,2025-05-04 20:26:52 +0200,research,CC-BY-NC,https://www.inaturalist.org/observations/274793951,https://inaturalist-open-data.s3.amazonaws.com/photos/495606408/medium.jpeg,,"",,1,0,false,333,"Georgia, US",33.8567760104,-83.5427131602,17,,,,28902,obscured,open,true,,,pecan,Carya illinoinensis,pecan,Plantae,67593
275259535,fe0deeea-e5e4-4d43-8049-9ca14bed5893,2025-04-27 19:03:55,2025-04-27,2025-04-28 01:03:55 +0200,Eastern Time (US & Canada),8155117,lillita13,Lillita,2025-04-28 03:42:17 +0200,2026-04-23 03:08:52 +0200,research,,https://www.inaturalist.org/observations/275259535,https://static.inaturalist.org/photos/494664467/medium.jpeg,,"",,1,0,false,2,"Georgia, US",33.4822329656,-84.2332836061,182,,,,28957,obscured,open,true,gps,gps,pecan,Carya illinoinensis,pecan,Plantae,67593
275321531,2f869c16-ecf1-437b-9af8-0501fc90639e,2025/04/27 1:50 PM,2025-04-27,2025-04-27 19:50:00 +0200,Eastern Time (US & Canada),587735,robotpie,robotpie,2025-04-28 05:26:59 +0200,2025-05-02 03:32:09 +0200,research,CC-BY-NC,https://www.inaturalist.org/observations/275321531,https://inaturalist-open-data.s3.amazonaws.com/photos/494762330/medium.jpeg,,"","",1,0,false,,"Blue Heron Nature Preserve, Atlanta, Georgia, USA",33.8638620612,-84.3768855444,400,,,,400,,open,false,,,pecan,Carya illinoinensis,pecan,Plantae,67593
275762418,1ad032f7-dfaa-4791-aaa9-9b2233f12736,2025-04-28 11:33:17-04:00,2025-04-28,2025-04-28 17:33:17 +0200,Eastern Time (US & Canada),1951736,danielrohrabaugh,,2025-04-28 17:33:28 +0200,2025-05-04 20:20:58 +0200,research,CC-BY-NC,https://www.inaturalist.org/observations/275762418,https://inaturalist-open-data.s3.amazonaws.com/photos/495412279/medium.jpg,,"","",1,0,false,3,"Alpha Dr, Decatur, GA, US",33.7300145275,-84.2972651418,4,,,,4,,open,false,,,pecan,Carya illinoinensis,pecan,Plantae,67593
275919597,903dc1bf-8712-4f8e-8e98-235e0029a2dd,2025-04-28 14:19:58-04:00,2025-04-28,2025-04-28 20:19:58 +0200,Eastern Time (US & Canada),1372859,rangerjonah,Jonah McDonald,2025-04-28 20:20:16 +0200,2026-01-06 02:18:14 +0100,research,CC0,https://www.inaturalist.org/observations/275919597,https://inaturalist-open-data.s3.amazonaws.com/photos/495638732/medium.jpg,,"","",1,0,false,3,"Stone Mountain Trail, Avondale Estates, GA, US",33.7796141775,-84.2660318134,4,,,,4,,open,false,,,pecan,Carya illinoinensis,pecan,Plantae,67593
276123100,32186b27-8f4a-4223-a143-1abf661f468e,2025-04-28 18:04:36-04:00,2025-04-28,2025-04-29 00:04:36 +0200,Eastern Time (US & Canada),1372859,rangerjonah,Jonah McDonald,2025-04-29 00:04:52 +0200,2026-01-06 02:18:35 +0100,research,CC0,https://www.inaturalist.org/observations/276123100,https://inaturalist-open-data.s3.amazonaws.com/photos/495947281/medium.jpg,,"","",1,0,false,3,"Elbert St SW, Atlanta, GA, US",33.7280850557,-84.4094240168,19,,,,19,,open,false,,,pecan,Carya illinoinensis,pecan,Plantae,67593
276133309,26861790-b38e-4a0d-9d9f-2eed591786c1,2025-04-28 18:15:46-04:00,2025-04-28,2025-04-29 00:15:46 +0200,Eastern Time (US & Canada),1372859,rangerjonah,Jonah McDonald,2025-04-29 00:16:04 +0200,2026-01-06 02:18:42 +0100,research,CC0,https://www.inaturalist.org/observations/276133309,https://inaturalist-open-data.s3.amazonaws.com/photos/495961861/medium.jpg,,"","",1,0,false,3,"Elbert St SW, Atlanta, GA, US",33.7283129571,-84.4094278292,7,,,,7,,open,false,,,pecan,Carya illinoinensis,pecan,Plantae,67593
276777985,9deef130-a93a-4fd5-bc55-69c5f6deee36,2025-04-29 18:01:25,2025-04-29,2025-04-30 00:01:25 +0200,Eastern Time (US & Canada),9175795,jsirael27,,2025-04-30 00:01:55 +0200,2025-04-30 00:01:56 +0200,needs_id,CC-BY-NC,https://www.inaturalist.org/observations/276777985,https://inaturalist-open-data.s3.amazonaws.com/photos/497008260/medium.jpg,,"",,0,0,false,843,"Sweetwater Cir, Valdosta, GA, US",30.9024599148,-83.3482270037,3,,,,3,,open,false,,,,Carya illinoinensis,pecan,Plantae,67593
277351804,5ae9ced7-401e-47c7-813a-eff3211b910e,Thu May 01 2025 08:43:30 GMT -0400 (EDT),2025-05-01,2025-05-01 14:43:30 +0200,Eastern Time (US & Canada),2165532,brbullard,,2025-05-01 14:43:37 +0200,2025-05-01 14:43:45 +0200,needs_id,CC-BY-NC,https://www.inaturalist.org/observations/277351804,https://inaturalist-open-data.s3.amazonaws.com/photos/498014879/medium.jpeg,,"",,0,0,false,333,Ringgold,34.91147995,-85.114074707,9,,,,9,,open,false,,,,Carya illinoinensis,pecan,Plantae,67593
277931123,8b280770-5c15-4788-baa5-285ded494343,2025-05-01 12:04:10-04:00,2025-05-01,2025-05-01 18:04:10 +0200,Eastern Time (US & Canada),1242746,clement97,,2025-05-03 05:49:17 +0200,2025-05-03 05:49:34 +0200,needs_id,,https://www.inaturalist.org/observations/277931123,https://static.inaturalist.org/photos/499049283/medium.jpg,,"","",0,0,false,3,"Conway Cir, Valdosta, GA, US",30.936895,-83.242905,5866,,,,5866,,open,false,,,"",Carya illinoinensis,pecan,Plantae,67593
278118682,3c29635d-756c-4889-ac64-4bf718a84cc1,2025/04/26 2:36 PM,2025-04-26,2025-04-26 20:36:00 +0200,Eastern Time (US & Canada),4014802,nonbinary-naturalist,Nonbinary-Naturalist,2025-05-03 19:52:59 +0200,2025-05-03 19:52:59 +0200,needs_id,CC0,https://www.inaturalist.org/observations/278118682,https://inaturalist-open-data.s3.amazonaws.com/photos/499332411/medium.jpg,,"",,0,0,false,,"Windsor Forest, Savannah, GA, USA",31.9751861111,-81.1405861111,,,,,,,open,false,,,Pecan,Carya illinoinensis,pecan,Plantae,67593
278138853,ba46dc42-9989-4b2b-8fc4-ddcd781f1dba,2025-05-03 14:54:53,2025-05-03,2025-05-03 20:54:53 +0200,Eastern Time (US & Canada),5020883,katiep222,Katie P.,2025-05-03 20:55:56 +0200,2025-05-03 21:14:32 +0200,research,CC-BY-NC,https://www.inaturalist.org/observations/278138853,https://inaturalist-open-data.s3.amazonaws.com/photos/499413967/medium.jpg,,"",,1,0,false,843,"N Superior Ave, Decatur, GA, US",33.7914977474,-84.3003852821,6,,,,6,,open,false,,,pecan,Carya illinoinensis,pecan,Plantae,67593
278402095,e46c7e7e-9eb3-4fc3-89c0-ee666b35616c,2025-05-04 10:18:36,2025-05-04,2025-05-04 16:18:36 +0200,Eastern Time (US & Canada),9039835,shaliseeks,Shawn Li,2025-05-04 16:19:04 +0200,2025-05-04 16:19:05 +0200,needs_id,CC-BY-NC,https://www.inaturalist.org/observations/278402095,https://inaturalist-open-data.s3.amazonaws.com/photos/499890659/medium.jpg,,"",,0,0,false,843,"Serenbe Ln, Chattahoochee Hills, GA, US",33.5165528963,-84.7321451876,4,,,,4,,open,false,,,,Carya illinoinensis,pecan,Plantae,67593
278578666,019fe065-96ce-49bf-b321-ecc9b4653a8b,2025/05/04 11:35 AM,2025-05-04,2025-05-04 17:35:00 +0200,Eastern Time (US & Canada),64286,supertiger,Leila Dasher,2025-05-05 01:14:01 +0200,2025-05-05 15:35:56 +0200,research,CC-BY,https://www.inaturalist.org/observations/278578666,https://inaturalist-open-data.s3.amazonaws.com/photos/500199616/medium.jpg,,"",,1,0,false,,"Athens, GA, USA",33.9309962222,-83.3755506667,,,,,,,open,false,,,pecan,Carya illinoinensis,pecan,Plantae,67593
278860520,0f5cd8d2-a7ce-4c5a-a7b0-068e07b3c83e,2025-05-05 13:19:06,2025-05-05,2025-05-05 19:19:06 +0200,Eastern Time (US & Canada),7145321,kgrieshop,,2025-05-06 01:41:31 +0200,2025-05-06 01:41:32 +0200,needs_id,CC-BY-NC,https://www.inaturalist.org/observations/278860520,https://inaturalist-open-data.s3.amazonaws.com/photos/500729192/medium.jpg,,"",,0,0,false,843,"Carolyn Ct, Fort Valley, GA, US",32.557555,-83.7146383333,6,,,,6,,open,false,,,,Carya illinoinensis,pecan,Plantae,67593
278864006,03e0890a-c4cf-409a-b702-c84e4c6d5813,2025-04-15 10:02:56,2025-04-15,2025-04-15 16:02:56 +0200,Eastern Time (US & Canada),8994491,presleycraft,,2025-05-06 02:03:32 +0200,2026-06-15 13:11:43 +0200,needs_id,CC-BY-NC,https://www.inaturalist.org/observations/278864006,https://inaturalist-open-data.s3.amazonaws.com/photos/500735991/medium.jpg,,"",,1,0,false,843,"S Edgewood Dr, Statesboro, GA, US",32.4243583333,-81.7609333333,4,,,,4,,open,false,,,pecan,Carya illinoinensis,pecan,Plantae,67593
279018658,2c7a657b-aeb6-47e8-8a5f-b02da4bd0f56,2025-05-06 13:13:42,2025-05-06,2025-05-06 19:13:42 +0200,Eastern Time (US & Canada),9175795,jsirael27,,2025-05-06 19:31:15 +0200,2025-05-06 19:31:16 +0200,needs_id,CC-BY-NC,https://www.inaturalist.org/observations/279018658,https://inaturalist-open-data.s3.amazonaws.com/photos/501018765/medium.jpg,,"",,0,0,false,843,"Sweetwater Cir, Valdosta, GA, US",30.9021945346,-83.3485413755,52,,,,52,,open,false,,,,Carya illinoinensis,pecan,Plantae,67593
279031395,cbfc8a7d-f729-4b56-a071-1504801cdba7,2025-05-06 13:42:05,2025-05-06,2025-05-06 19:42:05 +0200,Eastern Time (US & Canada),9168547,urja_g20,,2025-05-06 20:24:10 +0200,2025-05-06 20:24:23 +0200,needs_id,CC-BY-NC,https://www.inaturalist.org/observations/279031395,https://inaturalist-open-data.s3.amazonaws.com/photos/501041746/medium.jpg,,"",,0,0,false,843,"N Patterson St, Valdosta, GA, US",30.8467055594,-83.2880045175,4,,,,4,,open,false,,,,Carya illinoinensis,pecan,Plantae,67593
279241487,99638638-b478-415d-8433-dcea65344cca,2025-05-07 10:57:19,2025-05-07,2025-05-07 16:57:19 +0200,Eastern Time (US & Canada),8155117,lillita13,Lillita,2025-05-07 17:30:26 +0200,2026-04-23 03:05:16 +0200,research,,https://www.inaturalist.org/observations/279241487,https://static.inaturalist.org/photos/501427862/medium.jpeg,,"",,1,0,false,2,"Georgia, US",33.5787547502,-84.321824794,182,,,,28957,obscured,open,true,gps,gps,pecan,Carya illinoinensis,pecan,Plantae,67593
279564090,628f6b5d-6098-43fa-9f92-725bf7e451d8,2025-05-08 17:31:25-04:00,2025-05-08,2025-05-08 23:31:25 +0200,Eastern Time (US & Canada),413739,asio-otus,Mark A Ray,2025-05-08 23:42:01 +0200,2025-05-08 23:50:12 +0200,research,,https://www.inaturalist.org/observations/279564090,https://static.inaturalist.org/photos/502027768/medium.jpg,,"","",1,0,false,3,"Atlanta, GA, US",33.7378533333,-84.323625,3,,,,3,,open,false,,,pecan,Carya illinoinensis,pecan,Plantae,67593
279718729,4877474f-fb88-4355-ba5d-4f74bba6bd2f,2025-05-09 11:17:09,2025-05-09,2025-05-09 17:17:09 +0200,Eastern Time (US & Canada),9187741,jsteidel1113,Jason L. Steidel,2025-05-09 17:27:19 +0200,2025-05-09 20:37:22 +0200,research,CC-BY-NC,https://www.inaturalist.org/observations/279718729,https://inaturalist-open-data.s3.amazonaws.com/photos/502320715/medium.jpg,,"",,1,0,false,843,"Maddox Dr NE, Atlanta, GA, US",33.7957310194,-84.376788536,8,,,,8,,open,false,,,pecan,Carya illinoinensis,pecan,Plantae,67593
279789303,efd11a30-294c-4fd4-a962-4a33063fe2ff,2025-05-06 12:16:50,2025-05-06,2025-05-06 18:16:50 +0200,Eastern Time (US & Canada),8938789,kenzierose819,mackenzie,2025-05-09 22:48:12 +0200,2025-05-09 22:56:26 +0200,research,CC-BY-NC,https://www.inaturalist.org/observations/279789303,https://inaturalist-open-data.s3.amazonaws.com/photos/502453942/medium.jpg,,"",,1,0,false,843,"Peeples Rd, Fayetteville, GA, US",33.3446366667,-84.405655,4,,,,4,,open,false,,,pecan,Carya illinoinensis,pecan,Plantae,67593
280046837,419a6968-e1bb-4ec2-953e-6dcbf3b84f89,2025-05-10 15:42:38,2025-05-10,2025-05-10 21:42:38 +0200,Eastern Time (US & Canada),6229762,armadillokid,Mei Keller,2025-05-10 22:38:00 +0200,2025-05-10 22:39:06 +0200,research,CC-BY-NC,https://www.inaturalist.org/observations/280046837,https://inaturalist-open-data.s3.amazonaws.com/photos/502934293/medium.jpeg,,"",,1,0,false,2,"Decatur, GA 30035, USA",33.7560944444,-84.2287388889,,,,,,,open,false,gps,gps,pecan,Carya illinoinensis,pecan,Plantae,67593
281047705,ccecce6d-2d09-425e-909b-d0c55d77b6a8,2025-05-14 12:13:32,2025-05-14,2025-05-14 18:13:32 +0200,Eastern Time (US & Canada),7713074,doodlejones,"",2025-05-14 18:35:46 +0200,2025-05-14 18:36:06 +0200,needs_id,CC-BY-NC,https://www.inaturalist.org/observations/281047705,https://inaturalist-open-data.s3.amazonaws.com/photos/504828858/medium.jpg,,"",,0,0,false,2,"Georgia, US",33.8586718987,-84.2600323117,195,,,,28902,obscured,open,true,gps,gps,pecan,Carya illinoinensis,pecan,Plantae,67593
281137171,3aac1491-06a0-4c12-a4c9-f3cfdbf670c6,2025-05-14 19:39:18-04:00,2025-05-14,2025-05-15 01:39:18 +0200,Eastern Time (US & Canada),8243358,mpl23,Jess Chabot,2025-05-15 01:41:13 +0200,2025-05-15 03:14:29 +0200,needs_id,,https://www.inaturalist.org/observations/281137171,https://static.inaturalist.org/photos/504997283/medium.jpg,,"","",0,0,false,3,"Georgia, US",33.2385961235,-84.2050194077,7,,,,28984,obscured,open,true,,,"",Carya illinoinensis,pecan,Plantae,67593
281221863,2133d6f0-e287-4743-8ef2-d8e112d89103,2025-05-15 06:53:41,2025-05-15,2025-05-15 12:53:41 +0200,Eastern Time (US & Canada),9308182,kathryntobianski,Kathryn Tobianski,2025-05-15 12:54:46 +0200,2025-05-15 14:18:18 +0200,needs_id,CC-BY-NC,https://www.inaturalist.org/observations/281221863,https://inaturalist-open-data.s3.amazonaws.com/photos/505160178/medium.jpg,,"",,0,0,false,843,"Lowell Rd, Carrollton, GA, US",33.4895090844,-85.0582906007,6,,,,6,,open,false,,,,Carya illinoinensis,pecan,Plantae,67593
281363319,b38b18f2-345a-47fd-80c5-f6bc69c1608d,2025-05-15 12:40:22,2025-05-15,2025-05-15 18:40:22 +0200,Eastern Time (US & Canada),4633627,superiorovary,Hannah Umstead,2025-05-16 00:35:21 +0200,2025-05-16 00:57:41 +0200,research,,https://www.inaturalist.org/observations/281363319,https://static.inaturalist.org/photos/505418433/medium.jpg,,"",,1,0,false,843,"Costley Mill Rd NE, Conyers, GA, US",33.665975,-83.9299783333,4,,,,4,,open,false,,,Carya illinoinensis,Carya illinoinensis,pecan,Plantae,67593
281905755,0562149c-9568-4a3b-a1c0-cba7ae503a80,2025-05-17 17:57:15,2025-05-17,2025-05-17 23:57:15 +0200,Eastern Time (US & Canada),5020883,katiep222,Katie P.,2025-05-18 00:15:20 +0200,2025-06-21 19:40:00 +0200,research,CC-BY-NC,https://www.inaturalist.org/observations/281905755,https://inaturalist-open-data.s3.amazonaws.com/photos/506436186/medium.jpg,,"",,2,0,false,843,"N Decatur Rd, Decatur, GA, US",33.791195,-84.2996833333,32,,,,32,,open,false,,,pecan,Carya illinoinensis,pecan,Plantae,67593
282231635,bead243d-011f-47a9-93d1-61da6c4ca3dd,2025-05-18 19:16:50-04:00,2025-05-18,2025-05-19 01:16:50 +0200,Eastern Time (US & Canada),6414290,sdwinchester,,2025-05-19 01:17:00 +0200,2025-05-19 01:17:07 +0200,needs_id,CC-BY-NC,https://www.inaturalist.org/observations/282231635,https://inaturalist-open-data.s3.amazonaws.com/photos/507046594/medium.jpg,,"","",0,0,false,3,"NE Broad St, Fairburn, GA, US",33.5673385392,-84.5789628105,12,,,,12,,open,false,,,"",Carya illinoinensis,pecan,Plantae,67593
282235636,1679e871-e6e9-4d43-aea6-bf84ed3f1fa5,2025-05-18 19:27:55,2025-05-18,2025-05-19 01:27:55 +0200,Eastern Time (US & Canada),338824,wawa-online3,West Atlanta Watershed Alliance,2025-05-19 01:35:44 +0200,2025-05-19 02:50:48 +0200,needs_id,CC-BY-NC,https://www.inaturalist.org/observations/282235636,https://inaturalist-open-data.s3.amazonaws.com/photos/507055124/medium.jpg,,"",,0,0,false,2,"Harper Rd SE @ Meador Ave SE, Atlanta, GA 30315, USA",33.6974766667,-84.3805033333,2,,,,2,,open,false,,,hickories,Carya illinoinensis,pecan,Plantae,67593
282251479,033b35fa-3cc9-4ad3-9779-c58370d15619,2025-05-18 14:30:21-04:00,2025-05-18,2025-05-18 20:30:21 +0200,Eastern Time (US & Canada),8243358,mpl23,Jess Chabot,2025-05-19 02:43:50 +0200,2025-05-19 02:50:16 +0200,needs_id,,https://www.inaturalist.org/observations/282251479,https://static.inaturalist.org/photos/507085940/medium.jpg,,"","",0,0,false,3,"Georgia, US",33.2998024001,-84.3340389395,9,,,,28984,obscured,open,true,,,"",Carya illinoinensis,pecan,Plantae,67593
283231721,26b0a5f6-0922-4ec0-ba27-1d1817f5af97,2025-05-22 17:11:07,2025-05-22,2025-05-22 23:11:07 +0200,Eastern Time (US & Canada),4014802,nonbinary-naturalist,Nonbinary-Naturalist,2025-05-22 23:11:40 +0200,2025-05-22 23:11:55 +0200,needs_id,CC0,https://www.inaturalist.org/observations/283231721,https://inaturalist-open-data.s3.amazonaws.com/photos/508905930/medium.jpg,,"",,0,0,false,2,"Georgetown, GA, USA",31.9963666667,-81.2590638889,,,,,,,open,false,gps,gps,pecan,Carya illinoinensis,pecan,Plantae,67593
284723425,8369a31e-0e19-45ef-a0e9-340224e90193,2025-05-27 14:05:00,2025-05-27,2025-05-27 20:05:00 +0200,Eastern Time (US & Canada),1917394,carol308,Carol Garrison,2025-05-28 05:01:07 +0200,2025-05-28 05:01:08 +0200,needs_id,,https://www.inaturalist.org/observations/284723425,https://static.inaturalist.org/photos/511727085/medium.jpg,,"",,0,0,false,843,"Beauregard Blvd, Fayetteville, GA, US",33.44398,-84.457245,17,,,,17,,open,false,,,,Carya illinoinensis,pecan,Plantae,67593
285836577,d5e00486-73df-4535-b5d5-f8642f0a04fe,2025-05-31 19:59:28-04:00,2025-05-31,2025-06-01 01:59:28 +0200,Eastern Time (US & Canada),5989925,momsavang,Hannah Veee,2025-06-01 05:15:54 +0200,2025-06-01 05:16:13 +0200,needs_id,CC-BY-NC,https://www.inaturalist.org/observations/285836577,https://inaturalist-open-data.s3.amazonaws.com/photos/513800484/medium.jpg,,"",Not 100% sure this is pecan but we have chipmunks/squirrels and I found a similar sprout in the front yard near a pecan shell. Pecan would not be uncommon in this neighborhood of Muscogee county. This is maybe 2 years growth? I know I saw it at least last summer. Soil is silty but with decades of mulch and foliage tempering with full sun to part shade,0,0,false,3,"Lynda Ln, Columbus, GA, US",32.48838,-84.9489583333,3,,,,3,,open,false,,,"",Carya illinoinensis,pecan,Plantae,67593
286796378,50b28463-2971-42c9-91ff-e3241e76e8af,2025-06-02 11:35:35,2025-06-02,2025-06-02 17:35:35 +0200,Eastern Time (US & Canada),104256,frankiemac72,"",2025-06-04 16:15:08 +0200,2025-06-04 19:06:00 +0200,research,CC-BY-NC,https://www.inaturalist.org/observations/286796378,https://inaturalist-open-data.s3.amazonaws.com/photos/515630834/medium.jpg,,"",,2,0,false,2,"Reynoldstown, Atlanta, GA, USA",33.75042,-84.3574633333,,,,,,,open,false,gps,gps,pecan,Carya illinoinensis,pecan,Plantae,67593
287292771,ee06eee8-4410-4758-950b-e2fae1aef142,2025-06-06 09:18:58-04:00,2025-06-06,2025-06-06 15:18:58 +0200,Eastern Time (US & Canada),5892216,tdreyer1072,,2025-06-06 15:21:57 +0200,2025-06-06 15:22:22 +0200,needs_id,CC-BY-NC,https://www.inaturalist.org/observations/287292771,https://inaturalist-open-data.s3.amazonaws.com/photos/516563202/medium.jpg,,"","",0,0,false,3,"Hudson-Nash Farm & Old Yellow River Post Office, Lilburn, GA, US",33.8760017317,-84.0738323802,41,,,,41,,open,false,,,"",Carya illinoinensis,pecan,Plantae,67593
287913761,ecb94675-333d-4739-bbb7-4200677590ea,2025/05/31 2:16 PM,2025-05-31,2025-05-31 20:16:00 +0200,Eastern Time (US & Canada),517807,kemper,Yann Kemper,2025-06-08 17:38:55 +0200,2025-06-08 17:38:55 +0200,needs_id,CC0,https://www.inaturalist.org/observations/287913761,https://inaturalist-open-data.s3.amazonaws.com/photos/517711780/medium.jpg,,"","",0,0,false,,"Warner Robins, GA, USA",32.6126116667,-83.7452166667,,,,,,,open,false,,,Pecan,Carya illinoinensis,pecan,Plantae,67593
288032736,0ed76f4e-779e-4495-8e22-c652ad6a338b,2025-06-08 18:16:59-04:00,2025-06-08,2025-06-09 00:16:59 +0200,Eastern Time (US & Canada),2643244,jsm1031,,2025-06-09 00:22:10 +0200,2025-08-16 14:42:21 +0200,research,CC-BY-NC,https://www.inaturalist.org/observations/288032736,https://inaturalist-open-data.s3.amazonaws.com/photos/518462502/medium.jpg,,"","",1,0,false,3,"E Lake Dr, Decatur, GA, US",33.7551366504,-84.3015933722,19,,,,19,,open,false,,,pecan,Carya illinoinensis,pecan,Plantae,67593
288057781,aaefeb5a-e685-488e-a71a-7a3fd5c14397,2025/06/07 1:06 PM,2025-06-07,2025-06-07 19:06:00 +0200,Eastern Time (US & Canada),517807,kemper,Yann Kemper,2025-06-09 02:02:02 +0200,2025-06-09 02:02:02 +0200,needs_id,CC0,https://www.inaturalist.org/observations/288057781,https://inaturalist-open-data.s3.amazonaws.com/photos/517986630/medium.jpg,,"","",0,0,false,,"Valdosta, GA, USA",30.8208633333,-83.3145416667,,,,,,,open,false,,,Pecan,Carya illinoinensis,pecan,Plantae,67593
288190681,7154f307-d9ab-49d2-ae2d-d7d33dede492,Mon Jun 09 2025 08:58:07 GMT -0400 (EDT),2025-06-09,2025-06-09 14:58:07 +0200,Eastern Time (US & Canada),9256142,judykc,,2025-06-09 15:33:41 +0200,2025-06-09 16:28:11 +0200,needs_id,CC-BY-NC,https://www.inaturalist.org/observations/288190681,https://inaturalist-open-data.s3.amazonaws.com/photos/518266846/medium.jpg,,"",,0,0,false,333,Loganville,33.7944869995,-83.868522644,,,,,,,open,false,,,,Carya illinoinensis,pecan,Plantae,67593
288249701,18aaa153-913b-4b10-af86-ee80ca99f8a1,Mon Jun 09 2025 13:33:24 GMT -0400 (EDT),2025-06-09,2025-06-09 19:33:24 +0200,Eastern Time (US & Canada),8678488,meganf23,,2025-06-09 19:33:40 +0200,2025-06-09 19:48:30 +0200,research,CC-BY-NC,https://www.inaturalist.org/observations/288249701,https://inaturalist-open-data.s3.amazonaws.com/photos/518353602/medium.jpg,,"",,1,0,false,333,Atlanta,33.734413147,-84.3798294067,4,,,,4,,open,false,,,pecan,Carya illinoinensis,pecan,Plantae,67593
288732306,03f27fb6-1464-4283-842c-29ea07baacd3,2025-06-11 10:02:04-04:00,2025-06-11,2025-06-11 16:02:04 +0200,Eastern Time (US & Canada),413739,asio-otus,Mark A Ray,2025-06-11 16:03:24 +0200,2025-06-11 16:06:38 +0200,needs_id,,https://www.inaturalist.org/observations/288732306,https://static.inaturalist.org/photos/519270485/medium.jpg,,"","",0,0,false,3,"Harbins Rd, Dacula, GA, US",33.9539866667,-83.8588783333,4,,,,4,,open,false,,,"",Carya illinoinensis,pecan,Plantae,67593
289047946,9881ffd7-801f-411c-a329-aef86e3fadb7,Thu Jun 12 2025 13:14:57 GMT -0400 (EDT),2025-06-12,2025-06-12 19:14:57 +0200,Eastern Time (US & Canada),9390673,slipstone92,,2025-06-12 19:15:06 +0200,2025-06-12 19:15:12 +0200,needs_id,CC-BY-NC,https://www.inaturalist.org/observations/289047946,https://inaturalist-open-data.s3.amazonaws.com/photos/519855482/medium.jpg,,"",,0,0,false,333,Marietta,34.0061569214,-84.4848251343,19,,,,19,,open,false,,,,Carya illinoinensis,pecan,Plantae,67593
289526326,b3115387-baf3-49c3-a771-cdc8d9d63fe4,2025-06-14 10:09:10-04:00,2025-06-14,2025-06-14 16:09:10 +0200,Eastern Time (US & Canada),5098811,cbell5499,,2025-06-14 16:09:21 +0200,2025-06-14 20:41:22 +0200,research,,https://www.inaturalist.org/observations/289526326,https://static.inaturalist.org/photos/520756210/medium.jpg,,"","",2,0,false,3,"Freedom Park, Atlanta, GA, US",33.7662446211,-84.3569088719,35,,,,35,,open,false,,,pecan,Carya illinoinensis,pecan,Plantae,67593
289540763,ef139112-7918-4bcb-a1a1-e74351f98172,2025-05-10 12:29:23,2025-05-10,2025-05-10 18:29:23 +0200,Eastern Time (US & Canada),9129667,curiousdude1,,2025-06-14 17:00:32 +0200,2025-06-14 17:00:34 +0200,needs_id,CC-BY-NC,https://www.inaturalist.org/observations/289540763,https://inaturalist-open-data.s3.amazonaws.com/photos/520781319/medium.jpg,,"",,0,0,false,843,United States,32.0897926085,-80.8485330395,10,,,,29146,obscured,open,true,,,,Carya illinoinensis,pecan,Plantae,67593
289640409,766b27df-d53e-44f6-aabf-ed79d554b001,2025-06-14 16:48:19,2025-06-14,2025-06-14 22:48:19 +0200,Eastern Time (US & Canada),8938789,kenzierose819,mackenzie,2025-06-14 23:06:28 +0200,2025-06-14 23:35:47 +0200,research,CC-BY-NC,https://www.inaturalist.org/observations/289640409,https://inaturalist-open-data.s3.amazonaws.com/photos/520965671/medium.jpg,,"",,1,0,false,843,"Hills Bridge Rd, Fayetteville, GA, US",33.3845133333,-84.4160783333,19,,,,19,,open,false,,,pecan,Carya illinoinensis,pecan,Plantae,67593
290208987,41a63af4-8ed3-4736-b25b-c786b2c40ff1,2025-06-16 15:12:07-04:00,2025-06-16,2025-06-16 21:12:07 +0200,Eastern Time (US & Canada),5303290,susanpeters22,,2025-06-16 21:12:40 +0200,2025-06-16 21:12:46 +0200,needs_id,CC-BY-NC,https://www.inaturalist.org/observations/290208987,https://inaturalist-open-data.s3.amazonaws.com/photos/522042979/medium.jpg,,"","Maybe pecan 
",0,0,false,3,"Cobbler Dr, Newnan, GA, US",33.4721840678,-84.6757911662,6,,,,6,,open,false,,,"",Carya illinoinensis,pecan,Plantae,67593
292337569,2c86311b-71c4-4c14-ad59-f8b5f225ac9d,Tue Jun 24 2025 08:40:59 GMT -0400 (EDT),2025-06-24,2025-06-24 14:40:59 +0200,Eastern Time (US & Canada),9394135,xombiwoof,,2025-06-24 14:41:03 +0200,2025-06-24 14:41:08 +0200,needs_id,CC-BY-NC,https://www.inaturalist.org/observations/292337569,https://inaturalist-open-data.s3.amazonaws.com/photos/526071548/medium.jpg,,"",,0,0,false,333,Madison,33.59608078,-83.4533691406,1,,,,1,,open,false,,,,Carya illinoinensis,pecan,Plantae,67593
294089158,2464ff8d-1c85-4321-a32c-711a0f557d0a,2025-06-30 12:17:23,2025-06-30,2025-06-30 18:17:23 +0200,Eastern Time (US & Canada),1449482,anthony296,Anthony A Simmons,2025-06-30 18:49:05 +0200,2025-06-30 18:49:10 +0200,needs_id,CC0,https://www.inaturalist.org/observations/294089158,https://inaturalist-open-data.s3.amazonaws.com/photos/529315929/medium.jpg,,"",,0,0,false,2,"Appling, GA 30802, USA",33.5482354,-82.3152623,,,,,,,open,false,gps,gps,pecan,Carya illinoinensis,pecan,Plantae,67593
294089300,bb9f20cc-3546-4c9f-a479-7710d82264be,2025-06-30 12:31:26,2025-06-30,2025-06-30 18:31:26 +0200,Eastern Time (US & Canada),1449482,anthony296,Anthony A Simmons,2025-06-30 18:49:57 +0200,2025-06-30 18:50:02 +0200,needs_id,CC0,https://www.inaturalist.org/observations/294089300,https://inaturalist-open-data.s3.amazonaws.com/photos/529316260/medium.jpg,,"",,0,0,false,2,"Appling, GA 30802, USA",33.5469935126,-82.3158215359,40,,,,40,,open,false,gps,gps,pecan,Carya illinoinensis,pecan,Plantae,67593
294393236,b916c246-1e66-4cec-952e-56451535b920,2025-07-01 13:35:29,2025-07-01,2025-07-01 19:35:29 +0200,Eastern Time (US & Canada),9306238,sarahbgrimes,,2025-07-01 21:08:41 +0200,2025-07-01 21:08:42 +0200,needs_id,CC-BY-NC,https://www.inaturalist.org/observations/294393236,https://inaturalist-open-data.s3.amazonaws.com/photos/529888598/medium.jpg,,"",,0,0,false,843,"Riverside Pkwy NE, Rome, GA, US",34.2688916667,-85.1709583333,7,,,,7,,open,false,,,,Carya illinoinensis,pecan,Plantae,67593
294854669,4402fc4d-60ae-43c6-aec1-4d461b49273c,2025-07-03 10:19:30,2025-07-03,2025-07-03 16:19:30 +0200,Eastern Time (US & Canada),8938789,kenzierose819,mackenzie,2025-07-03 16:42:18 +0200,2025-07-03 16:43:30 +0200,research,CC-BY-NC,https://www.inaturalist.org/observations/294854669,https://inaturalist-open-data.s3.amazonaws.com/photos/530759035/medium.jpg,,"",,1,0,false,843,"Friar Tuck Rd, Fayetteville, GA, US",33.345475,-84.404695,4,,,,4,,open,false,,,pecan,Carya illinoinensis,pecan,Plantae,67593
294886950,ce315e33-c05b-4c37-9dea-1dc6cbef62fa,2025-07-03 12:53:47,2025-07-03,2025-07-03 18:53:47 +0200,Eastern Time (US & Canada),587069,oncidium_fan,"",2025-07-03 18:54:31 +0200,2025-11-05 14:47:07 +0100,needs_id,CC-BY-NC,https://www.inaturalist.org/observations/294886950,https://inaturalist-open-data.s3.amazonaws.com/photos/530817233/medium.jpg,,"",,0,0,false,843,"Forrest Rd, Lone Oak, GA, US",33.170925,-84.815195,4,,,,4,,open,false,,,,Carya illinoinensis,pecan,Plantae,67593
294934428,c443c9f8-10f5-4413-a0aa-0b26ee4f5722,2025-07-03 16:00:51,2025-07-03,2025-07-03 22:00:51 +0200,Eastern Time (US & Canada),587069,oncidium_fan,"",2025-07-03 22:04:46 +0200,2025-11-05 14:47:07 +0100,needs_id,CC-BY-NC,https://www.inaturalist.org/observations/294934428,https://inaturalist-open-data.s3.amazonaws.com/photos/530904705/medium.jpg,,"",,0,0,false,843,"Forrest Rd, Lone Oak, GA, US",33.1709633333,-84.8154966667,4,,,,4,,open,false,,,,Carya illinoinensis,pecan,Plantae,67593
295181308,23af91b9-a8ef-4345-90ba-ff2e9e5943ce,2025-07-04 14:29:07,2025-07-04,2025-07-04 20:29:07 +0200,Eastern Time (US & Canada),8938789,kenzierose819,mackenzie,2025-07-04 20:46:02 +0200,2025-07-04 22:07:36 +0200,research,CC-BY-NC,https://www.inaturalist.org/observations/295181308,https://inaturalist-open-data.s3.amazonaws.com/photos/531371858/medium.jpg,,"",,1,0,false,843,"Antioch Rd, Fayetteville, GA, US",33.3318866667,-84.4190216667,4,,,,4,,open,false,,,pecan,Carya illinoinensis,pecan,Plantae,67593
295452867,56dc2367-b225-438b-9096-10064df87a81,2025-07-05 13:56:18-04:00,2025-07-05,2025-07-05 19:56:18 +0200,Eastern Time (US & Canada),250046,ungerlord,"",2025-07-05 20:07:30 +0200,2025-07-05 21:17:38 +0200,needs_id,CC-BY-NC,https://www.inaturalist.org/observations/295452867,https://inaturalist-open-data.s3.amazonaws.com/photos/531922660/medium.jpg,,"","",0,0,false,3,"Fort Pulaski National Monument, Savannah, GA, US",32.0268833333,-80.890655,18,,,,18,,open,false,,,"",Carya illinoinensis,pecan,Plantae,67593
298805779,7da1a212-35d6-4eed-91d2-36c4c65065c1,Thu Jul 17 2025 20:07:08 GMT -0400 (EDT),2025-07-17,2025-07-18 02:07:08 +0200,Eastern Time (US & Canada),7974230,mattcw,,2025-07-18 02:07:12 +0200,2025-07-18 03:03:06 +0200,research,CC-BY-NC,https://www.inaturalist.org/observations/298805779,https://inaturalist-open-data.s3.amazonaws.com/photos/538271579/medium.jpg,,"",,1,0,false,333,Conyers,33.6700897217,-84.0176467896,100,,,,100,,open,false,,,pecan,Carya illinoinensis,pecan,Plantae,67593
299205514,9fbe00ee-8e47-4804-9e19-79f7a4c5b771,Sat Jul 19 2025 11:18:57 GMT -0400 (EDT),2025-07-19,2025-07-19 17:18:57 +0200,Eastern Time (US & Canada),6989748,joshuamoreno86,Josh Moreno,2025-07-19 17:19:03 +0200,2025-07-20 19:35:55 +0200,research,CC-BY-NC,https://www.inaturalist.org/observations/299205514,https://inaturalist-open-data.s3.amazonaws.com/photos/539036122/medium.jpg,,"",,1,0,false,333,Tifton,31.4649543762,-83.5351409912,24,,,,24,,open,false,,,pecan,Carya illinoinensis,pecan,Plantae,67593
299269195,b00bc652-3f0c-4d4e-928e-55bd88d342e2,2025/07/03 3:58 PM,2025-07-03,2025-07-03 21:58:00 +0200,Eastern Time (US & Canada),4014802,nonbinary-naturalist,Nonbinary-Naturalist,2025-07-19 20:52:06 +0200,2025-07-19 21:23:18 +0200,research,CC0,https://www.inaturalist.org/observations/299269195,https://inaturalist-open-data.s3.amazonaws.com/photos/539146224/medium.jpg,,"",,1,0,false,,"Ardmore/Gould Estates/Olin Heights, Savannah, GA 31405, USA",32.0375638889,-81.0959583333,,,,,,,open,false,,,pecan,Carya illinoinensis,pecan,Plantae,67593
299274455,0084b783-7455-4105-9c7e-7fce75fc5436,2025/07/04 5:23 PM,2025-07-04,2025-07-04 23:23:00 +0200,Eastern Time (US & Canada),4014802,nonbinary-naturalist,Nonbinary-Naturalist,2025-07-19 21:11:01 +0200,2025-07-19 21:11:01 +0200,needs_id,CC0,https://www.inaturalist.org/observations/299274455,https://inaturalist-open-data.s3.amazonaws.com/photos/539156734/medium.jpg,,"",,0,0,false,,"Sackville, Savannah, GA 31404, USA",32.0329805556,-81.0884111111,,,,,,,open,false,,,Pecan,Carya illinoinensis,pecan,Plantae,67593
299288187,a85e57b2-e8e0-42b4-97a2-d9b679f3a59c,2025/07/08 3:18 PM,2025-07-08,2025-07-08 21:18:00 +0200,Eastern Time (US & Canada),4014802,nonbinary-naturalist,Nonbinary-Naturalist,2025-07-19 21:58:04 +0200,2025-07-19 21:58:04 +0200,needs_id,CC0,https://www.inaturalist.org/observations/299288187,https://inaturalist-open-data.s3.amazonaws.com/photos/539188095/medium.jpg,,"",,0,0,false,,"Edgemere, Savannah, GA 31404, USA",32.039343027,-81.0885008519,1758,,,,1758,,open,false,,,Pecan,Carya illinoinensis,pecan,Plantae,67593
299294982,5e25c68b-fb5b-4635-8d4c-c7f5446fc256,2025/07/08 3:35 PM,2025-07-08,2025-07-08 21:35:00 +0200,Eastern Time (US & Canada),4014802,nonbinary-naturalist,Nonbinary-Naturalist,2025-07-19 22:21:07 +0200,2025-07-19 22:21:07 +0200,needs_id,CC0,https://www.inaturalist.org/observations/299294982,https://inaturalist-open-data.s3.amazonaws.com/photos/539192124/medium.jpg,,"",,0,0,false,,"Dale Terrace/Olympus/Victory Square, Savannah, GA 31404, USA",32.0386946109,-81.0759270658,88,,,,88,,open,false,,,Pecan,Carya illinoinensis,pecan,Plantae,67593
299295014,878c9349-f30c-4ae4-ad47-019cc4ada93e,2025/07/08 3:37 PM,2025-07-08,2025-07-08 21:37:00 +0200,Eastern Time (US & Canada),4014802,nonbinary-naturalist,Nonbinary-Naturalist,2025-07-19 22:21:14 +0200,2025-07-19 22:21:14 +0200,needs_id,CC0,https://www.inaturalist.org/observations/299295014,https://inaturalist-open-data.s3.amazonaws.com/photos/539192501/medium.jpg,,"",,0,0,false,,"Dale Terrace/Olympus/Victory Square, Savannah, GA 31404, USA",32.0386946109,-81.0759270658,88,,,,88,,open,false,,,Pecan,Carya illinoinensis,pecan,Plantae,67593
299966168,316b1425-99a0-4fe2-9302-c77f92ceba22,Mon Jul 21 2025 18:11:35 GMT -0400 (EDT),2025-07-21,2025-07-22 00:11:35 +0200,Eastern Time (US & Canada),9547944,lars_erik7,Lars-Erik Morse,2025-07-22 00:11:44 +0200,2025-07-22 04:52:32 +0200,research,CC-BY-NC,https://www.inaturalist.org/observations/299966168,https://inaturalist-open-data.s3.amazonaws.com/photos/540440232/medium.jpg,,"",,2,0,false,333,Atlanta,33.8117523193,-84.4703292847,100,,,,100,,open,false,,,pecan,Carya illinoinensis,pecan,Plantae,67593
301655151,090bbeea-2418-43c8-b699-16ce87cc707c,2025-07-27 17:39:02-04:00,2025-07-27,2025-07-27 23:39:02 +0200,Eastern Time (US & Canada),5509461,travis_j_c,,2025-07-27 23:40:12 +0200,2026-03-08 06:26:32 +0100,needs_id,CC-BY-NC,https://www.inaturalist.org/observations/301655151,https://inaturalist-open-data.s3.amazonaws.com/photos/543591333/medium.jpg,,"","",1,0,false,3,"Lauren Ln, Athens, GA, US",33.9096317426,-83.3426413116,31,,,,31,,open,false,,,pecan,Carya illinoinensis,pecan,Plantae,67593
302001375,74215aba-290d-419d-ad27-f52947eb0f04,2025/07/23 5:04 PM,2025-07-23,2025-07-23 23:04:00 +0200,Eastern Time (US & Canada),4014802,nonbinary-naturalist,Nonbinary-Naturalist,2025-07-29 05:11:39 +0200,2025-07-29 05:11:39 +0200,needs_id,CC0,https://www.inaturalist.org/observations/302001375,https://inaturalist-open-data.s3.amazonaws.com/photos/544232876/medium.jpg,,"",,0,0,false,,"Windsor Forest, Savannah, GA, USA",31.9690817311,-81.1557595181,8,,,,8,,open,false,,,Pecan,Carya illinoinensis,pecan,Plantae,67593
302074263,15c7d0d8-e116-4750-a572-873a812cf09a,2025-07-26 12:19:22-04:00,2025-07-26,2025-07-26 18:19:22 +0200,Eastern Time (US & Canada),798298,mrizek,Matthew Mrizek,2025-07-29 14:44:29 +0200,2025-07-29 19:02:07 +0200,needs_id,,https://www.inaturalist.org/observations/302074263,https://static.inaturalist.org/photos/544486641/medium.jpg,,"","",0,0,false,3,"Dixon Memorial State Forest, Waycross, GA, US",31.1619611667,-82.2708716667,4,,,,4,,open,false,,,"",Carya illinoinensis,pecan,Plantae,67593
302621394,44c3c78e-2be4-4aff-971a-5461aa84dcac,2025-07-31 11:04:27,2025-07-31,2025-07-31 17:04:27 +0200,Eastern Time (US & Canada),8926946,starcrossed13,Nova,2025-07-31 17:04:47 +0200,2025-07-31 17:26:25 +0200,research,,https://www.inaturalist.org/observations/302621394,https://static.inaturalist.org/photos/545395839/medium.jpg,,"",,1,0,false,2,"Belvedere Park, GA, USA",33.7478207783,-84.2734698456,7,,,,7,,open,false,,,pecan,Carya illinoinensis,pecan,Plantae,67593
302660531,c18ccf8c-54c1-46f2-b282-b1dbe975e9b9,2025-07-31 13:54:04-04:00,2025-07-31,2025-07-31 19:54:04 +0200,Eastern Time (US & Canada),1072744,charlie2018,,2025-07-31 19:54:14 +0200,2025-08-29 20:31:48 +0200,needs_id,,https://www.inaturalist.org/observations/302660531,https://static.inaturalist.org/photos/545468997/medium.jpg,,"","",0,0,false,3,"Oak Grove Rd, Carrollton, GA, US",33.525594416,-85.0901947063,8,,,,8,,open,false,,,"",Carya illinoinensis,pecan,Plantae,67593
303165553,5e7d1b45-e063-41b2-864e-8650f34e4410,2025-08-02 12:35:37,2025-08-02,2025-08-02 18:35:37 +0200,Eastern Time (US & Canada),4178549,jai18,Jai Zu,2025-08-02 18:41:08 +0200,2025-08-02 18:41:24 +0200,needs_id,,https://www.inaturalist.org/observations/303165553,https://static.inaturalist.org/photos/546404488/medium.jpg,,"",,0,0,false,2,"East Columbus, Columbus, GA 31907, USA",32.5001254976,-84.9105278403,14,,,,14,,open,false,gps,gps,pecan,Carya illinoinensis,pecan,Plantae,67593
303471564,e338d5a1-ac51-4a7c-9644-8fb349a8e2f8,Sun Aug 03 2025 12:11:39 GMT -0500 (CDT),2025-08-03,2025-08-03 18:11:39 +0200,Eastern Time (US & Canada),4238836,annastevens,,2025-08-03 19:11:52 +0200,2025-08-03 19:12:14 +0200,needs_id,CC-BY-NC,https://www.inaturalist.org/observations/303471564,https://inaturalist-open-data.s3.amazonaws.com/photos/546979034/medium.jpg,,"",,0,0,false,333,Tallapoosa,33.6914634705,-85.3255386353,4,,,,4,,open,false,,,,Carya illinoinensis,pecan,Plantae,67593
304011069,61fa8558-b956-4269-8e3b-f3e756ed99da,2025-08-05 12:36:01,2025-08-05,2025-08-05 18:36:01 +0200,Eastern Time (US & Canada),2620647,kymnguyen,Kym Nguyen,2025-08-05 18:37:32 +0200,2025-08-05 18:59:19 +0200,research,,https://www.inaturalist.org/observations/304011069,https://static.inaturalist.org/photos/548006253/medium.jpg,,"",,2,0,false,2,"Avondale Estates, GA, USA",33.77677339,-84.26966533,3,,,,3,,open,false,,,pecan,Carya illinoinensis,pecan,Plantae,67593
304551425,beff356a-d6c9-4794-b9f2-f672cd3cd7c8,2025-08-07 15:21:54,2025-08-07,2025-08-07 21:21:54 +0200,Eastern Time (US & Canada),9617970,im425leothelion425,,2025-08-07 21:46:19 +0200,2025-08-07 22:01:10 +0200,research,CC-BY-NC,https://www.inaturalist.org/observations/304551425,https://inaturalist-open-data.s3.amazonaws.com/photos/549037201/medium.jpg,,"",,1,0,false,2,"Georgia, US",33.8961701951,-84.6818359849,,,,,28902,obscured,open,true,,,pecan,Carya illinoinensis,pecan,Plantae,67593
304594486,4ce4540b-aae8-43aa-8cb9-6ecaaaac0599,2025-08-07 16:03:37-04:00,2025-08-07,2025-08-07 22:03:37 +0200,Eastern Time (US & Canada),764155,whatch11,Wes Hatch,2025-08-08 01:14:47 +0200,2025-08-08 01:14:52 +0200,needs_id,,https://www.inaturalist.org/observations/304594486,https://static.inaturalist.org/photos/549119761/medium.jpg,,"","",0,0,false,3,"Little Pine Trail, Alpharetta, GA, US",34.0966861667,-84.23358,4,,,,4,,open,false,,,"",Carya illinoinensis,pecan,Plantae,67593
304601018,6ccd9e89-b917-4828-bcc2-436d00d3b043,2025/08/07 6:24 PM,2025-08-07,2025-08-08 00:24:00 +0200,Eastern Time (US & Canada),4699723,thoscole,Thomas Cole,2025-08-08 01:51:10 +0200,2025-10-05 18:56:53 +0200,research,CC-BY-NC,https://www.inaturalist.org/observations/304601018,https://inaturalist-open-data.s3.amazonaws.com/photos/549132635/medium.jpg,,"",On the wood edge of Sewell Park.,2,0,false,,"Cobb County, GA, USA",33.9531110975,-84.4918655093,23,,,,23,,open,false,,,pecan,Carya illinoinensis,pecan,Plantae,67593
304610675,7c12f5d2-3653-40cd-a0af-17ec7472f4ae,2025-08-07 20:10:41,2025-08-07,2025-08-08 02:10:41 +0200,Eastern Time (US & Canada),8471669,ryanc571,"",2025-08-08 02:49:00 +0200,2025-08-08 02:49:16 +0200,needs_id,CC-BY-NC,https://www.inaturalist.org/observations/304610675,https://inaturalist-open-data.s3.amazonaws.com/photos/549152881/medium.jpg,,"",,0,0,false,2,"Georgia, US",31.7666792119,-84.8384675491,,,,,29199,obscured,open,true,gps,gps,pecan,Carya illinoinensis,pecan,Plantae,67593
304809175,cc27aa45-44c5-4bb2-bd45-c11f77b3b8a1,2025-08-08 16:31:08,2025-08-08,2025-08-08 22:31:08 +0200,Eastern Time (US & Canada),5486695,smatthewman,,2025-08-08 22:59:50 +0200,2025-08-08 23:06:31 +0200,research,CC-BY-NC,https://www.inaturalist.org/observations/304809175,https://inaturalist-open-data.s3.amazonaws.com/photos/549525505/medium.jpg,,"",,1,0,false,843,"Jonesboro Rd, Morrow, GA, US",33.5744757144,-84.343147453,5,,,,5,,open,false,,,pecan,Carya illinoinensis,pecan,Plantae,67593
305104001,b993b2f5-56d1-4685-b236-efe2d31c0e16,2025-08-09 20:05:24-04:00,2025-08-09,2025-08-10 02:05:24 +0200,Eastern Time (US & Canada),5359281,jtdiv,,2025-08-10 02:07:03 +0200,2025-08-10 02:09:09 +0200,needs_id,CC-BY-NC,https://www.inaturalist.org/observations/305104001,https://inaturalist-open-data.s3.amazonaws.com/photos/550080194/medium.jpg,,"","",0,0,false,3,"Little Joe Rd, Bowdon, GA, US",33.5598648666,-85.3041039594,3,,,,3,,open,false,,,"",Carya illinoinensis,pecan,Plantae,67593
305385858,a57d63a7-959d-4c81-be97-dc2c1456ea20,2025-08-10 17:13:05,2025-08-10,2025-08-10 23:13:05 +0200,Eastern Time (US & Canada),2844506,cmeinecke,Colton Meinecke,2025-08-11 01:08:08 +0200,2025-08-11 01:08:24 +0200,needs_id,CC-BY-NC,https://www.inaturalist.org/observations/305385858,https://inaturalist-open-data.s3.amazonaws.com/photos/550614222/medium.jpg,,"",,0,0,false,2,"Watkinsville, GA, USA",33.8695055556,-83.4029722222,,,,,,,open,false,gps,gps,pecan,Carya illinoinensis,pecan,Plantae,67593
305564009,d1cfba16-95de-4ac0-ac29-dd1d4917aafb,2025-08-11 12:49:21,2025-08-11,2025-08-11 18:49:21 +0200,Eastern Time (US & Canada),3372501,ochillee,"",2025-08-11 18:50:24 +0200,2025-08-11 20:25:54 +0200,research,CC-BY-NC,https://www.inaturalist.org/observations/305564009,https://inaturalist-open-data.s3.amazonaws.com/photos/550951646/medium.jpg,,"",,1,0,false,2,"Cusseta, GA 31805, USA",32.3049737997,-84.7776443,,,,,,,open,false,gps,gps,pecan,Carya illinoinensis,pecan,Plantae,67593
305757823,a8f3d066-17a7-4aa5-beec-e7ffe7f5a989,2025-08-12 08:46:54-04:00,2025-08-12,2025-08-12 14:46:54 +0200,Eastern Time (US & Canada),1902466,moonbeamsnuggler,,2025-08-12 14:48:59 +0200,2025-12-31 15:53:47 +0100,needs_id,CC-BY-NC,https://www.inaturalist.org/observations/305757823,https://inaturalist-open-data.s3.amazonaws.com/photos/551327289/medium.jpg,,"","",0,0,false,3,"Taliwa Trail NE, Marietta, GA, US",33.9777492957,-84.4637044141,174632,,,,174632,,open,false,,,"",Carya illinoinensis,pecan,Plantae,67593
305796184,8a577c62-1f14-4ef4-acea-22310b83d7cf,Tue Aug 12 2025 11:57:47 GMT -0400 (EDT),2025-08-12,2025-08-12 17:57:47 +0200,Eastern Time (US & Canada),5102637,stoob87,stoob,2025-08-12 17:57:52 +0200,2025-08-12 18:36:31 +0200,research,CC-BY-NC,https://www.inaturalist.org/observations/305796184,https://inaturalist-open-data.s3.amazonaws.com/photos/551397553/medium.jpg,,"",,1,0,false,333,Dahlonega,34.5297012329,-83.9859619141,5,,,,5,,open,false,,,pecan,Carya illinoinensis,pecan,Plantae,67593
308166030,e5678b2b-8ee9-4ffc-9beb-1c63f9e6b1cc,2025-08-17 08:44:03,2025-08-17,2025-08-17 14:44:03 +0200,Eastern Time (US & Canada),9584531,daisy_jane,,2025-08-22 13:34:20 +0200,2025-08-22 13:40:38 +0200,research,CC-BY-NC,https://www.inaturalist.org/observations/308166030,https://inaturalist-open-data.s3.amazonaws.com/photos/555945149/medium.jpg,,"",,1,0,false,843,"Wilkerson St, Athens, GA, US",33.957094044,-83.3679768308,3,,,,3,,open,false,,,pecan,Carya illinoinensis,pecan,Plantae,67593
308481360,d20b5775-feab-4c00-9395-c542a4b4dfc4,2025-07-11 14:54:38,2025-07-11,2025-07-11 20:54:38 +0200,Eastern Time (US & Canada),9535770,viscosity-micro,,2025-08-23 19:25:28 +0200,2025-08-23 19:25:29 +0200,needs_id,CC-BY-NC,https://www.inaturalist.org/observations/308481360,https://inaturalist-open-data.s3.amazonaws.com/photos/556541976/medium.jpg,,"",,0,0,false,843,"Willow Bend Rd, Peachtree City, GA, US",33.3997503015,-84.5843748183,10948,,,,10948,,open,false,,,,Carya illinoinensis,pecan,Plantae,67593
308799004,55c038c0-6e56-4002-b4f2-8d13ff454318,2025-08-19 13:08:19,2025-08-19,2025-08-19 19:08:19 +0200,Eastern Time (US & Canada),2831770,sblumen,,2025-08-24 21:09:16 +0200,2025-08-24 21:09:17 +0200,needs_id,CC-BY,https://www.inaturalist.org/observations/308799004,https://inaturalist-open-data.s3.amazonaws.com/photos/557155317/medium.jpg,,"",,0,0,false,843,"Visitor Center To The Great Temple Mound, Macon, GA, US",32.8375966066,-83.6073787793,2,,,,2,,open,false,,,,Carya illinoinensis,pecan,Plantae,67593
309331290,03f20866-ad55-4465-82c2-f0a243f24660,2025-08-26 11:15:21,2025-08-26,2025-08-26 17:15:21 +0200,Eastern Time (US & Canada),8865020,kimkeiser,7hills3rivers,2025-08-26 22:19:41 +0200,2025-08-26 22:19:47 +0200,needs_id,,https://www.inaturalist.org/observations/309331290,https://static.inaturalist.org/photos/558179904/medium.jpg,,"",,0,0,false,2,"Rome, GA 30161, USA",34.1503080997,-85.2621390997,,,,,,,open,false,gps,gps,pecan,Carya illinoinensis,pecan,Plantae,67593
309362310,2114395d-83ad-4b6d-8f03-67dbd1fba991,2025-08-26 17:18:25,2025-08-26,2025-08-26 23:18:25 +0200,Eastern Time (US & Canada),7903159,ks91263,K S,2025-08-27 00:46:49 +0200,2025-09-02 16:13:36 +0200,needs_id,,https://www.inaturalist.org/observations/309362310,https://static.inaturalist.org/photos/560885826/medium.jpg,,"",,0,0,false,843,"Center Ave, East Point, GA, US",33.6708653264,-84.4485907275,7,,,,7,,open,false,,,,Carya illinoinensis,pecan,Plantae,67593
309727311,3e9068ae-ac68-4778-b1b7-d848c4f202f3,2025-08-28 10:22:55-04:00,2025-08-28,2025-08-28 16:22:55 +0200,Eastern Time (US & Canada),2149060,teateate,Tea,2025-08-28 16:23:50 +0200,2025-08-28 18:18:28 +0200,research,,https://www.inaturalist.org/observations/309727311,https://static.inaturalist.org/photos/558941806/medium.jpg,,"","",1,0,false,3,"亚特兰大哈兹菲尔德-杰克逊国际机场, 黑普维尔, GA, US",33.657295,-84.4188466667,8,,,,8,,open,false,,,美国山核桃,Carya illinoinensis,pecan,Plantae,67593
310036136,64e948ea-9d7e-4442-b3e8-eff062ab6c39,2025-08-29 15:17:54,2025-08-29,2025-08-29 21:17:54 +0200,Eastern Time (US & Canada),4994172,scrub_kreature,Nick O'Daniel,2025-08-29 21:21:08 +0200,2025-08-29 22:27:02 +0200,research,CC-BY-NC,https://www.inaturalist.org/observations/310036136,https://inaturalist-open-data.s3.amazonaws.com/photos/559507817/medium.jpg,,"",,1,0,false,2,"Old Fourth Ward, Atlanta, GA, USA",33.7684338997,-84.3808001,,,,,,,open,false,gps,gps,pecan,Carya illinoinensis,pecan,Plantae,67593
310082146,222e142d-ba12-4c41-9bb7-bccce542cb8d,2025-08-29 18:06:29,2025-08-29,2025-08-30 00:06:29 +0200,Eastern Time (US & Canada),7914687,rrai_ga,Russell P. Rai,2025-08-30 01:10:24 +0200,2025-08-31 06:18:33 +0200,needs_id,CC-BY,https://www.inaturalist.org/observations/310082146,https://inaturalist-open-data.s3.amazonaws.com/photos/559599644/medium.jpg,,"",,0,0,false,2,"Harris County, US-GA, US",32.8662293,-84.8544944,19,,,,19,,open,false,,,pecan,Carya illinoinensis,pecan,Plantae,67593
310121003,7e637269-2028-42e8-8f78-eb56c4c3d2bf,2025-08-26 15:52:22,2025-08-26,2025-08-26 21:52:22 +0200,Eastern Time (US & Canada),7490893,chargid,,2025-08-30 05:39:31 +0200,2025-08-30 14:47:18 +0200,research,CC-BY-NC,https://www.inaturalist.org/observations/310121003,https://inaturalist-open-data.s3.amazonaws.com/photos/559679429/medium.jpg,,"",,1,0,false,843,"Jefferson Rd, Athens, GA, US",33.9719671064,-83.4158201294,3,,,,3,,open,false,,,pecan,Carya illinoinensis,pecan,Plantae,67593
310287245,0c9c6d02-0b3f-40af-b28e-23e0fcca54d3,2025-08-30 16:42:03-03:00,2025-08-30,2025-08-30 21:42:03 +0200,Eastern Time (US & Canada),3305645,birchglen,,2025-08-30 21:44:28 +0200,2025-08-31 15:11:04 +0200,research,CC-BY-NC,https://www.inaturalist.org/observations/310287245,https://inaturalist-open-data.s3.amazonaws.com/photos/559991916/medium.jpg,,"","",2,0,false,3,"Park Ridge Ct, Evans, GA, US",33.5382870773,-82.1582180588,4414,,,,4414,,open,false,,,pecan,Carya illinoinensis,pecan,Plantae,67593
311072021,f37ef7f0-f027-44b9-b2af-c3579cf8d569,2025-09-02 13:27:11,2025-09-02,2025-09-02 19:27:11 +0200,Eastern Time (US & Canada),9704910,isabunnyy,,2025-09-02 19:51:35 +0200,2025-09-02 21:41:14 +0200,research,CC-BY-NC,https://www.inaturalist.org/observations/311072021,https://inaturalist-open-data.s3.amazonaws.com/photos/561503122/medium.jpg,,"",,2,0,false,843,"State St NW, Atlanta, GA, US",33.778690416,-84.3992460677,54,,,,54,,open,false,,,pecan,Carya illinoinensis,pecan,Plantae,67593
311466491,12aae03b-0778-4100-b927-9c206e9ef899,2025-09-04 08:53:41,2025-09-04,2025-09-04 14:53:41 +0200,Eastern Time (US & Canada),9713034,eflomberg,,2025-09-04 15:28:18 +0200,2025-09-04 15:43:24 +0200,needs_id,CC-BY-NC,https://www.inaturalist.org/observations/311466491,https://inaturalist-open-data.s3.amazonaws.com/photos/562260829/medium.jpg,,"",,1,0,false,843,"Ferst Dr NW, Atlanta, GA, US",33.7788089497,-84.3997707424,7,,,,7,,open,false,,,pecan,Carya illinoinensis,pecan,Plantae,67593
311466516,f6b8471d-78a7-4a6c-86a0-8744f5e35878,2025-09-04 09:16:33,2025-09-04,2025-09-04 15:16:33 +0200,Eastern Time (US & Canada),9713115,bpetronis3,,2025-09-04 15:28:24 +0200,2025-09-04 16:14:41 +0200,research,CC-BY-NC,https://www.inaturalist.org/observations/311466516,https://inaturalist-open-data.s3.amazonaws.com/photos/562260862/medium.jpg,,"",,2,0,false,843,"Ferst Dr NW, Atlanta, GA, US",33.7787167114,-84.3993683517,54,,,,54,,open,false,,,pecan,Carya illinoinensis,pecan,Plantae,67593
311513139,05243b0c-ce05-47c2-bfb4-3a4015c25512,2025-09-04 13:22:14,2025-09-04,2025-09-04 19:22:14 +0200,Eastern Time (US & Canada),9714401,ben_ness,Ben Ness,2025-09-04 19:24:09 +0200,2025-09-04 19:29:23 +0200,research,CC-BY-NC,https://www.inaturalist.org/observations/311513139,https://inaturalist-open-data.s3.amazonaws.com/photos/562349280/medium.jpg,,"",,2,0,false,843,"Ferst Dr NW, Atlanta, GA, US",33.7788254069,-84.400191391,6,,,,6,,open,false,,,pecan,Carya illinoinensis,pecan,Plantae,67593
311517210,9ea6894e-6aa1-48d7-ae65-8e289ed58b37,2025-09-04 13:05:58,2025-09-04,2025-09-04 19:05:58 +0200,Eastern Time (US & Canada),9712050,madeline72662,Madeline Weller,2025-09-04 19:43:21 +0200,2025-09-04 19:48:13 +0200,research,CC-BY-NC,https://www.inaturalist.org/observations/311517210,https://inaturalist-open-data.s3.amazonaws.com/photos/562356901/medium.jpg,,"",,1,0,false,843,"Ferst Dr NW, Atlanta, GA, US",33.778838202,-84.4003922336,2,,,,2,,open,false,,,pecan,Carya illinoinensis,pecan,Plantae,67593
311537501,df3564ed-aeb7-4cb3-a7f7-b1dcaa7ca613,2025-09-04 15:18:30,2025-09-04,2025-09-04 21:18:30 +0200,Eastern Time (US & Canada),1836950,kylebooth,kyle booth,2025-09-04 21:21:00 +0200,2025-09-05 02:46:45 +0200,research,,https://www.inaturalist.org/observations/311537501,https://static.inaturalist.org/photos/562395552/medium.jpg,,"",,3,0,false,2,"Peoplestown, Atlanta, GA, USA",33.7296722222,-84.3841166667,,,,,,,open,false,,,pecan,Carya illinoinensis,pecan,Plantae,67593
311548543,5946bd3f-ca52-405d-8c04-d811b6e71cdf,2025-09-04 16:13:45,2025-09-04,2025-09-04 22:13:45 +0200,Eastern Time (US & Canada),9715419,devin62604,Devin Wright,2025-09-04 22:14:28 +0200,2025-09-04 23:24:08 +0200,research,CC-BY-NC,https://www.inaturalist.org/observations/311548543,https://inaturalist-open-data.s3.amazonaws.com/photos/562415623/medium.jpg,,"",,1,0,false,2,"Georgia Tech, Atlanta, GA 30332, USA",33.7788703758,-84.4001081586,14,,,,14,,open,false,,,pecan,Carya illinoinensis,pecan,Plantae,67593
311802157,b59a5cc1-4b68-45b7-b50f-8cdbef665a7d,2025-09-05 18:23:47-04:00,2025-09-05,2025-09-06 00:23:47 +0200,Eastern Time (US & Canada),2663890,kingjenna,,2025-09-06 01:20:54 +0200,2025-09-06 01:21:01 +0200,needs_id,CC-BY-NC,https://www.inaturalist.org/observations/311802157,https://inaturalist-open-data.s3.amazonaws.com/photos/562891777/medium.jpg,,"","",0,0,false,3,"Simonton Bridge Rd, Watkinsville, GA, US",33.8725383333,-83.4025366667,36,,,,36,,open,false,,,"",Carya illinoinensis,pecan,Plantae,67593
311874105,429c3c1f-b5ee-4e4f-90ce-9edbbe2838be,2025-09-01 19:20:26,2025-09-01,2025-09-02 01:20:26 +0200,Eastern Time (US & Canada),7004362,micahmcd13,"",2025-09-06 10:50:05 +0200,2025-09-06 16:28:07 +0200,research,CC-BY-NC,https://www.inaturalist.org/observations/311874105,https://inaturalist-open-data.s3.amazonaws.com/photos/563032983/medium.jpg,,"",,1,0,false,2,"Warner Robins, GA, USA",32.5983471615,-83.6553646624,22,,,,22,,open,false,gps,gps,pecan,Carya illinoinensis,pecan,Plantae,67593
312090634,6bf97847-a5a3-4d1e-abb0-afc9b80fd8fe,2025-09-02 19:33:47-04:00,2025-09-02,2025-09-03 01:33:47 +0200,Eastern Time (US & Canada),1486066,naturewithgabe,Gabriel Andrle,2025-09-07 04:12:56 +0200,2025-09-07 14:39:46 +0200,research,CC-BY-NC,https://www.inaturalist.org/observations/312090634,https://inaturalist-open-data.s3.amazonaws.com/photos/563436511/medium.jpg,,"","",2,0,false,3,"Georgia Institute of Technology, Atlanta, GA, US",33.7789833333,-84.40033,7,,,,7,,open,false,,,pecan,Carya illinoinensis,pecan,Plantae,67593
312709680,acaddcb3-61bb-412f-84a7-e2b401a8cc73,2025-09-09 12:28:45,2025-09-09,2025-09-09 18:28:45 +0200,Eastern Time (US & Canada),959310,maybknot,May B Knot,2025-09-09 18:29:21 +0200,2025-09-09 18:29:41 +0200,needs_id,,https://www.inaturalist.org/observations/312709680,https://static.inaturalist.org/photos/564631172/medium.jpg,,"",,0,0,false,2,"Demorest, GA 30535, USA",34.5504695993,-83.54809148,1,,,,1,,open,false,,,pecan,Carya illinoinensis,pecan,Plantae,67593
313281312,34d36fd8-1095-427b-a285-a3398a5a92d0,2025-09-11 12:24:56,2025-09-11,2025-09-11 18:24:56 +0200,Eastern Time (US & Canada),7004362,micahmcd13,"",2025-09-12 09:24:02 +0200,2025-09-12 09:25:06 +0200,needs_id,CC-BY-NC,https://www.inaturalist.org/observations/313281312,https://inaturalist-open-data.s3.amazonaws.com/photos/565730560/medium.jpg,,"",,0,0,false,2,"Perry, GA, USA",32.5039854892,-83.6584334448,7,,,,7,,open,false,gps,gps,pecan,Carya illinoinensis,pecan,Plantae,67593
313392844,137745bd-45fa-447b-8ebf-1f1839ef69d8,2025-09-12 15:17:00,2025-09-12,2025-09-12 21:17:00 +0200,Eastern Time (US & Canada),8551412,gwmills,,2025-09-12 21:17:56 +0200,2025-09-12 21:17:57 +0200,needs_id,CC-BY-NC,https://www.inaturalist.org/observations/313392844,https://inaturalist-open-data.s3.amazonaws.com/photos/565938567/medium.jpg,,"",,0,0,false,843,"Old Norcross-Tucker Rd, Tucker, GA, US",33.8874678998,-84.2039856364,4,,,,4,,open,false,,,,Carya illinoinensis,pecan,Plantae,67593
313626708,6a853703-10d6-4e46-aec3-289e39417dc0,2025-08-02 10:00:48,2025-08-02,2025-08-02 16:00:48 +0200,Eastern Time (US & Canada),2116451,laurenbryantdavis,Lauren Bryant-Davis,2025-09-13 20:09:32 +0200,2025-09-19 17:28:18 +0200,research,,https://www.inaturalist.org/observations/313626708,https://static.inaturalist.org/photos/566382889/medium.jpg,,"",,2,0,false,2,"Conyers, GA, USA",33.6653785,-84.0179901,,,,,,,open,false,gps,gps,pecan,Carya illinoinensis,pecan,Plantae,67593
313935935,46493604-39bd-41ef-b024-3c77076ae1cb,2025-09-14 15:57:38-04:00,2025-09-14,2025-09-14 21:57:38 +0200,Eastern Time (US & Canada),9682439,lneal18,,2025-09-14 21:57:59 +0200,2025-09-14 22:25:58 +0200,needs_id,CC-BY-NC,https://www.inaturalist.org/observations/313935935,https://inaturalist-open-data.s3.amazonaws.com/photos/566972837/medium.jpg,,"","",0,0,false,3,"Allene Ave SW, Atlanta, GA, US",33.728414788,-84.413589127,33,,,,33,,open,false,,,"",Carya illinoinensis,pecan,Plantae,67593
315101478,5f7cc43a-6b8f-492e-a9ae-2b77c024e8b9,2025-09-19 17:12:14,2025-09-19,2025-09-19 23:12:14 +0200,Eastern Time (US & Canada),8414786,jake_the_sloth,Jake T,2025-09-19 23:29:21 +0200,2025-09-19 23:29:22 +0200,needs_id,,https://www.inaturalist.org/observations/315101478,https://static.inaturalist.org/photos/569193692/medium.jpg,,"",,0,0,false,843,"Indian Lake Dr, Moultrie, GA, US",31.2354683268,-83.7603595815,47,,,,47,,open,false,,,,Carya illinoinensis,pecan,Plantae,67593
316983515,183cdf41-4f7c-4c6a-9865-d915cfd2438b,2025-09-27 10:52:29,2025-09-27,2025-09-27 16:52:29 +0200,Eastern Time (US & Canada),8471064,kiss_of_nature,Kiss,2025-09-27 17:00:04 +0200,2025-09-27 17:00:05 +0200,needs_id,CC-BY-NC,https://www.inaturalist.org/observations/316983515,https://inaturalist-open-data.s3.amazonaws.com/photos/572747114/medium.jpg,,"",,0,0,false,843,"Gentilly Rd, Statesboro, GA, US",32.428592919,-81.7607412744,4,,,,4,,open,false,,,,Carya illinoinensis,pecan,Plantae,67593
317015084,233a61dd-f042-478c-a10f-a976d978bc73,2025-09-27 12:04:30,2025-09-27,2025-09-27 18:04:30 +0200,Eastern Time (US & Canada),8938789,kenzierose819,mackenzie,2025-09-27 18:57:51 +0200,2025-09-27 19:14:24 +0200,research,CC-BY-NC,https://www.inaturalist.org/observations/317015084,https://inaturalist-open-data.s3.amazonaws.com/photos/572803821/medium.jpg,,"",,1,0,false,843,"Griffin, GA, US",33.2810166667,-84.3757116667,29,,,,29,,open,false,,,pecan,Carya illinoinensis,pecan,Plantae,67593
317305015,fef04583-8529-4181-a9e1-a9f6cb7fd0df,2025-09-28 13:04:57,2025-09-28,2025-09-28 19:04:57 +0200,Eastern Time (US & Canada),7602996,yesidolikeplants,Zian Nash Rosales,2025-09-28 19:05:14 +0200,2025-09-28 19:22:25 +0200,research,,https://www.inaturalist.org/observations/317305015,https://static.inaturalist.org/photos/573351493/medium.jpg,,"",,1,0,false,843,"Derrydown Way, Decatur, GA, US",33.7701081975,-84.2804761056,32,,,,32,,open,false,,,pecan,Carya illinoinensis,pecan,Plantae,67593
317350549,a091daa6-cd13-4af6-8b34-7841da77bd2a,2025-09-28 13:32:07,2025-09-28,2025-09-28 19:32:07 +0200,Eastern Time (US & Canada),4014802,nonbinary-naturalist,Nonbinary-Naturalist,2025-09-28 21:45:51 +0200,2025-09-28 21:46:13 +0200,needs_id,CC0,https://www.inaturalist.org/observations/317350549,https://inaturalist-open-data.s3.amazonaws.com/photos/573436257/medium.jpg,,"",,0,0,false,2,"Windsor Forest, Savannah, GA, USA",31.9750536473,-81.1406502128,9,,,,9,,open,false,gps,gps,pecan,Carya illinoinensis,pecan,Plantae,67593
317527617,efeb6742-4afc-4e9e-97d1-22f261497270,2025-09-28 18:48:03,2025-09-28,2025-09-29 00:48:03 +0200,Eastern Time (US & Canada),8471064,kiss_of_nature,Kiss,2025-09-29 15:25:32 +0200,2025-09-29 15:25:33 +0200,needs_id,CC-BY-NC,https://www.inaturalist.org/observations/317527617,https://inaturalist-open-data.s3.amazonaws.com/photos/573780558/medium.jpg,,"",,0,0,false,843,"Green Gate Ct, Savannah, GA, US",32.0366438172,-81.14386742,35,,,,35,,open,false,,,,Carya illinoinensis,pecan,Plantae,67593
317606876,27cc6dac-464a-4bc7-8c5c-5a6c32b388aa,2025-09-29 12:08:44,2025-09-29,2025-09-29 18:08:44 +0200,Eastern Time (US & Canada),5268402,piedmontgrowing,"",2025-09-29 21:32:07 +0200,2025-09-29 21:32:32 +0200,needs_id,CC-BY-NC,https://www.inaturalist.org/observations/317606876,https://inaturalist-open-data.s3.amazonaws.com/photos/573929461/medium.jpg,,"",,0,0,false,2,"Woodland Hills, North Druid Hills, GA, USA",33.8094638889,-84.3426583333,,,,,,,open,false,gps,gps,pecan,Carya illinoinensis,pecan,Plantae,67593
317724177,93103abc-ab3a-4207-bce0-7a5395b21b35,2025/09/28 11:40 AM,2025-09-28,2025-09-28 17:40:00 +0200,Eastern Time (US & Canada),9820773,ddiaz21,David Diaz,2025-09-30 10:47:35 +0200,2025-10-02 23:44:29 +0200,needs_id,CC-BY-NC,https://www.inaturalist.org/observations/317724177,https://inaturalist-open-data.s3.amazonaws.com/photos/574155695/medium.jpg,,"",,0,0,false,,"Smyrna, GA, USA",33.876930435,-84.5165331313,5,,,,5,,open,false,,,Pecan,Carya illinoinensis,pecan,Plantae,67593
317724178,eaeccb56-8498-452a-8bb7-2abf6585ffc3,2025/09/28 11:31 AM,2025-09-28,2025-09-28 17:31:00 +0200,Eastern Time (US & Canada),9820773,ddiaz21,David Diaz,2025-09-30 10:47:35 +0200,2025-10-30 17:23:59 +0100,needs_id,CC-BY-NC,https://www.inaturalist.org/observations/317724178,https://inaturalist-open-data.s3.amazonaws.com/photos/586351264/medium.jpg,,"","Handful of good medium/large ripe nuts, most nuts are either not ripe yet or in the decorative ivy covering most of the ground underneath.",0,0,false,,"Smyrna, GA, USA",33.8784889165,-84.5172893261,5,,,,5,,open,false,,,Pecan,Carya illinoinensis,pecan,Plantae,67593
317724179,0903f57e-428f-483d-8a01-2f5336c24da3,2025/09/28 11:29 AM,2025-09-28,2025-09-28 17:29:00 +0200,Eastern Time (US & Canada),9820773,ddiaz21,David Diaz,2025-09-30 10:47:36 +0200,2025-10-02 23:27:09 +0200,needs_id,CC-BY-NC,https://www.inaturalist.org/observations/317724179,https://inaturalist-open-data.s3.amazonaws.com/photos/575216367/medium.jpg,,"",,0,0,false,,"Smyrna, GA, USA",33.877644966,-84.5177149089,10,,,,10,,open,false,,,Pecan,Carya illinoinensis,pecan,Plantae,67593
318117555,5e72fb52-d4e8-421f-b28c-3bb1b73d3b52,2025-10-01 14:18:43,2025-10-01,2025-10-01 20:18:43 +0200,Eastern Time (US & Canada),9503094,treb421,,2025-10-02 04:14:52 +0200,2025-10-02 04:14:53 +0200,needs_id,CC-BY-NC,https://www.inaturalist.org/observations/318117555,https://inaturalist-open-data.s3.amazonaws.com/photos/574906809/medium.jpg,,"",,0,0,false,843,"Red Top Beach Rd, Acworth, GA, US",34.1504603693,-84.7187064913,4,,,,4,,open,false,,,,Carya illinoinensis,pecan,Plantae,67593
318611362,1bd0165e-f253-42dc-aedd-70880e3485a9,2025-10-04 08:30:36-04:00,2025-10-04,2025-10-04 14:30:36 +0200,Eastern Time (US & Canada),764155,whatch11,Wes Hatch,2025-10-04 14:42:52 +0200,2026-04-28 20:53:40 +0200,research,,https://www.inaturalist.org/observations/318611362,https://static.inaturalist.org/photos/575857321/medium.jpg,,"","",1,0,false,3,"Freedom Park, Macon, GA, US",32.8494333333,-83.6762916667,5,,,,5,,open,false,,,pecan,Carya illinoinensis,pecan,Plantae,67593
318730077,f9549526-e5a4-469b-afb7-fdca5c726fef,2025-10-04 17:35:23,2025-10-04,2025-10-04 23:35:23 +0200,Eastern Time (US & Canada),9820773,ddiaz21,David Diaz,2025-10-04 23:36:54 +0200,2025-10-06 06:03:56 +0200,needs_id,CC-BY-NC,https://www.inaturalist.org/observations/318730077,https://inaturalist-open-data.s3.amazonaws.com/photos/576078414/medium.jpg,,"","Near road, others near building but much younger.",0,0,false,2,"Cobb County, US-GA, US",33.8963822102,-84.5390257984,8,,,,8,,open,false,gps,gps,pecan,Carya illinoinensis,pecan,Plantae,67593
319061091,83e50626-8692-4ee6-9485-7e7e18dc3c54,2025-10-05 12:56:10,2025-10-05,2025-10-05 18:56:10 +0200,Eastern Time (US & Canada),9820773,ddiaz21,David Diaz,2025-10-06 05:38:36 +0200,2025-10-06 06:06:20 +0200,needs_id,CC-BY-NC,https://www.inaturalist.org/observations/319061091,https://inaturalist-open-data.s3.amazonaws.com/photos/576713816/medium.jpg,,"",Near fence behind baseball field fence.,0,0,false,2,"Marietta, GA 30068, USA",33.9530668168,-84.4920298085,4,,,,4,,open,false,gps,gps,pecan,Carya illinoinensis,pecan,Plantae,67593
319061721,0dd7de09-347e-4ff1-b952-3f4d338f501d,2025-10-05 13:33:13,2025-10-05,2025-10-05 19:33:13 +0200,Eastern Time (US & Canada),9820773,ddiaz21,David Diaz,2025-10-06 05:42:54 +0200,2025-10-06 06:06:50 +0200,needs_id,CC-BY-NC,https://www.inaturalist.org/observations/319061721,https://inaturalist-open-data.s3.amazonaws.com/photos/576714916/medium.jpg,,"","3 trees, nuts seen pretty small compared to others I've seen.",0,0,false,2,"Marietta, GA, USA",33.97973881,-84.52291086,3,,,,3,,open,false,,,pecan,Carya illinoinensis,pecan,Plantae,67593
319061822,e905988a-237b-4594-9426-9312a8855f92,2025-10-05 13:45:58,2025-10-05,2025-10-05 19:45:58 +0200,Eastern Time (US & Canada),9820773,ddiaz21,David Diaz,2025-10-06 05:43:56 +0200,2025-11-17 23:35:01 +0100,needs_id,CC-BY-NC,https://www.inaturalist.org/observations/319061822,https://inaturalist-open-data.s3.amazonaws.com/photos/592389095/medium.jpg,,"","Large isolated tree with many small nuts, not ideal for eating.",0,0,false,2,"Marietta, GA, USA",33.9794036489,-84.5220685378,8,,,,8,,open,false,,,pecan,Carya illinoinensis,pecan,Plantae,67593
319457034,d4a3131d-e4f5-47fb-9780-3cbf28835e28,2025-10-07 19:00:06,2025-10-07,2025-10-08 01:00:06 +0200,Eastern Time (US & Canada),9820773,ddiaz21,David Diaz,2025-10-08 01:07:49 +0200,2025-10-08 12:55:00 +0200,needs_id,CC-BY-NC,https://www.inaturalist.org/observations/319457034,https://inaturalist-open-data.s3.amazonaws.com/photos/577468372/medium.jpg,,"","Quite hard to reach on account of the amount of grass, produces pretty small nuts, and judging from all the discarded shells on the path, the local deer like to eat them.",0,0,false,2,"Marietta, GA 30060, USA",33.9344508797,-84.5224135369,6,,,,6,,open,false,gps,gps,,Carya illinoinensis,pecan,Plantae,67593
319698459,cf87103b-ad28-4f54-ad1d-c7ebd0dcf7b7,2025-10-08 16:27:18,2025-10-08,2025-10-08 22:27:18 +0200,Eastern Time (US & Canada),9650945,aka_the_jochman,,2025-10-09 06:17:43 +0200,2025-10-09 15:47:08 +0200,research,CC-BY-NC,https://www.inaturalist.org/observations/319698459,https://inaturalist-open-data.s3.amazonaws.com/photos/577934289/medium.jpg,,"",,1,0,false,843,"E Campus Rd, Athens, GA, US",33.9417769316,-83.3707592555,5,,,,5,,open,false,,,pecan,Carya illinoinensis,pecan,Plantae,67593
319744240,22f7cc4a-d8ec-408f-a9b7-277ace9e4e90,Thu Oct 09 2025 08:13:37 GMT -0400 (EDT),2025-10-09,2025-10-09 14:13:37 +0200,Eastern Time (US & Canada),9550372,bkvitko,,2025-10-09 14:13:51 +0200,2025-10-09 14:14:07 +0200,needs_id,CC-BY-NC,https://www.inaturalist.org/observations/319744240,https://inaturalist-open-data.s3.amazonaws.com/photos/578024012/medium.jpg,,"",,0,0,false,333,Athens,33.9045372009,-83.4038619995,4,,,,4,,open,false,,,,Carya illinoinensis,pecan,Plantae,67593
319768510,1dbffa1c-53ee-4721-8f95-bb3c9d1d2a68,2025-10-09 10:14:41,2025-10-09,2025-10-09 16:14:41 +0200,Eastern Time (US & Canada),9820773,ddiaz21,David Diaz,2025-10-09 16:45:57 +0200,2025-10-09 16:46:25 +0200,needs_id,CC-BY-NC,https://www.inaturalist.org/observations/319768510,https://inaturalist-open-data.s3.amazonaws.com/photos/578070030/medium.jpg,,"","4 large and old trees in a flat park, seems to have many nuts that will be ripe soon.",0,0,false,2,"Cobb County, US-GA, US",33.9476087333,-84.5552773029,4,,,,4,,open,false,gps,gps,pecan,Carya illinoinensis,pecan,Plantae,67593
319768674,00fee413-2882-42ed-8d4a-69e85c599063,2025-10-09 10:33:39,2025-10-09,2025-10-09 16:33:39 +0200,Eastern Time (US & Canada),9820773,ddiaz21,David Diaz,2025-10-09 16:46:27 +0200,2025-10-09 16:48:31 +0200,research,CC-BY-NC,https://www.inaturalist.org/observations/319768674,https://inaturalist-open-data.s3.amazonaws.com/photos/578070196/medium.jpg,,"","At edge of parking lot nearest intersection, most nuts seem to be pretty small, but they aren't fully in season yet so the big ones might be taking longer to ripen.",1,0,false,2,"Cobb County, US-GA, US",33.9497722621,-84.550996162,5,,,,5,,open,false,gps,gps,pecan,Carya illinoinensis,pecan,Plantae,67593
319911167,0f415689-2fdf-4ba3-b84c-8b14dd32367f,2025-10-06 18:17:11,2025-10-06,2025-10-07 00:17:11 +0200,Eastern Time (US & Canada),7797050,bosfae22,,2025-10-10 09:25:04 +0200,2025-10-10 13:58:33 +0200,research,CC-BY-NC,https://www.inaturalist.org/observations/319911167,https://inaturalist-open-data.s3.amazonaws.com/photos/578343689/medium.jpg,,"",,1,0,false,843,"Church St, Clarkston, GA, US",33.8094316753,-84.2393679778,4,,,,4,,open,false,,,pecan,Carya illinoinensis,pecan,Plantae,67593
320231428,9a47c302-0fb9-4b93-a77b-403e9f197d15,2025-10-11 15:23:45,2025-10-11,2025-10-11 21:23:45 +0200,Eastern Time (US & Canada),9820773,ddiaz21,David Diaz,2025-10-11 21:25:26 +0200,2025-12-25 21:31:53 +0100,research,CC-BY-NC,https://www.inaturalist.org/observations/320231428,https://inaturalist-open-data.s3.amazonaws.com/photos/578956791/medium.jpg,,"",Large tree producing medium nuts next to trash area.,1,0,false,2,"Cobb County, US-GA, US",33.8827265674,-84.5131719857,5,,,,5,,open,false,,,pecan,Carya illinoinensis,pecan,Plantae,67593
320555082,95d8d165-e545-4a22-b02c-43a0a1d0cc4c,2025-09-19 15:37:02,2025-09-19,2025-09-19 21:37:02 +0200,Eastern Time (US & Canada),9739205,cynettea,,2025-10-13 03:44:24 +0200,2025-10-13 14:56:49 +0200,needs_id,CC-BY-NC,https://www.inaturalist.org/observations/320555082,https://inaturalist-open-data.s3.amazonaws.com/photos/579592348/medium.jpg,,"",,1,0,false,843,"Lake Dow Rd, McDonough, GA, US",33.4414649852,-84.1209916268,3,,,,3,,open,false,,,pecan,Carya illinoinensis,pecan,Plantae,67593
320662256,1f74ca09-3ed1-400d-a2ee-bc010a669f86,2025-10-13 11:35:08,2025-10-13,2025-10-13 17:35:08 +0200,Eastern Time (US & Canada),9820773,ddiaz21,David Diaz,2025-10-13 17:45:55 +0200,2025-10-13 17:46:07 +0200,needs_id,CC-BY-NC,https://www.inaturalist.org/observations/320662256,https://inaturalist-open-data.s3.amazonaws.com/photos/579802206/medium.jpg,,"","At corner of park behind benches, lots of old nuts and shells on leaves and pine straw.",0,0,false,2,"Marietta, GA, USA",33.9470369006,-84.5543227717,5,,,,5,,open,false,gps,gps,pecan,Carya illinoinensis,pecan,Plantae,67593
320694262,f014f5bb-4985-422e-9475-d40d46b0eb63,2025-10-13 14:30:30-04:00,2025-10-13,2025-10-13 20:30:30 +0200,Eastern Time (US & Canada),2784305,iamthebeth,,2025-10-13 20:37:19 +0200,2026-03-04 00:44:30 +0100,needs_id,CC-BY-NC,https://www.inaturalist.org/observations/320694262,https://inaturalist-open-data.s3.amazonaws.com/photos/621000918/medium.jpg,,"","",0,0,false,3,"Bay Creek Park, Loganville, GA, US",33.8852666478,-83.9235643655,4,,,,4,,open,false,,,"",Carya illinoinensis,pecan,Plantae,67593
320729032,e43390ae-925c-4b99-b086-3624c83a8081,2025-10-13 17:30:28,2025-10-13,2025-10-13 23:30:28 +0200,Eastern Time (US & Canada),9820773,ddiaz21,David Diaz,2025-10-13 23:33:34 +0200,2025-10-13 23:54:33 +0200,research,CC-BY-NC,https://www.inaturalist.org/observations/320729032,https://inaturalist-open-data.s3.amazonaws.com/photos/579935295/medium.jpg,,"",Two trees in corner of park.,1,0,false,2,"Cobb County, US-GA, US",33.8822364099,-84.508407712,5,,,,5,,open,false,gps,gps,pecan,Carya illinoinensis,pecan,Plantae,67593
320733021,a4a6b841-2214-4972-8f6f-c7459e142f73,2025-10-13 17:51:12,2025-10-13,2025-10-13 23:51:12 +0200,Eastern Time (US & Canada),9820773,ddiaz21,David Diaz,2025-10-13 23:53:07 +0200,2025-10-13 23:56:14 +0200,research,CC-BY-NC,https://www.inaturalist.org/observations/320733021,https://inaturalist-open-data.s3.amazonaws.com/photos/579943095/medium.jpg,,"",Directly next to the two big bushes.,1,0,false,2,"Cobb County, US-GA, US",33.8829820829,-84.5082927123,8,,,,8,,open,false,gps,gps,pecan,Carya illinoinensis,pecan,Plantae,67593
320773938,bcef9eed-3459-4fb7-84dd-2a0b8197df70,2025-09-23 13:08:45,2025-09-23,2025-09-23 19:08:45 +0200,Eastern Time (US & Canada),9732854,susanhy,,2025-10-14 04:04:34 +0200,2025-10-14 04:04:57 +0200,needs_id,CC-BY-NC,https://www.inaturalist.org/observations/320773938,https://inaturalist-open-data.s3.amazonaws.com/photos/580023881/medium.jpg,,"",All fruits appeared to be dropped,0,0,false,2,"Macon, GA 31210, USA",32.8652704677,-83.7002205849,1104,,,,1104,,open,false,gps,gps,pecan,Carya illinoinensis,pecan,Plantae,67593
320877795,d6d969e4-ad05-4f07-ad9c-d9c5c5625476,2025-10-14 12:55:39,2025-10-14,2025-10-14 18:55:39 +0200,Eastern Time (US & Canada),9682053,chevanease,Chevanease Stewart,2025-10-14 18:56:21 +0200,2025-10-14 19:00:45 +0200,needs_id,CC-BY-NC,https://www.inaturalist.org/observations/320877795,https://inaturalist-open-data.s3.amazonaws.com/photos/580227603/medium.jpg,,"",,0,0,false,2,"Stone Mountain, GA 30083, USA",33.7916872,-84.2341367,8,,,,8,,open,false,,,,Carya illinoinensis,pecan,Plantae,67593
321397067,83f73a92-d4b2-4828-b641-79568b899302,2025-10-17 08:42:24,2025-10-17,2025-10-17 14:42:24 +0200,Eastern Time (US & Canada),1364304,dship,,2025-10-17 14:43:35 +0200,2025-10-17 14:46:49 +0200,research,CC-BY-NC,https://www.inaturalist.org/observations/321397067,https://inaturalist-open-data.s3.amazonaws.com/photos/581249273/medium.jpg,,"",,1,0,false,843,"Dalney St NW, Atlanta, GA, US",33.7793581999,-84.3993529307,9,,,,9,,open,false,,,pecan,Carya illinoinensis,pecan,Plantae,67593
321911311,7d4c2605-9ddd-44b4-8fb8-1065cc5ac51c,2025-10-19 15:09:35-05:00,2025-10-19,2025-10-19 22:09:35 +0200,Eastern Time (US & Canada),8929295,aevarts,,2025-10-19 22:09:46 +0200,2025-10-19 22:13:07 +0200,needs_id,CC-BY-NC,https://www.inaturalist.org/observations/321911311,https://inaturalist-open-data.s3.amazonaws.com/photos/582244466/medium.jpg,,"","",0,0,false,3,"Eufaula National Wildlife Refuge, Omaha, GA, US",31.9936859733,-85.0528349077,4,,,,4,,open,false,,,"",Carya illinoinensis,pecan,Plantae,67593
321937434,a4b66953-d25a-46a6-b7b1-fea228bba90e,2025-10-19 18:15:31,2025-10-19,2025-10-20 00:15:31 +0200,Eastern Time (US & Canada),4133759,hummingbirdhhc,,2025-10-20 00:15:58 +0200,2025-11-26 21:09:58 +0100,research,CC-BY-NC,https://www.inaturalist.org/observations/321937434,https://inaturalist-open-data.s3.amazonaws.com/photos/582296365/medium.jpg,,"",,2,0,false,843,"Leslie St SE, Atlanta, GA, US",33.749364162,-84.3429145533,3,,,,3,,open,false,,,pecan,Carya illinoinensis,pecan,Plantae,67593
322042551,86f31d85-f23f-433e-bd51-3865b5e511f0,2025-10-17 16:06:25-04:00,2025-10-17,2025-10-17 22:06:25 +0200,Eastern Time (US & Canada),9673745,kshurns1,,2025-10-20 15:30:54 +0200,2025-10-20 15:31:04 +0200,needs_id,CC-BY-NC,https://www.inaturalist.org/observations/322042551,https://inaturalist-open-data.s3.amazonaws.com/photos/582510650/medium.jpg,,"","",0,0,false,3,"Houze Way, Roswell, GA, US",34.0518152342,-84.360504672,4,,,,4,,open,false,,,"",Carya illinoinensis,pecan,Plantae,67593
322045977,8138da78-ecc9-419a-b4b9-9073dc350b55,2025-10-20 09:52:11-04:00,2025-10-20,2025-10-20 15:52:11 +0200,Eastern Time (US & Canada),434671,liz78,Liz Murphy,2025-10-20 15:57:18 +0200,2026-01-06 15:52:22 +0100,needs_id,,https://www.inaturalist.org/observations/322045977,https://static.inaturalist.org/photos/598769820/medium.jpg,,"","",0,0,false,3,"Ronald Reagan Park, Lawrenceville, GA, US",33.89468,-84.0558028333,28,,,,28,,open,false,,,"",Carya illinoinensis,pecan,Plantae,67593
322065961,74a65d50-d71b-4936-ad92-9441d1ab38bb,2025-10-20 11:44:43,2025-10-20,2025-10-20 17:44:43 +0200,Eastern Time (US & Canada),9820773,ddiaz21,David Diaz,2025-10-20 18:07:33 +0200,2025-12-25 21:29:02 +0100,research,CC-BY-NC,https://www.inaturalist.org/observations/322065961,https://inaturalist-open-data.s3.amazonaws.com/photos/582556532/medium.jpg,,"","On side of road, no convenient parking so will need to park at gas station then walk about 2 minutes. Medium sized nuts with some that are smaller, but most are of a decent size.",1,0,false,2,"Cobb County, US-GA, US",33.943761026,-84.5421599597,5,,,,5,,open,false,gps,gps,pecan,Carya illinoinensis,pecan,Plantae,67593
322069511,955386bd-8466-4c05-a7e7-eabc71d820d3,2025-10-20 12:25:08,2025-10-20,2025-10-20 18:25:08 +0200,Eastern Time (US & Canada),9820773,ddiaz21,David Diaz,2025-10-20 18:26:58 +0200,2025-11-12 18:46:04 +0100,research,CC-BY-NC,https://www.inaturalist.org/observations/322069511,https://inaturalist-open-data.s3.amazonaws.com/photos/582563598/medium.jpg,,"","On the side of the road. Two trees right next to each other, one produces much larger nuts. Park at the gas station and walk a few minutes to harvest.",1,0,false,2,"Cobb County, US-GA, US",33.9437924558,-84.5426722616,4,,,,4,,open,false,gps,gps,pecan,Carya illinoinensis,pecan,Plantae,67593
322070306,cdbebed4-6a45-4fba-aa46-5e53cf42c396,2025-10-20 12:30:53,2025-10-20,2025-10-20 18:30:53 +0200,Eastern Time (US & Canada),9820773,ddiaz21,David Diaz,2025-10-20 18:32:33 +0200,2025-10-20 18:32:46 +0200,needs_id,CC-BY-NC,https://www.inaturalist.org/observations/322070306,https://inaturalist-open-data.s3.amazonaws.com/photos/582563721/medium.jpg,,"","On side of road, didn't find parking but will check again later, many nuts will likely fall on the road and be unreachable.",0,0,false,2,"Marietta, GA 30060, USA",33.9442536112,-84.5438849553,8,,,,8,,open,false,gps,gps,pecan,Carya illinoinensis,pecan,Plantae,67593
322073508,534a0d8e-c12b-480c-833d-933ca1f7f978,2025-10-20 12:50:59,2025-10-20,2025-10-20 18:50:59 +0200,Eastern Time (US & Canada),9820773,ddiaz21,David Diaz,2025-10-20 18:52:03 +0200,2025-10-20 20:36:59 +0200,research,CC-BY-NC,https://www.inaturalist.org/observations/322073508,https://inaturalist-open-data.s3.amazonaws.com/photos/582579175/medium.jpg,,"","On edge of street, very large husks for size of nut inside but all are of a good size.",1,0,false,2,"Atlanta St at Pearl St, Marietta, GA 30060, USA",33.94623755,-84.5475142,7,,,,7,,open,false,,,pecan,Carya illinoinensis,pecan,Plantae,67593
322233450,650de1cb-2522-4119-b08e-3bca537d4279,2025-10-21 10:18:22,2025-10-21,2025-10-21 16:18:22 +0200,Eastern Time (US & Canada),9772014,lauracecelia,Laura Loon :),2025-10-21 16:18:36 +0200,2025-10-21 16:18:38 +0200,needs_id,CC-BY-NC,https://www.inaturalist.org/observations/322233450,https://inaturalist-open-data.s3.amazonaws.com/photos/582890925/medium.jpg,,"",,0,0,false,843,"River Rd, Camilla, GA, US",31.3300976996,-84.222349953,4,,,,4,,open,false,,,,Carya illinoinensis,pecan,Plantae,67593
322316404,c1202b92-910f-407e-9e18-02a4ba83cbc5,2025-10-21 14:59:34-04:00,2025-10-21,2025-10-21 20:59:34 +0200,Eastern Time (US & Canada),9673731,tgriffin77,,2025-10-22 01:04:53 +0200,2025-10-22 01:19:17 +0200,research,CC-BY-NC,https://www.inaturalist.org/observations/322316404,https://inaturalist-open-data.s3.amazonaws.com/photos/583053120/medium.jpg,,"","",1,0,false,3,"Georgia State University - Perimeter College’s Clarkston Campus, Stone Mountain, GA, US",33.791605,-84.2340783333,9,,,,9,,open,false,,,pecan,Carya illinoinensis,pecan,Plantae,67593
322427839,41cb2b60-ee89-4a8c-adea-6a3fb039e312,2025-10-22 12:21:30,2025-10-22,2025-10-22 18:21:30 +0200,Eastern Time (US & Canada),9820773,ddiaz21,David Diaz,2025-10-22 18:27:30 +0200,2025-10-22 18:55:30 +0200,research,CC-BY-NC,https://www.inaturalist.org/observations/322427839,https://inaturalist-open-data.s3.amazonaws.com/photos/583282218/medium.jpg,,"",Near parking intersection in empty field.,1,0,false,2,"S Cobb Dr at Pearl St, Fair Oaks, GA 30008, USA",33.9359863687,-84.5453651994,7,,,,7,,open,false,gps,gps,pecan,Carya illinoinensis,pecan,Plantae,67593
322566515,11443521-9c72-40db-a3d8-8666e9fbf926,2025-10-21 10:19:09,2025-10-21,2025-10-21 16:19:09 +0200,Eastern Time (US & Canada),9772014,lauracecelia,Laura Loon :),2025-10-23 14:22:12 +0200,2025-10-28 18:46:24 +0100,research,CC-BY-NC,https://www.inaturalist.org/observations/322566515,https://inaturalist-open-data.s3.amazonaws.com/photos/583558307/medium.jpg,,"",,1,0,false,843,"River Rd, Camilla, GA, US",31.3300766564,-84.2223483469,4,,,,4,,open,false,,,pecan,Carya illinoinensis,pecan,Plantae,67593
322566540,88df6df2-a99d-40bf-8156-2daeb48510a4,2025-10-21 10:27:00,2025-10-21,2025-10-21 16:27:00 +0200,Eastern Time (US & Canada),9772014,lauracecelia,Laura Loon :),2025-10-23 14:22:29 +0200,2025-10-23 14:22:30 +0200,needs_id,CC-BY-NC,https://www.inaturalist.org/observations/322566540,https://inaturalist-open-data.s3.amazonaws.com/photos/583558348/medium.jpg,,"",,0,0,false,843,"River Rd, Camilla, GA, US",31.3309109537,-84.2225844786,3,,,,3,,open,false,,,,Carya illinoinensis,pecan,Plantae,67593
323501978,48dcc49d-c7ce-48f1-9358-139694390346,2025-10-21 09:41:22-04:00,2025-10-21,2025-10-21 15:41:22 +0200,Eastern Time (US & Canada),8439506,katiegriff,katie griffin,2025-10-27 19:27:20 +0100,2025-10-27 20:09:01 +0100,research,,https://www.inaturalist.org/observations/323501978,https://static.inaturalist.org/photos/585364709/medium.jpg,,"","",1,0,false,3,"Oak St SW, Atlanta, GA, US",33.7404633333,-84.4220116667,9,,,,9,,open,false,,,pecan,Carya illinoinensis,pecan,Plantae,67593
323693687,e8f7f1d9-1dfa-4485-ae45-6ce11672e8cd,2025-10-28 13:57:03,2025-10-28,2025-10-28 18:57:03 +0100,Eastern Time (US & Canada),9820773,ddiaz21,David Diaz,2025-10-28 19:19:40 +0100,2025-10-29 00:20:25 +0100,research,CC-BY-NC,https://www.inaturalist.org/observations/323693687,https://inaturalist-open-data.s3.amazonaws.com/photos/585745388/medium.jpg,,"","Next to sidewalk near road, hill has more nuts spread out, but sidewalk has them closer together",1,0,false,2,"S Marietta Pkwy at Whitlock Ave, Marietta, GA 30064, USA",33.9504661706,-84.5524606481,12,,,,12,,open,false,gps,gps,pecan,Carya illinoinensis,pecan,Plantae,67593
323694689,86373046-ad76-4476-814e-f4bb08e4fc84,2025-10-28 14:23:10,2025-10-28,2025-10-28 19:23:10 +0100,Eastern Time (US & Canada),9820773,ddiaz21,David Diaz,2025-10-28 19:25:52 +0100,2025-10-29 00:20:19 +0100,research,CC-BY-NC,https://www.inaturalist.org/observations/323694689,https://inaturalist-open-data.s3.amazonaws.com/photos/585745772/medium.jpg,,"","Not many nuts that are ripe yet and many seen in leaves, medium sized for ripe nuts. Next to chain link fence.",2,0,false,2,"S Marietta Pkwy at Crescent Cir, Marietta, GA 30064, USA",33.9496048333,-84.5527442917,6,,,,6,,open,false,gps,gps,pecan,Carya illinoinensis,pecan,Plantae,67593
323698503,485020f9-faa0-4b60-ae4d-bc306bf7873a,2025-10-28 14:30:01,2025-10-28,2025-10-28 19:30:01 +0100,Eastern Time (US & Canada),9820773,ddiaz21,David Diaz,2025-10-28 19:49:37 +0100,2025-10-29 00:20:06 +0100,research,CC-BY-NC,https://www.inaturalist.org/observations/323698503,https://inaturalist-open-data.s3.amazonaws.com/photos/585755753/medium.jpg,,"","Large, old tree producing many medium/large nuts in back church parking lot. Little to no nuts in tree so most have likely already dropped.",1,0,false,2,"S Marietta Pkwy at Roswell Street, Marietta, GA 30064, USA",33.9534425426,-84.5541450754,11,,,,11,,open,false,gps,gps,pecan,Carya illinoinensis,pecan,Plantae,67593
323699740,b1c2d6fa-d7c2-436f-8494-2217efa3a441,2025-10-28 14:55:11,2025-10-28,2025-10-28 19:55:11 +0100,Eastern Time (US & Canada),9820773,ddiaz21,David Diaz,2025-10-28 19:57:20 +0100,2025-10-29 00:20:13 +0100,research,CC-BY-NC,https://www.inaturalist.org/observations/323699740,https://inaturalist-open-data.s3.amazonaws.com/photos/585811439/medium.jpg,,"","Large, old tree producing many large ripe nuts in rear church parking lot with many more nuts still in tree to come.",1,0,false,2,"S Marietta Pkwy at Roswell Street, Marietta, GA 30064, USA",33.9535345966,-84.5544072613,4,,,,4,,open,false,gps,gps,pecan,Carya illinoinensis,pecan,Plantae,67593
323994568,9d890f31-6947-4a83-8c2c-eb4137f2a3c4,2025-10-30 11:22:10,2025-10-30,2025-10-30 16:22:10 +0100,Eastern Time (US & Canada),9820773,ddiaz21,David Diaz,2025-10-30 16:30:03 +0100,2025-11-01 20:04:01 +0100,research,CC-BY-NC,https://www.inaturalist.org/observations/323994568,https://inaturalist-open-data.s3.amazonaws.com/photos/586335205/medium.jpg,,"","Many medium long and thin peanut shaped ripe nuts, many more in tree nearly ripe.",1,0,false,2,"Smyrna, GA 30080, USA",33.878527,-84.51759311,7,,,,7,,open,false,,,pecan,Carya illinoinensis,pecan,Plantae,67593
324002709,2ddca893-77b1-4aec-81ab-d456839113a4,2025-10-30 11:47:48,2025-10-30,2025-10-30 16:47:48 +0100,Eastern Time (US & Canada),9820773,ddiaz21,David Diaz,2025-10-30 17:23:21 +0100,2026-01-02 16:00:58 +0100,research,CC-BY-NC,https://www.inaturalist.org/observations/324002709,https://inaturalist-open-data.s3.amazonaws.com/photos/586351132/medium.jpg,,"",,1,0,false,2,"Village Green, Smyrna, GA 30080, USA",33.8845574661,-84.5172985643,27,,,,27,,open,false,gps,gps,pecan,Carya illinoinensis,pecan,Plantae,67593
324002985,4f583e6d-06be-40d4-a829-adb59569d282,2025-10-30 12:18:55,2025-10-30,2025-10-30 17:18:55 +0100,Eastern Time (US & Canada),9820773,ddiaz21,David Diaz,2025-10-30 17:25:23 +0100,2025-11-09 20:14:09 +0100,research,CC-BY-NC,https://www.inaturalist.org/observations/324002985,https://inaturalist-open-data.s3.amazonaws.com/photos/589800757/medium.jpg,,"","Large, very old tree in the middle of town producing many huge ripe nuts with many more in the leaves ready soon.",1,0,false,2,"Village Green, Smyrna, GA 30080, USA",33.8842972237,-84.5165887848,8,,,,8,,open,false,gps,gps,pecan,Carya illinoinensis,pecan,Plantae,67593
324206284,082e049c-806d-40b6-a6de-a5c1dfbd4ec9,Fri Oct 31 2025 15:39:39 GMT -0400 (EDT),2025-10-31,2025-10-31 20:39:39 +0100,Eastern Time (US & Canada),4915289,alexgray32,"",2025-10-31 20:39:41 +0100,2025-11-09 20:48:05 +0100,research,CC-BY-NC,https://www.inaturalist.org/observations/324206284,https://inaturalist-open-data.s3.amazonaws.com/photos/589827602/medium.jpg,,"",,1,0,false,333,Atlanta,33.76404953,-84.3564529419,5,,,,5,,open,false,,,pecan,Carya illinoinensis,pecan,Plantae,67593
324222078,5ce54c37-cbd7-4230-a07a-13d0789453f1,2025-10-19 14:46:17,2025-10-19,2025-10-19 20:46:17 +0200,Eastern Time (US & Canada),9650945,aka_the_jochman,,2025-10-31 22:32:00 +0100,2025-11-16 16:18:20 +0100,research,CC-BY-NC,https://www.inaturalist.org/observations/324222078,https://inaturalist-open-data.s3.amazonaws.com/photos/586789356/medium.jpg,,"",,1,0,false,843,"Lyndon Ave, Athens, GA, US",33.9637297299,-83.3905382641,6,,,,6,,open,false,,,pecan,Carya illinoinensis,pecan,Plantae,67593
324222093,84d0a041-46d6-4e5e-9a7a-0bd317e6e1f9,2025-10-19 14:49:17,2025-10-19,2025-10-19 20:49:17 +0200,Eastern Time (US & Canada),9650945,aka_the_jochman,,2025-10-31 22:32:13 +0100,2025-10-31 22:32:14 +0100,needs_id,CC-BY-NC,https://www.inaturalist.org/observations/324222093,https://inaturalist-open-data.s3.amazonaws.com/photos/586789404/medium.jpg,,"",,0,0,false,843,"Dubose Ave, Athens, GA, US",33.963501323,-83.3900837974,3,,,,3,,open,false,,,,Carya illinoinensis,pecan,Plantae,67593
324247267,4fc33ade-e566-4861-a2cf-a182d2fb386d,2025-08-04 19:45:20,2025-08-04,2025-08-05 01:45:20 +0200,Eastern Time (US & Canada),9924761,okra64,Patricia W Beach,2025-11-01 02:17:31 +0100,2025-11-01 02:17:32 +0100,needs_id,CC-BY-NC,https://www.inaturalist.org/observations/324247267,https://inaturalist-open-data.s3.amazonaws.com/photos/586840305/medium.jpg,,"",,0,0,false,843,"Glenwood Dr, Thomasville, GA, US",30.8494006237,-83.9746953082,8,,,,8,,open,false,,,,Carya illinoinensis,pecan,Plantae,67593
324253903,466075fb-397f-4b44-a9de-d4187958b5d8,2025-10-31 15:45:09,2025-10-31,2025-10-31 20:45:09 +0100,Eastern Time (US & Canada),9815928,bing84853,Bing xue,2025-11-01 03:24:22 +0100,2025-11-01 17:22:17 +0100,research,CC-BY-NC,https://www.inaturalist.org/observations/324253903,https://inaturalist-open-data.s3.amazonaws.com/photos/586854700/medium.jpg,,"",,1,0,false,843,"Haygood Ave, Oxford, GA, US",33.6202716667,-83.8684533333,4,,,,4,,open,false,,,pecan,Carya illinoinensis,pecan,Plantae,67593
324253918,45e22628-b206-4676-9ca9-756b08b0369e,2025-10-31 15:45:37,2025-10-31,2025-10-31 20:45:37 +0100,Eastern Time (US & Canada),9815928,bing84853,Bing xue,2025-11-01 03:24:34 +0100,2025-11-01 03:24:34 +0100,needs_id,CC-BY-NC,https://www.inaturalist.org/observations/324253918,https://inaturalist-open-data.s3.amazonaws.com/photos/586854740/medium.jpg,,"",,0,0,false,843,"Haygood Ave, Oxford, GA, US",33.62027,-83.8683866667,4,,,,4,,open,false,,,,Carya illinoinensis,pecan,Plantae,67593
324598437,63edaad9-18d5-4294-8968-f4c6536a3522,2025/11/01 3:48 PM,2025-11-01,2025-11-01 20:48:00 +0100,Eastern Time (US & Canada),5875992,rwoodel,Rosemary Woodel,2025-11-02 23:05:43 +0100,2026-03-08 06:22:58 +0100,research,CC-BY-NC,https://www.inaturalist.org/observations/324598437,https://inaturalist-open-data.s3.amazonaws.com/photos/587541752/medium.jpg,,"",Another view attached.  This is a small volunteer.  We have no planted nut trees on the grounds of Wesley Woods.,1,0,false,,"Athens, GA, USA",33.9452029697,-83.4120249962,122,,,,122,,open,false,,,pecan,Carya illinoinensis,pecan,Plantae,67593
325216567,73f2c85b-3808-45ef-a85f-1e919f9f87a8,2025-10-24 10:35:14,2025-10-24,2025-10-24 16:35:14 +0200,Eastern Time (US & Canada),9834343,gmccallum,,2025-11-06 19:09:24 +0100,2025-11-06 19:12:21 +0100,research,CC-BY-NC,https://www.inaturalist.org/observations/325216567,https://inaturalist-open-data.s3.amazonaws.com/photos/588781195/medium.jpg,,"",,1,0,false,843,"Ferst Dr NW, Atlanta, GA, US",33.7792101484,-84.4001452124,31,,,,31,,open,false,,,pecan,Carya illinoinensis,pecan,Plantae,67593
325250663,439186af-96ea-46cf-8e62-10876a554100,2025-11-06 17:26:15,2025-11-06,2025-11-06 23:26:15 +0100,Eastern Time (US & Canada),1024524,toad-underhill,Cat Ordway,2025-11-06 23:26:30 +0100,2025-11-07 00:10:00 +0100,research,CC-BY-NC,https://www.inaturalist.org/observations/325250663,https://inaturalist-open-data.s3.amazonaws.com/photos/588847481/medium.jpg,,"",,1,0,false,2,"Polar Rock Ter @ Polar Rock Rd, Atlanta, GA 30315, USA",33.69414258,-84.39343193,9,,,,9,,open,false,,,pecan,Carya illinoinensis,pecan,Plantae,67593
325385539,946801a1-0556-4345-8972-169971aee481,2025-11-07 15:51:18,2025-11-07,2025-11-07 21:51:18 +0100,Eastern Time (US & Canada),8027372,kluh,kluh,2025-11-07 21:54:56 +0100,2026-07-28 13:26:50 +0200,research,,https://www.inaturalist.org/observations/325385539,https://static.inaturalist.org/photos/596461320/medium.jpg,,"","",1,0,false,843,"Houston County, US-GA, US",32.6406192354,-83.617744007,8,,,,8,,open,false,,"",pecan,Carya illinoinensis,pecan,Plantae,67593
325527901,f19ef885-98ba-4c58-89b0-d2ba58961f88,2025-11-08 12:45:55,2025-11-08,2025-11-08 18:45:55 +0100,Eastern Time (US & Canada),1988546,kafman,Chris,2025-11-08 18:54:17 +0100,2025-11-08 19:50:47 +0100,research,,https://www.inaturalist.org/observations/325527901,https://inaturalist-open-data.s3.amazonaws.com/photos/589405160/medium.jpg,,"",,1,0,false,2,"Winder, GA 30680, USA",34.0357255,-83.5844591,27,,,,27,,open,false,,,pecan,Carya illinoinensis,pecan,Plantae,67593
326480156,632ff87d-0527-4ff8-8b6d-9d524d076bf4,2025-11-14 10:48:10,2025-11-14,2025-11-14 16:48:10 +0100,Eastern Time (US & Canada),245437,aliyaingersoll,Aliya Ingersoll,2025-11-14 16:50:46 +0100,2025-11-26 21:19:45 +0100,research,,https://www.inaturalist.org/observations/326480156,https://static.inaturalist.org/photos/591299177/medium.jpg,,"",,2,0,false,2,"Candler Park, Atlanta, GA 30307, USA",33.7649969599,-84.342863851,10,,,,10,,open,false,,,pecan,Carya illinoinensis,pecan,Plantae,67593
326693785,9331596b-ccec-430e-b5f4-8cd82288fde0,2025-11-15 17:39:15,2025-11-15,2025-11-15 23:39:15 +0100,Eastern Time (US & Canada),9464517,punkbotany,jamie,2025-11-15 23:49:49 +0100,2025-11-15 23:50:00 +0100,needs_id,CC-BY-NC,https://www.inaturalist.org/observations/326693785,https://inaturalist-open-data.s3.amazonaws.com/photos/591727381/medium.jpg,,"",what's left of the last pecan,0,0,false,2,"Little St Simons Island, GA 31522, USA",31.2699555551,-81.2974192947,1374,,,,1374,,open,false,gps,gps,pecan,Carya illinoinensis,pecan,Plantae,67593
326867655,d4095d18-49d8-430f-bf11-0eb894e0a01f,2025-11-04 17:46:27,2025-11-04,2025-11-04 23:46:27 +0100,Eastern Time (US & Canada),7797050,bosfae22,,2025-11-16 23:31:50 +0100,2025-11-16 23:31:52 +0100,needs_id,CC-BY-NC,https://www.inaturalist.org/observations/326867655,https://inaturalist-open-data.s3.amazonaws.com/photos/592073444/medium.jpg,,"",,0,0,false,843,"Rogers St, Clarkston, GA, US",33.8126743399,-84.2363569514,8,,,,8,,open,false,,,,Carya illinoinensis,pecan,Plantae,67593
327453568,2f0e9d45-3fb9-4926-bb7b-ecddd4640039,2025-11-20 15:13:14-05:00,2025-11-20,2025-11-20 21:13:14 +0100,Eastern Time (US & Canada),764155,whatch11,Wes Hatch,2025-11-21 03:10:41 +0100,2025-11-21 14:47:33 +0100,research,,https://www.inaturalist.org/observations/327453568,https://static.inaturalist.org/photos/593245328/medium.jpg,,"","",2,0,false,3,"Freedom Park, Atlanta, GA, US",33.7733133333,-84.3597033333,9,,,,9,,open,false,,,pecan,Carya illinoinensis,pecan,Plantae,67593
327454609,b95b930e-536b-40bf-8d4a-5481429e8abe,2025-11-20 14:52:40-05:00,2025-11-20,2025-11-20 20:52:40 +0100,Eastern Time (US & Canada),764155,whatch11,Wes Hatch,2025-11-21 03:20:50 +0100,2025-11-21 14:44:04 +0100,research,,https://www.inaturalist.org/observations/327454609,https://static.inaturalist.org/photos/593247331/medium.jpg,,"","",1,0,false,3,"Freedom Park, Atlanta, GA, US",33.7691416667,-84.3576716667,12,,,,12,,open,false,,,pecan,Carya illinoinensis,pecan,Plantae,67593
328381101,b85c188d-9f16-476b-a4f7-3eb7765b51e6,2025-11-26 13:37:42,2025-11-26,2025-11-26 19:37:42 +0100,Eastern Time (US & Canada),8471064,kiss_of_nature,Kiss,2025-11-26 20:29:38 +0100,2026-03-11 02:19:45 +0100,needs_id,CC-BY-NC,https://www.inaturalist.org/observations/328381101,https://inaturalist-open-data.s3.amazonaws.com/photos/595034048/medium.jpg,,"",,1,0,false,843,"Chatham County, US-GA, US",32.0386940234,-81.147207918,52,,,,52,,open,false,,,pecan,Carya illinoinensis,pecan,Plantae,67593
328391644,e3291cdd-a737-4339-b745-3d7c819ba368,2025-08-18 20:11:11,2025-08-18,2025-08-19 02:11:11 +0200,Eastern Time (US & Canada),9620640,dackottagleffe,,2025-11-26 21:47:00 +0100,2025-11-28 21:39:24 +0100,research,CC-BY-NC,https://www.inaturalist.org/observations/328391644,https://inaturalist-open-data.s3.amazonaws.com/photos/595055996/medium.jpg,,"",,1,0,false,843,"T Johnson Rd NE, Ranger, GA, US",34.5860416667,-84.7504416667,17,,,,17,,open,false,,,pecan,Carya illinoinensis,pecan,Plantae,67593
328486476,c0382bee-88b6-4276-b2b1-fa2139003110,2025-11-27 09:29:10,2025-11-27,2025-11-27 15:29:10 +0100,Eastern Time (US & Canada),8654126,legarebutler,,2025-11-27 15:30:30 +0100,2025-11-27 15:43:22 +0100,needs_id,CC-BY-NC,https://www.inaturalist.org/observations/328486476,https://inaturalist-open-data.s3.amazonaws.com/photos/595254245/medium.jpg,,"",,0,0,false,843,"W Gaston St, Savannah, GA, US",32.0689026081,-81.0947170322,3,,,,3,,open,false,,,,Carya illinoinensis,pecan,Plantae,67593
328993791,652f3713-bde6-434e-aa2a-5643e23ccb9f,2025-11-16 16:01:03,2025-11-16,2025-11-16 22:01:03 +0100,Eastern Time (US & Canada),9895394,b11804,B B,2025-12-01 01:18:57 +0100,2025-12-02 00:34:39 +0100,needs_id,CC-BY-NC,https://www.inaturalist.org/observations/328993791,https://inaturalist-open-data.s3.amazonaws.com/photos/596274566/medium.jpg,,"",,1,0,false,843,"Jackson Rd, Ivey, GA, US",32.9115259374,-83.2874964381,54,,,,54,,open,false,,,pecan,Carya illinoinensis,pecan,Plantae,67593
330234904,5ec75dfb-7faf-429a-b156-3032cc509ffe,2025-12-07 14:12:53,2025-12-07,2025-12-07 20:12:53 +0100,Eastern Time (US & Canada),7127955,druidofthepaw,,2025-12-10 16:53:26 +0100,2025-12-11 02:57:22 +0100,research,CC-BY-NC,https://www.inaturalist.org/observations/330234904,https://inaturalist-open-data.s3.amazonaws.com/photos/598781177/medium.jpg,,"",,2,0,false,843,"Wyman St SE, Atlanta, GA, US",33.7502666667,-84.33338,9,,,,9,,open,false,,,pecan,Carya illinoinensis,pecan,Plantae,67593
331871123,1d395bfd-c161-488b-b125-ab10f20f726f,2025-12-23 15:40:16,2025-12-23,2025-12-23 21:40:16 +0100,Eastern Time (US & Canada),7602996,yesidolikeplants,Zian Nash Rosales,2025-12-24 02:56:36 +0100,2025-12-24 15:19:28 +0100,research,,https://www.inaturalist.org/observations/331871123,https://static.inaturalist.org/photos/602146185/medium.jpg,,"",,1,0,false,843,"Dekalb Ave NE, Atlanta, GA, US",33.7624736986,-84.3335022812,17,,,,17,,open,false,,,pecan,Carya illinoinensis,pecan,Plantae,67593
332300032,c6147079-e604-451a-8334-4eba4b0a938a,2025-12-27 11:20:49-05:00,2025-12-27,2025-12-27 17:20:49 +0100,Eastern Time (US & Canada),1696163,kewoodward,,2025-12-27 17:20:56 +0100,2025-12-29 05:41:20 +0100,research,CC-BY-NC,https://www.inaturalist.org/observations/332300032,https://inaturalist-open-data.s3.amazonaws.com/photos/603027559/medium.jpg,,"","",2,0,false,3,"S Broad St SW, Rome, GA, US",34.2507883301,-85.176668102,3,,,,3,,open,false,,,pecan,Carya illinoinensis,pecan,Plantae,67593
333034998,45c04b4e-38d7-4dbc-9391-7c1faa587007,2026-01-01 13:40:15,2026-01-01,2026-01-01 19:40:15 +0100,Eastern Time (US & Canada),3092377,michellestevens,Michelle Stevens Krug,2026-01-01 19:43:32 +0100,2026-01-06 15:15:15 +0100,research,,https://www.inaturalist.org/observations/333034998,https://static.inaturalist.org/photos/604548149/medium.jpg,,"",,2,0,false,2,"Hartwell, GA 30643, USA",34.3591175,-82.8627105,76,,,,76,,open,false,,,pecan,Carya illinoinensis,pecan,Plantae,67593
334945822,43545a96-3e37-4556-b254-bb6c89f47dcd,2026-01-16 08:41:34-05:00,2026-01-16,2026-01-16 14:41:34 +0100,Eastern Time (US & Canada),10063084,dn93902,DN Nguyen,2026-01-16 14:41:59 +0100,2026-01-16 15:21:10 +0100,needs_id,CC-BY-NC,https://www.inaturalist.org/observations/334945822,https://inaturalist-open-data.s3.amazonaws.com/photos/608376279/medium.jpg,,"","",0,0,false,3,"Pinecrest Dr, Morrow, GA, US",33.5783723453,-84.3271153014,9,,,,9,,open,false,,,hickories,Carya illinoinensis,pecan,Plantae,67593
335751647,146c23cd-d522-4871-81a7-f3935c9c5166,2018-07-11 10:46:59,2018-07-11,2018-07-11 16:46:59 +0200,Eastern Time (US & Canada),703773,lincolndurey,Lincoln Durey,2026-01-22 22:01:00 +0100,2026-01-22 22:01:12 +0100,needs_id,CC-BY,https://www.inaturalist.org/observations/335751647,https://static.inaturalist.org/photos/610004343/medium.jpg,,"",https://www.inaturalist.org/projects/mockingbird-trail-park,0,0,false,2,"Austell, GA 30106, USA",33.8540110007,-84.5720934123,4,,,,4,,open,false,gps,gps,pecan,Carya illinoinensis,pecan,Plantae,67593
338074806,4732b786-40be-4123-9247-b0fba98eebec,2025-11-07 15:59:41,2025-11-07,2025-11-07 21:59:41 +0100,Eastern Time (US & Canada),2768296,hakie,,2026-02-10 15:10:51 +0100,2026-02-10 15:11:05 +0100,needs_id,CC-BY-NC-SA,https://www.inaturalist.org/observations/338074806,https://inaturalist-open-data.s3.amazonaws.com/photos/614726677/medium.jpg,,"",,0,0,false,843,"Canton St, Roswell, GA, US",34.0260350376,-84.361056142,10,,,,10,,open,false,,,,Carya illinoinensis,pecan,Plantae,67593
339338332,48b3d296-9e7b-42ca-99e2-1c246b075822,2026-02-19 11:45:53,2026-02-19,2026-02-19 17:45:53 +0100,Eastern Time (US & Canada),4014802,nonbinary-naturalist,Nonbinary-Naturalist,2026-02-19 21:43:10 +0100,2026-02-19 21:43:26 +0100,needs_id,CC0,https://www.inaturalist.org/observations/339338332,https://inaturalist-open-data.s3.amazonaws.com/photos/617285377/medium.jpg,,"",,0,0,false,2,Coastal Georgia Botanical Gardens at the Historic Bamboo Farm,31.9984798711,-81.269858256,241,,,,241,,open,false,gps,gps,pecan,Carya illinoinensis,pecan,Plantae,67593
340632637,b633c041-f50b-4f43-8360-a1fafed9d50c,2026-02-28 13:42:39-05:00,2026-02-28,2026-02-28 19:42:39 +0100,Eastern Time (US & Canada),284061,dog,,2026-02-28 19:43:03 +0100,2026-02-28 21:23:58 +0100,research,CC-BY-NC,https://www.inaturalist.org/observations/340632637,https://inaturalist-open-data.s3.amazonaws.com/photos/619916552/medium.jpg,,"","",2,0,false,3,"Freedom Park, Atlanta, GA, US",33.7676713331,-84.3558258405,18,,,,18,,open,false,,,pecan,Carya illinoinensis,pecan,Plantae,67593
342472240,0862b544-0816-4822-b805-c8e89b951464,2026-03-11 16:13:06,2026-03-11,2026-03-11 21:13:06 +0100,Eastern Time (US & Canada),10059791,annashelton420,,2026-03-11 21:14:36 +0100,2026-03-11 21:14:38 +0100,needs_id,CC-BY-NC,https://www.inaturalist.org/observations/342472240,https://inaturalist-open-data.s3.amazonaws.com/photos/623666260/medium.jpg,,"",,0,0,false,843,"S Pleasant Hill Rd, Warner Robins, GA, US",32.6049812813,-83.6213499267,6,,,,6,,open,false,,,,Carya illinoinensis,pecan,Plantae,67593
342665646,3174197a-d3db-4438-bdbc-235c3ef5e50a,2026-03-12 20:53:39-04:00,2026-03-12,2026-03-13 01:53:39 +0100,Eastern Time (US & Canada),10062862,shadman1122x,,2026-03-13 01:54:09 +0100,2026-03-13 13:40:05 +0100,needs_id,CC-BY-NC,https://www.inaturalist.org/observations/342665646,https://inaturalist-open-data.s3.amazonaws.com/photos/624056574/medium.jpg,,"","",0,0,false,3,"Georgia State University - Perimeter College’s Clarkston Campus, Clarkston, GA, US",33.7944345233,-84.2337088258,8,,,,8,,open,false,,,Dicots,Carya illinoinensis,pecan,Plantae,67593
342738418,49886cc5-3bb4-4f1d-a0fc-bb871b6f1c81,2026-03-11 11:27:40-04:00,2026-03-11,2026-03-11 16:27:40 +0100,Eastern Time (US & Canada),10062919,bethany_j,,2026-03-13 15:01:00 +0100,2026-03-13 23:54:37 +0100,needs_id,CC-BY-NC,https://www.inaturalist.org/observations/342738418,https://inaturalist-open-data.s3.amazonaws.com/photos/624189216/medium.jpg,,"","",0,0,false,3,"Georgia State University - Perimeter College’s Clarkston Campus, Clarkston, GA, US",33.7946133333,-84.2345116667,5,,,,5,,open,false,,,"",Carya illinoinensis,pecan,Plantae,67593
342794361,b223fb36-295d-4394-91b2-87a03af2762f,2026-03-13 12:42:57-04:00,2026-03-13,2026-03-13 17:42:57 +0100,Eastern Time (US & Canada),10062919,bethany_j,,2026-03-13 21:48:44 +0100,2026-03-13 21:49:11 +0100,needs_id,CC-BY-NC,https://www.inaturalist.org/observations/342794361,https://inaturalist-open-data.s3.amazonaws.com/photos/624299808/medium.jpg,,"","",0,0,false,3,"Main St, Stone Mountain, GA, US",33.806145,-84.1708833333,4,,,,4,,open,false,,,"",Carya illinoinensis,pecan,Plantae,67593
343171979,a09694d1-750d-4e49-96ac-18040e518790,2025-05-13 16:09:27,2025-05-13,2025-05-13 22:09:27 +0200,Eastern Time (US & Canada),54550,david_gardner,David Gardner,2026-03-15 20:24:56 +0100,2026-03-15 20:24:56 +0100,needs_id,CC-BY-NC,https://www.inaturalist.org/observations/343171979,https://inaturalist-open-data.s3.amazonaws.com/photos/625060185/medium.jpg,,"",,0,0,false,843,"Holiday Ct, Augusta, GA, US",33.5103082525,-82.1212548787,3,,,,3,,open,false,,,,Carya illinoinensis,pecan,Plantae,67593
343859447,d66f2bc7-91f8-4d75-be64-08a29c6a3eca,Thu Mar 19 2026 16:04:52 GMT -0400 (EDT),2026-03-19,2026-03-19 21:04:52 +0100,Eastern Time (US & Canada),10159222,ivalera,,2026-03-19 21:05:02 +0100,2026-03-21 20:19:15 +0100,needs_id,CC-BY-NC,https://www.inaturalist.org/observations/343859447,https://inaturalist-open-data.s3.amazonaws.com/photos/627205587/medium.jpg,,"",,0,0,false,333,Lookout Mountain,34.9744758606,-85.3487548828,6,,,,6,,open,false,,,,Carya illinoinensis,pecan,Plantae,67593
346657640,ccc8e18b-093f-4588-a726-cba786cf38f6,2026-04-01 03:32:54,2026-04-01,2026-04-01 09:32:54 +0200,Eastern Time (US & Canada),8277420,guidemb,Matt Boyle,2026-04-01 22:50:47 +0200,2026-04-01 22:50:52 +0200,needs_id,,https://www.inaturalist.org/observations/346657640,https://static.inaturalist.org/photos/631938893/medium.jpg,,"",,0,0,false,2,"Fayette County, US-GA, US",33.3063803796,-84.4733130187,103,,,,103,,open,false,gps,gps,pecan,Carya illinoinensis,pecan,Plantae,67593
346980858,ba2f3dc2-6a04-48dd-bd2a-545e7160ff8f,2026-04-02 16:17:39,2026-04-02,2026-04-02 22:17:39 +0200,Eastern Time (US & Canada),8938789,kenzierose819,mackenzie,2026-04-03 14:45:44 +0200,2026-04-03 14:45:44 +0200,needs_id,CC-BY-NC,https://www.inaturalist.org/observations/346980858,https://inaturalist-open-data.s3.amazonaws.com/photos/632582104/medium.jpg,,"",,0,0,false,843,"Forest Dr, Statesboro, GA, US",32.4225966667,-81.7897333333,7,,,,7,,open,false,,,,Carya illinoinensis,pecan,Plantae,67593
348118121,bf3264e2-9ab6-4c83-ae20-e12f2f55c5ba,2026-03-27 12:14:05,2026-03-27,2026-03-27 17:14:05 +0100,Eastern Time (US & Canada),2562259,will_white,,2026-04-07 20:37:43 +0200,2026-04-07 20:47:35 +0200,research,CC-BY-NC,https://www.inaturalist.org/observations/348118121,https://inaturalist-open-data.s3.amazonaws.com/photos/634836752/medium.jpg,,"",,1,0,false,843,"Cavanaugh Ave SE, Atlanta, GA, US",33.7287416051,-84.3369724835,6,,,,6,,open,false,,,pecan,Carya illinoinensis,pecan,Plantae,67593
348153685,f80628b0-e555-47ad-a0ef-7202deadcbc1,2026-04-07 17:28:03,2026-04-07,2026-04-07 23:28:03 +0200,Eastern Time (US & Canada),9717228,kdriskell,LadyDrisK,2026-04-07 23:31:16 +0200,2026-04-12 02:41:51 +0200,needs_id,CC-BY-NC,https://www.inaturalist.org/observations/348153685,https://inaturalist-open-data.s3.amazonaws.com/photos/634906329/medium.jpg,,"",,0,0,false,843,"Fox St, Springfield, GA, US",32.353252153,-81.29998931,9,,,,9,,open,false,,,,Carya illinoinensis,pecan,Plantae,67593
349414990,8c9fb07e-ef76-42fa-bef8-48c822d293f8,2026-04-12 18:52:40-04:00,2026-04-12,2026-04-13 00:52:40 +0200,Eastern Time (US & Canada),1703065,mpearlstein,mpearlstein,2026-04-13 03:19:43 +0200,2026-04-13 05:32:42 +0200,research,CC-BY-NC,https://www.inaturalist.org/observations/349414990,https://inaturalist-open-data.s3.amazonaws.com/photos/637397284/medium.jpg,,"","",1,0,false,3,"E Morningside Dr NE, Atlanta, GA, US",33.7982336441,-84.3593114416,11,,,,11,,open,false,,,pecan,Carya illinoinensis,pecan,Plantae,67593
350083764,6bfa33a1-a876-4756-8db3-ee9147af8dfe,2026-04-15 14:45:51,2026-04-15,2026-04-15 20:45:51 +0200,Eastern Time (US & Canada),8938789,kenzierose819,mackenzie,2026-04-15 21:08:41 +0200,2026-04-15 21:43:00 +0200,research,CC-BY-NC,https://www.inaturalist.org/observations/350083764,https://inaturalist-open-data.s3.amazonaws.com/photos/638702430/medium.jpg,,"",,1,0,false,843,"Peeples Rd, Fayetteville, GA, US",33.344605,-84.4055783333,4,,,,4,,open,false,,,pecan,Carya illinoinensis,pecan,Plantae,67593
351156240,59ca98e9-ecf6-49f7-ac5a-7311bc98132b,2026-04-19 11:14:44-04:00,2026-04-19,2026-04-19 17:14:44 +0200,Eastern Time (US & Canada),609980,savs-search,,2026-04-19 17:15:11 +0200,2026-04-19 17:36:19 +0200,research,,https://www.inaturalist.org/observations/351156240,https://static.inaturalist.org/photos/640776621/medium.jpg,,"","",1,0,false,3,"St Johns Ave SW, Atlanta, GA, US",33.7003243067,-84.4008847263,20,,,,20,,open,false,,,pecan,Carya illinoinensis,pecan,Plantae,67593
351481752,69db35cb-b816-4e64-a1b8-b00629d5532f,Mon Apr 20 2026 11:58:57 GMT -0400 (EDT),2026-04-20,2026-04-20 17:58:57 +0200,Eastern Time (US & Canada),5102637,stoob87,stoob,2026-04-20 17:59:03 +0200,2026-04-20 17:59:09 +0200,needs_id,CC-BY-NC,https://www.inaturalist.org/observations/351481752,https://inaturalist-open-data.s3.amazonaws.com/photos/641421028/medium.jpg,,"",,0,0,false,333,Dahlonega,34.5297851563,-83.9871444702,3,,,,3,,open,false,,,,Carya illinoinensis,pecan,Plantae,67593
351497132,8e4a2d60-9088-4f9b-92e9-0109dcf0f1b1,2026-04-20 13:05:26,2026-04-20,2026-04-20 19:05:26 +0200,Eastern Time (US & Canada),6482654,butterflygirl904,🦋,2026-04-20 19:06:04 +0200,2026-04-20 19:06:05 +0200,needs_id,CC-BY-NC,https://www.inaturalist.org/observations/351497132,https://inaturalist-open-data.s3.amazonaws.com/photos/641449852/medium.jpg,,"",,0,0,false,843,"Chestnut Ridge Rd, Ringgold, GA, US",34.8923565706,-85.1349397842,13,,,,13,,open,false,,,,Carya illinoinensis,pecan,Plantae,67593
351567829,e797fb39-6274-4b47-bdb5-b1cfb6d54473,2026/04/20 3:25 PM,2026-04-20,2026-04-20 21:25:00 +0200,Eastern Time (US & Canada),10062043,mmwhitson,,2026-04-20 23:40:13 +0200,2026-04-21 01:32:07 +0200,research,CC-BY-NC,https://www.inaturalist.org/observations/351567829,https://inaturalist-open-data.s3.amazonaws.com/photos/641583926/medium.jpg,,"",,2,0,false,,"Athens, GA, USA",33.9586194444,-83.38005,5,,,,5,,open,false,,,pecan,Carya illinoinensis,pecan,Plantae,67593
351597063,a980218a-7d6a-4e05-835b-4d5ad22f9802,2026-04-20 19:44:41,2026-04-20,2026-04-21 01:44:41 +0200,Eastern Time (US & Canada),8414786,jake_the_sloth,Jake T,2026-04-21 01:55:56 +0200,2026-04-22 01:33:10 +0200,research,,https://www.inaturalist.org/observations/351597063,https://static.inaturalist.org/photos/641640798/medium.jpg,,"",,1,0,false,843,"RL Sears Rd, Norman Park, GA, US",31.2636368693,-83.6805674021,4,,,,4,,open,false,,,pecan,Carya illinoinensis,pecan,Plantae,67593
351612900,101e29cb-b44b-4f92-805f-5ad01231f958,2026-03-26 17:59:12,2026-03-26,2026-03-26 22:59:12 +0100,Eastern Time (US & Canada),10407443,cooper59560,Cooper Floyd,2026-04-21 03:22:58 +0200,2026-04-21 14:51:04 +0200,needs_id,CC-BY-NC,https://www.inaturalist.org/observations/351612900,https://inaturalist-open-data.s3.amazonaws.com/photos/641673178/medium.jpg,,"",,1,0,false,843,"Milledgeville, GA, US",33.0735969529,-83.2306047573,64,,,,64,,open,false,,,pecan,Carya illinoinensis,pecan,Plantae,67593
351818253,e119ad42-f2ef-4e4c-8de7-b9181d832b81,2026-04-21 14:34:36-04:00,2026-04-21,2026-04-21 20:34:36 +0200,Eastern Time (US & Canada),764155,whatch11,Wes Hatch,2026-04-21 22:55:49 +0200,2026-04-21 23:12:15 +0200,needs_id,,https://www.inaturalist.org/observations/351818253,https://static.inaturalist.org/photos/642072950/medium.jpg,,"","",0,0,false,3,"Dallas Hwy SW, Marietta, GA, US",33.953257,-84.66277,13,,,,13,,open,false,,,Pecan,Carya illinoinensis,pecan,Plantae,67593
351850792,8a074f97-7c9d-44d5-adae-271e57724fac,2026-04-21 18:02:23,2026-04-21,2026-04-22 00:02:23 +0200,Eastern Time (US & Canada),8938789,kenzierose819,mackenzie,2026-04-22 01:25:18 +0200,2026-04-22 01:43:17 +0200,research,CC-BY-NC,https://www.inaturalist.org/observations/351850792,https://inaturalist-open-data.s3.amazonaws.com/photos/642135919/medium.jpg,,"",,1,0,false,843,"Peeples Rd, Fayetteville, GA, US",33.3468466667,-84.40432,4,,,,4,,open,false,,,pecan,Carya illinoinensis,pecan,Plantae,67593
352079928,d10bcee1-bb10-454e-aebc-fc5294fbb0db,Wed Apr 22 2026 16:29:19 GMT -0400 (EDT),2026-04-22,2026-04-22 22:29:19 +0200,Eastern Time (US & Canada),10211546,gigisengmany,,2026-04-22 22:29:26 +0200,2026-04-22 23:17:51 +0200,research,CC-BY-NC,https://www.inaturalist.org/observations/352079928,https://inaturalist-open-data.s3.amazonaws.com/photos/642581738/medium.jpg,,"",,1,0,false,333,Jonesboro,33.4646949768,-84.3656463623,7,,,,7,,open,false,,,pecan,Carya illinoinensis,pecan,Plantae,67593
352292759,10b03814-2a71-4b4e-98fe-ae3f8187ed23,2026-04-23 12:12:01,2026-04-23,2026-04-23 18:12:01 +0200,Eastern Time (US & Canada),709733,danielweller,Daniel Weller,2026-04-23 18:19:32 +0200,2026-04-23 18:35:45 +0200,research,,https://www.inaturalist.org/observations/352292759,https://static.inaturalist.org/photos/642990416/medium.jpg,,"",,1,0,false,843,"Arkwright Pl SE, Atlanta, GA, US",33.7494520083,-84.3427570143,28,,,,28,,open,false,,,pecan,Carya illinoinensis,pecan,Plantae,67593
352724736,60c03d6d-3578-453d-a1bc-8fc49170956a,Fri Apr 24 2026 09:29:32 GMT -0400 (EDT),2026-04-24,2026-04-24 15:29:32 +0200,Eastern Time (US & Canada),1292004,dmarkstevens,Mark,2026-04-24 15:29:37 +0200,2026-04-26 15:42:20 +0200,research,,https://www.inaturalist.org/observations/352724736,https://static.inaturalist.org/photos/643703355/medium.jpg,,"",,1,0,false,333,Tybee Island,32.0205421448,-80.8492965698,17,,,,17,,open,false,,,pecan,Carya illinoinensis,pecan,Plantae,67593
352993097,a17dcbe4-c286-40f3-9d9f-96de222446a1,Fri Apr 24 2026 15:46:08 GMT -0400 (EDT),2026-04-24,2026-04-24 21:46:08 +0200,Eastern Time (US & Canada),5444401,deltasubaru,,2026-04-24 21:46:40 +0200,2026-05-01 16:11:48 +0200,research,,https://www.inaturalist.org/observations/352993097,https://static.inaturalist.org/photos/644137438/medium.jpg,,"",,1,0,false,333,"Georgia, US",33.4548711442,-82.2864805489,5,,,,28957,obscured,open,true,,,pecan,Carya illinoinensis,pecan,Plantae,67593
353081161,c8006a9c-da67-4537-b0aa-8efc42edcfc4,2026-04-24 13:00:56-04:00,2026-04-24,2026-04-24 19:00:56 +0200,Eastern Time (US & Canada),764155,whatch11,Wes Hatch,2026-04-25 00:11:08 +0200,2026-04-28 18:13:42 +0200,research,,https://www.inaturalist.org/observations/353081161,https://static.inaturalist.org/photos/644289868/medium.jpg,,"","",1,0,false,3,"Chattahoochee River National Recreation Area Palisades West, Atlanta, GA, US",33.8678533333,-84.4551383333,4,,,,4,,open,false,,,pecan,Carya illinoinensis,pecan,Plantae,67593
353670909,803b00d8-e301-40f0-b27e-d90e2c6d865e,2026-04-25 09:25:39,2026-04-25,2026-04-25 15:25:39 +0200,Eastern Time (US & Canada),7690820,mgalliver,Mason Galliver,2026-04-25 18:41:31 +0200,2026-04-25 18:44:12 +0200,needs_id,,https://www.inaturalist.org/observations/353670909,https://static.inaturalist.org/photos/645266565/medium.jpg,,"",,0,0,false,843,"Donaldson St, Statesboro, GA, US",32.4433533333,-81.7781333333,,,,,,,open,false,,,,Carya illinoinensis,pecan,Plantae,67593
353767314,2e2b5f2f-1c7a-4f49-bc35-0c1850361af2,2026/04/21 4:21 PM,2026-04-21,2026-04-21 22:21:00 +0200,Eastern Time (US & Canada),19891,awharvey,Alan Harvey,2026-04-25 20:39:11 +0200,2026-04-25 20:39:11 +0200,needs_id,CC-BY-NC,https://www.inaturalist.org/observations/353767314,https://inaturalist-open-data.s3.amazonaws.com/photos/645423781/medium.jpg,,"",With numerous Anthaxia beetles.,0,0,false,,"Bulloch County, GA, USA",32.4959277778,-81.8149638889,,,,,,,open,false,,,Pecan,Carya illinoinensis,pecan,Plantae,67593
353860332,75f10955-83e3-4ef8-809f-0bb5b1085b19,2026-04-25 16:32:24,2026-04-25,2026-04-25 22:32:24 +0200,Eastern Time (US & Canada),10366054,aliviasage,,2026-04-25 22:43:46 +0200,2026-04-25 22:43:47 +0200,needs_id,CC-BY-NC,https://www.inaturalist.org/observations/353860332,https://inaturalist-open-data.s3.amazonaws.com/photos/645591668/medium.jpg,,"",,0,0,false,843,"Fulton County, US-GA, US",33.7182102522,-84.3857130072,6,,,,6,,open,false,,,,Carya illinoinensis,pecan,Plantae,67593
353926604,b001c288-cfc2-4d0a-8c50-807f6080ba30,2026-04-25 10:57:35,2026-04-25,2026-04-25 16:57:35 +0200,Eastern Time (US & Canada),2116451,laurenbryantdavis,Lauren Bryant-Davis,2026-04-26 00:24:56 +0200,2026-04-26 00:26:20 +0200,research,,https://www.inaturalist.org/observations/353926604,https://static.inaturalist.org/photos/645711935/medium.jpg,,"",,1,0,false,2,"Conyers, GA, USA",33.6655267,-84.0177793997,,,,,,,open,false,gps,gps,pecan,Carya illinoinensis,pecan,Plantae,67593
354449174,8ccc75de-1287-45c4-9a5e-79eac4827ae2,2026/04/25 3:36 PM,2026-04-25,2026-04-25 21:36:00 +0200,Eastern Time (US & Canada),3964950,bethtphoto,Beth Thompson,2026-04-26 17:21:37 +0200,2026-04-26 17:21:37 +0200,needs_id,CC-BY-NC,https://www.inaturalist.org/observations/354449174,https://inaturalist-open-data.s3.amazonaws.com/photos/646596482/medium.jpg,,"",,0,0,false,,"720 Vincent Dr, Athens, GA 30607, USA",34.001003,-83.421256,161,,,,161,,open,false,,,Pecan,Carya illinoinensis,pecan,Plantae,67593
354475354,34e1b3cf-19ba-47de-ad3e-1a3f11481254,2026-04-26 11:50:29-04:00,2026-04-26,2026-04-26 17:50:29 +0200,Eastern Time (US & Canada),5393476,plantruss,Russell Nasrallah,2026-04-26 17:50:58 +0200,2026-04-26 17:54:59 +0200,research,,https://www.inaturalist.org/observations/354475354,https://static.inaturalist.org/photos/646641175/medium.jpg,,"","",1,0,false,3,"Flat Shoals Ave SE, Atlanta, GA, US",33.7502447516,-84.3544820231,9,,,,9,,open,false,,,pecan,Carya illinoinensis,pecan,Plantae,67593
354795445,1c39cf09-89da-4a0e-97bb-5cd5f5c9d107,2026-04-26 09:07:30,2026-04-26,2026-04-26 15:07:30 +0200,Eastern Time (US & Canada),6642446,ecca_stem_student,Ecca_Stem_Student,2026-04-27 00:13:46 +0200,2026-04-27 23:56:30 +0200,needs_id,CC-BY-NC,https://www.inaturalist.org/observations/354795445,https://inaturalist-open-data.s3.amazonaws.com/photos/647190234/medium.jpg,,"",Zoey Justice ,0,0,false,2,"Guyton, GA 31312, USA",32.3343029722,-81.379525,,,,,,,open,false,,,pecan,Carya illinoinensis,pecan,Plantae,67593
355271441,752b1c46-0a23-4a2e-81a1-33599df2dedb,2026-04-26 09:23:18,2026-04-26,2026-04-26 15:23:18 +0200,Eastern Time (US & Canada),64286,supertiger,Leila Dasher,2026-04-27 14:35:14 +0200,2026-04-28 02:41:51 +0200,research,CC-BY,https://www.inaturalist.org/observations/355271441,https://inaturalist-open-data.s3.amazonaws.com/photos/647974733/medium.jpg,,"",,1,0,false,2,"College Station Road Park & Ride, Athens, GA 30605, USA",33.9366194444,-83.3641694444,,,,,,,open,false,gps,gps,pecan,Carya illinoinensis,pecan,Plantae,67593
355850613,d1ed8314-7ac4-4ead-b6c7-9dcfdcfe212a,2026-04-26 17:59:04,2026-04-26,2026-04-26 23:59:04 +0200,Eastern Time (US & Canada),10366054,aliviasage,,2026-04-28 03:49:08 +0200,2026-04-28 03:49:09 +0200,needs_id,CC-BY-NC,https://www.inaturalist.org/observations/355850613,https://inaturalist-open-data.s3.amazonaws.com/photos/648938092/medium.jpg,,"",,0,0,false,843,"Warner St SW, Atlanta, GA, US",33.7251266584,-84.4141230223,36,,,,36,,open,false,,,,Carya illinoinensis,pecan,Plantae,67593
356596315,9094523e-84dc-499a-ae7a-ca9a8eef93e3,2026-04-29 13:27:02,2026-04-29,2026-04-29 19:27:02 +0200,Eastern Time (US & Canada),10064731,savannahparos4,Savannah,2026-04-29 21:03:14 +0200,2026-05-01 21:36:15 +0200,research,,https://www.inaturalist.org/observations/356596315,https://static.inaturalist.org/photos/650308226/medium.jpg,,"",Near lakeside and roadside on edge of woodland,1,0,false,2,"Sumter County, US-GA, US",32.0559515363,-84.2162608355,100,,,,100,,open,false,gps,gps,pecan,Carya illinoinensis,pecan,Plantae,67593
356837241,9467e896-7e5f-46f1-b268-e67fe46a7b33,2026-04-30 09:04:52,2026-04-30,2026-04-30 15:04:52 +0200,Eastern Time (US & Canada),7219762,ice_cube79,,2026-04-30 15:25:48 +0200,2026-04-30 15:28:50 +0200,needs_id,CC-BY-NC,https://www.inaturalist.org/observations/356837241,https://inaturalist-open-data.s3.amazonaws.com/photos/650768524/medium.jpg,,"",,0,0,false,843,"Carlton St, Athens, GA, US",33.9366533333,-83.37188,24,,,,24,,open,false,,,,Carya illinoinensis,pecan,Plantae,67593
356994102,af0deeb7-4aaa-4a31-b323-d1c09dce8f73,2026-04-30 18:11:43,2026-04-30,2026-05-01 00:11:43 +0200,Eastern Time (US & Canada),709733,danielweller,Daniel Weller,2026-05-01 00:41:12 +0200,2026-05-01 00:51:23 +0200,research,,https://www.inaturalist.org/observations/356994102,https://static.inaturalist.org/photos/651067224/medium.jpg,,"",,1,0,false,843,"Normal St, Decatur, GA, US",33.735174793,-84.2900589634,12,,,,12,,open,false,,,pecan,Carya illinoinensis,pecan,Plantae,67593
357011542,7c61b39f-d4ba-4ddd-9d38-3f9b42186e05,Thu Apr 30 2026 19:51:52 GMT -0400 (EDT),2026-04-30,2026-05-01 01:51:52 +0200,Eastern Time (US & Canada),982306,melipollard,,2026-05-01 01:52:26 +0200,2026-05-01 01:52:30 +0200,needs_id,,https://www.inaturalist.org/observations/357011542,https://static.inaturalist.org/photos/651100318/medium.jpg,,"",,0,0,false,333,"Georgia, US",33.4263708468,-82.2783252912,11,,,,28957,obscured,open,true,,,,Carya illinoinensis,pecan,Plantae,67593
357180384,ca91fc71-94c8-4fa5-9e4a-e346644f5d9a,Fri May 01 2026 10:32:17 GMT -0400 (EDT),2026-05-01,2026-05-01 16:32:17 +0200,Eastern Time (US & Canada),8566659,cnsnea1454,CNS,2026-05-01 16:32:41 +0200,2026-05-01 16:32:46 +0200,needs_id,,https://www.inaturalist.org/observations/357180384,https://static.inaturalist.org/photos/651428474/medium.jpg,,"",,0,0,false,333,Athens,33.9548797607,-83.3667373657,2,,,,2,,open,false,,,,Carya illinoinensis,pecan,Plantae,67593
357381445,c6db4ae1-412d-4d9d-a56d-771988416d13,2026-05-01 15:20:14,2026-05-01,2026-05-01 21:20:14 +0200,Eastern Time (US & Canada),9650945,aka_the_jochman,,2026-05-02 04:07:21 +0200,2026-05-02 04:07:30 +0200,needs_id,CC-BY-NC,https://www.inaturalist.org/observations/357381445,https://inaturalist-open-data.s3.amazonaws.com/photos/651829761/medium.jpg,,"",,0,0,false,843,"Macon Hwy, Bishop, GA, US",33.8325270033,-83.4340794013,4,,,,4,,open,false,,,,Carya illinoinensis,pecan,Plantae,67593
357386869,17c80d10-6044-4e85-a9fb-19b3defb9ed1,2026-05-01 16:45:02,2026-05-01,2026-05-01 22:45:02 +0200,Eastern Time (US & Canada),10185478,tiedye_funguy,Tiedye_funguy,2026-05-02 04:30:29 +0200,2026-05-02 14:29:51 +0200,needs_id,CC-BY-NC,https://www.inaturalist.org/observations/357386869,https://inaturalist-open-data.s3.amazonaws.com/photos/651841565/medium.jpg,,"",,1,0,false,843,"Lake Dow Rd, McDonough, GA, US",33.4431339987,-84.1179795843,3,,,,3,,open,false,,,pecan,Carya illinoinensis,pecan,Plantae,67593
357738782,da901f6a-85f7-4cf4-97a5-931985142cae,2026/04/21 6:02 PM,2026-04-21,2026-04-22 00:02:00 +0200,Eastern Time (US & Canada),2046669,bhorton10,W C Horton,2026-05-03 02:57:57 +0200,2026-05-03 15:17:54 +0200,research,CC-BY-NC,https://www.inaturalist.org/observations/357738782,https://inaturalist-open-data.s3.amazonaws.com/photos/652517037/medium.jpg,,"",,1,0,false,,"Druid Hills, GA, USA",33.7908467352,-84.332366491,3809,,,,3809,,open,false,,,pecan,Carya illinoinensis,pecan,Plantae,67593
358335025,4c3e40e1-9a24-47d9-b955-5d6090075fca,2026-05-04 12:40:12,2026-05-04,2026-05-04 18:40:12 +0200,Eastern Time (US & Canada),731016,charlieolson,charlie olson,2026-05-04 18:40:55 +0200,2026-05-04 18:40:56 +0200,needs_id,CC-BY,https://www.inaturalist.org/observations/358335025,https://inaturalist-open-data.s3.amazonaws.com/photos/653679854/medium.jpg,,"",,0,0,false,843,"Falcons View Dr, Ringgold, GA, US",34.9616565463,-85.128402157,10,,,,10,,open,false,,,,Carya illinoinensis,pecan,Plantae,67593
358790166,51d7cefb-0dc1-4d3c-bd7b-de0453df6bac,2026-05-05 19:37:46,2026-05-05,2026-05-06 01:37:46 +0200,Eastern Time (US & Canada),10062091,david65387,,2026-05-06 03:44:07 +0200,2026-05-06 03:58:15 +0200,needs_id,CC-BY-NC,https://www.inaturalist.org/observations/358790166,https://inaturalist-open-data.s3.amazonaws.com/photos/654561773/medium.jpg,,"",,0,0,false,843,"Braswell Church Rd, Good Hope, GA, US",33.7685763652,-83.5567051484,5,,,,5,,open,false,,,,Carya illinoinensis,pecan,Plantae,67593
358898191,18f179ba-8dbd-4c7f-96a8-55bf6087ab3a,2026-05-06 08:47:06,2026-05-06,2026-05-06 14:47:06 +0200,Eastern Time (US & Canada),10492677,bensvarnum,,2026-05-06 14:47:49 +0200,2026-05-06 14:47:50 +0200,needs_id,CC-BY-NC,https://www.inaturalist.org/observations/358898191,https://inaturalist-open-data.s3.amazonaws.com/photos/654771190/medium.jpg,,"",,0,0,false,843,"Birkdale Dr, Fayetteville, GA, US",33.3785741381,-84.5029284889,7,,,,7,,open,false,,,,Carya illinoinensis,pecan,Plantae,67593
358929526,89d8fe42-aea9-4823-ba89-039345b8d341,2026-04-29 17:51:30,2026-04-29,2026-04-29 23:51:30 +0200,Eastern Time (US & Canada),4751137,aslykens,,2026-05-06 16:52:40 +0200,2026-05-06 17:01:11 +0200,research,CC-BY-NC,https://www.inaturalist.org/observations/358929526,https://inaturalist-open-data.s3.amazonaws.com/photos/654828479/medium.jpg,,"",,1,0,false,843,"Austin Ave NE, Atlanta, GA, US",33.7622514819,-84.3552308186,3,,,,3,,open,false,,,pecan,Carya illinoinensis,pecan,Plantae,67593
358978055,d7129e7f-186e-43f6-b6b8-a3becfe57abe,2026-05-06 13:30:56-04:00,2026-05-06,2026-05-06 19:30:56 +0200,Eastern Time (US & Canada),8471064,kiss_of_nature,Kiss,2026-05-06 19:45:43 +0200,2026-05-08 04:28:03 +0200,needs_id,CC-BY-NC,https://www.inaturalist.org/observations/358978055,https://inaturalist-open-data.s3.amazonaws.com/photos/654916103/medium.jpg,,"","",0,0,false,3,"Chatham County, US-GA, US",32.0526626983,-81.2811351481,1310,,,,1310,,open,false,,,"",Carya illinoinensis,pecan,Plantae,67593
359263687,f9402172-fc56-4468-8b71-ec4378390e1e,2026/04/27 5:21 PM,2026-04-27,2026-04-27 23:21:00 +0200,Eastern Time (US & Canada),396801,herpgrrl79,,2026-05-07 19:09:16 +0200,2026-05-07 19:19:51 +0200,research,,https://www.inaturalist.org/observations/359263687,https://static.inaturalist.org/photos/655461774/medium.jpg,,"",,1,0,false,,"Georgia, US",33.6334935267,-84.2097542085,1991,,,,28930,obscured,open,true,,,pecan,Carya illinoinensis,pecan,Plantae,67593
359362560,465cf79f-4367-4b14-a718-05c714114442,2026-05-02 14:05:40,2026-05-02,2026-05-02 20:05:40 +0200,Eastern Time (US & Canada),9650945,aka_the_jochman,,2026-05-08 01:31:55 +0200,2026-05-08 01:31:55 +0200,needs_id,CC-BY-NC,https://www.inaturalist.org/observations/359362560,https://inaturalist-open-data.s3.amazonaws.com/photos/655655121/medium.jpg,,"",,0,0,false,843,"Newton Bridge Rd, Athens, GA, US",33.9897617606,-83.3983045292,26,,,,26,,open,false,,,,Carya illinoinensis,pecan,Plantae,67593
359805752,7891ceef-808d-4df6-b3da-9605bccf7a46,2026-05-08 19:52:51,2026-05-08,2026-05-09 01:52:51 +0200,Eastern Time (US & Canada),10518851,captdavid,David,2026-05-09 13:41:38 +0200,2026-05-09 13:41:39 +0200,needs_id,CC-BY-NC,https://www.inaturalist.org/observations/359805752,https://inaturalist-open-data.s3.amazonaws.com/photos/656508142/medium.jpg,,"",,0,0,false,843,"Simonton Bridge Rd, Watkinsville, GA, US",33.8700684579,-83.4029110429,5,,,,5,,open,false,,,,Carya illinoinensis,pecan,Plantae,67593
359822392,db446ed2-1cd8-4fc5-a97e-b79279a97348,2026-05-09 08:56:11,2026-05-09,2026-05-09 14:56:11 +0200,Eastern Time (US & Canada),9987836,joelgroove,Joel G,2026-05-09 14:58:34 +0200,2026-05-10 23:30:32 +0200,research,CC-BY-NC,https://www.inaturalist.org/observations/359822392,https://inaturalist-open-data.s3.amazonaws.com/photos/656538467/medium.jpg,,"",,1,0,false,843,"S Lumpkin St, Athens, GA, US",33.9445684607,-83.3781069346,60,,,,60,,open,false,,,pecan,Carya illinoinensis,pecan,Plantae,67593
359832114,5ed5161f-bbc6-488d-9775-1002eb30f4f6,Sat May 09 2026 09:35:51 GMT -0400 (EDT),2026-05-09,2026-05-09 15:35:51 +0200,Eastern Time (US & Canada),8654070,j_68213,Ranger Jake,2026-05-09 15:36:03 +0200,2026-05-17 02:05:25 +0200,needs_id,,https://www.inaturalist.org/observations/359832114,https://static.inaturalist.org/photos/661043532/medium.jpg,,"",,0,0,false,333,Winder,33.9769630432,-83.7353973389,3,,,,3,,open,false,,,,Carya illinoinensis,pecan,Plantae,67593
359859836,d7c315c0-3e46-44a1-885e-fd9d215fb1c5,2026-05-08 09:00:06,2026-05-08,2026-05-08 15:00:06 +0200,Eastern Time (US & Canada),7219762,ice_cube79,,2026-05-09 17:08:13 +0200,2026-05-10 16:26:59 +0200,research,CC-BY-NC,https://www.inaturalist.org/observations/359859836,https://inaturalist-open-data.s3.amazonaws.com/photos/656608682/medium.jpg,,"",,1,0,false,843,"Athens, GA, US",33.9556666667,-83.365555,7,,,,7,,open,false,,,pecan,Carya illinoinensis,pecan,Plantae,67593
359913142,97072405-f816-45b0-a994-bfd3ac45ac8d,2026-05-09 11:30:53-04:00,2026-05-09,2026-05-09 17:30:53 +0200,Eastern Time (US & Canada),2888544,mcanglin,Morgan Anglin,2026-05-09 19:51:05 +0200,2026-05-09 19:51:32 +0200,needs_id,CC-BY-NC,https://www.inaturalist.org/observations/359913142,https://inaturalist-open-data.s3.amazonaws.com/photos/656706103/medium.jpg,,"","",0,0,false,3,"Pine Needle Rd, Eatonton, GA, US",33.3631216667,-83.387245,158,,,,158,,open,false,,,pecan,Carya illinoinensis,pecan,Plantae,67593
359987572,7dedbde2-551e-4e76-bdcf-52d63e0faab8,2026-04-27 19:00:14,2026-04-27,2026-04-28 01:00:14 +0200,Eastern Time (US & Canada),9495303,helena_prettyhandbasket,,2026-05-09 23:21:08 +0200,2026-07-24 21:40:49 +0200,needs_id,CC-BY-NC,https://www.inaturalist.org/observations/359987572,https://inaturalist-open-data.s3.amazonaws.com/photos/656850169/medium.jpg,,"","",0,0,false,843,30628,34.05352,-83.236528,33,,,,33,,open,false,,manual,"",Carya illinoinensis,pecan,Plantae,67593
360021767,d29e048b-9edc-4392-baf1-c82767cce638,2026-05-09 12:23:05,2026-05-09,2026-05-09 18:23:05 +0200,Eastern Time (US & Canada),6792630,nympheas33,Natalie Furlow,2026-05-10 01:11:30 +0200,2026-05-10 01:17:58 +0200,needs_id,CC-BY-NC,https://www.inaturalist.org/observations/360021767,https://inaturalist-open-data.s3.amazonaws.com/photos/656914309/medium.jpg,,"",,0,0,false,2,"Broad Ave / Grille House, Albany, GA 31701, USA",31.5759416667,-84.1490666667,,,,,,,open,false,gps,gps,pecan,Carya illinoinensis,pecan,Plantae,67593
360036814,a073c5ce-0e85-405a-91eb-7b094e993263,2026-05-09 20:01:39-04:00,2026-05-09,2026-05-10 02:01:39 +0200,Eastern Time (US & Canada),3850933,ajhranek,,2026-05-10 02:03:48 +0200,2026-05-10 03:37:22 +0200,needs_id,CC-BY-NC,https://www.inaturalist.org/observations/360036814,https://inaturalist-open-data.s3.amazonaws.com/photos/656943354/medium.jpg,,"","",0,0,false,3,"Kenyon St SE, Atlanta, GA, US",33.7516392463,-84.3573494584,5,,,,5,,open,false,,,"",Carya illinoinensis,pecan,Plantae,67593
360247938,a632d368-c68b-4f0f-8e48-f74439d1c23e,2026-05-10 08:53:31,2026-05-10,2026-05-10 14:53:31 +0200,Eastern Time (US & Canada),3633345,cashearer,,2026-05-10 17:21:23 +0200,2026-05-10 17:21:24 +0200,needs_id,CC-BY-NC,https://www.inaturalist.org/observations/360247938,https://inaturalist-open-data.s3.amazonaws.com/photos/657341324/medium.jpg,,"",,0,0,false,843,"Historic Dike Trail, Savannah, GA, US",32.0287374768,-80.8903191414,8,,,,8,,open,false,,,,Carya illinoinensis,pecan,Plantae,67593
360471581,08ba85d1-2549-4a5b-83db-b05cf6ba6b0a,2026-05-10 13:37:02-04:00,2026-05-10,2026-05-10 19:37:02 +0200,Eastern Time (US & Canada),12036,zaccota,Zac Cota,2026-05-11 04:35:38 +0200,2026-05-11 04:35:45 +0200,needs_id,CC-BY-NC,https://www.inaturalist.org/observations/360471581,https://inaturalist-open-data.s3.amazonaws.com/photos/657764892/medium.jpg,,"","",0,0,false,3,"SR-45, Plains, GA, US",32.0432278333,-84.3911966667,5,,,,5,,open,false,,,"",Carya illinoinensis,pecan,Plantae,67593
360638948,6d5cec59-e2d8-407f-96f0-819dba9c9f42,2026-05-11 08:26:22,2026-05-11,2026-05-11 14:26:22 +0200,Eastern Time (US & Canada),5673552,middlematt7,,2026-05-11 18:47:01 +0200,2026-05-11 18:47:01 +0200,needs_id,CC-BY-NC,https://www.inaturalist.org/observations/360638948,https://inaturalist-open-data.s3.amazonaws.com/photos/658078707/medium.jpg,,"",,0,0,false,843,"Rome, GA, US",34.1733617616,-85.2056197852,4,,,,4,,open,false,,,,Carya illinoinensis,pecan,Plantae,67593
360981916,c22fa4a2-adcc-48ac-bc14-3533253d5f5b,2026-05-12 11:04:51,2026-05-12,2026-05-12 17:04:51 +0200,Eastern Time (US & Canada),5180430,mushroom_daddy,Michael Blanchard,2026-05-12 22:58:56 +0200,2026-05-12 22:58:58 +0200,needs_id,,https://www.inaturalist.org/observations/360981916,https://static.inaturalist.org/photos/658747216/medium.jpg,,"",,0,0,false,843,"Davis St, Braselton, GA, US",34.1115305,-83.75267,6,,,,6,,open,false,,,,Carya illinoinensis,pecan,Plantae,67593
361122833,95588312-a224-4b01-87d6-fd65c7efaadb,2026-05-09 11:47:24,2026-05-09,2026-05-09 17:47:24 +0200,Eastern Time (US & Canada),7704796,rsm2292,,2026-05-13 13:37:42 +0200,2026-05-13 13:37:49 +0200,needs_id,CC-BY-NC,https://www.inaturalist.org/observations/361122833,https://inaturalist-open-data.s3.amazonaws.com/photos/659027092/medium.jpg,,"",,0,0,false,2,"Dahlonega, GA 30533, USA",34.6121212245,-84.1073839366,1402745,,,,1402745,,open,false,gps,gps,pecan,Carya illinoinensis,pecan,Plantae,67593
361483217,ff96967e-4545-4a2d-84f3-e6b7f5ed59fc,2026-05-14 13:07:04,2026-05-14,2026-05-14 19:07:04 +0200,Eastern Time (US & Canada),8288600,stonemountain83,Adam North,2026-05-14 20:01:24 +0200,2026-05-14 20:01:28 +0200,needs_id,,https://www.inaturalist.org/observations/361483217,https://static.inaturalist.org/photos/659707272/medium.jpg,,"",,0,0,false,2,"Stone Mountain, GA, USA",33.8023768997,-84.1734586,,,,,,,open,false,gps,gps,pecan,Carya illinoinensis,pecan,Plantae,67593
361535231,62cfcb44-944a-4277-82fb-60a9e2782cb7,2026-05-14 10:19:34,2026-05-14,2026-05-14 16:19:34 +0200,Eastern Time (US & Canada),10488449,samandthegiantpeach,Sam Jones,2026-05-14 23:26:28 +0200,2026-05-15 00:17:00 +0200,research,CC-BY-NC,https://www.inaturalist.org/observations/361535231,https://inaturalist-open-data.s3.amazonaws.com/photos/659808664/medium.jpg,,"",,1,0,false,843,"Lucile Ave SW, Atlanta, GA, US",33.7422555218,-84.434782792,19,,,,19,,open,false,,,pecan,Carya illinoinensis,pecan,Plantae,67593
361656565,9009135d-b27c-4b5a-a781-40f0237a19b0,2026-05-15 06:49:52,2026-05-15,2026-05-15 12:49:52 +0200,Eastern Time (US & Canada),7955342,mm00392,,2026-05-15 12:50:51 +0200,2026-05-15 12:50:52 +0200,needs_id,CC-BY-NC,https://www.inaturalist.org/observations/361656565,https://inaturalist-open-data.s3.amazonaws.com/photos/660047314/medium.jpg,,"",,0,0,false,843,"Lowell Rd, Carrollton, GA, US",33.4892930137,-85.0585659967,3,,,,3,,open,false,,,,Carya illinoinensis,pecan,Plantae,67593
361673330,49a48353-a961-47ab-977a-47a9c9350ec4,2026-05-15 08:06:38,2026-05-15,2026-05-15 14:06:38 +0200,Eastern Time (US & Canada),10538891,tymorris14,,2026-05-15 14:30:15 +0200,2026-05-15 14:30:16 +0200,needs_id,CC-BY-NC,https://www.inaturalist.org/observations/361673330,https://inaturalist-open-data.s3.amazonaws.com/photos/660077635/medium.jpg,,"",,0,0,false,843,"Lowell Rd, Carrollton, GA, US",33.4895372686,-85.058335725,13,,,,13,,open,false,,,,Carya illinoinensis,pecan,Plantae,67593
361697495,962af344-ca6b-4c6e-b6c1-e6f909ca527d,2026-05-15 10:17:44,2026-05-15,2026-05-15 16:17:44 +0200,Eastern Time (US & Canada),10532723,karatikkus,Kasey Brown,2026-05-15 16:18:09 +0200,2026-05-15 16:18:10 +0200,needs_id,CC-BY-NC,https://www.inaturalist.org/observations/361697495,https://inaturalist-open-data.s3.amazonaws.com/photos/660121445/medium.jpg,,"",,0,0,false,843,"Kenilworth Ct, Snellville, GA, US",33.8253410865,-84.0058387256,11,,,,11,,open,false,,,,Carya illinoinensis,pecan,Plantae,67593
361721783,b47178e1-2cec-4dcc-84a7-da71bc7b1a5b,2026-05-15 11:51:30,2026-05-15,2026-05-15 17:51:30 +0200,Eastern Time (US & Canada),1563,uganaturegirl,Linda May,2026-05-15 17:54:31 +0200,2026-05-15 18:06:38 +0200,research,CC-BY-NC,https://www.inaturalist.org/observations/361721783,https://inaturalist-open-data.s3.amazonaws.com/photos/660165449/medium.jpg,,"",,1,0,false,843,"Springer Dr, Griffin, GA, US",33.2295068712,-84.2494344182,5,,,,5,,open,false,,,pecan,Carya illinoinensis,pecan,Plantae,67593
361738174,c7e9052c-73c1-447e-9c3c-ad0d9481ce95,2026-05-15 11:47:37,2026-05-15,2026-05-15 17:47:37 +0200,Eastern Time (US & Canada),8551412,gwmills,,2026-05-15 18:51:02 +0200,2026-05-15 19:26:30 +0200,research,CC-BY-NC,https://www.inaturalist.org/observations/361738174,https://inaturalist-open-data.s3.amazonaws.com/photos/660193004/medium.jpg,,"",,1,0,false,843,"Hickory Dr, Forest Park, GA, US",33.5867708391,-84.3714253969,19,,,,19,,open,false,,,pecan,Carya illinoinensis,pecan,Plantae,67593
362371022,bd00a08f-3744-4074-8d25-1b512cbddd91,2026-05-08 19:48:39,2026-05-08,2026-05-09 01:48:39 +0200,Eastern Time (US & Canada),10512432,nichole49181,Nichole Orr-Burks,2026-05-17 16:15:03 +0200,2026-07-26 16:59:01 +0200,research,CC-BY-NC,https://www.inaturalist.org/observations/362371022,https://inaturalist-open-data.s3.amazonaws.com/photos/661385632/medium.jpg,,"",,1,0,false,843,"Simonton Bridge Rd, Watkinsville, GA, US",33.8694889325,-83.4028452977,7,,,,7,,open,false,,,pecan,Carya illinoinensis,pecan,Plantae,67593
362371340,1146cb8f-b338-4fe3-a60e-3cc5bce75719,2026-05-08 19:58:04,2026-05-08,2026-05-09 01:58:04 +0200,Eastern Time (US & Canada),10512432,nichole49181,Nichole Orr-Burks,2026-05-17 16:15:59 +0200,2026-07-26 16:59:32 +0200,needs_id,CC-BY-NC,https://www.inaturalist.org/observations/362371340,https://inaturalist-open-data.s3.amazonaws.com/photos/661386278/medium.jpg,,"",,1,0,false,843,"Watkinsville, GA, US",33.8705058073,-83.4035021993,9,,,,9,,open,false,,,pecan,Carya illinoinensis,pecan,Plantae,67593
362701353,22758e87-07f2-4ae2-b042-2c234d9f6064,2023-09-27 13:23:15-04:00,2023-09-27,2023-09-27 19:23:15 +0200,Eastern Time (US & Canada),2959390,ashbritten,,2026-05-18 12:49:47 +0200,2026-05-18 19:27:01 +0200,research,CC-BY-NC,https://www.inaturalist.org/observations/362701353,https://inaturalist-open-data.s3.amazonaws.com/photos/662013804/medium.jpg,,"","",2,0,false,3,"Rope Mill Rd, Woodstock, GA, US",34.1089638333,-84.522705,3,,,,3,,open,false,,,pecan,Carya illinoinensis,pecan,Plantae,67593
362767315,a5cacbfc-25c2-4d74-be69-7e19a21a1a91,2026-05-18 09:54:53,2026-05-18,2026-05-18 15:54:53 +0200,Eastern Time (US & Canada),5927248,eliotvanotteren,Eliot VanOtteren,2026-05-18 17:25:00 +0200,2026-07-01 21:58:24 +0200,needs_id,CC-BY-NC,https://www.inaturalist.org/observations/362767315,https://inaturalist-open-data.s3.amazonaws.com/photos/662134767/medium.jpg,,"",,0,0,false,843,"Dixie Blvd, Brunswick, GA, US",31.1923389371,-81.467484409,22,,,,22,,open,false,,,pecan,Carya illinoinensis,pecan,Plantae,67593
362841991,43d4a80b-fdf1-4548-9567-aa6744f61802,Mon May 18 2026 15:47:21 GMT -0400 (EDT),2026-05-18,2026-05-18 21:47:21 +0200,Eastern Time (US & Canada),6725911,hkirkballard,,2026-05-18 21:47:38 +0200,2026-05-21 19:47:12 +0200,needs_id,CC-BY-NC,https://www.inaturalist.org/observations/362841991,https://inaturalist-open-data.s3.amazonaws.com/photos/663940455/medium.jpg,,"",,0,0,false,333,Watkinsville,33.8871307373,-83.4199142456,12,,,,12,,open,false,,,,Carya illinoinensis,pecan,Plantae,67593
363222730,835665c1-bc6a-47fd-8de1-ed9cc7cc19cd,2026-05-15 06:56:26,2026-05-15,2026-05-15 12:56:26 +0200,Eastern Time (US & Canada),10541281,danielle10296,danielle willard,2026-05-20 03:09:40 +0200,2026-05-20 03:09:41 +0200,needs_id,CC-BY-NC,https://www.inaturalist.org/observations/363222730,https://inaturalist-open-data.s3.amazonaws.com/photos/663007624/medium.jpg,,"",,0,0,false,843,"Lowell Rd, Carrollton, GA, US",33.4894442438,-85.0582382444,4,,,,4,,open,false,,,,Carya illinoinensis,pecan,Plantae,67593
363230050,e4f1cbdf-f031-4535-93a4-3a5f735fa6c8,2026-05-15 06:23:41,2026-05-15,2026-05-15 12:23:41 +0200,Eastern Time (US & Canada),10412879,oliviaditty04,Olivia Ditty,2026-05-20 03:45:40 +0200,2026-05-20 05:26:18 +0200,needs_id,CC-BY-NC,https://www.inaturalist.org/observations/363230050,https://inaturalist-open-data.s3.amazonaws.com/photos/663024096/medium.jpg,,"",,0,0,false,843,"Lowell Rd, Carrollton, GA, US",33.4895024843,-85.0583034445,3,,,,3,,open,false,,,pecan,Carya illinoinensis,pecan,Plantae,67593
363478985,c8984133-3091-4a05-8cb5-001cdae88e42,Wed May 20 2026 17:55:14 GMT -0400 (EDT),2026-05-20,2026-05-20 23:55:14 +0200,Eastern Time (US & Canada),4925087,imwithbroosky,,2026-05-20 23:55:23 +0200,2026-05-21 00:27:56 +0200,research,CC-BY-NC,https://www.inaturalist.org/observations/363478985,https://inaturalist-open-data.s3.amazonaws.com/photos/663495284/medium.jpg,,"",,2,0,false,333,Jackson,33.3890533447,-83.9253540039,4,,,,4,,open,false,,,pecan,Carya illinoinensis,pecan,Plantae,67593
364456294,c6f51ccc-e784-4905-9642-2ea40cf924c9,2026-05-23 17:53:25-04:00,2026-05-23,2026-05-23 23:53:25 +0200,Eastern Time (US & Canada),5825469,feralpoet,,2026-05-23 23:54:11 +0200,2026-05-23 23:54:32 +0200,needs_id,CC-BY-NC,https://www.inaturalist.org/observations/364456294,https://inaturalist-open-data.s3.amazonaws.com/photos/665332344/medium.jpg,,"","",0,0,false,3,"Herrell Dr, Villa Rica, GA, US",33.7564481177,-84.9507682006,19,,,,19,,open,false,,,"",Carya illinoinensis,pecan,Plantae,67593
364773021,b891da21-706b-4779-b353-a06619bb90d8,2026-04-14 14:32:16,2026-04-14,2026-04-14 20:32:16 +0200,Eastern Time (US & Canada),9941659,josie73655,Josie Melton,2026-05-24 20:51:17 +0200,2026-05-24 21:00:10 +0200,research,CC-BY-NC,https://www.inaturalist.org/observations/364773021,https://inaturalist-open-data.s3.amazonaws.com/photos/665929061/medium.jpg,,"",,1,0,false,843,"Ralph David Abernathy Blvd SW, Atlanta, GA, US",33.7405973061,-84.4338388927,4,,,,4,,open,false,,,pecan,Carya illinoinensis,pecan,Plantae,67593
365760244,466c0a7a-7da3-490e-907c-d8fdc03c4607,2026-05-27 11:13:28-04:00,2026-05-27,2026-05-27 17:13:28 +0200,Eastern Time (US & Canada),764155,whatch11,Wes Hatch,2026-05-27 17:57:38 +0200,2026-05-27 17:57:43 +0200,needs_id,,https://www.inaturalist.org/observations/365760244,https://static.inaturalist.org/photos/667812335/medium.jpg,,"","",0,0,false,3,"Hyde Farm, Marietta, GA, US",33.9626966667,-84.3923633333,14,,,,14,,open,false,,,"",Carya illinoinensis,pecan,Plantae,67593
365841780,5e943ea4-eb15-4061-8326-b900d2a5a346,2026-05-26 18:52:58,2026-05-26,2026-05-27 00:52:58 +0200,Eastern Time (US & Canada),4190796,christinebraaten,Christine Braaten,2026-05-27 22:35:59 +0200,2026-05-27 23:14:36 +0200,needs_id,CC0,https://www.inaturalist.org/observations/365841780,https://inaturalist-open-data.s3.amazonaws.com/photos/667968221/medium.jpg,,"",,0,0,false,2,"Jackson, GA 30233, USA",33.3924651997,-83.9905954997,,,,,,,open,false,gps,gps,hickories,Carya illinoinensis,pecan,Plantae,67593
365898319,fd6d3d75-8747-48c6-b9e1-c48b0c128c2e,2026-05-27 20:24:01,2026-05-27,2026-05-28 02:24:01 +0200,Eastern Time (US & Canada),4695504,doroteya_hutter,Doroteya Hutter,2026-05-28 02:24:41 +0200,2026-05-28 02:25:08 +0200,needs_id,,https://www.inaturalist.org/observations/365898319,https://static.inaturalist.org/photos/668078069/medium.jpg,,"",,0,0,false,2,"Temple, GA 30179, USA",33.73785792,-85.03203771,3,,,,3,,open,false,,,pecan,Carya illinoinensis,pecan,Plantae,67593
366078491,e77f05fb-022f-4a33-a8db-4c4fb6b4e5a7,Thu May 28 2026 12:32:52 GMT -0400 (EDT),2026-05-28,2026-05-28 18:32:52 +0200,Eastern Time (US & Canada),4786525,cereboros,Chelsea Darling-Martin,2026-05-28 18:33:00 +0200,2026-05-30 20:13:46 +0200,research,CC-BY-NC,https://www.inaturalist.org/observations/366078491,https://inaturalist-open-data.s3.amazonaws.com/photos/668423727/medium.jpg,,"",,1,0,false,333,Smyrna,33.892742157,-84.5128707886,4,,,,4,,open,false,,,pecan,Carya illinoinensis,pecan,Plantae,67593
366158149,f939fd01-88f8-46b5-a767-23cb25f7b383,2026-05-28 17:23:36,2026-05-28,2026-05-28 23:23:36 +0200,Eastern Time (US & Canada),7800151,sidward,,2026-05-28 23:25:06 +0200,2026-05-29 00:09:03 +0200,research,CC-BY-NC,https://www.inaturalist.org/observations/366158149,https://inaturalist-open-data.s3.amazonaws.com/photos/668570783/medium.jpg,,"",,2,0,false,2,"Fulton County, US-GA, US",33.7349720983,-84.4345795464,7,,,,7,,open,false,,,pecan,Carya illinoinensis,pecan,Plantae,67593
366807467,fbb2f1f2-b795-436e-94e3-9dfc76f3560f,2026-05-30 16:34:24,2026-05-30,2026-05-30 22:34:24 +0200,Eastern Time (US & Canada),4160103,arvande,,2026-05-30 23:18:09 +0200,2026-05-30 23:18:11 +0200,needs_id,CC-BY-NC,https://www.inaturalist.org/observations/366807467,https://inaturalist-open-data.s3.amazonaws.com/photos/669800651/medium.jpg,,"",,0,0,false,843,"Watson Mill Rd, Carlton, GA, US",34.0261195,-83.0749583333,4,,,,4,,open,false,,,,Carya illinoinensis,pecan,Plantae,67593
367432485,d0b205cf-5188-4f87-9c18-86d19f86013d,2026-06-01 10:51:28-04:00,2026-06-01,2026-06-01 16:51:28 +0200,Eastern Time (US & Canada),764155,whatch11,Wes Hatch,2026-06-01 17:12:10 +0200,2026-06-01 17:12:16 +0200,needs_id,,https://www.inaturalist.org/observations/367432485,https://static.inaturalist.org/photos/671008533/medium.jpg,,"","",0,0,false,3,"Shaw Park Rd, Marietta, GA, US",34.0254971667,-84.5264533333,9,,,,9,,open,false,,,"",Carya illinoinensis,pecan,Plantae,67593
367546247,599c59bb-beb5-46ca-bcfa-ffd30b770c3c,2026-05-31 17:06:15,2026-05-31,2026-05-31 23:06:15 +0200,Eastern Time (US & Canada),7935251,cindyjerrell,,2026-06-01 23:40:46 +0200,2026-06-12 19:58:23 +0200,needs_id,CC-BY-NC,https://www.inaturalist.org/observations/367546247,https://inaturalist-open-data.s3.amazonaws.com/photos/671222717/medium.jpg,,"",,2,0,false,843,"Barnett Shoals Rd, Watkinsville, GA, US",33.8584908018,-83.3977384629,4,,,,4,,open,false,,,pecan,Carya illinoinensis,pecan,Plantae,67593
368103731,1a1fc484-862c-4333-bc63-4d0e1cff224a,2026-05-28 06:41:55,2026-05-28,2026-05-28 12:41:55 +0200,Eastern Time (US & Canada),429239,sharvey92,"",2026-06-03 20:05:44 +0200,2026-06-03 20:05:55 +0200,needs_id,CC-BY-NC,https://www.inaturalist.org/observations/368103731,https://inaturalist-open-data.s3.amazonaws.com/photos/672289260/medium.jpg,,"",,0,0,false,2,"Preston, GA 31824, USA",32.0510794222,-84.4923585467,17,,,,17,,open,false,,,pecan,Carya illinoinensis,pecan,Plantae,67593
368199930,526cec37-e075-4ffb-866a-e0a8bbe4614a,2026-06-02 12:56:10,2026-06-02,2026-06-02 18:56:10 +0200,Eastern Time (US & Canada),2714984,paxendra98,,2026-06-04 02:39:31 +0200,2026-06-04 04:12:41 +0200,research,CC-BY-NC,https://www.inaturalist.org/observations/368199930,https://inaturalist-open-data.s3.amazonaws.com/photos/672479342/medium.jpg,,"",,1,0,false,843,"Muller Rd, Arabi, GA, US",31.86333,-83.68978,179,,,,179,,open,false,,,pecan,Carya illinoinensis,pecan,Plantae,67593
368203247,46e82a36-7b9e-42b8-9d0b-8973ec50187f,2026-06-02 13:05:08,2026-06-02,2026-06-02 19:05:08 +0200,Eastern Time (US & Canada),2714984,paxendra98,,2026-06-04 02:55:50 +0200,2026-06-04 03:49:46 +0200,research,CC-BY-NC,https://www.inaturalist.org/observations/368203247,https://inaturalist-open-data.s3.amazonaws.com/photos/672485564/medium.jpg,,"",,1,0,false,843,"Muller Rd, Arabi, GA, US",31.8627533333,-83.6897966667,56,,,,56,,open,false,,,pecan,Carya illinoinensis,pecan,Plantae,67593
369058866,6cc585da-b213-4db5-a63b-54b09a2f1aa5,2026/05/07 1:20 PM,2026-05-07,2026-05-07 19:20:00 +0200,Eastern Time (US & Canada),9962931,quercivory,,2026-06-06 21:00:17 +0200,2026-06-06 21:13:00 +0200,needs_id,CC-BY-NC,https://www.inaturalist.org/observations/369058866,https://inaturalist-open-data.s3.amazonaws.com/photos/674102164/medium.jpg,,"imparipinnate, pinnately compound, tree","A bit tricky to tell cuz the leaves are all so far up, but from what I can tell there are consistently 4-5 lateral leaflet pairs and a terminal leaflet.",0,0,false,,"Milton, GA, USA",34.1386396322,-84.3182155981,7380,,,,7380,,open,false,,,Pecan · Pacana,Carya illinoinensis,pecan,Plantae,67593
369409795,454b232d-7962-44e0-8b37-1f4d4da8c1c1,2026-06-07 13:52:45,2026-06-07,2026-06-07 19:52:45 +0200,Eastern Time (US & Canada),5604805,ivaeia,Ivaeia,2026-06-07 19:53:51 +0200,2026-06-07 20:12:29 +0200,research,CC-BY-NC,https://www.inaturalist.org/observations/369409795,https://inaturalist-open-data.s3.amazonaws.com/photos/674773908/medium.jpg,,"",,1,0,false,2,"Moreland Ave @ Euclid Ave, Atlanta, GA 30307, USA",33.76595392,-84.34876501,4,,,,4,,open,false,,,pecan,Carya illinoinensis,pecan,Plantae,67593
369924074,bb682456-c2ca-428c-a8f3-10a250c83205,2026-06-08 15:15:52,2026-06-08,2026-06-08 21:15:52 +0200,Eastern Time (US & Canada),834210,kshaw,Katie Shaw,2026-06-09 05:56:26 +0200,2026-06-09 05:57:09 +0200,needs_id,CC-BY-NC,https://www.inaturalist.org/observations/369924074,https://inaturalist-open-data.s3.amazonaws.com/photos/675758960/medium.jpg,,"",,0,0,false,843,"Foot Perimeter Trail, Savannah, GA, US",32.0271138333,-80.89058,8,,,,8,,open,false,,,,Carya illinoinensis,pecan,Plantae,67593
370619730,6ce934b2-8702-4fd3-b965-f605d6641682,2026-06-10 11:02:25-04:00,2026-06-10,2026-06-10 17:02:25 +0200,Eastern Time (US & Canada),10087378,lbrown83,,2026-06-11 15:40:39 +0200,2026-06-11 15:40:49 +0200,needs_id,CC-BY-NC,https://www.inaturalist.org/observations/370619730,https://inaturalist-open-data.s3.amazonaws.com/photos/677082734/medium.jpg,,"","",0,0,false,3,"Georgia Southern University, Statesboro, GA, US",32.42571749,-81.7802327086,47,,,,47,,open,false,,,"",Carya illinoinensis,pecan,Plantae,67593
371262241,4eaad593-0e66-4308-b728-930f07c49ba2,2025-08-19 19:56:23,2025-08-19,2025-08-20 01:56:23 +0200,Eastern Time (US & Canada),5908158,spencerzebra,,2026-06-13 17:56:55 +0200,2026-06-13 18:04:38 +0200,research,CC0,https://www.inaturalist.org/observations/371262241,https://static.inaturalist.org/photos/678310865/medium.jpg,,"",,1,0,false,843,"N Oconee River Greenway, Athens, GA, US",33.9741075608,-83.3813366527,7,,,,7,,open,false,,,pecan,Carya illinoinensis,pecan,Plantae,67593
371266227,4e4e2a78-7e41-45e9-a4b3-7c36cb51a6b1,Sat Jun 13 2026 12:08:29 GMT -0400 (EDT),2026-06-13,2026-06-13 18:08:29 +0200,Eastern Time (US & Canada),10064817,myrriaho,,2026-06-13 18:08:37 +0200,2026-06-13 18:08:43 +0200,needs_id,CC-BY-NC,https://www.inaturalist.org/observations/371266227,https://inaturalist-open-data.s3.amazonaws.com/photos/678317756/medium.jpg,,"",,0,0,false,333,Cedartown,34.0066642761,-85.2527770996,11,,,,11,,open,false,,,,Carya illinoinensis,pecan,Plantae,67593
371475171,631c95d9-b7dd-4981-aad7-a484d6b32d27,2026-06-13 17:19:30,2026-06-13,2026-06-13 23:19:30 +0200,Eastern Time (US & Canada),8179593,reyhanerastgoo,Reyhane Rastgoo,2026-06-14 05:48:00 +0200,2026-06-14 05:48:00 +0200,needs_id,CC-BY-NC,https://www.inaturalist.org/observations/371475171,https://inaturalist-open-data.s3.amazonaws.com/photos/678716966/medium.jpg,,"",,0,0,false,843,"Savannah, GA, US",31.960695,-81.0545195,63,,,,63,,open,false,,,,Carya illinoinensis,pecan,Plantae,67593
372341800,09565174-f2d1-42e2-aa1f-b9632455687b,2026-04-27 11:29:59,2026-04-27,2026-04-27 17:29:59 +0200,Eastern Time (US & Canada),5131005,beebe48,,2026-06-16 19:05:43 +0200,2026-06-16 19:05:56 +0200,needs_id,CC-BY-NC,https://www.inaturalist.org/observations/372341800,https://inaturalist-open-data.s3.amazonaws.com/photos/680377839/medium.jpg,,"",,0,0,false,2,"Acworth, GA 30102, USA",34.08682,-84.6227066667,4,,,,4,,open,false,,,pecan,Carya illinoinensis,pecan,Plantae,67593
373785574,97c8c6f0-7ad5-45c2-8839-3635fbce0d0d,2026-04-07 19:29:26,2026-04-07,2026-04-08 01:29:26 +0200,Eastern Time (US & Canada),10335273,thomas69709,Thomas Jeleniewicz,2026-06-21 04:06:35 +0200,2026-06-21 15:09:28 +0200,research,CC-BY-NC,https://www.inaturalist.org/observations/373785574,https://inaturalist-open-data.s3.amazonaws.com/photos/683136362/medium.jpg,,"",,1,0,false,843,"Stone Mountain Trail, Avondale Estates, GA, US",33.7808071822,-84.2629534007,3,,,,3,,open,false,,,pecan,Carya illinoinensis,pecan,Plantae,67593
374627197,bc7dedb4-b91b-49b0-842c-86713ffc6098,2026-06-23 11:32:29,2026-06-23,2026-06-23 17:32:29 +0200,Eastern Time (US & Canada),10182876,addie1687,Addie Babcock,2026-06-23 17:32:58 +0200,2026-06-23 17:42:53 +0200,research,CC-BY-NC,https://www.inaturalist.org/observations/374627197,https://inaturalist-open-data.s3.amazonaws.com/photos/684766886/medium.jpg,,"",,1,0,false,843,"University Ave SW, Atlanta, GA, US",33.7230615453,-84.4116950678,32,,,,32,,open,false,,,pecan,Carya illinoinensis,pecan,Plantae,67593
374804549,156215cd-80fd-4496-877a-d78043fce12f,2026-06-23 18:41:51,2026-06-23,2026-06-24 00:41:51 +0200,Eastern Time (US & Canada),10650779,johnsvdk,John,2026-06-24 05:13:37 +0200,2026-06-24 16:01:12 +0200,research,CC-BY-NC,https://www.inaturalist.org/observations/374804549,https://inaturalist-open-data.s3.amazonaws.com/photos/685115012/medium.jpg,,"",,1,0,false,843,"Georgia Ave SE, Atlanta, GA, US",33.7370438475,-84.380539312,8,,,,8,,open,false,,,pecan,Carya illinoinensis,pecan,Plantae,67593
375033798,95cbb06c-6f76-410b-bccd-53e33c14e65d,2026-06-23 11:48:46,2026-06-23,2026-06-23 17:48:46 +0200,Eastern Time (US & Canada),10659165,ebenduwimana,,2026-06-24 23:05:32 +0200,2026-06-25 17:45:59 +0200,needs_id,CC-BY-NC,https://www.inaturalist.org/observations/375033798,https://inaturalist-open-data.s3.amazonaws.com/photos/685550090/medium.jpg,,"",,0,0,false,843,"Old 78 Hwy, Stone Mountain, GA, US",33.8100106972,-84.1406653119,1942,,,,1942,,open,false,,,,Carya illinoinensis,pecan,Plantae,67593
375241258,6e7c8362-7702-4be4-bbf7-0bc2a2eeaa8b,2026-06-23 11:48:35,2026-06-23,2026-06-23 17:48:35 +0200,Eastern Time (US & Canada),10649229,sdambreville,,2026-06-25 17:03:54 +0200,2026-06-25 17:03:55 +0200,needs_id,CC-BY-NC,https://www.inaturalist.org/observations/375241258,https://inaturalist-open-data.s3.amazonaws.com/photos/685953988/medium.jpg,,"",,0,0,false,843,"Poole St, Stone Mountain, GA, US",33.8055365762,-84.1688587254,10,,,,10,,open,false,,,,Carya illinoinensis,pecan,Plantae,67593
375242805,c6f6e87f-3cd6-4d85-8df1-e8f3a6a51609,2026-06-25 09:25:43-04:00,2026-06-25,2026-06-25 15:25:43 +0200,Eastern Time (US & Canada),413739,asio-otus,Mark A Ray,2026-06-25 17:09:45 +0200,2026-06-25 17:10:01 +0200,needs_id,,https://www.inaturalist.org/observations/375242805,https://static.inaturalist.org/photos/685957224/medium.jpg,,"","",0,0,false,3,"Georgia College, Milledgeville, GA, US",33.0811666667,-83.2311783333,10,,,,10,,open,false,,,"",Carya illinoinensis,pecan,Plantae,67593
375312225,d3bc72fe-24e9-4259-85f6-cd7bb25a23cc,2026-06-23 08:35:45,2026-06-23,2026-06-23 14:35:45 +0200,Eastern Time (US & Canada),2527062,leege,,2026-06-25 21:25:28 +0200,2026-06-25 21:25:28 +0200,needs_id,CC-BY-NC,https://www.inaturalist.org/observations/375312225,https://inaturalist-open-data.s3.amazonaws.com/photos/686094873/medium.jpg,,"",,0,0,false,843,"Briarwood Rd, Statesboro, GA, US",32.4240895765,-81.7600137798,3,,,,3,,open,false,,,,Carya illinoinensis,pecan,Plantae,67593
375789438,beb83cb0-9416-46ef-8bd3-552345c78ab1,2026-06-27 06:32:30,2026-06-27,2026-06-27 12:32:30 +0200,Eastern Time (US & Canada),3771488,sholsenbeck,,2026-06-27 13:16:39 +0200,2026-06-27 13:16:40 +0200,needs_id,CC0,https://www.inaturalist.org/observations/375789438,https://inaturalist-open-data.s3.amazonaws.com/photos/687034556/medium.jpg,,"",,0,0,false,843,"Indian Island Dr SE, Milledgeville, GA, US",32.9944283333,-83.0792083333,19,,,,19,,open,false,,,,Carya illinoinensis,pecan,Plantae,67593
375876496,708b6ec2-1e10-4cf9-a019-9ccb72d8deaa,Sat Jun 27 2026 12:30:09 GMT -0400 (EDT),2026-06-27,2026-06-27 18:30:09 +0200,Eastern Time (US & Canada),10040007,william_maley,,2026-06-27 18:30:16 +0200,2026-06-28 01:33:13 +0200,needs_id,CC-BY-NC,https://www.inaturalist.org/observations/375876496,https://inaturalist-open-data.s3.amazonaws.com/photos/687355696/medium.jpg,,"","",0,0,false,333,Doerun,31.2898960114,-83.8807449341,8,,,,8,,open,false,,,Pecan,Carya illinoinensis,pecan,Plantae,67593
376180909,f4b00ed7-89c2-4803-8ace-e110150c7c3b,2026-06-28 09:37:23,2026-06-28,2026-06-28 15:37:23 +0200,Eastern Time (US & Canada),10105654,kvillela,,2026-06-28 15:37:54 +0200,2026-06-28 18:41:09 +0200,needs_id,CC-BY-NC,https://www.inaturalist.org/observations/376180909,https://inaturalist-open-data.s3.amazonaws.com/photos/687897871/medium.jpg,,"",,0,0,false,2,"Newnan, GA 30265, USA",33.4364674939,-84.7502080165,8,,,,8,,open,false,,,pecan,Carya illinoinensis,pecan,Plantae,67593
377138945,a222f868-09c3-45d0-a414-9e0336f02df0,2026-06-30 10:13:22,2026-06-30,2026-06-30 16:13:22 +0200,Eastern Time (US & Canada),3386617,tree_girl_dendro,Audrey Lux,2026-07-01 15:37:55 +0200,2026-07-01 16:56:32 +0200,research,CC-BY-NC,https://www.inaturalist.org/observations/377138945,https://inaturalist-open-data.s3.amazonaws.com/photos/689628380/medium.jpg,,"",,1,0,false,2,"Fulton County, US-GA, US",33.671652572,-84.549038934,35,,,,28930,obscured,open,true,gps,gps,pecan,Carya illinoinensis,pecan,Plantae,67593
377855550,e5552a62-7bfa-473a-afd5-8dfedeeeb2fb,Fri Jul 03 2026 17:23:33 GMT -0400 (EDT),2026-07-03,2026-07-03 23:23:33 +0200,Eastern Time (US & Canada),10040007,william_maley,,2026-07-03 23:23:44 +0200,2026-07-04 03:02:39 +0200,needs_id,CC-BY-NC,https://www.inaturalist.org/observations/377855550,https://inaturalist-open-data.s3.amazonaws.com/photos/691113408/medium.jpg,,"",,0,0,false,333,Gray,33.0398483276,-83.7232818604,4,,,,4,,open,false,,,,Carya illinoinensis,pecan,Plantae,67593
378233058,a841fa48-3c8f-4fcf-9fae-04f6fec6b772,2026-07-04 20:07:51,2026-07-04,2026-07-05 02:07:51 +0200,Eastern Time (US & Canada),10637323,thegreenivory,Ivory of the woods,2026-07-05 02:08:15 +0200,2026-07-05 18:54:54 +0200,needs_id,CC-BY-NC,https://www.inaturalist.org/observations/378233058,https://inaturalist-open-data.s3.amazonaws.com/photos/692169085/medium.jpg,,"",,0,0,false,843,"Whitlock Ave SW, Marietta, GA, US",33.9529116667,-84.5734033333,6,,,,6,,open,false,,,,Carya illinoinensis,pecan,Plantae,67593
378549803,3ef20a2d-62ae-4194-b02d-6b2849947a78,2026-07-05 17:17:44,2026-07-05,2026-07-05 23:17:44 +0200,Eastern Time (US & Canada),10025631,plumpie,,2026-07-05 23:19:24 +0200,2026-07-05 23:19:25 +0200,needs_id,CC-BY-NC,https://www.inaturalist.org/observations/378549803,https://inaturalist-open-data.s3.amazonaws.com/photos/692348933/medium.jpg,,"",,0,0,false,843,"Northside Dr NW, Atlanta, GA, US",33.7955396234,-84.4098050084,21,,,,21,,open,false,,,,Carya illinoinensis,pecan,Plantae,67593
378737055,dd6a378b-a30a-4d26-a9dd-65248c7d7ffc,2026-07-06 08:02:11,2026-07-06,2026-07-06 14:02:11 +0200,Eastern Time (US & Canada),7208747,asmith360,,2026-07-06 14:41:39 +0200,2026-07-20 16:31:20 +0200,research,CC-BY-NC,https://www.inaturalist.org/observations/378737055,https://inaturalist-open-data.s3.amazonaws.com/photos/692713650/medium.jpg,,"",,1,0,false,843,"Dalney St NW, Atlanta, GA, US",33.7795866667,-84.3997033333,4,,,,4,,open,false,,,pecan,Carya illinoinensis,pecan,Plantae,67593
379356601,ad40fa9c-e25b-4503-8255-a69122bb33ec,2026-07-08 08:40:36-04:00,2026-07-08,2026-07-08 14:40:36 +0200,Eastern Time (US & Canada),931753,devanelaine,,2026-07-08 14:42:12 +0200,2026-07-08 15:01:33 +0200,research,,https://www.inaturalist.org/observations/379356601,https://static.inaturalist.org/photos/693916154/medium.jpg,,"","",1,0,false,3,"Hawn Rd, Fayetteville, GA, US",33.4140583333,-84.4788283333,5,,,,5,,open,false,,,pecan,Carya illinoinensis,pecan,Plantae,67593
380033280,12d438c0-e15d-4b18-8b4f-8cdaf2bd7179,2026-07-08 12:12:16,2026-07-08,2026-07-08 18:12:16 +0200,Eastern Time (US & Canada),3491364,robertbentley1,Robbie,2026-07-10 18:11:33 +0200,2026-07-12 03:22:14 +0200,research,CC-BY-NC,https://www.inaturalist.org/observations/380033280,https://inaturalist-open-data.s3.amazonaws.com/photos/695221407/medium.jpg,,"",,1,0,false,843,"Louisville, GA, US",33.0095633922,-82.375977319,3,,,,3,,open,false,,,pecan,Carya illinoinensis,pecan,Plantae,67593
380763298,9795f421-3dfe-4b1a-b217-411657d649a8,2026-07-12 14:27:34,2026-07-12,2026-07-12 20:27:34 +0200,Eastern Time (US & Canada),6482654,butterflygirl904,🦋,2026-07-12 20:27:54 +0200,2026-09-04 18:15:14 +0200,needs_id,CC-BY-NC,https://www.inaturalist.org/observations/380763298,https://inaturalist-open-data.s3.amazonaws.com/photos/696629916/medium.jpg,,"",,0,0,false,843,"Sun Mountain Rd, Chatsworth, GA, US",34.5927809596,-84.6668769052,448,,,,448,,open,false,,,,Carya illinoinensis,pecan,Plantae,67593
380805015,2c8fa02d-789a-4f28-94aa-33b10da7d9db,2026-07-12 14:48:02,2026-07-12,2026-07-12 20:48:02 +0200,Eastern Time (US & Canada),9617958,jimmyd1103,Jimmy Davis,2026-07-12 22:25:24 +0200,2026-07-14 13:07:45 +0200,research,CC-BY-NC,https://www.inaturalist.org/observations/380805015,https://inaturalist-open-data.s3.amazonaws.com/photos/696710140/medium.jpg,,"",,2,0,false,843,"Osteen Branch Rd, Jesup, GA, US",31.71118,-81.9133533333,4,,,,4,,open,false,,,pecan,Carya illinoinensis,pecan,Plantae,67593
381159460,7d3d57bf-749b-4bfb-9f3d-523c64281e73,2026-07-13 16:26:12,2026-07-13,2026-07-13 22:26:12 +0200,Eastern Time (US & Canada),4014802,nonbinary-naturalist,Nonbinary-Naturalist,2026-07-13 22:29:51 +0200,2026-07-13 22:29:57 +0200,needs_id,CC0,https://www.inaturalist.org/observations/381159460,https://inaturalist-open-data.s3.amazonaws.com/photos/697397539/medium.jpg,,"",Seedling 1,0,0,false,2,"Montgomery Cross & Arrow EB, Savannah, GA 31406, USA",31.9979166667,-81.1199194444,,,,,,,open,false,gps,gps,pecan,Carya illinoinensis,pecan,Plantae,67593
381159657,89b70960-51c5-48a1-bca8-da539fe0dcfc,2026-07-13 16:26:10,2026-07-13,2026-07-13 22:26:10 +0200,Eastern Time (US & Canada),4014802,nonbinary-naturalist,Nonbinary-Naturalist,2026-07-13 22:30:26 +0200,2026-07-13 22:30:31 +0200,needs_id,CC0,https://www.inaturalist.org/observations/381159657,https://inaturalist-open-data.s3.amazonaws.com/photos/697397858/medium.jpg,,"",Seedling 2. Clearly squirrels like burying stuff here,0,0,false,2,"Montgomery Cross & Arrow EB, Savannah, GA 31406, USA",31.9979166667,-81.1199194444,,,,,,,open,false,gps,gps,pecan,Carya illinoinensis,pecan,Plantae,67593
382164625,c6876062-1c26-4f26-b60b-4d672d6d9719,2026-07-16 18:48:57-04:00,2026-07-16,2026-07-17 00:48:57 +0200,Eastern Time (US & Canada),4819,dlnarango,Desiree L. Narango,2026-07-17 04:36:24 +0200,2026-07-17 14:33:14 +0200,needs_id,CC0,https://www.inaturalist.org/observations/382164625,https://inaturalist-open-data.s3.amazonaws.com/photos/699347508/medium.jpg,,"","",0,0,false,3,"Panola Mountain State Park, Stockbridge, GA, US",33.6341926963,-84.1499641893,4,,,,4,,open,false,,,hickories,Carya illinoinensis,pecan,Plantae,67593
383464172,44b0f8d0-4752-4ca2-a400-71166a218c99,2026-07-19 19:02:15-04:00,2026-07-19,2026-07-20 01:02:15 +0200,Eastern Time (US & Canada),4835354,skynat303,,2026-07-21 02:01:18 +0200,2026-07-21 02:01:28 +0200,needs_id,CC-BY-NC,https://www.inaturalist.org/observations/383464172,https://inaturalist-open-data.s3.amazonaws.com/photos/701848412/medium.jpg,,"","",0,0,false,3,"Mauk, GA, US",32.4759448301,-84.403175252,14,,,,14,,open,false,,,"",Carya illinoinensis,pecan,Plantae,67593
383735535,f6fc4ad1-5b8d-4a08-90c6-75c38dacb495,2026-07-21 11:44:59-04:00,2026-07-21,2026-07-21 17:44:59 +0200,Eastern Time (US & Canada),764155,whatch11,Wes Hatch,2026-07-21 22:32:16 +0200,2026-07-21 22:32:30 +0200,needs_id,,https://www.inaturalist.org/observations/383735535,https://static.inaturalist.org/photos/702363177/medium.jpg,,"","",0,0,false,3,"S Cobb Dr SE, Marietta, GA, US",33.9356633333,-84.5427166667,11,,,,11,,open,false,,,"",Carya illinoinensis,pecan,Plantae,67593
383898401,1cd3f5cd-9d77-4eb2-95d9-af0fb7923827,2023-08-31 08:23:08-04:00,2023-08-31,2023-08-31 14:23:08 +0200,Eastern Time (US & Canada),5210740,kevinpfagan,,2026-07-22 13:22:06 +0200,2026-07-22 14:46:01 +0200,needs_id,,https://www.inaturalist.org/observations/383898401,https://static.inaturalist.org/photos/702682657/medium.jpg,,"","",0,0,false,3,"Fouts Rd, Roswell, GA, US",34.0012271013,-84.2937705495,45,,,,45,,open,false,,,"",Carya illinoinensis,pecan,Plantae,67593
384310827,ca817754-1600-4bec-9732-253b5832c645,2026-07-23 13:57:28,2026-07-23,2026-07-23 19:57:28 +0200,Eastern Time (US & Canada),6595160,kosmicranger,,2026-07-23 19:57:54 +0200,2026-07-23 19:58:00 +0200,needs_id,CC-BY-NC,https://www.inaturalist.org/observations/384310827,https://inaturalist-open-data.s3.amazonaws.com/photos/703474485/medium.jpg,,"",,0,0,false,2,"Woodstock, GA, USA",34.0871478,-84.5301651,180,,,,180,,open,false,,,pecan,Carya illinoinensis,pecan,Plantae,67593
384346401,01f1e453-f677-4ff8-bc0a-c9d43252b9c6,2026-07-23 15:46:05,2026-07-23,2026-07-23 21:46:05 +0200,Eastern Time (US & Canada),10694100,kduffy3,,2026-07-23 22:01:05 +0200,2026-07-23 22:01:06 +0200,needs_id,CC-BY-NC,https://www.inaturalist.org/observations/384346401,https://inaturalist-open-data.s3.amazonaws.com/photos/703541816/medium.jpg,,"",,0,0,false,843,"Lawrenceville Hwy, Tucker, GA, US",33.8495497538,-84.2172242022,5,,,,5,,open,false,,,,Carya illinoinensis,pecan,Plantae,67593
385060756,58fea75e-e662-458f-bb24-436623cade3a,2026-07-21 14:08:34,2026-07-21,2026-07-21 20:08:34 +0200,Eastern Time (US & Canada),10509764,jackson_chaney,Jackson Chaney,2026-07-26 00:46:22 +0200,2026-07-26 00:46:22 +0200,needs_id,CC-BY-NC,https://www.inaturalist.org/observations/385060756,https://inaturalist-open-data.s3.amazonaws.com/photos/704918745/medium.jpg,,"",,0,0,false,843,"Sapelo Island, GA, US",31.5014660309,-81.2543895116,5,,,,5,,open,false,,,,Carya illinoinensis,pecan,Plantae,67593
385309476,5b8f2cad-6639-4eea-ac6b-d7de1ab92c66,2026-07-26 12:01:13,2026-07-26,2026-07-26 18:01:13 +0200,Eastern Time (US & Canada),9615058,brisketnbriars,,2026-07-26 18:01:36 +0200,2026-07-27 03:08:36 +0200,research,CC-BY-NC,https://www.inaturalist.org/observations/385309476,https://inaturalist-open-data.s3.amazonaws.com/photos/705379747/medium.jpg,,"",,1,0,false,843,"Riverside Pkwy NE, Rome, GA, US",34.2685180606,-85.1723771921,20,,,,20,,open,false,,,pecan,Carya illinoinensis,pecan,Plantae,67593
386705958,32591043-cb71-4105-a1e4-0aa051bf2d2b,2026-07-29 15:27:23,2026-07-29,2026-07-29 21:27:23 +0200,Eastern Time (US & Canada),3433016,annakay,Anna Kay Bass,2026-07-31 00:01:47 +0200,2026-07-31 00:01:48 +0200,needs_id,CC-BY-NC,https://www.inaturalist.org/observations/386705958,https://inaturalist-open-data.s3.amazonaws.com/photos/708052180/medium.jpg,,"",,0,0,false,843,"Southside Church St, Ellijay, GA, US",34.68028,-84.4933166667,7,,,,7,,open,false,,,,Carya illinoinensis,pecan,Plantae,67593
386765279,047a5d70-2c8a-4987-bac3-1ffd9b46a2dc,2026-07-30 12:22:22,2026-07-30,2026-07-30 18:22:22 +0200,Eastern Time (US & Canada),6970565,joseph1627,Joseph Hobin,2026-07-31 04:35:57 +0200,2026-08-11 17:13:39 +0200,needs_id,,https://www.inaturalist.org/observations/386765279,https://static.inaturalist.org/photos/708170168/medium.jpg,,"",,1,0,false,843,"Butler Dr, Dahlonega, GA, US",34.5304407434,-83.9905294335,19,,,,19,,open,false,,,pecan,Carya illinoinensis,pecan,Plantae,67593
386935361,3af74dcc-a275-4e6b-8148-f15baa72ef59,2026-07-27 11:16:23-04:00,2026-07-27,2026-07-27 17:16:23 +0200,Eastern Time (US & Canada),10622581,chloe63024,Chloe Martin,2026-07-31 19:47:01 +0200,2026-07-31 19:47:38 +0200,needs_id,CC-BY-NC,https://www.inaturalist.org/observations/386935361,https://inaturalist-open-data.s3.amazonaws.com/photos/708496802/medium.jpg,,"","",0,0,false,3,"Old Plains Hwy, Plains, GA, US",32.0263188579,-84.4336162447,11,,,,11,,open,false,,,"",Carya illinoinensis,pecan,Plantae,67593
387280104,6ca46834-96e0-4e50-9553-47e68fa115af,2026-07-26 14:35:38,2026-07-26,2026-07-26 20:35:38 +0200,Eastern Time (US & Canada),2404803,esummerbell,Emily Summerbell,2026-08-01 21:05:08 +0200,2026-08-20 04:32:08 +0200,research,CC-BY,https://www.inaturalist.org/observations/387280104,https://inaturalist-open-data.s3.amazonaws.com/photos/709156898/medium.jpg,,"",,1,0,false,843,"Inlet Ave, Tybee Island, GA, US",31.9903083333,-80.8521583333,7,,,,7,,open,false,,,pecan,Carya illinoinensis,pecan,Plantae,67593
387371041,fc372f4e-f6d5-4d4b-b82a-4a52171ebd43,2026-08-01 19:14:34-04:00,2026-08-01,2026-08-02 01:14:34 +0200,Eastern Time (US & Canada),764155,whatch11,Wes Hatch,2026-08-02 02:12:33 +0200,2026-08-02 02:12:39 +0200,needs_id,,https://www.inaturalist.org/observations/387371041,https://static.inaturalist.org/photos/709335796/medium.jpg,,"","",0,0,false,3,"Sweet Apple Village, Roswell, GA, US",34.0736833333,-84.3617633333,3,,,,3,,open,false,,,"",Carya illinoinensis,pecan,Plantae,67593
387663965,bf063dc4-4e98-433f-833f-a3d7f8c83def,2026-08-02 16:43:47-04:00,2026-08-02,2026-08-02 22:43:47 +0200,Eastern Time (US & Canada),10829643,legend_brown,Legend Brown,2026-08-02 22:43:55 +0200,2026-08-02 22:48:27 +0200,research,CC-BY-NC,https://www.inaturalist.org/observations/387663965,https://inaturalist-open-data.s3.amazonaws.com/photos/709898473/medium.jpg,,"","",1,0,false,3,"Morven, GA, US",30.910865507,-83.5358814767,7,,,,7,,open,false,,,pecan,Carya illinoinensis,pecan,Plantae,67593
389220416,8c5d5b2e-d898-4e46-8e17-751ea3a044dd,2026-08-07 14:20:16,2026-08-07,2026-08-07 20:20:16 +0200,Eastern Time (US & Canada),4014802,nonbinary-naturalist,Nonbinary-Naturalist,2026-08-08 05:00:07 +0200,2026-08-08 05:00:12 +0200,needs_id,CC0,https://www.inaturalist.org/observations/389220416,https://inaturalist-open-data.s3.amazonaws.com/photos/712925698/medium.jpg,,"","Let me know what else can be identified and I'll duplicate, this area needs more observations.",0,0,false,2,"Montgomery Cross & Hanover WB, Savannah, GA 31406, USA",31.9952713789,-81.1185102537,36,,,,36,,open,false,gps,gps,pecan,Carya illinoinensis,pecan,Plantae,67593
389356563,c0048c01-d42e-4f78-99cc-2296c4f8c85f,2026-08-07 14:13:52,2026-08-07,2026-08-07 20:13:52 +0200,Eastern Time (US & Canada),4014802,nonbinary-naturalist,Nonbinary-Naturalist,2026-08-08 17:45:06 +0200,2026-08-08 17:46:36 +0200,needs_id,CC0,https://www.inaturalist.org/observations/389356563,https://inaturalist-open-data.s3.amazonaws.com/photos/713186237/medium.jpg,,"",,0,0,false,2,"Montgomery Cross & Atwood EB, Savannah, GA 31406, USA",31.9950899666,-81.1191020161,20,,,,20,,open,false,gps,gps,pecan,Carya illinoinensis,pecan,Plantae,67593
389357535,839da5f1-2f62-416a-a145-5dfecf18b3e5,2026-08-07 14:15:14,2026-08-07,2026-08-07 20:15:14 +0200,Eastern Time (US & Canada),4014802,nonbinary-naturalist,Nonbinary-Naturalist,2026-08-08 17:48:20 +0200,2026-08-08 17:48:25 +0200,needs_id,CC0,https://www.inaturalist.org/observations/389357535,https://inaturalist-open-data.s3.amazonaws.com/photos/713188161/medium.jpg,,"",,0,0,false,2,"Montgomery Cross & Atwood EB, Savannah, GA 31406, USA",31.9951351775,-81.118946448,9,,,,9,,open,false,gps,gps,pecan,Carya illinoinensis,pecan,Plantae,67593
389673243,856f042b-d753-4e63-adb0-f8a59df64a2d,2026-08-01 09:12:37,2026-08-01,2026-08-01 15:12:37 +0200,Eastern Time (US & Canada),2116451,laurenbryantdavis,Lauren Bryant-Davis,2026-08-09 16:58:23 +0200,2026-08-10 18:25:01 +0200,research,,https://www.inaturalist.org/observations/389673243,https://static.inaturalist.org/photos/713801232/medium.jpg,,"",,2,0,false,2,"Flag Court, Covington, GA 30016, USA",33.4704960997,-83.8694220997,,,,,,,open,false,gps,gps,pecan,Carya illinoinensis,pecan,Plantae,67593
389858147,92a51079-3a09-4c19-99e6-dbd1f4b94f9c,2026-08-09 15:07:16,2026-08-09,2026-08-09 21:07:16 +0200,Eastern Time (US & Canada),6487714,sarah5275,Sarah Kennedy,2026-08-10 03:13:09 +0200,2026-08-10 18:23:32 +0200,research,,https://www.inaturalist.org/observations/389858147,https://static.inaturalist.org/photos/714166388/medium.jpg,,"",,1,0,false,843,"SR-22 W, Milledgeville, GA, US",33.0975138333,-83.273225,4,,,,4,,open,false,,,pecan,Carya illinoinensis,pecan,Plantae,67593
390173441,90620c6a-6c9b-427c-a618-e34c200db65f,2026-08-07 14:13:52,2026-08-07,2026-08-07 20:13:52 +0200,Eastern Time (US & Canada),4014802,nonbinary-naturalist,Nonbinary-Naturalist,2026-08-11 04:22:44 +0200,2026-08-11 04:22:50 +0200,needs_id,CC0,https://www.inaturalist.org/observations/390173441,https://inaturalist-open-data.s3.amazonaws.com/photos/714785842/medium.jpg,,"",What is wrong with this area for the CV????,0,0,false,2,"Montgomery Cross & Atwood EB, Savannah, GA 31406, USA",31.9949638889,-81.1192166667,,,,,,,open,false,gps,gps,pecan,Carya illinoinensis,pecan,Plantae,67593
390378502,34e3a616-33a7-44f5-a42c-1bf1b3e206c4,2026-08-10 19:46:32,2026-08-10,2026-08-11 01:46:32 +0200,Eastern Time (US & Canada),10843566,gellin_h,Gellin,2026-08-11 22:24:01 +0200,2026-08-11 22:36:27 +0200,research,CC-BY-NC,https://www.inaturalist.org/observations/390378502,https://inaturalist-open-data.s3.amazonaws.com/photos/715185982/medium.jpg,,"",,1,0,false,843,"Georgia, US",33.7751694398,-84.394461366,9,,,,28930,obscured,open,true,,,pecan,Carya illinoinensis,pecan,Plantae,67593
390451103,cf50b45b-c425-4bdd-9a0c-213cb39ab4f2,2026-08-11 16:42:57,2026-08-11,2026-08-11 22:42:57 +0200,Eastern Time (US & Canada),9650945,aka_the_jochman,,2026-08-12 03:48:00 +0200,2026-08-16 01:39:26 +0200,research,CC-BY-NC,https://www.inaturalist.org/observations/390451103,https://inaturalist-open-data.s3.amazonaws.com/photos/715333807/medium.jpg,,"",,1,0,false,843,"N Finley St, Athens, GA, US",33.9586412192,-83.3836592538,33,,,,33,,open,false,,,pecan,Carya illinoinensis,pecan,Plantae,67593
390997821,11c17c2d-c7dc-40c3-bf36-75f6774fb2cb,2026-08-13 18:03:36,2026-08-13,2026-08-14 00:03:36 +0200,Eastern Time (US & Canada),10645411,wondersquatch,James Sizemore,2026-08-14 02:35:36 +0200,2026-08-14 02:36:05 +0200,needs_id,CC-BY-NC,https://www.inaturalist.org/observations/390997821,https://inaturalist-open-data.s3.amazonaws.com/photos/716390955/medium.jpg,,"",,0,0,false,2,"Moreland, GA 30259, USA",33.2867845109,-84.767710939,1119,,,,1119,,open,false,gps,gps,pecan,Carya illinoinensis,pecan,Plantae,67593
391338609,049e2295-d002-4199-ba90-a737df4ca104,2026-05-20 08:21:00-04:00,2026-05-20,2026-05-20 14:21:00 +0200,Eastern Time (US & Canada),8995429,boreal_adventure,,2026-08-15 09:25:46 +0200,2026-08-15 09:26:02 +0200,needs_id,CC-BY-NC,https://www.inaturalist.org/observations/391338609,https://inaturalist-open-data.s3.amazonaws.com/photos/717057658/medium.jpg,,"","",0,0,false,3,"Post Office St, Musella, GA, US",32.7973716667,-84.0296333333,5,,,,5,,open,false,,,"",Carya illinoinensis,pecan,Plantae,67593
392339992,e3c178e2-f1d8-419d-a738-7a4bae1659b9,2026-08-17 11:43:23,2026-08-17,2026-08-17 17:43:23 +0200,Eastern Time (US & Canada),7208747,asmith360,,2026-08-18 12:44:09 +0200,2026-08-18 14:52:01 +0200,research,CC-BY-NC,https://www.inaturalist.org/observations/392339992,https://inaturalist-open-data.s3.amazonaws.com/photos/719002940/medium.jpg,,"",,2,0,false,843,"Hemphill Ave NW, Atlanta, GA, US",33.7788716667,-84.4004133333,7,,,,7,,open,false,,,pecan,Carya illinoinensis,pecan,Plantae,67593
392751342,1b129ce5-28e7-41f2-97ae-ccd9c8cde86b,2026-08-19 16:19:08-04:00,2026-08-19,2026-08-19 22:19:08 +0200,Eastern Time (US & Canada),10876286,roguedaisy,,2026-08-19 22:33:45 +0200,2026-08-19 23:21:05 +0200,needs_id,CC-BY-NC,https://www.inaturalist.org/observations/392751342,https://inaturalist-open-data.s3.amazonaws.com/photos/719802405/medium.jpg,,"","",0,0,false,3,"Piedmont Park, Atlanta, GA, US",33.7833346096,-84.3777211659,54,,,,54,,open,false,,,"",Carya illinoinensis,pecan,Plantae,67593
393633043,d76d5bd1-8db5-4eef-9f5c-5c9c2278a59b,2026-08-22 19:02:11,2026-08-22,2026-08-23 01:02:11 +0200,Eastern Time (US & Canada),5812473,wildlife_lore,Hayes Valentine,2026-08-23 01:09:40 +0200,2026-08-24 23:23:13 +0200,research,CC-BY,https://www.inaturalist.org/observations/393633043,https://inaturalist-open-data.s3.amazonaws.com/photos/721524667/medium.jpg,,"",,1,0,false,843,"Dr Martin Luther King Jr Pkwy, Athens, GA, US",33.9693121193,-83.3758571093,6,,,,6,,open,false,,,pecan,Carya illinoinensis,pecan,Plantae,67593
393798136,bc8c1465-53c8-4124-a516-e5472004cbce,2026-06-27 10:48:39,2026-06-27,2026-06-27 16:48:39 +0200,Eastern Time (US & Canada),8471681,julianne42425,Julianne Savage,2026-08-23 16:20:06 +0200,2026-08-23 16:20:07 +0200,needs_id,,https://www.inaturalist.org/observations/393798136,https://static.inaturalist.org/photos/721852678/medium.jpg,,"",,0,0,false,843,"Pierce Dr N, Macon, GA, US",32.8765090462,-83.6534893793,8,,,,8,,open,false,,,,Carya illinoinensis,pecan,Plantae,67593
395233294,b3f6adc7-c0f6-4487-8a4c-21f90b79f481,2026-08-28 11:41:03,2026-08-28,2026-08-28 17:41:03 +0200,Eastern Time (US & Canada),709733,danielweller,Daniel Weller,2026-08-28 17:41:13 +0200,2026-08-28 17:54:08 +0200,research,,https://www.inaturalist.org/observations/395233294,https://static.inaturalist.org/photos/724674050/medium.jpg,,"",,1,0,false,843,"Park Ave SE, Atlanta, GA, US",33.7455538593,-84.3695833759,7,,,,7,,open,false,,,pecan,Carya illinoinensis,pecan,Plantae,67593
395472415,6e45a4e5-a5f4-4c6a-a711-0aba64b72c70,Sat Aug 29 2026 09:31:33 GMT -0400 (EDT),2026-08-29,2026-08-29 15:31:33 +0200,Eastern Time (US & Canada),6681533,myopicfish,Myopicfish,2026-08-29 15:31:37 +0200,2026-09-03 21:27:56 +0200,needs_id,CC-BY-NC,https://www.inaturalist.org/observations/395472415,https://inaturalist-open-data.s3.amazonaws.com/photos/728077775/medium.jpg,,"",,0,0,false,333,Register,32.3973312378,-81.9345245361,190,,,,190,,open,false,,,,Carya illinoinensis,pecan,Plantae,67593
395813069,64c595bf-132e-40ca-bafa-f1c1afd09bcc,2026-08-30 10:45:16,2026-08-30,2026-08-30 16:45:16 +0200,Eastern Time (US & Canada),648363,gahagen,Ben Gahagen,2026-08-30 16:45:45 +0200,2026-08-30 16:45:53 +0200,needs_id,CC-BY-NC,https://www.inaturalist.org/observations/395813069,https://inaturalist-open-data.s3.amazonaws.com/photos/725798764/medium.jpg,,"",,0,0,false,2,"Tifton, GA 31793, USA",31.48821691,-83.53372163,16,,,,16,,open,false,,,pecan,Carya illinoinensis,pecan,Plantae,67593
395861994,9a5c9508-b32b-4437-8445-f99e8fe01885,2026-08-30 09:18:42,2026-08-30,2026-08-30 15:18:42 +0200,Eastern Time (US & Canada),2116451,laurenbryantdavis,Lauren Bryant-Davis,2026-08-30 19:24:05 +0200,2026-08-30 20:15:06 +0200,research,,https://www.inaturalist.org/observations/395861994,https://static.inaturalist.org/photos/725893502/medium.jpg,,"",,1,0,false,2,"McDonough, GA, USA",33.4414459997,-84.1208713997,,,,,,,open,false,gps,gps,pecan,Carya illinoinensis,pecan,Plantae,67593
395900940,02bfe15d-0d6d-4bf4-ac83-9c162cf81d6c,Sun Aug 30 2026 15:23:17 GMT -0400 (EDT),2026-08-30,2026-08-30 21:23:17 +0200,Eastern Time (US & Canada),3083282,meliss891,,2026-08-30 21:23:31 +0200,2026-08-30 21:23:37 +0200,needs_id,CC-BY-NC,https://www.inaturalist.org/observations/395900940,https://inaturalist-open-data.s3.amazonaws.com/photos/725971125/medium.jpg,,"",,0,0,false,333,Hartwell,34.4037132263,-82.9142684937,6,,,,6,,open,false,,,,Carya illinoinensis,pecan,Plantae,67593
395926139,f4187b43-8914-40a6-a9cb-b4c51ac3e9d6,2026-08-30 16:31:52-04:00,2026-08-30,2026-08-30 22:31:52 +0200,Eastern Time (US & Canada),7331967,ericanddeana,,2026-08-30 22:40:38 +0200,2026-09-04 02:38:09 +0200,research,CC-BY-NC,https://www.inaturalist.org/observations/395926139,https://inaturalist-open-data.s3.amazonaws.com/photos/726018840/medium.jpg,,"","",1,0,false,3,"Saunders Rd, Ringgold, GA, US",34.9613083333,-85.1354361667,4,,,,4,,open,false,,,pecan,Carya illinoinensis,pecan,Plantae,67593
396202541,ccc966f3-54d0-4833-a4a3-44931ceae662,2026-08-31 16:23:23,2026-08-31,2026-08-31 22:23:23 +0200,Eastern Time (US & Canada),6853732,orangeberries,Amané,2026-08-31 22:24:21 +0200,2026-08-31 23:14:39 +0200,needs_id,CC-BY-NC,https://www.inaturalist.org/observations/396202541,https://inaturalist-open-data.s3.amazonaws.com/photos/726569175/medium.jpg,,"",,0,0,false,843,"Echo St NW, Atlanta, GA, US",33.7711329006,-84.4105946913,2,,,,2,,open,false,,,Dicots,Carya illinoinensis,pecan,Plantae,67593
396202905,f047310e-2724-4322-ab86-434de1ecd35f,2026-08-31 16:25:36,2026-08-31,2026-08-31 22:25:36 +0200,Eastern Time (US & Canada),6853732,orangeberries,Amané,2026-08-31 22:26:10 +0200,2026-08-31 23:14:13 +0200,needs_id,CC-BY-NC,https://www.inaturalist.org/observations/396202905,https://inaturalist-open-data.s3.amazonaws.com/photos/726570062/medium.jpg,,"",,0,0,false,843,"Griffin St NW, Atlanta, GA, US",33.7704864637,-84.4111493599,6,,,,6,,open,false,,,Dicots,Carya illinoinensis,pecan,Plantae,67593
396203152,7b4edf2e-a7a5-4d60-9cef-d47c8b6285ea,2026-08-31 16:26:20,2026-08-31,2026-08-31 22:26:20 +0200,Eastern Time (US & Canada),6853732,orangeberries,Amané,2026-08-31 22:27:05 +0200,2026-08-31 23:12:45 +0200,needs_id,CC-BY-NC,https://www.inaturalist.org/observations/396203152,https://inaturalist-open-data.s3.amazonaws.com/photos/726570482/medium.jpg,,"",,0,0,false,843,"North Ave NW, Atlanta, GA, US",33.7700609988,-84.4111430512,3,,,,3,,open,false,,,Dicots,Carya illinoinensis,pecan,Plantae,67593
396203277,ac4280f1-ec1a-44a0-8664-371e5a2afff8,2026-08-31 16:27:03,2026-08-31,2026-08-31 22:27:03 +0200,Eastern Time (US & Canada),6853732,orangeberries,Amané,2026-08-31 22:27:33 +0200,2026-08-31 23:12:23 +0200,needs_id,CC-BY-NC,https://www.inaturalist.org/observations/396203277,https://inaturalist-open-data.s3.amazonaws.com/photos/726570687/medium.jpg,,"",,0,0,false,843,"North Ave NW, Atlanta, GA, US",33.7700179931,-84.4109798916,3,,,,3,,open,false,,,Dicots,Carya illinoinensis,pecan,Plantae,67593
396203577,13d20a9e-f6f2-4556-adb4-6554b14998b9,2026-08-31 16:28:47,2026-08-31,2026-08-31 22:28:47 +0200,Eastern Time (US & Canada),6853732,orangeberries,Amané,2026-08-31 22:29:13 +0200,2026-08-31 23:12:03 +0200,needs_id,CC-BY-NC,https://www.inaturalist.org/observations/396203577,https://inaturalist-open-data.s3.amazonaws.com/photos/726571470/medium.jpg,,"",,0,0,false,843,"Griffin St NW, Atlanta, GA, US",33.7692314806,-84.4112550002,4,,,,4,,open,false,,,walnut family,Carya illinoinensis,pecan,Plantae,67593
396203894,0c21e355-26fe-49c3-a720-ec49c08ffe5d,2026-08-31 16:29:41,2026-08-31,2026-08-31 22:29:41 +0200,Eastern Time (US & Canada),6853732,orangeberries,Amané,2026-08-31 22:30:17 +0200,2026-08-31 23:11:44 +0200,needs_id,CC-BY-NC,https://www.inaturalist.org/observations/396203894,https://inaturalist-open-data.s3.amazonaws.com/photos/726572088/medium.jpg,,"",,0,0,false,843,"Griffin St NW, Atlanta, GA, US",33.7690320751,-84.411083758,4,,,,4,,open,false,,,Dicots,Carya illinoinensis,pecan,Plantae,67593
396204301,cae60a8d-b110-4035-8919-cb416f26504c,2026-08-31 16:31:29,2026-08-31,2026-08-31 22:31:29 +0200,Eastern Time (US & Canada),6853732,orangeberries,Amané,2026-08-31 22:31:54 +0200,2026-08-31 23:11:28 +0200,needs_id,CC-BY-NC,https://www.inaturalist.org/observations/396204301,https://inaturalist-open-data.s3.amazonaws.com/photos/726572993/medium.jpg,,"",,0,0,false,843,"Cameron M Alexander Blvd NW, Atlanta, GA, US",33.7679957785,-84.4111192134,3,,,,3,,open,false,,,Dicots,Carya illinoinensis,pecan,Plantae,67593
396204392,e610dce3-205f-4abb-9fc9-d09cc8d0aa4a,2026-08-31 16:31:52,2026-08-31,2026-08-31 22:31:52 +0200,Eastern Time (US & Canada),6853732,orangeberries,Amané,2026-08-31 22:32:16 +0200,2026-08-31 23:11:06 +0200,needs_id,CC-BY-NC,https://www.inaturalist.org/observations/396204392,https://inaturalist-open-data.s3.amazonaws.com/photos/726573223/medium.jpg,,"",,0,0,false,843,"Griffin St NW, Atlanta, GA, US",33.7679266697,-84.4111511485,4,,,,4,,open,false,,,Dicots,Carya illinoinensis,pecan,Plantae,67593
396204485,211a827b-4aaa-4787-96f2-bd59d679e0c5,2026-08-31 16:32:20,2026-08-31,2026-08-31 22:32:20 +0200,Eastern Time (US & Canada),6853732,orangeberries,Amané,2026-08-31 22:32:39 +0200,2026-08-31 23:10:51 +0200,needs_id,CC-BY-NC,https://www.inaturalist.org/observations/396204485,https://inaturalist-open-data.s3.amazonaws.com/photos/726573445/medium.jpg,,"",,0,0,false,843,"Griffin St NW, Atlanta, GA, US",33.7676852173,-84.4111237912,3,,,,3,,open,false,,,Dicots,Carya illinoinensis,pecan,Plantae,67593
396204683,22e0092f-fc05-4e79-b811-7d43039fbf8c,2026-08-31 16:33:02,2026-08-31,2026-08-31 22:33:02 +0200,Eastern Time (US & Canada),6853732,orangeberries,Amané,2026-08-31 22:33:23 +0200,2026-08-31 23:10:32 +0200,needs_id,CC-BY-NC,https://www.inaturalist.org/observations/396204683,https://inaturalist-open-data.s3.amazonaws.com/photos/726573872/medium.jpg,,"",,0,0,false,843,"Griffin St NW, Atlanta, GA, US",33.7674106378,-84.4110967499,3,,,,3,,open,false,,,Dicots,Carya illinoinensis,pecan,Plantae,67593
396204788,99b6a2dd-b13b-41d8-bcac-94aa8af6769b,2026-08-31 16:33:21,2026-08-31,2026-08-31 22:33:21 +0200,Eastern Time (US & Canada),6853732,orangeberries,Amané,2026-08-31 22:33:49 +0200,2026-08-31 23:10:10 +0200,needs_id,CC-BY-NC,https://www.inaturalist.org/observations/396204788,https://inaturalist-open-data.s3.amazonaws.com/photos/726574121/medium.jpg,,"",,0,0,false,843,"Griffin St NW, Atlanta, GA, US",33.7673507072,-84.4111252484,3,,,,3,,open,false,,,walnut family,Carya illinoinensis,pecan,Plantae,67593
396204886,642fb7d0-566f-413b-a3f7-945b568b102f,2026-08-31 16:33:48,2026-08-31,2026-08-31 22:33:48 +0200,Eastern Time (US & Canada),6853732,orangeberries,Amané,2026-08-31 22:34:11 +0200,2026-08-31 23:09:40 +0200,needs_id,CC-BY-NC,https://www.inaturalist.org/observations/396204886,https://inaturalist-open-data.s3.amazonaws.com/photos/726574356/medium.jpg,,"",,0,0,false,843,"Jett St NW, Atlanta, GA, US",33.7673381763,-84.4110978396,3,,,,3,,open,false,,,Dicots,Carya illinoinensis,pecan,Plantae,67593
396205119,5c398796-e147-4654-9997-9f558e92b197,2026-08-31 16:34:35,2026-08-31,2026-08-31 22:34:35 +0200,Eastern Time (US & Canada),6853732,orangeberries,Amané,2026-08-31 22:35:10 +0200,2026-09-02 13:01:00 +0200,needs_id,CC-BY-NC,https://www.inaturalist.org/observations/396205119,https://inaturalist-open-data.s3.amazonaws.com/photos/726574932/medium.jpg,,"",,2,0,false,843,"Griffin St NW, Atlanta, GA, US",33.7668979587,-84.4111026172,4,,,,4,,open,false,,,pecan,Carya illinoinensis,pecan,Plantae,67593
396701469,f46cfcdf-6a9f-484d-88d7-9079bb82430f,2026-09-01 19:20:19,2026-09-01,2026-09-02 01:20:19 +0200,Eastern Time (US & Canada),2870200,leighlevstomo,,2026-09-02 19:10:47 +0200,2026-09-02 19:10:53 +0200,needs_id,CC-BY-NC,https://www.inaturalist.org/observations/396701469,https://inaturalist-open-data.s3.amazonaws.com/photos/727504132/medium.jpg,,"",,0,0,false,2,"Main St @ Second St, Stone Mountain, GA 30083, USA",33.8046266117,-84.1711584851,209,,,,209,,open,false,gps,gps,pecan,Carya illinoinensis,pecan,Plantae,67593
396750881,dbb6ee35-df31-47a7-8adb-50fdf1990285,2026-09-02 16:26:51,2026-09-02,2026-09-02 22:26:51 +0200,Eastern Time (US & Canada),6853732,orangeberries,Amané,2026-09-02 22:27:37 +0200,2026-09-03 17:07:57 +0200,research,CC-BY-NC,https://www.inaturalist.org/observations/396750881,https://inaturalist-open-data.s3.amazonaws.com/photos/727598646/medium.jpg,,"",,2,0,false,843,"English Ave NW, Atlanta, GA, US",33.7721111253,-84.4135260769,3,,,,3,,open,false,,,pecan,Carya illinoinensis,pecan,Plantae,67593
396751353,d9d4b631-8e44-43c1-9813-8f94578b4a18,2026-09-02 16:29:05,2026-09-02,2026-09-02 22:29:05 +0200,Eastern Time (US & Canada),6853732,orangeberries,Amané,2026-09-02 22:29:45 +0200,2026-09-03 17:08:05 +0200,research,CC-BY-NC,https://www.inaturalist.org/observations/396751353,https://inaturalist-open-data.s3.amazonaws.com/photos/727599717/medium.jpg,,"",,2,0,false,843,"English Ave NW, Atlanta, GA, US",33.7708781716,-84.4134949815,4,,,,4,,open,false,,,pecan,Carya illinoinensis,pecan,Plantae,67593
396751488,8cf1b308-9c25-444d-a9f3-8a1ac4faf036,2026-09-02 16:29:58,2026-09-02,2026-09-02 22:29:58 +0200,Eastern Time (US & Canada),6853732,orangeberries,Amané,2026-09-02 22:30:32 +0200,2026-09-02 22:33:49 +0200,needs_id,CC-BY-NC,https://www.inaturalist.org/observations/396751488,https://inaturalist-open-data.s3.amazonaws.com/photos/727600103/medium.jpg,,"",,0,0,false,843,"English Ave NW, Atlanta, GA, US",33.7706104168,-84.4135262757,7,,,,7,,open,false,,,Dicots,Carya illinoinensis,pecan,Plantae,67593
396752663,cb3dea7f-e765-43d5-89da-e85eafb30773,2026-09-02 16:35:17,2026-09-02,2026-09-02 22:35:17 +0200,Eastern Time (US & Canada),6853732,orangeberries,Amané,2026-09-02 22:35:42 +0200,2026-09-02 22:44:53 +0200,needs_id,CC-BY-NC,https://www.inaturalist.org/observations/396752663,https://inaturalist-open-data.s3.amazonaws.com/photos/727602478/medium.jpg,,"",,0,0,false,843,"Meldrum St NW, Atlanta, GA, US",33.7691708679,-84.4107821345,3,,,,3,,open,false,,,Dicots,Carya illinoinensis,pecan,Plantae,67593
397781978,f004d24c-e7fc-4797-bb2e-0a3485cd0151,2026-09-06 10:44:06,2026-09-06,2026-09-06 16:44:06 +0200,Eastern Time (US & Canada),6853732,orangeberries,Amané,2026-09-06 16:45:25 +0200,2026-09-06 17:13:22 +0200,research,CC-BY-NC,https://www.inaturalist.org/observations/397781978,https://inaturalist-open-data.s3.amazonaws.com/photos/729614088/medium.jpg,,"",,1,0,false,843,"Griffin St NW, Atlanta, GA, US",33.7635261705,-84.4109333866,4,,,,4,,open,false,,,pecan,Carya illinoinensis,pecan,Plantae,67593
397782302,56d1b536-b379-40b4-a4d2-b75c612a02a9,2026-09-06 10:45:48,2026-09-06,2026-09-06 16:45:48 +0200,Eastern Time (US & Canada),6853732,orangeberries,Amané,2026-09-06 16:46:36 +0200,2026-09-06 16:46:40 +0200,needs_id,CC-BY-NC,https://www.inaturalist.org/observations/397782302,https://inaturalist-open-data.s3.amazonaws.com/photos/729614708/medium.jpg,,"",,0,0,false,843,"Jones Ave NW, Atlanta, GA, US",33.7635547992,-84.4107382106,3,,,,3,,open,false,,,,Carya illinoinensis,pecan,Plantae,67593
397782513,4ab6b10c-e8e8-4f1a-a0a7-0e93f07ee56c,2026-09-06 10:46:33,2026-09-06,2026-09-06 16:46:33 +0200,Eastern Time (US & Canada),6853732,orangeberries,Amané,2026-09-06 16:47:26 +0200,2026-09-06 16:47:28 +0200,needs_id,CC-BY-NC,https://www.inaturalist.org/observations/397782513,https://inaturalist-open-data.s3.amazonaws.com/photos/729615037/medium.jpg,,"",,0,0,false,843,"Griffin St NW, Atlanta, GA, US",33.7635303233,-84.4106946514,3,,,,3,,open,false,,,,Carya illinoinensis,pecan,Plantae,67593
397810784,8a32bac2-a997-49c1-94c7-1c975e9e2864,2026-09-06 12:14:41,2026-09-06,2026-09-06 18:14:41 +0200,Eastern Time (US & Canada),6853732,orangeberries,Amané,2026-09-06 18:16:44 +0200,2026-09-06 19:00:38 +0200,research,CC-BY-NC,https://www.inaturalist.org/observations/397810784,https://inaturalist-open-data.s3.amazonaws.com/photos/729667581/medium.jpg,,"",,1,0,false,843,"Sunset Ave NW, Atlanta, GA, US",33.764218521,-84.4100643154,5,,,,5,,open,false,,,pecan,Carya illinoinensis,pecan,Plantae,67593
397812387,d18bc07a-8caf-469d-94ea-ade37f342dc9,2026-09-06 12:20:03,2026-09-06,2026-09-06 18:20:03 +0200,Eastern Time (US & Canada),6853732,orangeberries,Amané,2026-09-06 18:22:20 +0200,2026-09-06 18:59:54 +0200,research,CC-BY-NC,https://www.inaturalist.org/observations/397812387,https://inaturalist-open-data.s3.amazonaws.com/photos/729670979/medium.jpg,,"",,1,0,false,843,"Sunset Ave NW, Atlanta, GA, US",33.7661654134,-84.4100009097,5,,,,5,,open,false,,,pecan,Carya illinoinensis,pecan,Plantae,67593
398090615,515bf7f7-9eb1-41ea-a93c-c42e53be6a71,2026-09-07 09:05:20,2026-09-07,2026-09-07 15:05:20 +0200,Eastern Time (US & Canada),10772063,edilburga,E G,2026-09-07 15:05:44 +0200,2026-09-07 15:11:35 +0200,needs_id,CC-BY-NC,https://www.inaturalist.org/observations/398090615,https://inaturalist-open-data.s3.amazonaws.com/photos/730227722/medium.jpg,,"",,0,0,false,843,"Glenwood Pl SE, Atlanta, GA, US",33.7413887776,-84.3555375543,13,,,,13,,open,false,,,Dicots,Carya illinoinensis,pecan,Plantae,67593
398170280,457a1d81-ec6c-4eac-91e0-46a3c3e8f41e,2026-09-07 13:32:20,2026-09-07,2026-09-07 19:32:20 +0200,Eastern Time (US & Canada),6853732,orangeberries,Amané,2026-09-07 19:33:06 +0200,2026-09-07 19:38:40 +0200,research,CC-BY-NC,https://www.inaturalist.org/observations/398170280,https://inaturalist-open-data.s3.amazonaws.com/photos/730376273/medium.jpg,,"",,1,0,false,843,"James P Brawley Dr NW, Atlanta, GA, US",33.7666214515,-84.4119613889,9,,,,9,,open,false,,,pecan,Carya illinoinensis,pecan,Plantae,67593
398172305,06555920-9dcf-4730-a0aa-0411a520e24f,2026-09-07 13:38:57,2026-09-07,2026-09-07 19:38:57 +0200,Eastern Time (US & Canada),6853732,orangeberries,Amané,2026-09-07 19:39:25 +0200,2026-09-07 19:49:33 +0200,research,CC-BY-NC,https://www.inaturalist.org/observations/398172305,https://inaturalist-open-data.s3.amazonaws.com/photos/730380603/medium.jpg,,"",,1,0,false,843,"James P Brawley Dr NW, Atlanta, GA, US",33.7636774061,-84.4126798193,4,,,,4,,open,false,,,pecan,Carya illinoinensis,pecan,Plantae,67593
398175916,f7bb3acf-7be0-4cbe-b194-3df525e47f92,2026-09-07 13:50:06,2026-09-07,2026-09-07 19:50:06 +0200,Eastern Time (US & Canada),6853732,orangeberries,Amané,2026-09-07 19:50:33 +0200,2026-09-07 20:12:09 +0200,research,CC-BY-NC,https://www.inaturalist.org/observations/398175916,https://inaturalist-open-data.s3.amazonaws.com/photos/730388377/medium.jpg,,"",,1,0,false,843,"Griffin St NW, Atlanta, GA, US",33.7649245297,-84.4111370091,3,,,,3,,open,false,,,pecan,Carya illinoinensis,pecan,Plantae,67593
398532539,058910ea-a4f6-4437-829e-a50b517629f7,2026-09-08 16:19:27,2026-09-08,2026-09-08 22:19:27 +0200,Eastern Time (US & Canada),6853732,orangeberries,Amané,2026-09-08 22:20:25 +0200,2026-09-08 22:20:27 +0200,needs_id,CC-BY-NC,https://www.inaturalist.org/observations/398532539,https://inaturalist-open-data.s3.amazonaws.com/photos/731084956/medium.jpg,,"",,0,0,false,843,"Fox St NW, Atlanta, GA, US",33.7723967737,-84.4154774268,7,,,,7,,open,false,,,,Carya illinoinensis,pecan,Plantae,67593
398532946,b873868f-864c-4937-893f-ad8dddbb2349,2026-09-08 16:21:24,2026-09-08,2026-09-08 22:21:24 +0200,Eastern Time (US & Canada),6853732,orangeberries,Amané,2026-09-08 22:21:56 +0200,2026-09-08 22:29:32 +0200,research,CC-BY-NC,https://www.inaturalist.org/observations/398532946,https://inaturalist-open-data.s3.amazonaws.com/photos/731085911/medium.jpg,,"",,1,0,false,843,"Oliver St NW, Atlanta, GA, US",33.7719205635,-84.4154865892,19,,,,19,,open,false,,,pecan,Carya illinoinensis,pecan,Plantae,67593
398533151,a24a3fc5-8c75-46df-997e-6637dfb147b3,2026-09-08 16:22:15,2026-09-08,2026-09-08 22:22:15 +0200,Eastern Time (US & Canada),6853732,orangeberries,Amané,2026-09-08 22:22:45 +0200,2026-09-08 22:29:18 +0200,research,CC-BY-NC,https://www.inaturalist.org/observations/398533151,https://inaturalist-open-data.s3.amazonaws.com/photos/731086316/medium.jpg,,"",,1,0,false,843,"Oliver St NW, Atlanta, GA, US",33.7718201118,-84.4154152034,3,,,,3,,open,false,,,pecan,Carya illinoinensis,pecan,Plantae,67593
398537489,86ed2e02-7098-43db-89c2-b6e342ed2bc6,2026-09-08 16:34:49,2026-09-08,2026-09-08 22:34:49 +0200,Eastern Time (US & Canada),6853732,orangeberries,Amané,2026-09-08 22:39:22 +0200,2026-09-08 22:47:12 +0200,needs_id,CC-BY-NC,https://www.inaturalist.org/observations/398537489,https://inaturalist-open-data.s3.amazonaws.com/photos/731097558/medium.jpg,,"",,0,0,false,843,"Cameron M Alexander Blvd NW, Atlanta, GA, US",33.7682829618,-84.41458544,44,,,,44,,open,false,,,,Carya illinoinensis,pecan,Plantae,67593
398537650,c011f57f-ecca-4685-a484-4a0d6d759113,2026-09-08 16:36:10,2026-09-08,2026-09-08 22:36:10 +0200,Eastern Time (US & Canada),6853732,orangeberries,Amané,2026-09-08 22:40:20 +0200,2026-09-08 23:18:01 +0200,research,CC-BY-NC,https://www.inaturalist.org/observations/398537650,https://inaturalist-open-data.s3.amazonaws.com/photos/731094020/medium.jpg,,"",,1,0,false,843,"Paines Ave NW, Atlanta, GA, US",33.7681299556,-84.4136393266,41,,,,41,,open,false,,,pecan,Carya illinoinensis,pecan,Plantae,67593
398537652,feef9693-8ba9-4458-a919-7b47132e8eac,2026-09-08 16:36:50,2026-09-08,2026-09-08 22:36:50 +0200,Eastern Time (US & Canada),6853732,orangeberries,Amané,2026-09-08 22:40:20 +0200,2026-09-08 23:17:56 +0200,research,CC-BY-NC,https://www.inaturalist.org/observations/398537652,https://inaturalist-open-data.s3.amazonaws.com/photos/731094094/medium.jpg,,"",,1,0,false,843,"Cameron M Alexander Blvd NW, Atlanta, GA, US",33.7681640659,-84.4138204877,31,,,,31,,open,false,,,pecan,Carya illinoinensis,pecan,Plantae,67593
398538007,3c69a752-c898-4285-b88f-5ca8a041b9c0,2026-09-08 16:25:18,2026-09-08,2026-09-08 22:25:18 +0200,Eastern Time (US & Canada),6853732,orangeberries,Amané,2026-09-08 22:41:57 +0200,2026-09-08 23:14:15 +0200,research,CC-BY-NC,https://www.inaturalist.org/observations/398538007,https://inaturalist-open-data.s3.amazonaws.com/photos/731097000/medium.jpg,,"",,1,0,false,843,"Oliver St NW, Atlanta, GA, US",33.7706933321,-84.415435761,4,,,,4,,open,false,,,pecan,Carya illinoinensis,pecan,Plantae,67593
398538329,8388d2d9-f277-469e-883f-e10b547c7fa3,2026-09-08 16:26:27,2026-09-08,2026-09-08 22:26:27 +0200,Eastern Time (US & Canada),6853732,orangeberries,Amané,2026-09-08 22:43:11 +0200,2026-09-08 23:12:56 +0200,research,CC-BY-NC,https://www.inaturalist.org/observations/398538329,https://inaturalist-open-data.s3.amazonaws.com/photos/731095658/medium.jpg,,"",,1,0,false,843,"Oliver St NW, Atlanta, GA, US",33.770466327,-84.4153177503,48,,,,48,,open,false,,,pecan,Carya illinoinensis,pecan,Plantae,67593
398538475,28b52a37-5751-4008-9115-5f5acd1956f2,2026-09-08 16:28:13,2026-09-08,2026-09-08 22:28:13 +0200,Eastern Time (US & Canada),6853732,orangeberries,Amané,2026-09-08 22:43:41 +0200,2026-09-08 22:43:42 +0200,needs_id,CC-BY-NC,https://www.inaturalist.org/observations/398538475,https://inaturalist-open-data.s3.amazonaws.com/photos/731095936/medium.jpg,,"",,0,0,false,843,"Oliver St NW, Atlanta, GA, US",33.7697535505,-84.4155947149,30,,,,30,,open,false,,,,Carya illinoinensis,pecan,Plantae,67593
398538758,8d570871-31cf-481d-b747-4f906aa01381,2026-09-08 16:29:05,2026-09-08,2026-09-08 22:29:05 +0200,Eastern Time (US & Canada),6853732,orangeberries,Amané,2026-09-08 22:44:48 +0200,2026-09-08 23:12:25 +0200,research,CC-BY-NC,https://www.inaturalist.org/observations/398538758,https://inaturalist-open-data.s3.amazonaws.com/photos/731096253/medium.jpg,,"",,1,0,false,843,"Oliver St NW, Atlanta, GA, US",33.7695680601,-84.4156414467,34,,,,34,,open,false,,,pecan,Carya illinoinensis,pecan,Plantae,67593
398538851,be1b2ed0-f0f2-4145-9c6b-f140c2cfd1b1,2026-09-08 16:30:40,2026-09-08,2026-09-08 22:30:40 +0200,Eastern Time (US & Canada),6853732,orangeberries,Amané,2026-09-08 22:45:04 +0200,2026-09-08 23:12:05 +0200,research,CC-BY-NC,https://www.inaturalist.org/observations/398538851,https://inaturalist-open-data.s3.amazonaws.com/photos/731096536/medium.jpg,,"",,1,0,false,843,"Oliver St NW, Atlanta, GA, US",33.7693669597,-84.4155288674,56,,,,56,,open,false,,,pecan,Carya illinoinensis,pecan,Plantae,67593
398539087,d7b5af5c-1038-4a66-9cdb-bf788e40699b,2026-09-08 16:32:39,2026-09-08,2026-09-08 22:32:39 +0200,Eastern Time (US & Canada),6853732,orangeberries,Amané,2026-09-08 22:46:07 +0200,2026-09-08 22:46:08 +0200,needs_id,CC-BY-NC,https://www.inaturalist.org/observations/398539087,https://inaturalist-open-data.s3.amazonaws.com/photos/731097077/medium.jpg,,"",,0,0,false,843,"Oliver St NW, Atlanta, GA, US",33.7683955251,-84.4154846892,30,,,,30,,open,false,,,,Carya illinoinensis,pecan,Plantae,67593
398539137,6ccc9a57-f8e9-4328-9670-3514d56219de,2026-09-08 16:33:39,2026-09-08,2026-09-08 22:33:39 +0200,Eastern Time (US & Canada),6853732,orangeberries,Amané,2026-09-08 22:46:24 +0200,2026-09-08 23:08:50 +0200,research,CC-BY-NC,https://www.inaturalist.org/observations/398539137,https://inaturalist-open-data.s3.amazonaws.com/photos/731097196/medium.jpg,,"",,1,0,false,843,"Cameron M Alexander Blvd NW, Atlanta, GA, US",33.7682378988,-84.4149036095,42,,,,42,,open,false,,,pecan,Carya illinoinensis,pecan,Plantae,67593
398540523,9877664a-e9e8-43a9-bdee-a8d7e44dc07e,2026/09/08 3:52 PM,2026-09-08,2026-09-08 21:52:00 +0200,Eastern Time (US & Canada),11002951,madisonlei,,2026-09-08 22:51:49 +0200,2026-09-08 23:07:24 +0200,needs_id,CC-BY-NC,https://www.inaturalist.org/observations/398540523,https://inaturalist-open-data.s3.amazonaws.com/photos/731094742/medium.jpg,,"",,1,0,false,,"Parking lot, 422 Ferst Dr NW, Atlanta, GA 30313, USA",33.779057261,-84.4003988774,98,,,,98,,open,false,,,pecan,Carya illinoinensis,pecan,Plantae,67593
398540526,82bcc081-c61d-4412-9599-735938edaaf1,2026/09/08 3:52 PM,2026-09-08,2026-09-08 21:52:00 +0200,Eastern Time (US & Canada),11002951,madisonlei,,2026-09-08 22:51:49 +0200,2026-09-09 00:07:05 +0200,research,CC-BY-NC,https://www.inaturalist.org/observations/398540526,https://inaturalist-open-data.s3.amazonaws.com/photos/731094756/medium.jpg,,"",,2,0,false,,"Parking lot, 422 Ferst Dr NW, Atlanta, GA 30313, USA",33.779057261,-84.4003988774,98,,,,98,,open,false,,,pecan,Carya illinoinensis,pecan,Plantae,67593
398540527,17768338-2606-41e4-8cec-4eed6c7de9dc,2026/09/08 3:52 PM,2026-09-08,2026-09-08 21:52:00 +0200,Eastern Time (US & Canada),11002951,madisonlei,,2026-09-08 22:51:49 +0200,2026-09-08 23:06:52 +0200,research,CC-BY-NC,https://www.inaturalist.org/observations/398540527,https://inaturalist-open-data.s3.amazonaws.com/photos/731094766/medium.jpg,,"",,2,0,false,,"Parking lot, 422 Ferst Dr NW, Atlanta, GA 30313, USA",33.779057261,-84.4003988774,98,,,,98,,open,false,,,pecan,Carya illinoinensis,pecan,Plantae,67593
398971045,0671a2f7-699f-434b-a435-dae2c986e09c,2026-08-27 11:29:00,2026-08-27,2026-08-27 17:29:00 +0200,Eastern Time (US & Canada),11010459,hefowler2,,2026-09-10 14:46:32 +0200,2026-09-10 15:15:05 +0200,research,CC-BY-NC,https://www.inaturalist.org/observations/398971045,https://inaturalist-open-data.s3.amazonaws.com/photos/731945180/medium.jpg,,"",,1,0,false,843,"Cheshire Bridge Rd NE, Atlanta, GA, US",33.8123479752,-84.3551735305,18,,,,18,,open,false,,,pecan,Carya illinoinensis,pecan,Plantae,67593
399066362,7d16000f-8ea0-432f-9aa1-51c199668a12,2026-09-10 15:19:14,2026-09-10,2026-09-10 21:19:14 +0200,Eastern Time (US & Canada),6853732,orangeberries,Amané,2026-09-10 21:19:50 +0200,2026-09-10 21:53:56 +0200,research,CC-BY-NC,https://www.inaturalist.org/observations/399066362,https://inaturalist-open-data.s3.amazonaws.com/photos/732125498/medium.jpg,,"",,1,0,false,843,"Donald Lee Hollowell Pkwy NW, Atlanta, GA, US",33.7727872515,-84.4164955337,4,,,,4,,open,false,,,pecan,Carya illinoinensis,pecan,Plantae,67593
399066617,a28d73c9-e00b-4723-ae1e-e5f2dfdf4472,2026-09-10 15:20:11,2026-09-10,2026-09-10 21:20:11 +0200,Eastern Time (US & Canada),6853732,orangeberries,Amané,2026-09-10 21:21:11 +0200,2026-09-10 21:53:40 +0200,research,CC-BY-NC,https://www.inaturalist.org/observations/399066617,https://inaturalist-open-data.s3.amazonaws.com/photos/732126143/medium.jpg,,"",,1,0,false,843,"Lindsay St NW, Atlanta, GA, US",33.7724839928,-84.4164038937,6,,,,6,,open,false,,,pecan,Carya illinoinensis,pecan,Plantae,67593
399070338,12429c00-8e85-4326-8307-1d77b7356a36,2026-09-10 15:35:09,2026-09-10,2026-09-10 21:35:09 +0200,Eastern Time (US & Canada),6853732,orangeberries,Amané,2026-09-10 21:35:45 +0200,2026-09-10 21:53:13 +0200,research,CC-BY-NC,https://www.inaturalist.org/observations/399070338,https://inaturalist-open-data.s3.amazonaws.com/photos/732133032/medium.jpg,,"",,1,0,false,843,"Paines Ave NW, Atlanta, GA, US",33.7665953002,-84.4147526049,7,,,,7,,open,false,,,pecan,Carya illinoinensis,pecan,Plantae,67593
399073983,8758e6eb-aacb-4211-9088-1d80304ab648,2026-09-10 15:27:18,2026-09-10,2026-09-10 21:27:18 +0200,Eastern Time (US & Canada),6853732,orangeberries,Amané,2026-09-10 21:50:36 +0200,2026-09-10 21:52:57 +0200,research,CC-BY-NC,https://www.inaturalist.org/observations/399073983,https://inaturalist-open-data.s3.amazonaws.com/photos/732139618/medium.jpg,,"",,1,0,false,843,"Lindsay St NW, Atlanta, GA, US",33.7694760589,-84.4165281572,2,,,,2,,open,false,,,pecan,Carya illinoinensis,pecan,Plantae,67593
399074065,354ab1fb-2adf-4c0d-98db-d966c99f1ca2,2026-09-10 15:37:01,2026-09-10,2026-09-10 21:37:01 +0200,Eastern Time (US & Canada),6853732,orangeberries,Amané,2026-09-10 21:50:59 +0200,2026-09-10 21:52:44 +0200,research,CC-BY-NC,https://www.inaturalist.org/observations/399074065,https://inaturalist-open-data.s3.amazonaws.com/photos/732139796/medium.jpg,,"",,1,0,false,843,"Neal St NW, Atlanta, GA, US",33.76644427,-84.4136966385,2,,,,2,,open,false,,,pecan,Carya illinoinensis,pecan,Plantae,67593
399081256,8f96ffc4-8317-4785-85ac-0a37b77966a9,2026-09-10 16:05:15,2026-09-10,2026-09-10 22:05:15 +0200,Eastern Time (US & Canada),10136183,habiba243,,2026-09-10 22:20:36 +0200,2026-09-10 23:40:49 +0200,research,CC-BY-NC,https://www.inaturalist.org/observations/399081256,https://inaturalist-open-data.s3.amazonaws.com/photos/732154942/medium.jpg,,"",,2,0,false,843,"Ferst Dr NW, Atlanta, GA, US",33.7787442141,-84.3995488861,27,,,,27,,open,false,,,pecan,Carya illinoinensis,pecan,Plantae,67593
399226125,b4812518-2cb9-4fb7-a950-d3957ee5e84b,2026-09-08 13:33:34,2026-09-08,2026-09-08 19:33:34 +0200,Eastern Time (US & Canada),9896825,kathleen4683,Kathleen,2026-09-11 13:15:24 +0200,2026-09-11 14:56:29 +0200,needs_id,CC-BY-NC,https://www.inaturalist.org/observations/399226125,https://inaturalist-open-data.s3.amazonaws.com/photos/732435868/medium.jpg,,"",,0,0,false,2,"Edgewood, Atlanta, GA, USA",33.7492527778,-84.3426694444,,,,,,,open,false,,,,Carya illinoinensis,pecan,Plantae,67593
399232711,1bf1a198-70bd-46ac-952b-d19642e50f97,Wed Dec 31 1969 19:00:00 GMT -0500 (EST),1969-12-31,1970-01-01 01:00:00 +0100,Eastern Time (US & Canada),9732559,itzfrknbatzz,,2026-09-11 13:56:56 +0200,2026-09-11 13:58:31 +0200,research,CC-BY-NC,https://www.inaturalist.org/observations/399232711,https://inaturalist-open-data.s3.amazonaws.com/photos/732448759/medium.jpg,,"",,1,0,false,333,Valdosta,30.9789447784,-83.2139205933,,,,,,,open,false,,,pecan,Carya illinoinensis,pecan,Plantae,67593
399329317,4b4eb74f-4b4a-4764-aae3-7c8c3c998b4f,2026-09-05 13:52:21,2026-09-05,2026-09-05 19:52:21 +0200,Eastern Time (US & Canada),6069488,rayabyrd,Soraya Byrdsong,2026-09-11 20:38:43 +0200,2026-09-11 21:31:12 +0200,research,CC-BY-NC,https://www.inaturalist.org/observations/399329317,https://inaturalist-open-data.s3.amazonaws.com/photos/732631145/medium.jpg,,"",,1,0,false,843,"Main St, East Point, GA, US",33.6772783333,-84.44157,,,,,,,open,false,,,pecan,Carya illinoinensis,pecan,Plantae,67593
399549392,0b731f90-e44d-4a95-8528-f7fcbc41057b,2026-09-12 10:37:55,2026-09-12,2026-09-12 16:37:55 +0200,Eastern Time (US & Canada),10995944,rocinante_,"",2026-09-12 16:38:09 +0200,2026-09-12 16:38:11 +0200,needs_id,CC-BY-NC,https://www.inaturalist.org/observations/399549392,https://inaturalist-open-data.s3.amazonaws.com/photos/733063040/medium.jpg,,"",,0,0,false,843,"Linwood Rd, Savannah, GA, US",31.9749989741,-81.1405765692,3,,,,3,,open,false,,,,Carya illinoinensis,pecan,Plantae,67593
399772118,7a8d91af-344e-440d-9ec5-fe4eead9830d,2026-09-12 19:46:45,2026-09-12,2026-09-13 01:46:45 +0200,Eastern Time (US & Canada),5505439,aranamor,"",2026-09-13 05:44:18 +0200,2026-09-13 05:44:19 +0200,needs_id,CC-BY,https://www.inaturalist.org/observations/399772118,https://inaturalist-open-data.s3.amazonaws.com/photos/733497713/medium.jpg,,"",,0,0,false,843,"Comer, GA, US",34.0345695,-83.1172778333,18,,,,18,,open,false,,,,Carya illinoinensis,pecan,Plantae,67593
399933181,fbb59aa8-3e64-43cf-8640-193e7244b2da,2026-09-13 12:51:15,2026-09-13,2026-09-13 18:51:15 +0200,Eastern Time (US & Canada),6853732,orangeberries,Amané,2026-09-13 18:51:46 +0200,2026-09-13 19:45:23 +0200,research,CC-BY-NC,https://www.inaturalist.org/observations/399933181,https://inaturalist-open-data.s3.amazonaws.com/photos/733811364/medium.jpg,,"",,1,0,false,843,"Sunset Ave NW, Atlanta, GA, US",33.7669484851,-84.4099963309,7,,,,7,,open,false,,,pecan,Carya illinoinensis,pecan,Plantae,67593
399938838,efee61aa-e3e5-4f07-a09f-3565def2d8ba,2026-09-13 13:11:10,2026-09-13,2026-09-13 19:11:10 +0200,Eastern Time (US & Canada),6853732,orangeberries,Amané,2026-09-13 19:11:40 +0200,2026-09-13 19:45:08 +0200,research,CC-BY-NC,https://www.inaturalist.org/observations/399938838,https://inaturalist-open-data.s3.amazonaws.com/photos/733822863/medium.jpg,,"",,1,0,false,843,"English Ave NW, Atlanta, GA, US",33.7674799118,-84.4135895251,6,,,,6,,open,false,,,pecan,Carya illinoinensis,pecan,Plantae,67593
400768888,d2ba657b-c4a8-4168-9380-e4ed239020e2,Wed Sep 16 2026 13:29:52 GMT -0400 (EDT),2026-09-16,2026-09-16 19:29:52 +0200,Eastern Time (US & Canada),6691556,creatureobserver,,2026-09-16 19:30:19 +0200,2026-09-16 19:30:26 +0200,needs_id,CC-BY-NC,https://www.inaturalist.org/observations/400768888,https://inaturalist-open-data.s3.amazonaws.com/photos/735493093/medium.jpg,,"",Front yard,0,0,false,333,Athens,33.9199790955,-83.4057998657,4,,,,4,,open,false,,,,Carya illinoinensis,pecan,Plantae,67593
